rank,feature_id,feature_name,metric,value,dominant_dwelling_type,source,methodology_note
1,59153235,DA 59153235,housing_density,14983.3333,APARTMENT_5PLUS,"Statistics Canada, 2021 Census Profile 98-401-X2021006, dissemination areas","Occupied private dwellings by structural type, directly from the Census Profile."
2,59153328,DA 59153328,housing_density,13920.0,APARTMENT_5PLUS,"Statistics Canada, 2021 Census Profile 98-401-X2021006, dissemination areas","Occupied private dwellings by structural type, directly from the Census Profile."
3,59150191,DA 59150191,housing_density,12933.3333,APARTMENT_LT5,"Statistics Canada, 2021 Census Profile 98-401-X2021006, dissemination areas","Occupied private dwellings by structural type, directly from the Census Profile."
4,59153327,DA 59153327,housing_density,12866.6667,APARTMENT_5PLUS,"Statistics Canada, 2021 Census Profile 98-401-X2021006, dissemination areas","Occupied private dwellings by structural type, directly from the Census Profile."
5,59150194,DA 59150194,housing_density,12033.3333,APARTMENT_LT5,"Statistics Canada, 2021 Census Profile 98-401-X2021006, dissemination areas","Occupied private dwellings by structural type, directly from the Census Profile."
6,59150193,DA 59150193,housing_density,11866.6667,APARTMENT_LT5,"Statistics Canada, 2021 Census Profile 98-401-X2021006, dissemination areas","Occupied private dwellings by structural type, directly from the Census Profile."
7,59150084,DA 59150084,housing_density,11660.0,APARTMENT_5PLUS,"Statistics Canada, 2021 Census Profile 98-401-X2021006, dissemination areas","Occupied private dwellings by structural type, directly from the Census Profile."
8,59150190,DA 59150190,housing_density,11500.0,APARTMENT_LT5,"Statistics Canada, 2021 Census Profile 98-401-X2021006, dissemination areas","Occupied private dwellings by structural type, directly from the Census Profile."
9,59150085,DA 59150085,housing_density,10740.0,APARTMENT_5PLUS,"Statistics Canada, 2021 Census Profile 98-401-X2021006, dissemination areas","Occupied private dwellings by structural type, directly from the Census Profile."
10,59150197,DA 59150197,housing_density,10633.3333,APARTMENT_5PLUS,"Statistics Canada, 2021 Census Profile 98-401-X2021006, dissemination areas","Occupied private dwellings by structural type, directly from the Census Profile."
11,59153234,DA 59153234,housing_density,10266.6667,APARTMENT_5PLUS,"Statistics Canada, 2021 Census Profile 98-401-X2021006, dissemination areas","Occupied private dwellings by structural type, directly from the Census Profile."
12,59150188,DA 59150188,housing_density,10000.0,APARTMENT_5PLUS,"Statistics Canada, 2021 Census Profile 98-401-X2021006, dissemination areas","Occupied private dwellings by structural type, directly from the Census Profile."
13,59150192,DA 59150192,housing_density,9716.6667,APARTMENT_LT5,"Statistics Canada, 2021 Census Profile 98-401-X2021006, dissemination areas","Occupied private dwellings by structural type, directly from the Census Profile."
14,59153971,DA 59153971,housing_density,9337.5,APARTMENT_5PLUS,"Statistics Canada, 2021 Census Profile 98-401-X2021006, dissemination areas","Occupied private dwellings by structural type, directly from the Census Profile."
15,59150086,DA 59150086,housing_density,8640.0,APARTMENT_LT5,"Statistics Canada, 2021 Census Profile 98-401-X2021006, dissemination areas","Occupied private dwellings by structural type, directly from the Census Profile."
16,59150091,DA 59150091,housing_density,8580.0,APARTMENT_LT5,"Statistics Canada, 2021 Census Profile 98-401-X2021006, dissemination areas","Occupied private dwellings by structural type, directly from the Census Profile."
17,59153239,DA 59153239,housing_density,8560.0,APARTMENT_LT5,"Statistics Canada, 2021 Census Profile 98-401-X2021006, dissemination areas","Occupied private dwellings by structural type, directly from the Census Profile."
18,59153237,DA 59153237,housing_density,8533.3333,APARTMENT_LT5,"Statistics Canada, 2021 Census Profile 98-401-X2021006, dissemination areas","Occupied private dwellings by structural type, directly from the Census Profile."
19,59150189,DA 59150189,housing_density,8450.0,APARTMENT_5PLUS,"Statistics Canada, 2021 Census Profile 98-401-X2021006, dissemination areas","Occupied private dwellings by structural type, directly from the Census Profile."
20,59153236,DA 59153236,housing_density,8300.0,APARTMENT_LT5,"Statistics Canada, 2021 Census Profile 98-401-X2021006, dissemination areas","Occupied private dwellings by structural type, directly from the Census Profile."
21,59150087,DA 59150087,housing_density,8100.0,APARTMENT_LT5,"Statistics Canada, 2021 Census Profile 98-401-X2021006, dissemination areas","Occupied private dwellings by structural type, directly from the Census Profile."
22,59150198,DA 59150198,housing_density,7880.0,APARTMENT_LT5,"Statistics Canada, 2021 Census Profile 98-401-X2021006, dissemination areas","Occupied private dwellings by structural type, directly from the Census Profile."
23,59150187,DA 59150187,housing_density,7766.6667,APARTMENT_5PLUS,"Statistics Canada, 2021 Census Profile 98-401-X2021006, dissemination areas","Occupied private dwellings by structural type, directly from the Census Profile."
24,59150186,DA 59150186,housing_density,7060.0,APARTMENT_LT5,"Statistics Canada, 2021 Census Profile 98-401-X2021006, dissemination areas","Occupied private dwellings by structural type, directly from the Census Profile."
25,59150092,DA 59150092,housing_density,6860.0,APARTMENT_LT5,"Statistics Canada, 2021 Census Profile 98-401-X2021006, dissemination areas","Occupied private dwellings by structural type, directly from the Census Profile."
26,59150199,DA 59150199,housing_density,6780.0,APARTMENT_LT5,"Statistics Canada, 2021 Census Profile 98-401-X2021006, dissemination areas","Occupied private dwellings by structural type, directly from the Census Profile."
27,59150082,DA 59150082,housing_density,6700.0,ROW_HOUSE,"Statistics Canada, 2021 Census Profile 98-401-X2021006, dissemination areas","Occupied private dwellings by structural type, directly from the Census Profile."
28,59150088,DA 59150088,housing_density,6500.0,APARTMENT_LT5,"Statistics Canada, 2021 Census Profile 98-401-X2021006, dissemination areas","Occupied private dwellings by structural type, directly from the Census Profile."
29,59153970,DA 59153970,housing_density,6235.0,APARTMENT_5PLUS,"Statistics Canada, 2021 Census Profile 98-401-X2021006, dissemination areas","Occupied private dwellings by structural type, directly from the Census Profile."
30,59150083,DA 59150083,housing_density,5240.0,APARTMENT_LT5,"Statistics Canada, 2021 Census Profile 98-401-X2021006, dissemination areas","Occupied private dwellings by structural type, directly from the Census Profile."
31,59150094,DA 59150094,housing_density,3962.5,APARTMENT_LT5,"Statistics Canada, 2021 Census Profile 98-401-X2021006, dissemination areas","Occupied private dwellings by structural type, directly from the Census Profile."
32,59150196,DA 59150196,housing_density,3900.0,ROW_HOUSE,"Statistics Canada, 2021 Census Profile 98-401-X2021006, dissemination areas","Occupied private dwellings by structural type, directly from the Census Profile."
33,59153965,DA 59153965,housing_density,3650.0,APARTMENT_5PLUS,"Statistics Canada, 2021 Census Profile 98-401-X2021006, dissemination areas","Occupied private dwellings by structural type, directly from the Census Profile."
34,59150195,DA 59150195,housing_density,3566.6667,ROW_HOUSE,"Statistics Canada, 2021 Census Profile 98-401-X2021006, dissemination areas","Occupied private dwellings by structural type, directly from the Census Profile."
35,59150074,DA 59150074,housing_density,3457.1429,ROW_HOUSE,"Statistics Canada, 2021 Census Profile 98-401-X2021006, dissemination areas","Occupied private dwellings by structural type, directly from the Census Profile."
36,59150185,DA 59150185,housing_density,3318.1818,APARTMENT_LT5,"Statistics Canada, 2021 Census Profile 98-401-X2021006, dissemination areas","Occupied private dwellings by structural type, directly from the Census Profile."
37,59153238,DA 59153238,housing_density,3283.3333,APARTMENT_LT5,"Statistics Canada, 2021 Census Profile 98-401-X2021006, dissemination areas","Occupied private dwellings by structural type, directly from the Census Profile."
38,59150089,DA 59150089,housing_density,3262.5,APARTMENT_LT5,"Statistics Canada, 2021 Census Profile 98-401-X2021006, dissemination areas","Occupied private dwellings by structural type, directly from the Census Profile."
39,59150201,DA 59150201,housing_density,3037.5,APARTMENT_LT5,"Statistics Canada, 2021 Census Profile 98-401-X2021006, dissemination areas","Occupied private dwellings by structural type, directly from the Census Profile."
40,59150184,DA 59150184,housing_density,2937.5,APARTMENT_LT5,"Statistics Canada, 2021 Census Profile 98-401-X2021006, dissemination areas","Occupied private dwellings by structural type, directly from the Census Profile."
41,59150093,DA 59150093,housing_density,2670.0,APARTMENT_LT5,"Statistics Canada, 2021 Census Profile 98-401-X2021006, dissemination areas","Occupied private dwellings by structural type, directly from the Census Profile."
42,59150141,DA 59150141,housing_density,2385.7143,APARTMENT_LT5,"Statistics Canada, 2021 Census Profile 98-401-X2021006, dissemination areas","Occupied private dwellings by structural type, directly from the Census Profile."
43,59150140,DA 59150140,housing_density,2377.7778,APARTMENT_LT5,"Statistics Canada, 2021 Census Profile 98-401-X2021006, dissemination areas","Occupied private dwellings by structural type, directly from the Census Profile."
44,59150204,DA 59150204,housing_density,2357.1429,ROW_HOUSE,"Statistics Canada, 2021 Census Profile 98-401-X2021006, dissemination areas","Occupied private dwellings by structural type, directly from the Census Profile."
45,59150079,DA 59150079,housing_density,2060.0,SINGLE_DETACHED,"Statistics Canada, 2021 Census Profile 98-401-X2021006, dissemination areas","Occupied private dwellings by structural type, directly from the Census Profile."
46,59153963,DA 59153963,housing_density,2040.0,APARTMENT_DUPLEX,"Statistics Canada, 2021 Census Profile 98-401-X2021006, dissemination areas","Occupied private dwellings by structural type, directly from the Census Profile."
47,59150090,DA 59150090,housing_density,2040.0,SEMI_DETACHED,"Statistics Canada, 2021 Census Profile 98-401-X2021006, dissemination areas","Occupied private dwellings by structural type, directly from the Census Profile."
48,59150099,DA 59150099,housing_density,2020.0,ROW_HOUSE,"Statistics Canada, 2021 Census Profile 98-401-X2021006, dissemination areas","Occupied private dwellings by structural type, directly from the Census Profile."
49,59150176,DA 59150176,housing_density,1981.8182,ROW_HOUSE,"Statistics Canada, 2021 Census Profile 98-401-X2021006, dissemination areas","Occupied private dwellings by structural type, directly from the Census Profile."
50,59150080,DA 59150080,housing_density,1914.2857,APARTMENT_LT5,"Statistics Canada, 2021 Census Profile 98-401-X2021006, dissemination areas","Occupied private dwellings by structural type, directly from the Census Profile."
51,59150081,DA 59150081,housing_density,1886.6667,APARTMENT_LT5,"Statistics Canada, 2021 Census Profile 98-401-X2021006, dissemination areas","Occupied private dwellings by structural type, directly from the Census Profile."
52,59150183,DA 59150183,housing_density,1868.75,APARTMENT_DUPLEX,"Statistics Canada, 2021 Census Profile 98-401-X2021006, dissemination areas","Occupied private dwellings by structural type, directly from the Census Profile."
53,59150202,DA 59150202,housing_density,1700.0,APARTMENT_LT5,"Statistics Canada, 2021 Census Profile 98-401-X2021006, dissemination areas","Occupied private dwellings by structural type, directly from the Census Profile."
54,59150098,DA 59150098,housing_density,1681.8182,APARTMENT_LT5,"Statistics Canada, 2021 Census Profile 98-401-X2021006, dissemination areas","Occupied private dwellings by structural type, directly from the Census Profile."
55,59150203,DA 59150203,housing_density,1582.3529,APARTMENT_DUPLEX,"Statistics Canada, 2021 Census Profile 98-401-X2021006, dissemination areas","Occupied private dwellings by structural type, directly from the Census Profile."
56,59150097,DA 59150097,housing_density,1550.0,SINGLE_DETACHED,"Statistics Canada, 2021 Census Profile 98-401-X2021006, dissemination areas","Occupied private dwellings by structural type, directly from the Census Profile."
57,59150146,DA 59150146,housing_density,1536.3636,SINGLE_DETACHED,"Statistics Canada, 2021 Census Profile 98-401-X2021006, dissemination areas","Occupied private dwellings by structural type, directly from the Census Profile."
58,59150073,DA 59150073,housing_density,1511.5385,APARTMENT_LT5,"Statistics Canada, 2021 Census Profile 98-401-X2021006, dissemination areas","Occupied private dwellings by structural type, directly from the Census Profile."
59,59150143,DA 59150143,housing_density,1492.3077,APARTMENT_DUPLEX,"Statistics Canada, 2021 Census Profile 98-401-X2021006, dissemination areas","Occupied private dwellings by structural type, directly from the Census Profile."
60,59150095,DA 59150095,housing_density,1484.6154,APARTMENT_DUPLEX,"Statistics Canada, 2021 Census Profile 98-401-X2021006, dissemination areas","Occupied private dwellings by structural type, directly from the Census Profile."
61,59151761,DA 59151761,housing_density,1438.4615,SINGLE_DETACHED,"Statistics Canada, 2021 Census Profile 98-401-X2021006, dissemination areas","Occupied private dwellings by structural type, directly from the Census Profile."
62,59150213,DA 59150213,housing_density,1431.25,APARTMENT_DUPLEX,"Statistics Canada, 2021 Census Profile 98-401-X2021006, dissemination areas","Occupied private dwellings by structural type, directly from the Census Profile."
63,59150077,DA 59150077,housing_density,1354.5455,SINGLE_DETACHED,"Statistics Canada, 2021 Census Profile 98-401-X2021006, dissemination areas","Occupied private dwellings by structural type, directly from the Census Profile."
64,59150180,DA 59150180,housing_density,1278.5714,SINGLE_DETACHED,"Statistics Canada, 2021 Census Profile 98-401-X2021006, dissemination areas","Occupied private dwellings by structural type, directly from the Census Profile."
65,59150096,DA 59150096,housing_density,1252.9412,APARTMENT_DUPLEX,"Statistics Canada, 2021 Census Profile 98-401-X2021006, dissemination areas","Occupied private dwellings by structural type, directly from the Census Profile."
66,59153241,DA 59153241,housing_density,1161.3636,APARTMENT_LT5,"Statistics Canada, 2021 Census Profile 98-401-X2021006, dissemination areas","Occupied private dwellings by structural type, directly from the Census Profile."
67,59150142,DA 59150142,housing_density,1116.6667,APARTMENT_DUPLEX,"Statistics Canada, 2021 Census Profile 98-401-X2021006, dissemination areas","Occupied private dwellings by structural type, directly from the Census Profile."
68,59150181,DA 59150181,housing_density,1100.0,APARTMENT_DUPLEX,"Statistics Canada, 2021 Census Profile 98-401-X2021006, dissemination areas","Occupied private dwellings by structural type, directly from the Census Profile."
69,59150205,DA 59150205,housing_density,1100.0,APARTMENT_DUPLEX,"Statistics Canada, 2021 Census Profile 98-401-X2021006, dissemination areas","Occupied private dwellings by structural type, directly from the Census Profile."
70,59150210,DA 59150210,housing_density,1037.5,APARTMENT_DUPLEX,"Statistics Canada, 2021 Census Profile 98-401-X2021006, dissemination areas","Occupied private dwellings by structural type, directly from the Census Profile."
71,59150145,DA 59150145,housing_density,1033.3333,SINGLE_DETACHED,"Statistics Canada, 2021 Census Profile 98-401-X2021006, dissemination areas","Occupied private dwellings by structural type, directly from the Census Profile."
72,59150206,DA 59150206,housing_density,730.0,SINGLE_DETACHED,"Statistics Canada, 2021 Census Profile 98-401-X2021006, dissemination areas","Occupied private dwellings by structural type, directly from the Census Profile."
73,59150075,DA 59150075,housing_density,709.0909,SINGLE_DETACHED,"Statistics Canada, 2021 Census Profile 98-401-X2021006, dissemination areas","Occupied private dwellings by structural type, directly from the Census Profile."
74,59150182,DA 59150182,housing_density,640.0,SINGLE_DETACHED,"Statistics Canada, 2021 Census Profile 98-401-X2021006, dissemination areas","Occupied private dwellings by structural type, directly from the Census Profile."
75,59150076,DA 59150076,housing_density,606.0606,APARTMENT_DUPLEX,"Statistics Canada, 2021 Census Profile 98-401-X2021006, dissemination areas","Occupied private dwellings by structural type, directly from the Census Profile."
76,59150178,DA 59150178,housing_density,545.098,SINGLE_DETACHED,"Statistics Canada, 2021 Census Profile 98-401-X2021006, dissemination areas","Occupied private dwellings by structural type, directly from the Census Profile."
77,59150078,DA 59150078,housing_density,497.9167,SINGLE_DETACHED,"Statistics Canada, 2021 Census Profile 98-401-X2021006, dissemination areas","Occupied private dwellings by structural type, directly from the Census Profile."
78,59150200,DA 59150200,housing_density,434.1085,APARTMENT_LT5,"Statistics Canada, 2021 Census Profile 98-401-X2021006, dissemination areas","Occupied private dwellings by structural type, directly from the Census Profile."
79,59150212,DA 59150212,housing_density,274.4681,APARTMENT_DUPLEX,"Statistics Canada, 2021 Census Profile 98-401-X2021006, dissemination areas","Occupied private dwellings by structural type, directly from the Census Profile."
1,59150194,DA 59150194,multiunit_share,1.0139,APARTMENT_LT5,"Statistics Canada, 2021 Census Profile 98-401-X2021006, dissemination areas","Occupied private dwellings by structural type, directly from the Census Profile."
2,59153241,DA 59153241,multiunit_share,1.0098,APARTMENT_LT5,"Statistics Canada, 2021 Census Profile 98-401-X2021006, dissemination areas","Occupied private dwellings by structural type, directly from the Census Profile."
3,59150184,DA 59150184,multiunit_share,1.0,APARTMENT_LT5,"Statistics Canada, 2021 Census Profile 98-401-X2021006, dissemination areas","Occupied private dwellings by structural type, directly from the Census Profile."
4,59150091,DA 59150091,multiunit_share,1.0,APARTMENT_LT5,"Statistics Canada, 2021 Census Profile 98-401-X2021006, dissemination areas","Occupied private dwellings by structural type, directly from the Census Profile."
5,59153970,DA 59153970,multiunit_share,1.0,APARTMENT_5PLUS,"Statistics Canada, 2021 Census Profile 98-401-X2021006, dissemination areas","Occupied private dwellings by structural type, directly from the Census Profile."
6,59153239,DA 59153239,multiunit_share,1.0,APARTMENT_LT5,"Statistics Canada, 2021 Census Profile 98-401-X2021006, dissemination areas","Occupied private dwellings by structural type, directly from the Census Profile."
7,59153237,DA 59153237,multiunit_share,1.0,APARTMENT_LT5,"Statistics Canada, 2021 Census Profile 98-401-X2021006, dissemination areas","Occupied private dwellings by structural type, directly from the Census Profile."
8,59153234,DA 59153234,multiunit_share,1.0,APARTMENT_5PLUS,"Statistics Canada, 2021 Census Profile 98-401-X2021006, dissemination areas","Occupied private dwellings by structural type, directly from the Census Profile."
9,59150193,DA 59150193,multiunit_share,1.0,APARTMENT_LT5,"Statistics Canada, 2021 Census Profile 98-401-X2021006, dissemination areas","Occupied private dwellings by structural type, directly from the Census Profile."
10,59150191,DA 59150191,multiunit_share,1.0,APARTMENT_LT5,"Statistics Canada, 2021 Census Profile 98-401-X2021006, dissemination areas","Occupied private dwellings by structural type, directly from the Census Profile."
11,59150190,DA 59150190,multiunit_share,1.0,APARTMENT_LT5,"Statistics Canada, 2021 Census Profile 98-401-X2021006, dissemination areas","Occupied private dwellings by structural type, directly from the Census Profile."
12,59150188,DA 59150188,multiunit_share,1.0,APARTMENT_5PLUS,"Statistics Canada, 2021 Census Profile 98-401-X2021006, dissemination areas","Occupied private dwellings by structural type, directly from the Census Profile."
13,59150187,DA 59150187,multiunit_share,1.0,APARTMENT_5PLUS,"Statistics Canada, 2021 Census Profile 98-401-X2021006, dissemination areas","Occupied private dwellings by structural type, directly from the Census Profile."
14,59150186,DA 59150186,multiunit_share,1.0,APARTMENT_LT5,"Statistics Canada, 2021 Census Profile 98-401-X2021006, dissemination areas","Occupied private dwellings by structural type, directly from the Census Profile."
15,59150092,DA 59150092,multiunit_share,1.0,APARTMENT_LT5,"Statistics Canada, 2021 Census Profile 98-401-X2021006, dissemination areas","Occupied private dwellings by structural type, directly from the Census Profile."
16,59153971,DA 59153971,multiunit_share,1.0,APARTMENT_5PLUS,"Statistics Canada, 2021 Census Profile 98-401-X2021006, dissemination areas","Occupied private dwellings by structural type, directly from the Census Profile."
17,59150086,DA 59150086,multiunit_share,1.0,APARTMENT_LT5,"Statistics Canada, 2021 Census Profile 98-401-X2021006, dissemination areas","Occupied private dwellings by structural type, directly from the Census Profile."
18,59150082,DA 59150082,multiunit_share,1.0,ROW_HOUSE,"Statistics Canada, 2021 Census Profile 98-401-X2021006, dissemination areas","Occupied private dwellings by structural type, directly from the Census Profile."
19,59150088,DA 59150088,multiunit_share,1.0,APARTMENT_LT5,"Statistics Canada, 2021 Census Profile 98-401-X2021006, dissemination areas","Occupied private dwellings by structural type, directly from the Census Profile."
20,59150085,DA 59150085,multiunit_share,1.0,APARTMENT_5PLUS,"Statistics Canada, 2021 Census Profile 98-401-X2021006, dissemination areas","Occupied private dwellings by structural type, directly from the Census Profile."
21,59150084,DA 59150084,multiunit_share,1.0,APARTMENT_5PLUS,"Statistics Canada, 2021 Census Profile 98-401-X2021006, dissemination areas","Occupied private dwellings by structural type, directly from the Census Profile."
22,59153327,DA 59153327,multiunit_share,0.9935,APARTMENT_5PLUS,"Statistics Canada, 2021 Census Profile 98-401-X2021006, dissemination areas","Occupied private dwellings by structural type, directly from the Census Profile."
23,59153328,DA 59153328,multiunit_share,0.9929,APARTMENT_5PLUS,"Statistics Canada, 2021 Census Profile 98-401-X2021006, dissemination areas","Occupied private dwellings by structural type, directly from the Census Profile."
24,59150192,DA 59150192,multiunit_share,0.9915,APARTMENT_LT5,"Statistics Canada, 2021 Census Profile 98-401-X2021006, dissemination areas","Occupied private dwellings by structural type, directly from the Census Profile."
25,59153235,DA 59153235,multiunit_share,0.9889,APARTMENT_5PLUS,"Statistics Canada, 2021 Census Profile 98-401-X2021006, dissemination areas","Occupied private dwellings by structural type, directly from the Census Profile."
26,59150199,DA 59150199,multiunit_share,0.9853,APARTMENT_LT5,"Statistics Canada, 2021 Census Profile 98-401-X2021006, dissemination areas","Occupied private dwellings by structural type, directly from the Census Profile."
27,59150189,DA 59150189,multiunit_share,0.9851,APARTMENT_5PLUS,"Statistics Canada, 2021 Census Profile 98-401-X2021006, dissemination areas","Occupied private dwellings by structural type, directly from the Census Profile."
28,59150197,DA 59150197,multiunit_share,0.9844,APARTMENT_5PLUS,"Statistics Canada, 2021 Census Profile 98-401-X2021006, dissemination areas","Occupied private dwellings by structural type, directly from the Census Profile."
29,59153236,DA 59153236,multiunit_share,0.98,APARTMENT_LT5,"Statistics Canada, 2021 Census Profile 98-401-X2021006, dissemination areas","Occupied private dwellings by structural type, directly from the Census Profile."
30,59150087,DA 59150087,multiunit_share,0.9792,APARTMENT_LT5,"Statistics Canada, 2021 Census Profile 98-401-X2021006, dissemination areas","Occupied private dwellings by structural type, directly from the Census Profile."
31,59150200,DA 59150200,multiunit_share,0.9643,APARTMENT_LT5,"Statistics Canada, 2021 Census Profile 98-401-X2021006, dissemination areas","Occupied private dwellings by structural type, directly from the Census Profile."
32,59150074,DA 59150074,multiunit_share,0.9592,ROW_HOUSE,"Statistics Canada, 2021 Census Profile 98-401-X2021006, dissemination areas","Occupied private dwellings by structural type, directly from the Census Profile."
33,59150176,DA 59150176,multiunit_share,0.9535,ROW_HOUSE,"Statistics Canada, 2021 Census Profile 98-401-X2021006, dissemination areas","Occupied private dwellings by structural type, directly from the Census Profile."
34,59150099,DA 59150099,multiunit_share,0.9512,ROW_HOUSE,"Statistics Canada, 2021 Census Profile 98-401-X2021006, dissemination areas","Occupied private dwellings by structural type, directly from the Census Profile."
35,59150141,DA 59150141,multiunit_share,0.9403,APARTMENT_LT5,"Statistics Canada, 2021 Census Profile 98-401-X2021006, dissemination areas","Occupied private dwellings by structural type, directly from the Census Profile."
36,59150198,DA 59150198,multiunit_share,0.9241,APARTMENT_LT5,"Statistics Canada, 2021 Census Profile 98-401-X2021006, dissemination areas","Occupied private dwellings by structural type, directly from the Census Profile."
37,59150073,DA 59150073,multiunit_share,0.8861,APARTMENT_LT5,"Statistics Canada, 2021 Census Profile 98-401-X2021006, dissemination areas","Occupied private dwellings by structural type, directly from the Census Profile."
38,59150083,DA 59150083,multiunit_share,0.8654,APARTMENT_LT5,"Statistics Canada, 2021 Census Profile 98-401-X2021006, dissemination areas","Occupied private dwellings by structural type, directly from the Census Profile."
39,59150098,DA 59150098,multiunit_share,0.8649,APARTMENT_LT5,"Statistics Canada, 2021 Census Profile 98-401-X2021006, dissemination areas","Occupied private dwellings by structural type, directly from the Census Profile."
40,59153965,DA 59153965,multiunit_share,0.8636,APARTMENT_5PLUS,"Statistics Canada, 2021 Census Profile 98-401-X2021006, dissemination areas","Occupied private dwellings by structural type, directly from the Census Profile."
41,59153963,DA 59153963,multiunit_share,0.85,APARTMENT_DUPLEX,"Statistics Canada, 2021 Census Profile 98-401-X2021006, dissemination areas","Occupied private dwellings by structural type, directly from the Census Profile."
42,59150093,DA 59150093,multiunit_share,0.8491,APARTMENT_LT5,"Statistics Canada, 2021 Census Profile 98-401-X2021006, dissemination areas","Occupied private dwellings by structural type, directly from the Census Profile."
43,59150089,DA 59150089,multiunit_share,0.8462,APARTMENT_LT5,"Statistics Canada, 2021 Census Profile 98-401-X2021006, dissemination areas","Occupied private dwellings by structural type, directly from the Census Profile."
44,59150140,DA 59150140,multiunit_share,0.814,APARTMENT_LT5,"Statistics Canada, 2021 Census Profile 98-401-X2021006, dissemination areas","Occupied private dwellings by structural type, directly from the Census Profile."
45,59150094,DA 59150094,multiunit_share,0.8125,APARTMENT_LT5,"Statistics Canada, 2021 Census Profile 98-401-X2021006, dissemination areas","Occupied private dwellings by structural type, directly from the Census Profile."
46,59150195,DA 59150195,multiunit_share,0.7969,ROW_HOUSE,"Statistics Canada, 2021 Census Profile 98-401-X2021006, dissemination areas","Occupied private dwellings by structural type, directly from the Census Profile."
47,59150196,DA 59150196,multiunit_share,0.7872,ROW_HOUSE,"Statistics Canada, 2021 Census Profile 98-401-X2021006, dissemination areas","Occupied private dwellings by structural type, directly from the Census Profile."
48,59150185,DA 59150185,multiunit_share,0.726,APARTMENT_LT5,"Statistics Canada, 2021 Census Profile 98-401-X2021006, dissemination areas","Occupied private dwellings by structural type, directly from the Census Profile."
49,59150081,DA 59150081,multiunit_share,0.7193,APARTMENT_LT5,"Statistics Canada, 2021 Census Profile 98-401-X2021006, dissemination areas","Occupied private dwellings by structural type, directly from the Census Profile."
50,59150202,DA 59150202,multiunit_share,0.6721,APARTMENT_LT5,"Statistics Canada, 2021 Census Profile 98-401-X2021006, dissemination areas","Occupied private dwellings by structural type, directly from the Census Profile."
51,59150183,DA 59150183,multiunit_share,0.6667,APARTMENT_DUPLEX,"Statistics Canada, 2021 Census Profile 98-401-X2021006, dissemination areas","Occupied private dwellings by structural type, directly from the Census Profile."
52,59150203,DA 59150203,multiunit_share,0.6415,APARTMENT_DUPLEX,"Statistics Canada, 2021 Census Profile 98-401-X2021006, dissemination areas","Occupied private dwellings by structural type, directly from the Census Profile."
53,59150079,DA 59150079,multiunit_share,0.6341,SINGLE_DETACHED,"Statistics Canada, 2021 Census Profile 98-401-X2021006, dissemination areas","Occupied private dwellings by structural type, directly from the Census Profile."
54,59150201,DA 59150201,multiunit_share,0.6327,APARTMENT_LT5,"Statistics Canada, 2021 Census Profile 98-401-X2021006, dissemination areas","Occupied private dwellings by structural type, directly from the Census Profile."
55,59150181,DA 59150181,multiunit_share,0.6216,APARTMENT_DUPLEX,"Statistics Canada, 2021 Census Profile 98-401-X2021006, dissemination areas","Occupied private dwellings by structural type, directly from the Census Profile."
56,59150213,DA 59150213,multiunit_share,0.6087,APARTMENT_DUPLEX,"Statistics Canada, 2021 Census Profile 98-401-X2021006, dissemination areas","Occupied private dwellings by structural type, directly from the Census Profile."
57,59150212,DA 59150212,multiunit_share,0.6,APARTMENT_DUPLEX,"Statistics Canada, 2021 Census Profile 98-401-X2021006, dissemination areas","Occupied private dwellings by structural type, directly from the Census Profile."
58,59150096,DA 59150096,multiunit_share,0.5952,APARTMENT_DUPLEX,"Statistics Canada, 2021 Census Profile 98-401-X2021006, dissemination areas","Occupied private dwellings by structural type, directly from the Census Profile."
59,59150210,DA 59150210,multiunit_share,0.5918,APARTMENT_DUPLEX,"Statistics Canada, 2021 Census Profile 98-401-X2021006, dissemination areas","Occupied private dwellings by structural type, directly from the Census Profile."
60,59153238,DA 59153238,multiunit_share,0.5897,APARTMENT_LT5,"Statistics Canada, 2021 Census Profile 98-401-X2021006, dissemination areas","Occupied private dwellings by structural type, directly from the Census Profile."
61,59150204,DA 59150204,multiunit_share,0.5758,ROW_HOUSE,"Statistics Canada, 2021 Census Profile 98-401-X2021006, dissemination areas","Occupied private dwellings by structural type, directly from the Census Profile."
62,59150095,DA 59150095,multiunit_share,0.5641,APARTMENT_DUPLEX,"Statistics Canada, 2021 Census Profile 98-401-X2021006, dissemination areas","Occupied private dwellings by structural type, directly from the Census Profile."
63,59150143,DA 59150143,multiunit_share,0.5641,APARTMENT_DUPLEX,"Statistics Canada, 2021 Census Profile 98-401-X2021006, dissemination areas","Occupied private dwellings by structural type, directly from the Census Profile."
64,59150078,DA 59150078,multiunit_share,0.5625,SINGLE_DETACHED,"Statistics Canada, 2021 Census Profile 98-401-X2021006, dissemination areas","Occupied private dwellings by structural type, directly from the Census Profile."
65,59150076,DA 59150076,multiunit_share,0.55,APARTMENT_DUPLEX,"Statistics Canada, 2021 Census Profile 98-401-X2021006, dissemination areas","Occupied private dwellings by structural type, directly from the Census Profile."
66,59150205,DA 59150205,multiunit_share,0.5476,APARTMENT_DUPLEX,"Statistics Canada, 2021 Census Profile 98-401-X2021006, dissemination areas","Occupied private dwellings by structural type, directly from the Census Profile."
67,59150142,DA 59150142,multiunit_share,0.525,APARTMENT_DUPLEX,"Statistics Canada, 2021 Census Profile 98-401-X2021006, dissemination areas","Occupied private dwellings by structural type, directly from the Census Profile."
68,59150080,DA 59150080,multiunit_share,0.5185,APARTMENT_LT5,"Statistics Canada, 2021 Census Profile 98-401-X2021006, dissemination areas","Occupied private dwellings by structural type, directly from the Census Profile."
69,59150178,DA 59150178,multiunit_share,0.4909,SINGLE_DETACHED,"Statistics Canada, 2021 Census Profile 98-401-X2021006, dissemination areas","Occupied private dwellings by structural type, directly from the Census Profile."
70,59150182,DA 59150182,multiunit_share,0.4737,SINGLE_DETACHED,"Statistics Canada, 2021 Census Profile 98-401-X2021006, dissemination areas","Occupied private dwellings by structural type, directly from the Census Profile."
71,59150145,DA 59150145,multiunit_share,0.4643,SINGLE_DETACHED,"Statistics Canada, 2021 Census Profile 98-401-X2021006, dissemination areas","Occupied private dwellings by structural type, directly from the Census Profile."
72,59150206,DA 59150206,multiunit_share,0.4545,SINGLE_DETACHED,"Statistics Canada, 2021 Census Profile 98-401-X2021006, dissemination areas","Occupied private dwellings by structural type, directly from the Census Profile."
73,59151761,DA 59151761,multiunit_share,0.4474,SINGLE_DETACHED,"Statistics Canada, 2021 Census Profile 98-401-X2021006, dissemination areas","Occupied private dwellings by structural type, directly from the Census Profile."
74,59150075,DA 59150075,multiunit_share,0.4194,SINGLE_DETACHED,"Statistics Canada, 2021 Census Profile 98-401-X2021006, dissemination areas","Occupied private dwellings by structural type, directly from the Census Profile."
75,59150097,DA 59150097,multiunit_share,0.4,SINGLE_DETACHED,"Statistics Canada, 2021 Census Profile 98-401-X2021006, dissemination areas","Occupied private dwellings by structural type, directly from the Census Profile."
76,59150077,DA 59150077,multiunit_share,0.3793,SINGLE_DETACHED,"Statistics Canada, 2021 Census Profile 98-401-X2021006, dissemination areas","Occupied private dwellings by structural type, directly from the Census Profile."
77,59150090,DA 59150090,multiunit_share,0.3659,SEMI_DETACHED,"Statistics Canada, 2021 Census Profile 98-401-X2021006, dissemination areas","Occupied private dwellings by structural type, directly from the Census Profile."
78,59150180,DA 59150180,multiunit_share,0.3056,SINGLE_DETACHED,"Statistics Canada, 2021 Census Profile 98-401-X2021006, dissemination areas","Occupied private dwellings by structural type, directly from the Census Profile."
79,59150146,DA 59150146,multiunit_share,0.1765,SINGLE_DETACHED,"Statistics Canada, 2021 Census Profile 98-401-X2021006, dissemination areas","Occupied private dwellings by structural type, directly from the Census Profile."
1,59150084,DA 59150084,apartment_share,1.0,APARTMENT_5PLUS,"Statistics Canada, 2021 Census Profile 98-401-X2021006, dissemination areas","Occupied private dwellings by structural type, directly from the Census Profile."
2,59150188,DA 59150188,apartment_share,1.0,APARTMENT_5PLUS,"Statistics Canada, 2021 Census Profile 98-401-X2021006, dissemination areas","Occupied private dwellings by structural type, directly from the Census Profile."
3,59153239,DA 59153239,apartment_share,1.0,APARTMENT_LT5,"Statistics Canada, 2021 Census Profile 98-401-X2021006, dissemination areas","Occupied private dwellings by structural type, directly from the Census Profile."
4,59153237,DA 59153237,apartment_share,1.0,APARTMENT_LT5,"Statistics Canada, 2021 Census Profile 98-401-X2021006, dissemination areas","Occupied private dwellings by structural type, directly from the Census Profile."
5,59150091,DA 59150091,apartment_share,1.0,APARTMENT_LT5,"Statistics Canada, 2021 Census Profile 98-401-X2021006, dissemination areas","Occupied private dwellings by structural type, directly from the Census Profile."
6,59153234,DA 59153234,apartment_share,1.0,APARTMENT_5PLUS,"Statistics Canada, 2021 Census Profile 98-401-X2021006, dissemination areas","Occupied private dwellings by structural type, directly from the Census Profile."
7,59150088,DA 59150088,apartment_share,1.0,APARTMENT_LT5,"Statistics Canada, 2021 Census Profile 98-401-X2021006, dissemination areas","Occupied private dwellings by structural type, directly from the Census Profile."
8,59150194,DA 59150194,apartment_share,1.0,APARTMENT_LT5,"Statistics Canada, 2021 Census Profile 98-401-X2021006, dissemination areas","Occupied private dwellings by structural type, directly from the Census Profile."
9,59150193,DA 59150193,apartment_share,1.0,APARTMENT_LT5,"Statistics Canada, 2021 Census Profile 98-401-X2021006, dissemination areas","Occupied private dwellings by structural type, directly from the Census Profile."
10,59150186,DA 59150186,apartment_share,1.0,APARTMENT_LT5,"Statistics Canada, 2021 Census Profile 98-401-X2021006, dissemination areas","Occupied private dwellings by structural type, directly from the Census Profile."
11,59153971,DA 59153971,apartment_share,0.9933,APARTMENT_5PLUS,"Statistics Canada, 2021 Census Profile 98-401-X2021006, dissemination areas","Occupied private dwellings by structural type, directly from the Census Profile."
12,59150187,DA 59150187,apartment_share,0.9929,APARTMENT_5PLUS,"Statistics Canada, 2021 Census Profile 98-401-X2021006, dissemination areas","Occupied private dwellings by structural type, directly from the Census Profile."
13,59153328,DA 59153328,apartment_share,0.9929,APARTMENT_5PLUS,"Statistics Canada, 2021 Census Profile 98-401-X2021006, dissemination areas","Occupied private dwellings by structural type, directly from the Census Profile."
14,59150086,DA 59150086,apartment_share,0.9884,APARTMENT_LT5,"Statistics Canada, 2021 Census Profile 98-401-X2021006, dissemination areas","Occupied private dwellings by structural type, directly from the Census Profile."
15,59150191,DA 59150191,apartment_share,0.9872,APARTMENT_LT5,"Statistics Canada, 2021 Census Profile 98-401-X2021006, dissemination areas","Occupied private dwellings by structural type, directly from the Census Profile."
16,59150190,DA 59150190,apartment_share,0.9855,APARTMENT_LT5,"Statistics Canada, 2021 Census Profile 98-401-X2021006, dissemination areas","Occupied private dwellings by structural type, directly from the Census Profile."
17,59150189,DA 59150189,apartment_share,0.9851,APARTMENT_5PLUS,"Statistics Canada, 2021 Census Profile 98-401-X2021006, dissemination areas","Occupied private dwellings by structural type, directly from the Census Profile."
18,59150197,DA 59150197,apartment_share,0.9844,APARTMENT_5PLUS,"Statistics Canada, 2021 Census Profile 98-401-X2021006, dissemination areas","Occupied private dwellings by structural type, directly from the Census Profile."
19,59150192,DA 59150192,apartment_share,0.9829,APARTMENT_LT5,"Statistics Canada, 2021 Census Profile 98-401-X2021006, dissemination areas","Occupied private dwellings by structural type, directly from the Census Profile."
20,59150085,DA 59150085,apartment_share,0.9813,APARTMENT_5PLUS,"Statistics Canada, 2021 Census Profile 98-401-X2021006, dissemination areas","Occupied private dwellings by structural type, directly from the Census Profile."
21,59153236,DA 59153236,apartment_share,0.98,APARTMENT_LT5,"Statistics Canada, 2021 Census Profile 98-401-X2021006, dissemination areas","Occupied private dwellings by structural type, directly from the Census Profile."
22,59150184,DA 59150184,apartment_share,0.9787,APARTMENT_LT5,"Statistics Canada, 2021 Census Profile 98-401-X2021006, dissemination areas","Occupied private dwellings by structural type, directly from the Census Profile."
23,59153235,DA 59153235,apartment_share,0.9667,APARTMENT_5PLUS,"Statistics Canada, 2021 Census Profile 98-401-X2021006, dissemination areas","Occupied private dwellings by structural type, directly from the Census Profile."
24,59153970,DA 59153970,apartment_share,0.964,APARTMENT_5PLUS,"Statistics Canada, 2021 Census Profile 98-401-X2021006, dissemination areas","Occupied private dwellings by structural type, directly from the Census Profile."
25,59150087,DA 59150087,apartment_share,0.9583,APARTMENT_LT5,"Statistics Canada, 2021 Census Profile 98-401-X2021006, dissemination areas","Occupied private dwellings by structural type, directly from the Census Profile."
26,59150199,DA 59150199,apartment_share,0.9559,APARTMENT_LT5,"Statistics Canada, 2021 Census Profile 98-401-X2021006, dissemination areas","Occupied private dwellings by structural type, directly from the Census Profile."
27,59150092,DA 59150092,apartment_share,0.9559,APARTMENT_LT5,"Statistics Canada, 2021 Census Profile 98-401-X2021006, dissemination areas","Occupied private dwellings by structural type, directly from the Census Profile."
28,59153327,DA 59153327,apartment_share,0.9419,APARTMENT_5PLUS,"Statistics Canada, 2021 Census Profile 98-401-X2021006, dissemination areas","Occupied private dwellings by structural type, directly from the Census Profile."
29,59150198,DA 59150198,apartment_share,0.9114,APARTMENT_LT5,"Statistics Canada, 2021 Census Profile 98-401-X2021006, dissemination areas","Occupied private dwellings by structural type, directly from the Census Profile."
30,59153241,DA 59153241,apartment_share,0.8971,APARTMENT_LT5,"Statistics Canada, 2021 Census Profile 98-401-X2021006, dissemination areas","Occupied private dwellings by structural type, directly from the Census Profile."
31,59150141,DA 59150141,apartment_share,0.8507,APARTMENT_LT5,"Statistics Canada, 2021 Census Profile 98-401-X2021006, dissemination areas","Occupied private dwellings by structural type, directly from the Census Profile."
32,59153965,DA 59153965,apartment_share,0.75,APARTMENT_5PLUS,"Statistics Canada, 2021 Census Profile 98-401-X2021006, dissemination areas","Occupied private dwellings by structural type, directly from the Census Profile."
33,59150093,DA 59150093,apartment_share,0.717,APARTMENT_LT5,"Statistics Canada, 2021 Census Profile 98-401-X2021006, dissemination areas","Occupied private dwellings by structural type, directly from the Census Profile."
34,59150098,DA 59150098,apartment_share,0.6757,APARTMENT_LT5,"Statistics Canada, 2021 Census Profile 98-401-X2021006, dissemination areas","Occupied private dwellings by structural type, directly from the Census Profile."
35,59150200,DA 59150200,apartment_share,0.5982,APARTMENT_LT5,"Statistics Canada, 2021 Census Profile 98-401-X2021006, dissemination areas","Occupied private dwellings by structural type, directly from the Census Profile."
36,59150081,DA 59150081,apartment_share,0.5789,APARTMENT_LT5,"Statistics Canada, 2021 Census Profile 98-401-X2021006, dissemination areas","Occupied private dwellings by structural type, directly from the Census Profile."
37,59150201,DA 59150201,apartment_share,0.5714,APARTMENT_LT5,"Statistics Canada, 2021 Census Profile 98-401-X2021006, dissemination areas","Occupied private dwellings by structural type, directly from the Census Profile."
38,59150089,DA 59150089,apartment_share,0.5192,APARTMENT_LT5,"Statistics Canada, 2021 Census Profile 98-401-X2021006, dissemination areas","Occupied private dwellings by structural type, directly from the Census Profile."
39,59150094,DA 59150094,apartment_share,0.5,APARTMENT_LT5,"Statistics Canada, 2021 Census Profile 98-401-X2021006, dissemination areas","Occupied private dwellings by structural type, directly from the Census Profile."
40,59150083,DA 59150083,apartment_share,0.5,APARTMENT_LT5,"Statistics Canada, 2021 Census Profile 98-401-X2021006, dissemination areas","Occupied private dwellings by structural type, directly from the Census Profile."
41,59150073,DA 59150073,apartment_share,0.4684,APARTMENT_LT5,"Statistics Canada, 2021 Census Profile 98-401-X2021006, dissemination areas","Occupied private dwellings by structural type, directly from the Census Profile."
42,59150140,DA 59150140,apartment_share,0.4651,APARTMENT_LT5,"Statistics Canada, 2021 Census Profile 98-401-X2021006, dissemination areas","Occupied private dwellings by structural type, directly from the Census Profile."
43,59150082,DA 59150082,apartment_share,0.4627,ROW_HOUSE,"Statistics Canada, 2021 Census Profile 98-401-X2021006, dissemination areas","Occupied private dwellings by structural type, directly from the Census Profile."
44,59150080,DA 59150080,apartment_share,0.4444,APARTMENT_LT5,"Statistics Canada, 2021 Census Profile 98-401-X2021006, dissemination areas","Occupied private dwellings by structural type, directly from the Census Profile."
45,59150202,DA 59150202,apartment_share,0.4426,APARTMENT_LT5,"Statistics Canada, 2021 Census Profile 98-401-X2021006, dissemination areas","Occupied private dwellings by structural type, directly from the Census Profile."
46,59150185,DA 59150185,apartment_share,0.4384,APARTMENT_LT5,"Statistics Canada, 2021 Census Profile 98-401-X2021006, dissemination areas","Occupied private dwellings by structural type, directly from the Census Profile."
47,59153238,DA 59153238,apartment_share,0.4359,APARTMENT_LT5,"Statistics Canada, 2021 Census Profile 98-401-X2021006, dissemination areas","Occupied private dwellings by structural type, directly from the Census Profile."
48,59150079,DA 59150079,apartment_share,0.3415,SINGLE_DETACHED,"Statistics Canada, 2021 Census Profile 98-401-X2021006, dissemination areas","Occupied private dwellings by structural type, directly from the Census Profile."
49,59150099,DA 59150099,apartment_share,0.3171,ROW_HOUSE,"Statistics Canada, 2021 Census Profile 98-401-X2021006, dissemination areas","Occupied private dwellings by structural type, directly from the Census Profile."
50,59150195,DA 59150195,apartment_share,0.2969,ROW_HOUSE,"Statistics Canada, 2021 Census Profile 98-401-X2021006, dissemination areas","Occupied private dwellings by structural type, directly from the Census Profile."
51,59153963,DA 59153963,apartment_share,0.25,APARTMENT_DUPLEX,"Statistics Canada, 2021 Census Profile 98-401-X2021006, dissemination areas","Occupied private dwellings by structural type, directly from the Census Profile."
52,59150183,DA 59150183,apartment_share,0.2333,APARTMENT_DUPLEX,"Statistics Canada, 2021 Census Profile 98-401-X2021006, dissemination areas","Occupied private dwellings by structural type, directly from the Census Profile."
53,59150078,DA 59150078,apartment_share,0.1875,SINGLE_DETACHED,"Statistics Canada, 2021 Census Profile 98-401-X2021006, dissemination areas","Occupied private dwellings by structural type, directly from the Census Profile."
54,59150204,DA 59150204,apartment_share,0.1667,ROW_HOUSE,"Statistics Canada, 2021 Census Profile 98-401-X2021006, dissemination areas","Occupied private dwellings by structural type, directly from the Census Profile."
55,59150203,DA 59150203,apartment_share,0.1321,APARTMENT_DUPLEX,"Statistics Canada, 2021 Census Profile 98-401-X2021006, dissemination areas","Occupied private dwellings by structural type, directly from the Census Profile."
56,59150090,DA 59150090,apartment_share,0.122,SEMI_DETACHED,"Statistics Canada, 2021 Census Profile 98-401-X2021006, dissemination areas","Occupied private dwellings by structural type, directly from the Census Profile."
57,59150143,DA 59150143,apartment_share,0.0513,APARTMENT_DUPLEX,"Statistics Canada, 2021 Census Profile 98-401-X2021006, dissemination areas","Occupied private dwellings by structural type, directly from the Census Profile."
58,59150212,DA 59150212,apartment_share,0.04,APARTMENT_DUPLEX,"Statistics Canada, 2021 Census Profile 98-401-X2021006, dissemination areas","Occupied private dwellings by structural type, directly from the Census Profile."
59,59150145,DA 59150145,apartment_share,0.0357,SINGLE_DETACHED,"Statistics Canada, 2021 Census Profile 98-401-X2021006, dissemination areas","Occupied private dwellings by structural type, directly from the Census Profile."
60,59150077,DA 59150077,apartment_share,0.0345,SINGLE_DETACHED,"Statistics Canada, 2021 Census Profile 98-401-X2021006, dissemination areas","Occupied private dwellings by structural type, directly from the Census Profile."
61,59150075,DA 59150075,apartment_share,0.0323,SINGLE_DETACHED,"Statistics Canada, 2021 Census Profile 98-401-X2021006, dissemination areas","Occupied private dwellings by structural type, directly from the Census Profile."
62,59150095,DA 59150095,apartment_share,0.0256,APARTMENT_DUPLEX,"Statistics Canada, 2021 Census Profile 98-401-X2021006, dissemination areas","Occupied private dwellings by structural type, directly from the Census Profile."
63,59150142,DA 59150142,apartment_share,0.025,APARTMENT_DUPLEX,"Statistics Canada, 2021 Census Profile 98-401-X2021006, dissemination areas","Occupied private dwellings by structural type, directly from the Census Profile."
64,59150076,DA 59150076,apartment_share,0.025,APARTMENT_DUPLEX,"Statistics Canada, 2021 Census Profile 98-401-X2021006, dissemination areas","Occupied private dwellings by structural type, directly from the Census Profile."
65,59150205,DA 59150205,apartment_share,0.0238,APARTMENT_DUPLEX,"Statistics Canada, 2021 Census Profile 98-401-X2021006, dissemination areas","Occupied private dwellings by structural type, directly from the Census Profile."
66,59150206,DA 59150206,apartment_share,0.0227,SINGLE_DETACHED,"Statistics Canada, 2021 Census Profile 98-401-X2021006, dissemination areas","Occupied private dwellings by structural type, directly from the Census Profile."
67,59150213,DA 59150213,apartment_share,0.0217,APARTMENT_DUPLEX,"Statistics Canada, 2021 Census Profile 98-401-X2021006, dissemination areas","Occupied private dwellings by structural type, directly from the Census Profile."
68,59150196,DA 59150196,apartment_share,0.0213,ROW_HOUSE,"Statistics Canada, 2021 Census Profile 98-401-X2021006, dissemination areas","Occupied private dwellings by structural type, directly from the Census Profile."
69,59150210,DA 59150210,apartment_share,0.0204,APARTMENT_DUPLEX,"Statistics Canada, 2021 Census Profile 98-401-X2021006, dissemination areas","Occupied private dwellings by structural type, directly from the Census Profile."
70,59150074,DA 59150074,apartment_share,0.0204,ROW_HOUSE,"Statistics Canada, 2021 Census Profile 98-401-X2021006, dissemination areas","Occupied private dwellings by structural type, directly from the Census Profile."
71,59150097,DA 59150097,apartment_share,0.02,SINGLE_DETACHED,"Statistics Canada, 2021 Census Profile 98-401-X2021006, dissemination areas","Occupied private dwellings by structural type, directly from the Census Profile."
72,59150176,DA 59150176,apartment_share,0.0,ROW_HOUSE,"Statistics Canada, 2021 Census Profile 98-401-X2021006, dissemination areas","Occupied private dwellings by structural type, directly from the Census Profile."
73,59150178,DA 59150178,apartment_share,0.0,SINGLE_DETACHED,"Statistics Canada, 2021 Census Profile 98-401-X2021006, dissemination areas","Occupied private dwellings by structural type, directly from the Census Profile."
74,59151761,DA 59151761,apartment_share,0.0,SINGLE_DETACHED,"Statistics Canada, 2021 Census Profile 98-401-X2021006, dissemination areas","Occupied private dwellings by structural type, directly from the Census Profile."
75,59150146,DA 59150146,apartment_share,0.0,SINGLE_DETACHED,"Statistics Canada, 2021 Census Profile 98-401-X2021006, dissemination areas","Occupied private dwellings by structural type, directly from the Census Profile."
76,59150180,DA 59150180,apartment_share,0.0,SINGLE_DETACHED,"Statistics Canada, 2021 Census Profile 98-401-X2021006, dissemination areas","Occupied private dwellings by structural type, directly from the Census Profile."
77,59150181,DA 59150181,apartment_share,0.0,APARTMENT_DUPLEX,"Statistics Canada, 2021 Census Profile 98-401-X2021006, dissemination areas","Occupied private dwellings by structural type, directly from the Census Profile."
78,59150182,DA 59150182,apartment_share,0.0,SINGLE_DETACHED,"Statistics Canada, 2021 Census Profile 98-401-X2021006, dissemination areas","Occupied private dwellings by structural type, directly from the Census Profile."
79,59150096,DA 59150096,apartment_share,0.0,APARTMENT_DUPLEX,"Statistics Canada, 2021 Census Profile 98-401-X2021006, dissemination areas","Occupied private dwellings by structural type, directly from the Census Profile."
1,59150189,DA 59150189,highrise_share,0.9851,APARTMENT_5PLUS,"Statistics Canada, 2021 Census Profile 98-401-X2021006, dissemination areas","Occupied private dwellings by structural type, directly from the Census Profile."
2,59153328,DA 59153328,highrise_share,0.9786,APARTMENT_5PLUS,"Statistics Canada, 2021 Census Profile 98-401-X2021006, dissemination areas","Occupied private dwellings by structural type, directly from the Census Profile."
3,59150188,DA 59150188,highrise_share,0.9667,APARTMENT_5PLUS,"Statistics Canada, 2021 Census Profile 98-401-X2021006, dissemination areas","Occupied private dwellings by structural type, directly from the Census Profile."
4,59153235,DA 59153235,highrise_share,0.9056,APARTMENT_5PLUS,"Statistics Canada, 2021 Census Profile 98-401-X2021006, dissemination areas","Occupied private dwellings by structural type, directly from the Census Profile."
5,59150084,DA 59150084,highrise_share,0.8362,APARTMENT_5PLUS,"Statistics Canada, 2021 Census Profile 98-401-X2021006, dissemination areas","Occupied private dwellings by structural type, directly from the Census Profile."
6,59153970,DA 59153970,highrise_share,0.812,APARTMENT_5PLUS,"Statistics Canada, 2021 Census Profile 98-401-X2021006, dissemination areas","Occupied private dwellings by structural type, directly from the Census Profile."
7,59150085,DA 59150085,highrise_share,0.8037,APARTMENT_5PLUS,"Statistics Canada, 2021 Census Profile 98-401-X2021006, dissemination areas","Occupied private dwellings by structural type, directly from the Census Profile."
8,59153234,DA 59153234,highrise_share,0.7317,APARTMENT_5PLUS,"Statistics Canada, 2021 Census Profile 98-401-X2021006, dissemination areas","Occupied private dwellings by structural type, directly from the Census Profile."
9,59150187,DA 59150187,highrise_share,0.7286,APARTMENT_5PLUS,"Statistics Canada, 2021 Census Profile 98-401-X2021006, dissemination areas","Occupied private dwellings by structural type, directly from the Census Profile."
10,59153971,DA 59153971,highrise_share,0.7248,APARTMENT_5PLUS,"Statistics Canada, 2021 Census Profile 98-401-X2021006, dissemination areas","Occupied private dwellings by structural type, directly from the Census Profile."
11,59153327,DA 59153327,highrise_share,0.6516,APARTMENT_5PLUS,"Statistics Canada, 2021 Census Profile 98-401-X2021006, dissemination areas","Occupied private dwellings by structural type, directly from the Census Profile."
12,59153965,DA 59153965,highrise_share,0.6136,APARTMENT_5PLUS,"Statistics Canada, 2021 Census Profile 98-401-X2021006, dissemination areas","Occupied private dwellings by structural type, directly from the Census Profile."
13,59150197,DA 59150197,highrise_share,0.5156,APARTMENT_5PLUS,"Statistics Canada, 2021 Census Profile 98-401-X2021006, dissemination areas","Occupied private dwellings by structural type, directly from the Census Profile."
14,59150087,DA 59150087,highrise_share,0.4375,APARTMENT_LT5,"Statistics Canada, 2021 Census Profile 98-401-X2021006, dissemination areas","Occupied private dwellings by structural type, directly from the Census Profile."
15,59150141,DA 59150141,highrise_share,0.2761,APARTMENT_LT5,"Statistics Canada, 2021 Census Profile 98-401-X2021006, dissemination areas","Occupied private dwellings by structural type, directly from the Census Profile."
16,59150092,DA 59150092,highrise_share,0.2647,APARTMENT_LT5,"Statistics Canada, 2021 Census Profile 98-401-X2021006, dissemination areas","Occupied private dwellings by structural type, directly from the Census Profile."
17,59150091,DA 59150091,highrise_share,0.2588,APARTMENT_LT5,"Statistics Canada, 2021 Census Profile 98-401-X2021006, dissemination areas","Occupied private dwellings by structural type, directly from the Census Profile."
18,59153241,DA 59153241,highrise_share,0.2451,APARTMENT_LT5,"Statistics Canada, 2021 Census Profile 98-401-X2021006, dissemination areas","Occupied private dwellings by structural type, directly from the Census Profile."
19,59150186,DA 59150186,highrise_share,0.2394,APARTMENT_LT5,"Statistics Canada, 2021 Census Profile 98-401-X2021006, dissemination areas","Occupied private dwellings by structural type, directly from the Census Profile."
20,59150191,DA 59150191,highrise_share,0.2179,APARTMENT_LT5,"Statistics Canada, 2021 Census Profile 98-401-X2021006, dissemination areas","Occupied private dwellings by structural type, directly from the Census Profile."
21,59150193,DA 59150193,highrise_share,0.2113,APARTMENT_LT5,"Statistics Canada, 2021 Census Profile 98-401-X2021006, dissemination areas","Occupied private dwellings by structural type, directly from the Census Profile."
22,59150093,DA 59150093,highrise_share,0.1509,APARTMENT_LT5,"Statistics Canada, 2021 Census Profile 98-401-X2021006, dissemination areas","Occupied private dwellings by structural type, directly from the Census Profile."
23,59150082,DA 59150082,highrise_share,0.1493,ROW_HOUSE,"Statistics Canada, 2021 Census Profile 98-401-X2021006, dissemination areas","Occupied private dwellings by structural type, directly from the Census Profile."
24,59150192,DA 59150192,highrise_share,0.1453,APARTMENT_LT5,"Statistics Canada, 2021 Census Profile 98-401-X2021006, dissemination areas","Occupied private dwellings by structural type, directly from the Census Profile."
25,59153236,DA 59153236,highrise_share,0.14,APARTMENT_LT5,"Statistics Canada, 2021 Census Profile 98-401-X2021006, dissemination areas","Occupied private dwellings by structural type, directly from the Census Profile."
26,59150194,DA 59150194,highrise_share,0.1389,APARTMENT_LT5,"Statistics Canada, 2021 Census Profile 98-401-X2021006, dissemination areas","Occupied private dwellings by structural type, directly from the Census Profile."
27,59150190,DA 59150190,highrise_share,0.1304,APARTMENT_LT5,"Statistics Canada, 2021 Census Profile 98-401-X2021006, dissemination areas","Occupied private dwellings by structural type, directly from the Census Profile."
28,59150183,DA 59150183,highrise_share,0.1167,APARTMENT_DUPLEX,"Statistics Canada, 2021 Census Profile 98-401-X2021006, dissemination areas","Occupied private dwellings by structural type, directly from the Census Profile."
29,59150200,DA 59150200,highrise_share,0.0893,APARTMENT_LT5,"Statistics Canada, 2021 Census Profile 98-401-X2021006, dissemination areas","Occupied private dwellings by structural type, directly from the Census Profile."
30,59150202,DA 59150202,highrise_share,0.0656,APARTMENT_LT5,"Statistics Canada, 2021 Census Profile 98-401-X2021006, dissemination areas","Occupied private dwellings by structural type, directly from the Census Profile."
31,59150086,DA 59150086,highrise_share,0.0581,APARTMENT_LT5,"Statistics Canada, 2021 Census Profile 98-401-X2021006, dissemination areas","Occupied private dwellings by structural type, directly from the Census Profile."
32,59150083,DA 59150083,highrise_share,0.0385,APARTMENT_LT5,"Statistics Canada, 2021 Census Profile 98-401-X2021006, dissemination areas","Occupied private dwellings by structural type, directly from the Census Profile."
33,59150079,DA 59150079,highrise_share,0.0244,SINGLE_DETACHED,"Statistics Canada, 2021 Census Profile 98-401-X2021006, dissemination areas","Occupied private dwellings by structural type, directly from the Census Profile."
34,59150204,DA 59150204,highrise_share,0.0152,ROW_HOUSE,"Statistics Canada, 2021 Census Profile 98-401-X2021006, dissemination areas","Occupied private dwellings by structural type, directly from the Census Profile."
35,59150196,DA 59150196,highrise_share,0.0,ROW_HOUSE,"Statistics Canada, 2021 Census Profile 98-401-X2021006, dissemination areas","Occupied private dwellings by structural type, directly from the Census Profile."
36,59153963,DA 59153963,highrise_share,0.0,APARTMENT_DUPLEX,"Statistics Canada, 2021 Census Profile 98-401-X2021006, dissemination areas","Occupied private dwellings by structural type, directly from the Census Profile."
37,59153239,DA 59153239,highrise_share,0.0,APARTMENT_LT5,"Statistics Canada, 2021 Census Profile 98-401-X2021006, dissemination areas","Occupied private dwellings by structural type, directly from the Census Profile."
38,59153238,DA 59153238,highrise_share,0.0,APARTMENT_LT5,"Statistics Canada, 2021 Census Profile 98-401-X2021006, dissemination areas","Occupied private dwellings by structural type, directly from the Census Profile."
39,59153237,DA 59153237,highrise_share,0.0,APARTMENT_LT5,"Statistics Canada, 2021 Census Profile 98-401-X2021006, dissemination areas","Occupied private dwellings by structural type, directly from the Census Profile."
40,59150212,DA 59150212,highrise_share,0.0,APARTMENT_DUPLEX,"Statistics Canada, 2021 Census Profile 98-401-X2021006, dissemination areas","Occupied private dwellings by structural type, directly from the Census Profile."
41,59151761,DA 59151761,highrise_share,0.0,SINGLE_DETACHED,"Statistics Canada, 2021 Census Profile 98-401-X2021006, dissemination areas","Occupied private dwellings by structural type, directly from the Census Profile."
42,59150210,DA 59150210,highrise_share,0.0,APARTMENT_DUPLEX,"Statistics Canada, 2021 Census Profile 98-401-X2021006, dissemination areas","Occupied private dwellings by structural type, directly from the Census Profile."
43,59150198,DA 59150198,highrise_share,0.0,APARTMENT_LT5,"Statistics Canada, 2021 Census Profile 98-401-X2021006, dissemination areas","Occupied private dwellings by structural type, directly from the Census Profile."
44,59150199,DA 59150199,highrise_share,0.0,APARTMENT_LT5,"Statistics Canada, 2021 Census Profile 98-401-X2021006, dissemination areas","Occupied private dwellings by structural type, directly from the Census Profile."
45,59150201,DA 59150201,highrise_share,0.0,APARTMENT_LT5,"Statistics Canada, 2021 Census Profile 98-401-X2021006, dissemination areas","Occupied private dwellings by structural type, directly from the Census Profile."
46,59150203,DA 59150203,highrise_share,0.0,APARTMENT_DUPLEX,"Statistics Canada, 2021 Census Profile 98-401-X2021006, dissemination areas","Occupied private dwellings by structural type, directly from the Census Profile."
47,59150205,DA 59150205,highrise_share,0.0,APARTMENT_DUPLEX,"Statistics Canada, 2021 Census Profile 98-401-X2021006, dissemination areas","Occupied private dwellings by structural type, directly from the Census Profile."
48,59150206,DA 59150206,highrise_share,0.0,SINGLE_DETACHED,"Statistics Canada, 2021 Census Profile 98-401-X2021006, dissemination areas","Occupied private dwellings by structural type, directly from the Census Profile."
49,59150195,DA 59150195,highrise_share,0.0,ROW_HOUSE,"Statistics Canada, 2021 Census Profile 98-401-X2021006, dissemination areas","Occupied private dwellings by structural type, directly from the Census Profile."
50,59150213,DA 59150213,highrise_share,0.0,APARTMENT_DUPLEX,"Statistics Canada, 2021 Census Profile 98-401-X2021006, dissemination areas","Occupied private dwellings by structural type, directly from the Census Profile."
51,59150073,DA 59150073,highrise_share,0.0,APARTMENT_LT5,"Statistics Canada, 2021 Census Profile 98-401-X2021006, dissemination areas","Occupied private dwellings by structural type, directly from the Census Profile."
52,59150185,DA 59150185,highrise_share,0.0,APARTMENT_LT5,"Statistics Canada, 2021 Census Profile 98-401-X2021006, dissemination areas","Occupied private dwellings by structural type, directly from the Census Profile."
53,59150074,DA 59150074,highrise_share,0.0,ROW_HOUSE,"Statistics Canada, 2021 Census Profile 98-401-X2021006, dissemination areas","Occupied private dwellings by structural type, directly from the Census Profile."
54,59150075,DA 59150075,highrise_share,0.0,SINGLE_DETACHED,"Statistics Canada, 2021 Census Profile 98-401-X2021006, dissemination areas","Occupied private dwellings by structural type, directly from the Census Profile."
55,59150076,DA 59150076,highrise_share,0.0,APARTMENT_DUPLEX,"Statistics Canada, 2021 Census Profile 98-401-X2021006, dissemination areas","Occupied private dwellings by structural type, directly from the Census Profile."
56,59150077,DA 59150077,highrise_share,0.0,SINGLE_DETACHED,"Statistics Canada, 2021 Census Profile 98-401-X2021006, dissemination areas","Occupied private dwellings by structural type, directly from the Census Profile."
57,59150078,DA 59150078,highrise_share,0.0,SINGLE_DETACHED,"Statistics Canada, 2021 Census Profile 98-401-X2021006, dissemination areas","Occupied private dwellings by structural type, directly from the Census Profile."
58,59150080,DA 59150080,highrise_share,0.0,APARTMENT_LT5,"Statistics Canada, 2021 Census Profile 98-401-X2021006, dissemination areas","Occupied private dwellings by structural type, directly from the Census Profile."
59,59150081,DA 59150081,highrise_share,0.0,APARTMENT_LT5,"Statistics Canada, 2021 Census Profile 98-401-X2021006, dissemination areas","Occupied private dwellings by structural type, directly from the Census Profile."
60,59150088,DA 59150088,highrise_share,0.0,APARTMENT_LT5,"Statistics Canada, 2021 Census Profile 98-401-X2021006, dissemination areas","Occupied private dwellings by structural type, directly from the Census Profile."
61,59150089,DA 59150089,highrise_share,0.0,APARTMENT_LT5,"Statistics Canada, 2021 Census Profile 98-401-X2021006, dissemination areas","Occupied private dwellings by structural type, directly from the Census Profile."
62,59150090,DA 59150090,highrise_share,0.0,SEMI_DETACHED,"Statistics Canada, 2021 Census Profile 98-401-X2021006, dissemination areas","Occupied private dwellings by structural type, directly from the Census Profile."
63,59150094,DA 59150094,highrise_share,0.0,APARTMENT_LT5,"Statistics Canada, 2021 Census Profile 98-401-X2021006, dissemination areas","Occupied private dwellings by structural type, directly from the Census Profile."
64,59150095,DA 59150095,highrise_share,0.0,APARTMENT_DUPLEX,"Statistics Canada, 2021 Census Profile 98-401-X2021006, dissemination areas","Occupied private dwellings by structural type, directly from the Census Profile."
65,59150096,DA 59150096,highrise_share,0.0,APARTMENT_DUPLEX,"Statistics Canada, 2021 Census Profile 98-401-X2021006, dissemination areas","Occupied private dwellings by structural type, directly from the Census Profile."
66,59150097,DA 59150097,highrise_share,0.0,SINGLE_DETACHED,"Statistics Canada, 2021 Census Profile 98-401-X2021006, dissemination areas","Occupied private dwellings by structural type, directly from the Census Profile."
67,59150098,DA 59150098,highrise_share,0.0,APARTMENT_LT5,"Statistics Canada, 2021 Census Profile 98-401-X2021006, dissemination areas","Occupied private dwellings by structural type, directly from the Census Profile."
68,59150099,DA 59150099,highrise_share,0.0,ROW_HOUSE,"Statistics Canada, 2021 Census Profile 98-401-X2021006, dissemination areas","Occupied private dwellings by structural type, directly from the Census Profile."
69,59150140,DA 59150140,highrise_share,0.0,APARTMENT_LT5,"Statistics Canada, 2021 Census Profile 98-401-X2021006, dissemination areas","Occupied private dwellings by structural type, directly from the Census Profile."
70,59150142,DA 59150142,highrise_share,0.0,APARTMENT_DUPLEX,"Statistics Canada, 2021 Census Profile 98-401-X2021006, dissemination areas","Occupied private dwellings by structural type, directly from the Census Profile."
71,59150143,DA 59150143,highrise_share,0.0,APARTMENT_DUPLEX,"Statistics Canada, 2021 Census Profile 98-401-X2021006, dissemination areas","Occupied private dwellings by structural type, directly from the Census Profile."
72,59150145,DA 59150145,highrise_share,0.0,SINGLE_DETACHED,"Statistics Canada, 2021 Census Profile 98-401-X2021006, dissemination areas","Occupied private dwellings by structural type, directly from the Census Profile."
73,59150146,DA 59150146,highrise_share,0.0,SINGLE_DETACHED,"Statistics Canada, 2021 Census Profile 98-401-X2021006, dissemination areas","Occupied private dwellings by structural type, directly from the Census Profile."
74,59150176,DA 59150176,highrise_share,0.0,ROW_HOUSE,"Statistics Canada, 2021 Census Profile 98-401-X2021006, dissemination areas","Occupied private dwellings by structural type, directly from the Census Profile."
75,59150178,DA 59150178,highrise_share,0.0,SINGLE_DETACHED,"Statistics Canada, 2021 Census Profile 98-401-X2021006, dissemination areas","Occupied private dwellings by structural type, directly from the Census Profile."
76,59150180,DA 59150180,highrise_share,0.0,SINGLE_DETACHED,"Statistics Canada, 2021 Census Profile 98-401-X2021006, dissemination areas","Occupied private dwellings by structural type, directly from the Census Profile."
77,59150181,DA 59150181,highrise_share,0.0,APARTMENT_DUPLEX,"Statistics Canada, 2021 Census Profile 98-401-X2021006, dissemination areas","Occupied private dwellings by structural type, directly from the Census Profile."
78,59150182,DA 59150182,highrise_share,0.0,SINGLE_DETACHED,"Statistics Canada, 2021 Census Profile 98-401-X2021006, dissemination areas","Occupied private dwellings by structural type, directly from the Census Profile."
79,59150184,DA 59150184,highrise_share,0.0,APARTMENT_LT5,"Statistics Canada, 2021 Census Profile 98-401-X2021006, dissemination areas","Occupied private dwellings by structural type, directly from the Census Profile."
1,59150176,DA 59150176,townhouse_share,0.9535,ROW_HOUSE,"Statistics Canada, 2021 Census Profile 98-401-X2021006, dissemination areas","Occupied private dwellings by structural type, directly from the Census Profile."
2,59150074,DA 59150074,townhouse_share,0.9388,ROW_HOUSE,"Statistics Canada, 2021 Census Profile 98-401-X2021006, dissemination areas","Occupied private dwellings by structural type, directly from the Census Profile."
3,59150196,DA 59150196,townhouse_share,0.6383,ROW_HOUSE,"Statistics Canada, 2021 Census Profile 98-401-X2021006, dissemination areas","Occupied private dwellings by structural type, directly from the Census Profile."
4,59150099,DA 59150099,townhouse_share,0.561,ROW_HOUSE,"Statistics Canada, 2021 Census Profile 98-401-X2021006, dissemination areas","Occupied private dwellings by structural type, directly from the Census Profile."
5,59150082,DA 59150082,townhouse_share,0.5373,ROW_HOUSE,"Statistics Canada, 2021 Census Profile 98-401-X2021006, dissemination areas","Occupied private dwellings by structural type, directly from the Census Profile."
6,59150195,DA 59150195,townhouse_share,0.4844,ROW_HOUSE,"Statistics Canada, 2021 Census Profile 98-401-X2021006, dissemination areas","Occupied private dwellings by structural type, directly from the Census Profile."
7,59150083,DA 59150083,townhouse_share,0.3462,APARTMENT_LT5,"Statistics Canada, 2021 Census Profile 98-401-X2021006, dissemination areas","Occupied private dwellings by structural type, directly from the Census Profile."
8,59150073,DA 59150073,townhouse_share,0.3418,APARTMENT_LT5,"Statistics Canada, 2021 Census Profile 98-401-X2021006, dissemination areas","Occupied private dwellings by structural type, directly from the Census Profile."
9,59150204,DA 59150204,townhouse_share,0.2576,ROW_HOUSE,"Statistics Canada, 2021 Census Profile 98-401-X2021006, dissemination areas","Occupied private dwellings by structural type, directly from the Census Profile."
10,59150094,DA 59150094,townhouse_share,0.25,APARTMENT_LT5,"Statistics Canada, 2021 Census Profile 98-401-X2021006, dissemination areas","Occupied private dwellings by structural type, directly from the Census Profile."
11,59150185,DA 59150185,townhouse_share,0.2192,APARTMENT_LT5,"Statistics Canada, 2021 Census Profile 98-401-X2021006, dissemination areas","Occupied private dwellings by structural type, directly from the Census Profile."
12,59153238,DA 59153238,townhouse_share,0.1538,APARTMENT_LT5,"Statistics Canada, 2021 Census Profile 98-401-X2021006, dissemination areas","Occupied private dwellings by structural type, directly from the Census Profile."
13,59150089,DA 59150089,townhouse_share,0.1538,APARTMENT_LT5,"Statistics Canada, 2021 Census Profile 98-401-X2021006, dissemination areas","Occupied private dwellings by structural type, directly from the Census Profile."
14,59150200,DA 59150200,townhouse_share,0.1518,APARTMENT_LT5,"Statistics Canada, 2021 Census Profile 98-401-X2021006, dissemination areas","Occupied private dwellings by structural type, directly from the Census Profile."
15,59150178,DA 59150178,townhouse_share,0.1273,SINGLE_DETACHED,"Statistics Canada, 2021 Census Profile 98-401-X2021006, dissemination areas","Occupied private dwellings by structural type, directly from the Census Profile."
16,59150078,DA 59150078,townhouse_share,0.125,SINGLE_DETACHED,"Statistics Canada, 2021 Census Profile 98-401-X2021006, dissemination areas","Occupied private dwellings by structural type, directly from the Census Profile."
17,59150079,DA 59150079,townhouse_share,0.122,SINGLE_DETACHED,"Statistics Canada, 2021 Census Profile 98-401-X2021006, dissemination areas","Occupied private dwellings by structural type, directly from the Census Profile."
18,59150183,DA 59150183,townhouse_share,0.1167,APARTMENT_DUPLEX,"Statistics Canada, 2021 Census Profile 98-401-X2021006, dissemination areas","Occupied private dwellings by structural type, directly from the Census Profile."
19,59153241,DA 59153241,townhouse_share,0.1078,APARTMENT_LT5,"Statistics Canada, 2021 Census Profile 98-401-X2021006, dissemination areas","Occupied private dwellings by structural type, directly from the Census Profile."
20,59153963,DA 59153963,townhouse_share,0.075,APARTMENT_DUPLEX,"Statistics Canada, 2021 Census Profile 98-401-X2021006, dissemination areas","Occupied private dwellings by structural type, directly from the Census Profile."
21,59150093,DA 59150093,townhouse_share,0.0566,APARTMENT_LT5,"Statistics Canada, 2021 Census Profile 98-401-X2021006, dissemination areas","Occupied private dwellings by structural type, directly from the Census Profile."
22,59153327,DA 59153327,townhouse_share,0.0516,APARTMENT_5PLUS,"Statistics Canada, 2021 Census Profile 98-401-X2021006, dissemination areas","Occupied private dwellings by structural type, directly from the Census Profile."
23,59153970,DA 59153970,townhouse_share,0.036,APARTMENT_5PLUS,"Statistics Canada, 2021 Census Profile 98-401-X2021006, dissemination areas","Occupied private dwellings by structural type, directly from the Census Profile."
24,59150081,DA 59150081,townhouse_share,0.0351,APARTMENT_LT5,"Statistics Canada, 2021 Census Profile 98-401-X2021006, dissemination areas","Occupied private dwellings by structural type, directly from the Census Profile."
25,59150092,DA 59150092,townhouse_share,0.0294,APARTMENT_LT5,"Statistics Canada, 2021 Census Profile 98-401-X2021006, dissemination areas","Occupied private dwellings by structural type, directly from the Census Profile."
26,59150098,DA 59150098,townhouse_share,0.027,APARTMENT_LT5,"Statistics Canada, 2021 Census Profile 98-401-X2021006, dissemination areas","Occupied private dwellings by structural type, directly from the Census Profile."
27,59150090,DA 59150090,townhouse_share,0.0244,SEMI_DETACHED,"Statistics Canada, 2021 Census Profile 98-401-X2021006, dissemination areas","Occupied private dwellings by structural type, directly from the Census Profile."
28,59150140,DA 59150140,townhouse_share,0.0233,APARTMENT_LT5,"Statistics Canada, 2021 Census Profile 98-401-X2021006, dissemination areas","Occupied private dwellings by structural type, directly from the Census Profile."
29,59150141,DA 59150141,townhouse_share,0.0224,APARTMENT_LT5,"Statistics Canada, 2021 Census Profile 98-401-X2021006, dissemination areas","Occupied private dwellings by structural type, directly from the Census Profile."
30,59153235,DA 59153235,townhouse_share,0.0222,APARTMENT_5PLUS,"Statistics Canada, 2021 Census Profile 98-401-X2021006, dissemination areas","Occupied private dwellings by structural type, directly from the Census Profile."
31,59150184,DA 59150184,townhouse_share,0.0213,APARTMENT_LT5,"Statistics Canada, 2021 Census Profile 98-401-X2021006, dissemination areas","Occupied private dwellings by structural type, directly from the Census Profile."
32,59150087,DA 59150087,townhouse_share,0.0208,APARTMENT_LT5,"Statistics Canada, 2021 Census Profile 98-401-X2021006, dissemination areas","Occupied private dwellings by structural type, directly from the Census Profile."
33,59150201,DA 59150201,townhouse_share,0.0204,APARTMENT_LT5,"Statistics Canada, 2021 Census Profile 98-401-X2021006, dissemination areas","Occupied private dwellings by structural type, directly from the Census Profile."
34,59150085,DA 59150085,townhouse_share,0.0187,APARTMENT_5PLUS,"Statistics Canada, 2021 Census Profile 98-401-X2021006, dissemination areas","Occupied private dwellings by structural type, directly from the Census Profile."
35,59150199,DA 59150199,townhouse_share,0.0147,APARTMENT_LT5,"Statistics Canada, 2021 Census Profile 98-401-X2021006, dissemination areas","Occupied private dwellings by structural type, directly from the Census Profile."
36,59150190,DA 59150190,townhouse_share,0.0145,APARTMENT_LT5,"Statistics Canada, 2021 Census Profile 98-401-X2021006, dissemination areas","Occupied private dwellings by structural type, directly from the Census Profile."
37,59150194,DA 59150194,townhouse_share,0.0139,APARTMENT_LT5,"Statistics Canada, 2021 Census Profile 98-401-X2021006, dissemination areas","Occupied private dwellings by structural type, directly from the Census Profile."
38,59150191,DA 59150191,townhouse_share,0.0128,APARTMENT_LT5,"Statistics Canada, 2021 Census Profile 98-401-X2021006, dissemination areas","Occupied private dwellings by structural type, directly from the Census Profile."
39,59150198,DA 59150198,townhouse_share,0.0127,APARTMENT_LT5,"Statistics Canada, 2021 Census Profile 98-401-X2021006, dissemination areas","Occupied private dwellings by structural type, directly from the Census Profile."
40,59150086,DA 59150086,townhouse_share,0.0116,APARTMENT_LT5,"Statistics Canada, 2021 Census Profile 98-401-X2021006, dissemination areas","Occupied private dwellings by structural type, directly from the Census Profile."
41,59150192,DA 59150192,townhouse_share,0.0085,APARTMENT_LT5,"Statistics Canada, 2021 Census Profile 98-401-X2021006, dissemination areas","Occupied private dwellings by structural type, directly from the Census Profile."
42,59153971,DA 59153971,townhouse_share,0.0067,APARTMENT_5PLUS,"Statistics Canada, 2021 Census Profile 98-401-X2021006, dissemination areas","Occupied private dwellings by structural type, directly from the Census Profile."
43,59150187,DA 59150187,townhouse_share,0.0,APARTMENT_5PLUS,"Statistics Canada, 2021 Census Profile 98-401-X2021006, dissemination areas","Occupied private dwellings by structural type, directly from the Census Profile."
44,59150206,DA 59150206,townhouse_share,0.0,SINGLE_DETACHED,"Statistics Canada, 2021 Census Profile 98-401-X2021006, dissemination areas","Occupied private dwellings by structural type, directly from the Census Profile."
45,59150212,DA 59150212,townhouse_share,0.0,APARTMENT_DUPLEX,"Statistics Canada, 2021 Census Profile 98-401-X2021006, dissemination areas","Occupied private dwellings by structural type, directly from the Census Profile."
46,59150213,DA 59150213,townhouse_share,0.0,APARTMENT_DUPLEX,"Statistics Canada, 2021 Census Profile 98-401-X2021006, dissemination areas","Occupied private dwellings by structural type, directly from the Census Profile."
47,59151761,DA 59151761,townhouse_share,0.0,SINGLE_DETACHED,"Statistics Canada, 2021 Census Profile 98-401-X2021006, dissemination areas","Occupied private dwellings by structural type, directly from the Census Profile."
48,59153234,DA 59153234,townhouse_share,0.0,APARTMENT_5PLUS,"Statistics Canada, 2021 Census Profile 98-401-X2021006, dissemination areas","Occupied private dwellings by structural type, directly from the Census Profile."
49,59150143,DA 59150143,townhouse_share,0.0,APARTMENT_DUPLEX,"Statistics Canada, 2021 Census Profile 98-401-X2021006, dissemination areas","Occupied private dwellings by structural type, directly from the Census Profile."
50,59153236,DA 59153236,townhouse_share,0.0,APARTMENT_LT5,"Statistics Canada, 2021 Census Profile 98-401-X2021006, dissemination areas","Occupied private dwellings by structural type, directly from the Census Profile."
51,59153237,DA 59153237,townhouse_share,0.0,APARTMENT_LT5,"Statistics Canada, 2021 Census Profile 98-401-X2021006, dissemination areas","Occupied private dwellings by structural type, directly from the Census Profile."
52,59150084,DA 59150084,townhouse_share,0.0,APARTMENT_5PLUS,"Statistics Canada, 2021 Census Profile 98-401-X2021006, dissemination areas","Occupied private dwellings by structural type, directly from the Census Profile."
53,59153239,DA 59153239,townhouse_share,0.0,APARTMENT_LT5,"Statistics Canada, 2021 Census Profile 98-401-X2021006, dissemination areas","Occupied private dwellings by structural type, directly from the Census Profile."
54,59150080,DA 59150080,townhouse_share,0.0,APARTMENT_LT5,"Statistics Canada, 2021 Census Profile 98-401-X2021006, dissemination areas","Occupied private dwellings by structural type, directly from the Census Profile."
55,59150077,DA 59150077,townhouse_share,0.0,SINGLE_DETACHED,"Statistics Canada, 2021 Census Profile 98-401-X2021006, dissemination areas","Occupied private dwellings by structural type, directly from the Census Profile."
56,59153328,DA 59153328,townhouse_share,0.0,APARTMENT_5PLUS,"Statistics Canada, 2021 Census Profile 98-401-X2021006, dissemination areas","Occupied private dwellings by structural type, directly from the Census Profile."
57,59150076,DA 59150076,townhouse_share,0.0,APARTMENT_DUPLEX,"Statistics Canada, 2021 Census Profile 98-401-X2021006, dissemination areas","Occupied private dwellings by structural type, directly from the Census Profile."
58,59153965,DA 59153965,townhouse_share,0.0,APARTMENT_5PLUS,"Statistics Canada, 2021 Census Profile 98-401-X2021006, dissemination areas","Occupied private dwellings by structural type, directly from the Census Profile."
59,59150075,DA 59150075,townhouse_share,0.0,SINGLE_DETACHED,"Statistics Canada, 2021 Census Profile 98-401-X2021006, dissemination areas","Occupied private dwellings by structural type, directly from the Census Profile."
60,59150210,DA 59150210,townhouse_share,0.0,APARTMENT_DUPLEX,"Statistics Canada, 2021 Census Profile 98-401-X2021006, dissemination areas","Occupied private dwellings by structural type, directly from the Census Profile."
61,59150205,DA 59150205,townhouse_share,0.0,APARTMENT_DUPLEX,"Statistics Canada, 2021 Census Profile 98-401-X2021006, dissemination areas","Occupied private dwellings by structural type, directly from the Census Profile."
62,59150188,DA 59150188,townhouse_share,0.0,APARTMENT_5PLUS,"Statistics Canada, 2021 Census Profile 98-401-X2021006, dissemination areas","Occupied private dwellings by structural type, directly from the Census Profile."
63,59150142,DA 59150142,townhouse_share,0.0,APARTMENT_DUPLEX,"Statistics Canada, 2021 Census Profile 98-401-X2021006, dissemination areas","Occupied private dwellings by structural type, directly from the Census Profile."
64,59150189,DA 59150189,townhouse_share,0.0,APARTMENT_5PLUS,"Statistics Canada, 2021 Census Profile 98-401-X2021006, dissemination areas","Occupied private dwellings by structural type, directly from the Census Profile."
65,59150186,DA 59150186,townhouse_share,0.0,APARTMENT_LT5,"Statistics Canada, 2021 Census Profile 98-401-X2021006, dissemination areas","Occupied private dwellings by structural type, directly from the Census Profile."
66,59150095,DA 59150095,townhouse_share,0.0,APARTMENT_DUPLEX,"Statistics Canada, 2021 Census Profile 98-401-X2021006, dissemination areas","Occupied private dwellings by structural type, directly from the Census Profile."
67,59150096,DA 59150096,townhouse_share,0.0,APARTMENT_DUPLEX,"Statistics Canada, 2021 Census Profile 98-401-X2021006, dissemination areas","Occupied private dwellings by structural type, directly from the Census Profile."
68,59150193,DA 59150193,townhouse_share,0.0,APARTMENT_LT5,"Statistics Canada, 2021 Census Profile 98-401-X2021006, dissemination areas","Occupied private dwellings by structural type, directly from the Census Profile."
69,59150097,DA 59150097,townhouse_share,0.0,SINGLE_DETACHED,"Statistics Canada, 2021 Census Profile 98-401-X2021006, dissemination areas","Occupied private dwellings by structural type, directly from the Census Profile."
70,59150091,DA 59150091,townhouse_share,0.0,APARTMENT_LT5,"Statistics Canada, 2021 Census Profile 98-401-X2021006, dissemination areas","Occupied private dwellings by structural type, directly from the Census Profile."
71,59150088,DA 59150088,townhouse_share,0.0,APARTMENT_LT5,"Statistics Canada, 2021 Census Profile 98-401-X2021006, dissemination areas","Occupied private dwellings by structural type, directly from the Census Profile."
72,59150197,DA 59150197,townhouse_share,0.0,APARTMENT_5PLUS,"Statistics Canada, 2021 Census Profile 98-401-X2021006, dissemination areas","Occupied private dwellings by structural type, directly from the Census Profile."
73,59150182,DA 59150182,townhouse_share,0.0,SINGLE_DETACHED,"Statistics Canada, 2021 Census Profile 98-401-X2021006, dissemination areas","Occupied private dwellings by structural type, directly from the Census Profile."
74,59150181,DA 59150181,townhouse_share,0.0,APARTMENT_DUPLEX,"Statistics Canada, 2021 Census Profile 98-401-X2021006, dissemination areas","Occupied private dwellings by structural type, directly from the Census Profile."
75,59150146,DA 59150146,townhouse_share,0.0,SINGLE_DETACHED,"Statistics Canada, 2021 Census Profile 98-401-X2021006, dissemination areas","Occupied private dwellings by structural type, directly from the Census Profile."
76,59150180,DA 59150180,townhouse_share,0.0,SINGLE_DETACHED,"Statistics Canada, 2021 Census Profile 98-401-X2021006, dissemination areas","Occupied private dwellings by structural type, directly from the Census Profile."
77,59150202,DA 59150202,townhouse_share,0.0,APARTMENT_LT5,"Statistics Canada, 2021 Census Profile 98-401-X2021006, dissemination areas","Occupied private dwellings by structural type, directly from the Census Profile."
78,59150203,DA 59150203,townhouse_share,0.0,APARTMENT_DUPLEX,"Statistics Canada, 2021 Census Profile 98-401-X2021006, dissemination areas","Occupied private dwellings by structural type, directly from the Census Profile."
79,59150145,DA 59150145,townhouse_share,0.0,SINGLE_DETACHED,"Statistics Canada, 2021 Census Profile 98-401-X2021006, dissemination areas","Occupied private dwellings by structural type, directly from the Census Profile."
1,59150146,DA 59150146,single_family_share,0.7941,SINGLE_DETACHED,"Statistics Canada, 2021 Census Profile 98-401-X2021006, dissemination areas","Occupied private dwellings by structural type, directly from the Census Profile."
2,59150180,DA 59150180,single_family_share,0.6667,SINGLE_DETACHED,"Statistics Canada, 2021 Census Profile 98-401-X2021006, dissemination areas","Occupied private dwellings by structural type, directly from the Census Profile."
3,59150077,DA 59150077,single_family_share,0.6552,SINGLE_DETACHED,"Statistics Canada, 2021 Census Profile 98-401-X2021006, dissemination areas","Occupied private dwellings by structural type, directly from the Census Profile."
4,59150075,DA 59150075,single_family_share,0.6129,SINGLE_DETACHED,"Statistics Canada, 2021 Census Profile 98-401-X2021006, dissemination areas","Occupied private dwellings by structural type, directly from the Census Profile."
5,59150097,DA 59150097,single_family_share,0.56,SINGLE_DETACHED,"Statistics Canada, 2021 Census Profile 98-401-X2021006, dissemination areas","Occupied private dwellings by structural type, directly from the Census Profile."
6,59151761,DA 59151761,single_family_share,0.5526,SINGLE_DETACHED,"Statistics Canada, 2021 Census Profile 98-401-X2021006, dissemination areas","Occupied private dwellings by structural type, directly from the Census Profile."
7,59150182,DA 59150182,single_family_share,0.5263,SINGLE_DETACHED,"Statistics Canada, 2021 Census Profile 98-401-X2021006, dissemination areas","Occupied private dwellings by structural type, directly from the Census Profile."
8,59150145,DA 59150145,single_family_share,0.5179,SINGLE_DETACHED,"Statistics Canada, 2021 Census Profile 98-401-X2021006, dissemination areas","Occupied private dwellings by structural type, directly from the Census Profile."
9,59150206,DA 59150206,single_family_share,0.5,SINGLE_DETACHED,"Statistics Canada, 2021 Census Profile 98-401-X2021006, dissemination areas","Occupied private dwellings by structural type, directly from the Census Profile."
10,59150205,DA 59150205,single_family_share,0.4762,APARTMENT_DUPLEX,"Statistics Canada, 2021 Census Profile 98-401-X2021006, dissemination areas","Occupied private dwellings by structural type, directly from the Census Profile."
11,59150076,DA 59150076,single_family_share,0.475,APARTMENT_DUPLEX,"Statistics Canada, 2021 Census Profile 98-401-X2021006, dissemination areas","Occupied private dwellings by structural type, directly from the Census Profile."
12,59150095,DA 59150095,single_family_share,0.4359,APARTMENT_DUPLEX,"Statistics Canada, 2021 Census Profile 98-401-X2021006, dissemination areas","Occupied private dwellings by structural type, directly from the Census Profile."
13,59150210,DA 59150210,single_family_share,0.4286,APARTMENT_DUPLEX,"Statistics Canada, 2021 Census Profile 98-401-X2021006, dissemination areas","Occupied private dwellings by structural type, directly from the Census Profile."
14,59150096,DA 59150096,single_family_share,0.4048,APARTMENT_DUPLEX,"Statistics Canada, 2021 Census Profile 98-401-X2021006, dissemination areas","Occupied private dwellings by structural type, directly from the Census Profile."
15,59150142,DA 59150142,single_family_share,0.4,APARTMENT_DUPLEX,"Statistics Canada, 2021 Census Profile 98-401-X2021006, dissemination areas","Occupied private dwellings by structural type, directly from the Census Profile."
16,59150178,DA 59150178,single_family_share,0.3818,SINGLE_DETACHED,"Statistics Canada, 2021 Census Profile 98-401-X2021006, dissemination areas","Occupied private dwellings by structural type, directly from the Census Profile."
17,59150181,DA 59150181,single_family_share,0.3784,APARTMENT_DUPLEX,"Statistics Canada, 2021 Census Profile 98-401-X2021006, dissemination areas","Occupied private dwellings by structural type, directly from the Census Profile."
18,59150213,DA 59150213,single_family_share,0.3696,APARTMENT_DUPLEX,"Statistics Canada, 2021 Census Profile 98-401-X2021006, dissemination areas","Occupied private dwellings by structural type, directly from the Census Profile."
19,59150212,DA 59150212,single_family_share,0.36,APARTMENT_DUPLEX,"Statistics Canada, 2021 Census Profile 98-401-X2021006, dissemination areas","Occupied private dwellings by structural type, directly from the Census Profile."
20,59150079,DA 59150079,single_family_share,0.3171,SINGLE_DETACHED,"Statistics Canada, 2021 Census Profile 98-401-X2021006, dissemination areas","Occupied private dwellings by structural type, directly from the Census Profile."
21,59150203,DA 59150203,single_family_share,0.283,APARTMENT_DUPLEX,"Statistics Canada, 2021 Census Profile 98-401-X2021006, dissemination areas","Occupied private dwellings by structural type, directly from the Census Profile."
22,59150078,DA 59150078,single_family_share,0.2708,SINGLE_DETACHED,"Statistics Canada, 2021 Census Profile 98-401-X2021006, dissemination areas","Occupied private dwellings by structural type, directly from the Census Profile."
23,59150090,DA 59150090,single_family_share,0.2683,SEMI_DETACHED,"Statistics Canada, 2021 Census Profile 98-401-X2021006, dissemination areas","Occupied private dwellings by structural type, directly from the Census Profile."
24,59150202,DA 59150202,single_family_share,0.2623,APARTMENT_LT5,"Statistics Canada, 2021 Census Profile 98-401-X2021006, dissemination areas","Occupied private dwellings by structural type, directly from the Census Profile."
25,59150143,DA 59150143,single_family_share,0.2564,APARTMENT_DUPLEX,"Statistics Canada, 2021 Census Profile 98-401-X2021006, dissemination areas","Occupied private dwellings by structural type, directly from the Census Profile."
26,59150183,DA 59150183,single_family_share,0.2167,APARTMENT_DUPLEX,"Statistics Canada, 2021 Census Profile 98-401-X2021006, dissemination areas","Occupied private dwellings by structural type, directly from the Census Profile."
27,59150140,DA 59150140,single_family_share,0.186,APARTMENT_LT5,"Statistics Canada, 2021 Census Profile 98-401-X2021006, dissemination areas","Occupied private dwellings by structural type, directly from the Census Profile."
28,59150080,DA 59150080,single_family_share,0.1852,APARTMENT_LT5,"Statistics Canada, 2021 Census Profile 98-401-X2021006, dissemination areas","Occupied private dwellings by structural type, directly from the Census Profile."
29,59153963,DA 59153963,single_family_share,0.175,APARTMENT_DUPLEX,"Statistics Canada, 2021 Census Profile 98-401-X2021006, dissemination areas","Occupied private dwellings by structural type, directly from the Census Profile."
30,59150204,DA 59150204,single_family_share,0.1667,ROW_HOUSE,"Statistics Canada, 2021 Census Profile 98-401-X2021006, dissemination areas","Occupied private dwellings by structural type, directly from the Census Profile."
31,59153238,DA 59153238,single_family_share,0.1282,APARTMENT_LT5,"Statistics Canada, 2021 Census Profile 98-401-X2021006, dissemination areas","Occupied private dwellings by structural type, directly from the Census Profile."
32,59150073,DA 59150073,single_family_share,0.1139,APARTMENT_LT5,"Statistics Canada, 2021 Census Profile 98-401-X2021006, dissemination areas","Occupied private dwellings by structural type, directly from the Census Profile."
33,59150098,DA 59150098,single_family_share,0.1081,APARTMENT_LT5,"Statistics Canada, 2021 Census Profile 98-401-X2021006, dissemination areas","Occupied private dwellings by structural type, directly from the Census Profile."
34,59150089,DA 59150089,single_family_share,0.0962,APARTMENT_LT5,"Statistics Canada, 2021 Census Profile 98-401-X2021006, dissemination areas","Occupied private dwellings by structural type, directly from the Census Profile."
35,59153965,DA 59153965,single_family_share,0.0909,APARTMENT_5PLUS,"Statistics Canada, 2021 Census Profile 98-401-X2021006, dissemination areas","Occupied private dwellings by structural type, directly from the Census Profile."
36,59150081,DA 59150081,single_family_share,0.0877,APARTMENT_LT5,"Statistics Canada, 2021 Census Profile 98-401-X2021006, dissemination areas","Occupied private dwellings by structural type, directly from the Census Profile."
37,59150083,DA 59150083,single_family_share,0.0769,APARTMENT_LT5,"Statistics Canada, 2021 Census Profile 98-401-X2021006, dissemination areas","Occupied private dwellings by structural type, directly from the Census Profile."
38,59150093,DA 59150093,single_family_share,0.0755,APARTMENT_LT5,"Statistics Canada, 2021 Census Profile 98-401-X2021006, dissemination areas","Occupied private dwellings by structural type, directly from the Census Profile."
39,59150185,DA 59150185,single_family_share,0.0685,APARTMENT_LT5,"Statistics Canada, 2021 Census Profile 98-401-X2021006, dissemination areas","Occupied private dwellings by structural type, directly from the Census Profile."
40,59150099,DA 59150099,single_family_share,0.0488,ROW_HOUSE,"Statistics Canada, 2021 Census Profile 98-401-X2021006, dissemination areas","Occupied private dwellings by structural type, directly from the Census Profile."
41,59150176,DA 59150176,single_family_share,0.0465,ROW_HOUSE,"Statistics Canada, 2021 Census Profile 98-401-X2021006, dissemination areas","Occupied private dwellings by structural type, directly from the Census Profile."
42,59150196,DA 59150196,single_family_share,0.0426,ROW_HOUSE,"Statistics Canada, 2021 Census Profile 98-401-X2021006, dissemination areas","Occupied private dwellings by structural type, directly from the Census Profile."
43,59150201,DA 59150201,single_family_share,0.0408,APARTMENT_LT5,"Statistics Canada, 2021 Census Profile 98-401-X2021006, dissemination areas","Occupied private dwellings by structural type, directly from the Census Profile."
44,59150141,DA 59150141,single_family_share,0.0373,APARTMENT_LT5,"Statistics Canada, 2021 Census Profile 98-401-X2021006, dissemination areas","Occupied private dwellings by structural type, directly from the Census Profile."
45,59150094,DA 59150094,single_family_share,0.0312,APARTMENT_LT5,"Statistics Canada, 2021 Census Profile 98-401-X2021006, dissemination areas","Occupied private dwellings by structural type, directly from the Census Profile."
46,59150195,DA 59150195,single_family_share,0.0312,ROW_HOUSE,"Statistics Canada, 2021 Census Profile 98-401-X2021006, dissemination areas","Occupied private dwellings by structural type, directly from the Census Profile."
47,59150200,DA 59150200,single_family_share,0.0268,APARTMENT_LT5,"Statistics Canada, 2021 Census Profile 98-401-X2021006, dissemination areas","Occupied private dwellings by structural type, directly from the Census Profile."
48,59153235,DA 59153235,single_family_share,0.0056,APARTMENT_5PLUS,"Statistics Canada, 2021 Census Profile 98-401-X2021006, dissemination areas","Occupied private dwellings by structural type, directly from the Census Profile."
49,59153241,DA 59153241,single_family_share,0.0049,APARTMENT_LT5,"Statistics Canada, 2021 Census Profile 98-401-X2021006, dissemination areas","Occupied private dwellings by structural type, directly from the Census Profile."
50,59153234,DA 59153234,single_family_share,0.0,APARTMENT_5PLUS,"Statistics Canada, 2021 Census Profile 98-401-X2021006, dissemination areas","Occupied private dwellings by structural type, directly from the Census Profile."
51,59153236,DA 59153236,single_family_share,0.0,APARTMENT_LT5,"Statistics Canada, 2021 Census Profile 98-401-X2021006, dissemination areas","Occupied private dwellings by structural type, directly from the Census Profile."
52,59153237,DA 59153237,single_family_share,0.0,APARTMENT_LT5,"Statistics Canada, 2021 Census Profile 98-401-X2021006, dissemination areas","Occupied private dwellings by structural type, directly from the Census Profile."
53,59153239,DA 59153239,single_family_share,0.0,APARTMENT_LT5,"Statistics Canada, 2021 Census Profile 98-401-X2021006, dissemination areas","Occupied private dwellings by structural type, directly from the Census Profile."
54,59153327,DA 59153327,single_family_share,0.0,APARTMENT_5PLUS,"Statistics Canada, 2021 Census Profile 98-401-X2021006, dissemination areas","Occupied private dwellings by structural type, directly from the Census Profile."
55,59153328,DA 59153328,single_family_share,0.0,APARTMENT_5PLUS,"Statistics Canada, 2021 Census Profile 98-401-X2021006, dissemination areas","Occupied private dwellings by structural type, directly from the Census Profile."
56,59153970,DA 59153970,single_family_share,0.0,APARTMENT_5PLUS,"Statistics Canada, 2021 Census Profile 98-401-X2021006, dissemination areas","Occupied private dwellings by structural type, directly from the Census Profile."
57,59150184,DA 59150184,single_family_share,0.0,APARTMENT_LT5,"Statistics Canada, 2021 Census Profile 98-401-X2021006, dissemination areas","Occupied private dwellings by structural type, directly from the Census Profile."
58,59150199,DA 59150199,single_family_share,0.0,APARTMENT_LT5,"Statistics Canada, 2021 Census Profile 98-401-X2021006, dissemination areas","Occupied private dwellings by structural type, directly from the Census Profile."
59,59150198,DA 59150198,single_family_share,0.0,APARTMENT_LT5,"Statistics Canada, 2021 Census Profile 98-401-X2021006, dissemination areas","Occupied private dwellings by structural type, directly from the Census Profile."
60,59150082,DA 59150082,single_family_share,0.0,ROW_HOUSE,"Statistics Canada, 2021 Census Profile 98-401-X2021006, dissemination areas","Occupied private dwellings by structural type, directly from the Census Profile."
61,59150084,DA 59150084,single_family_share,0.0,APARTMENT_5PLUS,"Statistics Canada, 2021 Census Profile 98-401-X2021006, dissemination areas","Occupied private dwellings by structural type, directly from the Census Profile."
62,59150085,DA 59150085,single_family_share,0.0,APARTMENT_5PLUS,"Statistics Canada, 2021 Census Profile 98-401-X2021006, dissemination areas","Occupied private dwellings by structural type, directly from the Census Profile."
63,59150086,DA 59150086,single_family_share,0.0,APARTMENT_LT5,"Statistics Canada, 2021 Census Profile 98-401-X2021006, dissemination areas","Occupied private dwellings by structural type, directly from the Census Profile."
64,59150087,DA 59150087,single_family_share,0.0,APARTMENT_LT5,"Statistics Canada, 2021 Census Profile 98-401-X2021006, dissemination areas","Occupied private dwellings by structural type, directly from the Census Profile."
65,59150088,DA 59150088,single_family_share,0.0,APARTMENT_LT5,"Statistics Canada, 2021 Census Profile 98-401-X2021006, dissemination areas","Occupied private dwellings by structural type, directly from the Census Profile."
66,59150091,DA 59150091,single_family_share,0.0,APARTMENT_LT5,"Statistics Canada, 2021 Census Profile 98-401-X2021006, dissemination areas","Occupied private dwellings by structural type, directly from the Census Profile."
67,59150092,DA 59150092,single_family_share,0.0,APARTMENT_LT5,"Statistics Canada, 2021 Census Profile 98-401-X2021006, dissemination areas","Occupied private dwellings by structural type, directly from the Census Profile."
68,59150074,DA 59150074,single_family_share,0.0,ROW_HOUSE,"Statistics Canada, 2021 Census Profile 98-401-X2021006, dissemination areas","Occupied private dwellings by structural type, directly from the Census Profile."
69,59150186,DA 59150186,single_family_share,0.0,APARTMENT_LT5,"Statistics Canada, 2021 Census Profile 98-401-X2021006, dissemination areas","Occupied private dwellings by structural type, directly from the Census Profile."
70,59150187,DA 59150187,single_family_share,0.0,APARTMENT_5PLUS,"Statistics Canada, 2021 Census Profile 98-401-X2021006, dissemination areas","Occupied private dwellings by structural type, directly from the Census Profile."
71,59150188,DA 59150188,single_family_share,0.0,APARTMENT_5PLUS,"Statistics Canada, 2021 Census Profile 98-401-X2021006, dissemination areas","Occupied private dwellings by structural type, directly from the Census Profile."
72,59150189,DA 59150189,single_family_share,0.0,APARTMENT_5PLUS,"Statistics Canada, 2021 Census Profile 98-401-X2021006, dissemination areas","Occupied private dwellings by structural type, directly from the Census Profile."
73,59150190,DA 59150190,single_family_share,0.0,APARTMENT_LT5,"Statistics Canada, 2021 Census Profile 98-401-X2021006, dissemination areas","Occupied private dwellings by structural type, directly from the Census Profile."
74,59150191,DA 59150191,single_family_share,0.0,APARTMENT_LT5,"Statistics Canada, 2021 Census Profile 98-401-X2021006, dissemination areas","Occupied private dwellings by structural type, directly from the Census Profile."
75,59150192,DA 59150192,single_family_share,0.0,APARTMENT_LT5,"Statistics Canada, 2021 Census Profile 98-401-X2021006, dissemination areas","Occupied private dwellings by structural type, directly from the Census Profile."
76,59150193,DA 59150193,single_family_share,0.0,APARTMENT_LT5,"Statistics Canada, 2021 Census Profile 98-401-X2021006, dissemination areas","Occupied private dwellings by structural type, directly from the Census Profile."
77,59150194,DA 59150194,single_family_share,0.0,APARTMENT_LT5,"Statistics Canada, 2021 Census Profile 98-401-X2021006, dissemination areas","Occupied private dwellings by structural type, directly from the Census Profile."
78,59150197,DA 59150197,single_family_share,0.0,APARTMENT_5PLUS,"Statistics Canada, 2021 Census Profile 98-401-X2021006, dissemination areas","Occupied private dwellings by structural type, directly from the Census Profile."
79,59153971,DA 59153971,single_family_share,0.0,APARTMENT_5PLUS,"Statistics Canada, 2021 Census Profile 98-401-X2021006, dissemination areas","Occupied private dwellings by structural type, directly from the Census Profile."
1,59153234,DA 59153234,one_person_household_share,0.6748,APARTMENT_5PLUS,"Statistics Canada, 2021 Census Profile 98-401-X2021006, dissemination areas","Occupied private dwellings by structural type, directly from the Census Profile."
2,59150084,DA 59150084,one_person_household_share,0.6121,APARTMENT_5PLUS,"Statistics Canada, 2021 Census Profile 98-401-X2021006, dissemination areas","Occupied private dwellings by structural type, directly from the Census Profile."
3,59150194,DA 59150194,one_person_household_share,0.5694,APARTMENT_LT5,"Statistics Canada, 2021 Census Profile 98-401-X2021006, dissemination areas","Occupied private dwellings by structural type, directly from the Census Profile."
4,59150188,DA 59150188,one_person_household_share,0.5667,APARTMENT_5PLUS,"Statistics Canada, 2021 Census Profile 98-401-X2021006, dissemination areas","Occupied private dwellings by structural type, directly from the Census Profile."
5,59150193,DA 59150193,one_person_household_share,0.5634,APARTMENT_LT5,"Statistics Canada, 2021 Census Profile 98-401-X2021006, dissemination areas","Occupied private dwellings by structural type, directly from the Census Profile."
6,59150189,DA 59150189,one_person_household_share,0.5373,APARTMENT_5PLUS,"Statistics Canada, 2021 Census Profile 98-401-X2021006, dissemination areas","Occupied private dwellings by structural type, directly from the Census Profile."
7,59150086,DA 59150086,one_person_household_share,0.5349,APARTMENT_LT5,"Statistics Canada, 2021 Census Profile 98-401-X2021006, dissemination areas","Occupied private dwellings by structural type, directly from the Census Profile."
8,59150197,DA 59150197,one_person_household_share,0.5312,APARTMENT_5PLUS,"Statistics Canada, 2021 Census Profile 98-401-X2021006, dissemination areas","Occupied private dwellings by structural type, directly from the Census Profile."
9,59153237,DA 59153237,one_person_household_share,0.5294,APARTMENT_LT5,"Statistics Canada, 2021 Census Profile 98-401-X2021006, dissemination areas","Occupied private dwellings by structural type, directly from the Census Profile."
10,59150199,DA 59150199,one_person_household_share,0.5294,APARTMENT_LT5,"Statistics Canada, 2021 Census Profile 98-401-X2021006, dissemination areas","Occupied private dwellings by structural type, directly from the Census Profile."
11,59150092,DA 59150092,one_person_household_share,0.5147,APARTMENT_LT5,"Statistics Canada, 2021 Census Profile 98-401-X2021006, dissemination areas","Occupied private dwellings by structural type, directly from the Census Profile."
12,59150187,DA 59150187,one_person_household_share,0.5143,APARTMENT_5PLUS,"Statistics Canada, 2021 Census Profile 98-401-X2021006, dissemination areas","Occupied private dwellings by structural type, directly from the Census Profile."
13,59150085,DA 59150085,one_person_household_share,0.5047,APARTMENT_5PLUS,"Statistics Canada, 2021 Census Profile 98-401-X2021006, dissemination areas","Occupied private dwellings by structural type, directly from the Census Profile."
14,59153965,DA 59153965,one_person_household_share,0.5,APARTMENT_5PLUS,"Statistics Canada, 2021 Census Profile 98-401-X2021006, dissemination areas","Occupied private dwellings by structural type, directly from the Census Profile."
15,59153235,DA 59153235,one_person_household_share,0.4944,APARTMENT_5PLUS,"Statistics Canada, 2021 Census Profile 98-401-X2021006, dissemination areas","Occupied private dwellings by structural type, directly from the Census Profile."
16,59150091,DA 59150091,one_person_household_share,0.4824,APARTMENT_LT5,"Statistics Canada, 2021 Census Profile 98-401-X2021006, dissemination areas","Occupied private dwellings by structural type, directly from the Census Profile."
17,59150190,DA 59150190,one_person_household_share,0.4783,APARTMENT_LT5,"Statistics Canada, 2021 Census Profile 98-401-X2021006, dissemination areas","Occupied private dwellings by structural type, directly from the Census Profile."
18,59150191,DA 59150191,one_person_household_share,0.4615,APARTMENT_LT5,"Statistics Canada, 2021 Census Profile 98-401-X2021006, dissemination areas","Occupied private dwellings by structural type, directly from the Census Profile."
19,59153236,DA 59153236,one_person_household_share,0.46,APARTMENT_LT5,"Statistics Canada, 2021 Census Profile 98-401-X2021006, dissemination areas","Occupied private dwellings by structural type, directly from the Census Profile."
20,59150087,DA 59150087,one_person_household_share,0.4583,APARTMENT_LT5,"Statistics Canada, 2021 Census Profile 98-401-X2021006, dissemination areas","Occupied private dwellings by structural type, directly from the Census Profile."
21,59150198,DA 59150198,one_person_household_share,0.4557,APARTMENT_LT5,"Statistics Canada, 2021 Census Profile 98-401-X2021006, dissemination areas","Occupied private dwellings by structural type, directly from the Census Profile."
22,59150192,DA 59150192,one_person_household_share,0.453,APARTMENT_LT5,"Statistics Canada, 2021 Census Profile 98-401-X2021006, dissemination areas","Occupied private dwellings by structural type, directly from the Census Profile."
23,59153971,DA 59153971,one_person_household_share,0.4362,APARTMENT_5PLUS,"Statistics Canada, 2021 Census Profile 98-401-X2021006, dissemination areas","Occupied private dwellings by structural type, directly from the Census Profile."
24,59150184,DA 59150184,one_person_household_share,0.4255,APARTMENT_LT5,"Statistics Canada, 2021 Census Profile 98-401-X2021006, dissemination areas","Occupied private dwellings by structural type, directly from the Census Profile."
25,59153970,DA 59153970,one_person_household_share,0.424,APARTMENT_5PLUS,"Statistics Canada, 2021 Census Profile 98-401-X2021006, dissemination areas","Occupied private dwellings by structural type, directly from the Census Profile."
26,59150186,DA 59150186,one_person_household_share,0.4225,APARTMENT_LT5,"Statistics Canada, 2021 Census Profile 98-401-X2021006, dissemination areas","Occupied private dwellings by structural type, directly from the Census Profile."
27,59153328,DA 59153328,one_person_household_share,0.4143,APARTMENT_5PLUS,"Statistics Canada, 2021 Census Profile 98-401-X2021006, dissemination areas","Occupied private dwellings by structural type, directly from the Census Profile."
28,59153239,DA 59153239,one_person_household_share,0.4118,APARTMENT_LT5,"Statistics Canada, 2021 Census Profile 98-401-X2021006, dissemination areas","Occupied private dwellings by structural type, directly from the Census Profile."
29,59150088,DA 59150088,one_person_household_share,0.4103,APARTMENT_LT5,"Statistics Canada, 2021 Census Profile 98-401-X2021006, dissemination areas","Occupied private dwellings by structural type, directly from the Census Profile."
30,59150083,DA 59150083,one_person_household_share,0.4038,APARTMENT_LT5,"Statistics Canada, 2021 Census Profile 98-401-X2021006, dissemination areas","Occupied private dwellings by structural type, directly from the Census Profile."
31,59153327,DA 59153327,one_person_household_share,0.4,APARTMENT_5PLUS,"Statistics Canada, 2021 Census Profile 98-401-X2021006, dissemination areas","Occupied private dwellings by structural type, directly from the Census Profile."
32,59150140,DA 59150140,one_person_household_share,0.3953,APARTMENT_LT5,"Statistics Canada, 2021 Census Profile 98-401-X2021006, dissemination areas","Occupied private dwellings by structural type, directly from the Census Profile."
33,59150082,DA 59150082,one_person_household_share,0.3881,ROW_HOUSE,"Statistics Canada, 2021 Census Profile 98-401-X2021006, dissemination areas","Occupied private dwellings by structural type, directly from the Census Profile."
34,59150141,DA 59150141,one_person_household_share,0.3881,APARTMENT_LT5,"Statistics Canada, 2021 Census Profile 98-401-X2021006, dissemination areas","Occupied private dwellings by structural type, directly from the Census Profile."
35,59150093,DA 59150093,one_person_household_share,0.3585,APARTMENT_LT5,"Statistics Canada, 2021 Census Profile 98-401-X2021006, dissemination areas","Occupied private dwellings by structural type, directly from the Census Profile."
36,59150094,DA 59150094,one_person_household_share,0.3281,APARTMENT_LT5,"Statistics Canada, 2021 Census Profile 98-401-X2021006, dissemination areas","Occupied private dwellings by structural type, directly from the Census Profile."
37,59150089,DA 59150089,one_person_household_share,0.3077,APARTMENT_LT5,"Statistics Canada, 2021 Census Profile 98-401-X2021006, dissemination areas","Occupied private dwellings by structural type, directly from the Census Profile."
38,59150201,DA 59150201,one_person_household_share,0.3061,APARTMENT_LT5,"Statistics Canada, 2021 Census Profile 98-401-X2021006, dissemination areas","Occupied private dwellings by structural type, directly from the Census Profile."
39,59153241,DA 59153241,one_person_household_share,0.3039,APARTMENT_LT5,"Statistics Canada, 2021 Census Profile 98-401-X2021006, dissemination areas","Occupied private dwellings by structural type, directly from the Census Profile."
40,59150185,DA 59150185,one_person_household_share,0.3014,APARTMENT_LT5,"Statistics Canada, 2021 Census Profile 98-401-X2021006, dissemination areas","Occupied private dwellings by structural type, directly from the Census Profile."
41,59153963,DA 59153963,one_person_household_share,0.3,APARTMENT_DUPLEX,"Statistics Canada, 2021 Census Profile 98-401-X2021006, dissemination areas","Occupied private dwellings by structural type, directly from the Census Profile."
42,59150081,DA 59150081,one_person_household_share,0.2982,APARTMENT_LT5,"Statistics Canada, 2021 Census Profile 98-401-X2021006, dissemination areas","Occupied private dwellings by structural type, directly from the Census Profile."
43,59150200,DA 59150200,one_person_household_share,0.2857,APARTMENT_LT5,"Statistics Canada, 2021 Census Profile 98-401-X2021006, dissemination areas","Occupied private dwellings by structural type, directly from the Census Profile."
44,59150183,DA 59150183,one_person_household_share,0.2833,APARTMENT_DUPLEX,"Statistics Canada, 2021 Census Profile 98-401-X2021006, dissemination areas","Occupied private dwellings by structural type, directly from the Census Profile."
45,59150143,DA 59150143,one_person_household_share,0.2821,APARTMENT_DUPLEX,"Statistics Canada, 2021 Census Profile 98-401-X2021006, dissemination areas","Occupied private dwellings by structural type, directly from the Census Profile."
46,59153238,DA 59153238,one_person_household_share,0.2821,APARTMENT_LT5,"Statistics Canada, 2021 Census Profile 98-401-X2021006, dissemination areas","Occupied private dwellings by structural type, directly from the Census Profile."
47,59150195,DA 59150195,one_person_household_share,0.2812,ROW_HOUSE,"Statistics Canada, 2021 Census Profile 98-401-X2021006, dissemination areas","Occupied private dwellings by structural type, directly from the Census Profile."
48,59150098,DA 59150098,one_person_household_share,0.2703,APARTMENT_LT5,"Statistics Canada, 2021 Census Profile 98-401-X2021006, dissemination areas","Occupied private dwellings by structural type, directly from the Census Profile."
49,59150203,DA 59150203,one_person_household_share,0.2642,APARTMENT_DUPLEX,"Statistics Canada, 2021 Census Profile 98-401-X2021006, dissemination areas","Occupied private dwellings by structural type, directly from the Census Profile."
50,59150076,DA 59150076,one_person_household_share,0.25,APARTMENT_DUPLEX,"Statistics Canada, 2021 Census Profile 98-401-X2021006, dissemination areas","Occupied private dwellings by structural type, directly from the Census Profile."
51,59150079,DA 59150079,one_person_household_share,0.2439,SINGLE_DETACHED,"Statistics Canada, 2021 Census Profile 98-401-X2021006, dissemination areas","Occupied private dwellings by structural type, directly from the Census Profile."
52,59150204,DA 59150204,one_person_household_share,0.2424,ROW_HOUSE,"Statistics Canada, 2021 Census Profile 98-401-X2021006, dissemination areas","Occupied private dwellings by structural type, directly from the Census Profile."
53,59150096,DA 59150096,one_person_household_share,0.2381,APARTMENT_DUPLEX,"Statistics Canada, 2021 Census Profile 98-401-X2021006, dissemination areas","Occupied private dwellings by structural type, directly from the Census Profile."
54,59150202,DA 59150202,one_person_household_share,0.2295,APARTMENT_LT5,"Statistics Canada, 2021 Census Profile 98-401-X2021006, dissemination areas","Occupied private dwellings by structural type, directly from the Census Profile."
55,59150206,DA 59150206,one_person_household_share,0.2273,SINGLE_DETACHED,"Statistics Canada, 2021 Census Profile 98-401-X2021006, dissemination areas","Occupied private dwellings by structural type, directly from the Census Profile."
56,59150210,DA 59150210,one_person_household_share,0.2245,APARTMENT_DUPLEX,"Statistics Canada, 2021 Census Profile 98-401-X2021006, dissemination areas","Occupied private dwellings by structural type, directly from the Census Profile."
57,59150181,DA 59150181,one_person_household_share,0.2162,APARTMENT_DUPLEX,"Statistics Canada, 2021 Census Profile 98-401-X2021006, dissemination areas","Occupied private dwellings by structural type, directly from the Census Profile."
58,59150073,DA 59150073,one_person_household_share,0.2152,APARTMENT_LT5,"Statistics Canada, 2021 Census Profile 98-401-X2021006, dissemination areas","Occupied private dwellings by structural type, directly from the Census Profile."
59,59150196,DA 59150196,one_person_household_share,0.2128,ROW_HOUSE,"Statistics Canada, 2021 Census Profile 98-401-X2021006, dissemination areas","Occupied private dwellings by structural type, directly from the Census Profile."
60,59151761,DA 59151761,one_person_household_share,0.2105,SINGLE_DETACHED,"Statistics Canada, 2021 Census Profile 98-401-X2021006, dissemination areas","Occupied private dwellings by structural type, directly from the Census Profile."
61,59150095,DA 59150095,one_person_household_share,0.2051,APARTMENT_DUPLEX,"Statistics Canada, 2021 Census Profile 98-401-X2021006, dissemination areas","Occupied private dwellings by structural type, directly from the Census Profile."
62,59150212,DA 59150212,one_person_household_share,0.2,APARTMENT_DUPLEX,"Statistics Canada, 2021 Census Profile 98-401-X2021006, dissemination areas","Occupied private dwellings by structural type, directly from the Census Profile."
63,59150090,DA 59150090,one_person_household_share,0.1951,SEMI_DETACHED,"Statistics Canada, 2021 Census Profile 98-401-X2021006, dissemination areas","Occupied private dwellings by structural type, directly from the Census Profile."
64,59150180,DA 59150180,one_person_household_share,0.1944,SINGLE_DETACHED,"Statistics Canada, 2021 Census Profile 98-401-X2021006, dissemination areas","Occupied private dwellings by structural type, directly from the Census Profile."
65,59150075,DA 59150075,one_person_household_share,0.1935,SINGLE_DETACHED,"Statistics Canada, 2021 Census Profile 98-401-X2021006, dissemination areas","Occupied private dwellings by structural type, directly from the Census Profile."
66,59150205,DA 59150205,one_person_household_share,0.1905,APARTMENT_DUPLEX,"Statistics Canada, 2021 Census Profile 98-401-X2021006, dissemination areas","Occupied private dwellings by structural type, directly from the Census Profile."
67,59150080,DA 59150080,one_person_household_share,0.1852,APARTMENT_LT5,"Statistics Canada, 2021 Census Profile 98-401-X2021006, dissemination areas","Occupied private dwellings by structural type, directly from the Census Profile."
68,59150097,DA 59150097,one_person_household_share,0.18,SINGLE_DETACHED,"Statistics Canada, 2021 Census Profile 98-401-X2021006, dissemination areas","Occupied private dwellings by structural type, directly from the Census Profile."
69,59150182,DA 59150182,one_person_household_share,0.1754,SINGLE_DETACHED,"Statistics Canada, 2021 Census Profile 98-401-X2021006, dissemination areas","Occupied private dwellings by structural type, directly from the Census Profile."
70,59150142,DA 59150142,one_person_household_share,0.175,APARTMENT_DUPLEX,"Statistics Canada, 2021 Census Profile 98-401-X2021006, dissemination areas","Occupied private dwellings by structural type, directly from the Census Profile."
71,59150213,DA 59150213,one_person_household_share,0.1739,APARTMENT_DUPLEX,"Statistics Canada, 2021 Census Profile 98-401-X2021006, dissemination areas","Occupied private dwellings by structural type, directly from the Census Profile."
72,59150077,DA 59150077,one_person_household_share,0.1724,SINGLE_DETACHED,"Statistics Canada, 2021 Census Profile 98-401-X2021006, dissemination areas","Occupied private dwellings by structural type, directly from the Census Profile."
73,59150078,DA 59150078,one_person_household_share,0.1667,SINGLE_DETACHED,"Statistics Canada, 2021 Census Profile 98-401-X2021006, dissemination areas","Occupied private dwellings by structural type, directly from the Census Profile."
74,59150178,DA 59150178,one_person_household_share,0.1636,SINGLE_DETACHED,"Statistics Canada, 2021 Census Profile 98-401-X2021006, dissemination areas","Occupied private dwellings by structural type, directly from the Census Profile."
75,59150099,DA 59150099,one_person_household_share,0.1463,ROW_HOUSE,"Statistics Canada, 2021 Census Profile 98-401-X2021006, dissemination areas","Occupied private dwellings by structural type, directly from the Census Profile."
76,59150145,DA 59150145,one_person_household_share,0.1429,SINGLE_DETACHED,"Statistics Canada, 2021 Census Profile 98-401-X2021006, dissemination areas","Occupied private dwellings by structural type, directly from the Census Profile."
77,59150074,DA 59150074,one_person_household_share,0.1224,ROW_HOUSE,"Statistics Canada, 2021 Census Profile 98-401-X2021006, dissemination areas","Occupied private dwellings by structural type, directly from the Census Profile."
78,59150146,DA 59150146,one_person_household_share,0.1176,SINGLE_DETACHED,"Statistics Canada, 2021 Census Profile 98-401-X2021006, dissemination areas","Occupied private dwellings by structural type, directly from the Census Profile."
79,59150176,DA 59150176,one_person_household_share,0.093,ROW_HOUSE,"Statistics Canada, 2021 Census Profile 98-401-X2021006, dissemination areas","Occupied private dwellings by structural type, directly from the Census Profile."
1,59153970,DA 59153970,occupied_private_dwellings,1247.0,APARTMENT_5PLUS,"Statistics Canada, 2021 Census Profile 98-401-X2021006, dissemination areas","Occupied private dwellings by structural type, directly from the Census Profile."
2,59153241,DA 59153241,occupied_private_dwellings,1022.0,APARTMENT_LT5,"Statistics Canada, 2021 Census Profile 98-401-X2021006, dissemination areas","Occupied private dwellings by structural type, directly from the Census Profile."
3,59153235,DA 59153235,occupied_private_dwellings,899.0,APARTMENT_5PLUS,"Statistics Canada, 2021 Census Profile 98-401-X2021006, dissemination areas","Occupied private dwellings by structural type, directly from the Census Profile."
4,59153327,DA 59153327,occupied_private_dwellings,772.0,APARTMENT_5PLUS,"Statistics Canada, 2021 Census Profile 98-401-X2021006, dissemination areas","Occupied private dwellings by structural type, directly from the Census Profile."
5,59153971,DA 59153971,occupied_private_dwellings,747.0,APARTMENT_5PLUS,"Statistics Canada, 2021 Census Profile 98-401-X2021006, dissemination areas","Occupied private dwellings by structural type, directly from the Census Profile."
6,59150187,DA 59150187,occupied_private_dwellings,699.0,APARTMENT_5PLUS,"Statistics Canada, 2021 Census Profile 98-401-X2021006, dissemination areas","Occupied private dwellings by structural type, directly from the Census Profile."
7,59153328,DA 59153328,occupied_private_dwellings,696.0,APARTMENT_5PLUS,"Statistics Canada, 2021 Census Profile 98-401-X2021006, dissemination areas","Occupied private dwellings by structural type, directly from the Census Profile."
8,59150141,DA 59150141,occupied_private_dwellings,668.0,APARTMENT_LT5,"Statistics Canada, 2021 Census Profile 98-401-X2021006, dissemination areas","Occupied private dwellings by structural type, directly from the Census Profile."
9,59153234,DA 59153234,occupied_private_dwellings,616.0,APARTMENT_5PLUS,"Statistics Canada, 2021 Census Profile 98-401-X2021006, dissemination areas","Occupied private dwellings by structural type, directly from the Census Profile."
10,59150084,DA 59150084,occupied_private_dwellings,583.0,APARTMENT_5PLUS,"Statistics Canada, 2021 Census Profile 98-401-X2021006, dissemination areas","Occupied private dwellings by structural type, directly from the Census Profile."
11,59150192,DA 59150192,occupied_private_dwellings,583.0,APARTMENT_LT5,"Statistics Canada, 2021 Census Profile 98-401-X2021006, dissemination areas","Occupied private dwellings by structural type, directly from the Census Profile."
12,59150200,DA 59150200,occupied_private_dwellings,560.0,APARTMENT_LT5,"Statistics Canada, 2021 Census Profile 98-401-X2021006, dissemination areas","Occupied private dwellings by structural type, directly from the Census Profile."
13,59150085,DA 59150085,occupied_private_dwellings,537.0,APARTMENT_5PLUS,"Statistics Canada, 2021 Census Profile 98-401-X2021006, dissemination areas","Occupied private dwellings by structural type, directly from the Census Profile."
14,59153237,DA 59153237,occupied_private_dwellings,512.0,APARTMENT_LT5,"Statistics Canada, 2021 Census Profile 98-401-X2021006, dissemination areas","Occupied private dwellings by structural type, directly from the Census Profile."
15,59150086,DA 59150086,occupied_private_dwellings,432.0,APARTMENT_LT5,"Statistics Canada, 2021 Census Profile 98-401-X2021006, dissemination areas","Occupied private dwellings by structural type, directly from the Census Profile."
16,59150091,DA 59150091,occupied_private_dwellings,429.0,APARTMENT_LT5,"Statistics Canada, 2021 Census Profile 98-401-X2021006, dissemination areas","Occupied private dwellings by structural type, directly from the Census Profile."
17,59153239,DA 59153239,occupied_private_dwellings,428.0,APARTMENT_LT5,"Statistics Canada, 2021 Census Profile 98-401-X2021006, dissemination areas","Occupied private dwellings by structural type, directly from the Census Profile."
18,59150198,DA 59150198,occupied_private_dwellings,394.0,APARTMENT_LT5,"Statistics Canada, 2021 Census Profile 98-401-X2021006, dissemination areas","Occupied private dwellings by structural type, directly from the Census Profile."
19,59150073,DA 59150073,occupied_private_dwellings,393.0,APARTMENT_LT5,"Statistics Canada, 2021 Census Profile 98-401-X2021006, dissemination areas","Occupied private dwellings by structural type, directly from the Census Profile."
20,59150191,DA 59150191,occupied_private_dwellings,388.0,APARTMENT_LT5,"Statistics Canada, 2021 Census Profile 98-401-X2021006, dissemination areas","Occupied private dwellings by structural type, directly from the Census Profile."
21,59150185,DA 59150185,occupied_private_dwellings,365.0,APARTMENT_LT5,"Statistics Canada, 2021 Census Profile 98-401-X2021006, dissemination areas","Occupied private dwellings by structural type, directly from the Census Profile."
22,59150194,DA 59150194,occupied_private_dwellings,361.0,APARTMENT_LT5,"Statistics Canada, 2021 Census Profile 98-401-X2021006, dissemination areas","Occupied private dwellings by structural type, directly from the Census Profile."
23,59150193,DA 59150193,occupied_private_dwellings,356.0,APARTMENT_LT5,"Statistics Canada, 2021 Census Profile 98-401-X2021006, dissemination areas","Occupied private dwellings by structural type, directly from the Census Profile."
24,59150186,DA 59150186,occupied_private_dwellings,353.0,APARTMENT_LT5,"Statistics Canada, 2021 Census Profile 98-401-X2021006, dissemination areas","Occupied private dwellings by structural type, directly from the Census Profile."
25,59150190,DA 59150190,occupied_private_dwellings,345.0,APARTMENT_LT5,"Statistics Canada, 2021 Census Profile 98-401-X2021006, dissemination areas","Occupied private dwellings by structural type, directly from the Census Profile."
26,59150092,DA 59150092,occupied_private_dwellings,343.0,APARTMENT_LT5,"Statistics Canada, 2021 Census Profile 98-401-X2021006, dissemination areas","Occupied private dwellings by structural type, directly from the Census Profile."
27,59150199,DA 59150199,occupied_private_dwellings,339.0,APARTMENT_LT5,"Statistics Canada, 2021 Census Profile 98-401-X2021006, dissemination areas","Occupied private dwellings by structural type, directly from the Census Profile."
28,59150189,DA 59150189,occupied_private_dwellings,338.0,APARTMENT_5PLUS,"Statistics Canada, 2021 Census Profile 98-401-X2021006, dissemination areas","Occupied private dwellings by structural type, directly from the Census Profile."
29,59150082,DA 59150082,occupied_private_dwellings,335.0,ROW_HOUSE,"Statistics Canada, 2021 Census Profile 98-401-X2021006, dissemination areas","Occupied private dwellings by structural type, directly from the Census Profile."
30,59150204,DA 59150204,occupied_private_dwellings,330.0,ROW_HOUSE,"Statistics Canada, 2021 Census Profile 98-401-X2021006, dissemination areas","Occupied private dwellings by structural type, directly from the Census Profile."
31,59150195,DA 59150195,occupied_private_dwellings,321.0,ROW_HOUSE,"Statistics Canada, 2021 Census Profile 98-401-X2021006, dissemination areas","Occupied private dwellings by structural type, directly from the Census Profile."
32,59150197,DA 59150197,occupied_private_dwellings,319.0,APARTMENT_5PLUS,"Statistics Canada, 2021 Census Profile 98-401-X2021006, dissemination areas","Occupied private dwellings by structural type, directly from the Census Profile."
33,59150094,DA 59150094,occupied_private_dwellings,317.0,APARTMENT_LT5,"Statistics Canada, 2021 Census Profile 98-401-X2021006, dissemination areas","Occupied private dwellings by structural type, directly from the Census Profile."
34,59150202,DA 59150202,occupied_private_dwellings,306.0,APARTMENT_LT5,"Statistics Canada, 2021 Census Profile 98-401-X2021006, dissemination areas","Occupied private dwellings by structural type, directly from the Census Profile."
35,59150188,DA 59150188,occupied_private_dwellings,300.0,APARTMENT_5PLUS,"Statistics Canada, 2021 Census Profile 98-401-X2021006, dissemination areas","Occupied private dwellings by structural type, directly from the Census Profile."
36,59150183,DA 59150183,occupied_private_dwellings,299.0,APARTMENT_DUPLEX,"Statistics Canada, 2021 Census Profile 98-401-X2021006, dissemination areas","Occupied private dwellings by structural type, directly from the Census Profile."
37,59150182,DA 59150182,occupied_private_dwellings,288.0,SINGLE_DETACHED,"Statistics Canada, 2021 Census Profile 98-401-X2021006, dissemination areas","Occupied private dwellings by structural type, directly from the Census Profile."
38,59150081,DA 59150081,occupied_private_dwellings,283.0,APARTMENT_LT5,"Statistics Canada, 2021 Census Profile 98-401-X2021006, dissemination areas","Occupied private dwellings by structural type, directly from the Census Profile."
39,59150145,DA 59150145,occupied_private_dwellings,279.0,SINGLE_DETACHED,"Statistics Canada, 2021 Census Profile 98-401-X2021006, dissemination areas","Occupied private dwellings by structural type, directly from the Census Profile."
40,59150178,DA 59150178,occupied_private_dwellings,278.0,SINGLE_DETACHED,"Statistics Canada, 2021 Census Profile 98-401-X2021006, dissemination areas","Occupied private dwellings by structural type, directly from the Census Profile."
41,59150203,DA 59150203,occupied_private_dwellings,269.0,APARTMENT_DUPLEX,"Statistics Canada, 2021 Census Profile 98-401-X2021006, dissemination areas","Occupied private dwellings by structural type, directly from the Census Profile."
42,59150093,DA 59150093,occupied_private_dwellings,267.0,APARTMENT_LT5,"Statistics Canada, 2021 Census Profile 98-401-X2021006, dissemination areas","Occupied private dwellings by structural type, directly from the Census Profile."
43,59150083,DA 59150083,occupied_private_dwellings,262.0,APARTMENT_LT5,"Statistics Canada, 2021 Census Profile 98-401-X2021006, dissemination areas","Occupied private dwellings by structural type, directly from the Census Profile."
44,59150089,DA 59150089,occupied_private_dwellings,261.0,APARTMENT_LT5,"Statistics Canada, 2021 Census Profile 98-401-X2021006, dissemination areas","Occupied private dwellings by structural type, directly from the Census Profile."
45,59150210,DA 59150210,occupied_private_dwellings,249.0,APARTMENT_DUPLEX,"Statistics Canada, 2021 Census Profile 98-401-X2021006, dissemination areas","Occupied private dwellings by structural type, directly from the Census Profile."
46,59153236,DA 59153236,occupied_private_dwellings,249.0,APARTMENT_LT5,"Statistics Canada, 2021 Census Profile 98-401-X2021006, dissemination areas","Occupied private dwellings by structural type, directly from the Census Profile."
47,59150097,DA 59150097,occupied_private_dwellings,248.0,SINGLE_DETACHED,"Statistics Canada, 2021 Census Profile 98-401-X2021006, dissemination areas","Occupied private dwellings by structural type, directly from the Census Profile."
48,59150087,DA 59150087,occupied_private_dwellings,243.0,APARTMENT_LT5,"Statistics Canada, 2021 Census Profile 98-401-X2021006, dissemination areas","Occupied private dwellings by structural type, directly from the Census Profile."
49,59150201,DA 59150201,occupied_private_dwellings,243.0,APARTMENT_LT5,"Statistics Canada, 2021 Census Profile 98-401-X2021006, dissemination areas","Occupied private dwellings by structural type, directly from the Census Profile."
50,59150074,DA 59150074,occupied_private_dwellings,242.0,ROW_HOUSE,"Statistics Canada, 2021 Census Profile 98-401-X2021006, dissemination areas","Occupied private dwellings by structural type, directly from the Census Profile."
51,59150078,DA 59150078,occupied_private_dwellings,239.0,SINGLE_DETACHED,"Statistics Canada, 2021 Census Profile 98-401-X2021006, dissemination areas","Occupied private dwellings by structural type, directly from the Census Profile."
52,59150184,DA 59150184,occupied_private_dwellings,235.0,APARTMENT_LT5,"Statistics Canada, 2021 Census Profile 98-401-X2021006, dissemination areas","Occupied private dwellings by structural type, directly from the Census Profile."
53,59150196,DA 59150196,occupied_private_dwellings,234.0,ROW_HOUSE,"Statistics Canada, 2021 Census Profile 98-401-X2021006, dissemination areas","Occupied private dwellings by structural type, directly from the Census Profile."
54,59150213,DA 59150213,occupied_private_dwellings,229.0,APARTMENT_DUPLEX,"Statistics Canada, 2021 Census Profile 98-401-X2021006, dissemination areas","Occupied private dwellings by structural type, directly from the Census Profile."
55,59153965,DA 59153965,occupied_private_dwellings,219.0,APARTMENT_5PLUS,"Statistics Canada, 2021 Census Profile 98-401-X2021006, dissemination areas","Occupied private dwellings by structural type, directly from the Census Profile."
56,59150206,DA 59150206,occupied_private_dwellings,219.0,SINGLE_DETACHED,"Statistics Canada, 2021 Census Profile 98-401-X2021006, dissemination areas","Occupied private dwellings by structural type, directly from the Census Profile."
57,59150176,DA 59150176,occupied_private_dwellings,218.0,ROW_HOUSE,"Statistics Canada, 2021 Census Profile 98-401-X2021006, dissemination areas","Occupied private dwellings by structural type, directly from the Census Profile."
58,59150140,DA 59150140,occupied_private_dwellings,214.0,APARTMENT_LT5,"Statistics Canada, 2021 Census Profile 98-401-X2021006, dissemination areas","Occupied private dwellings by structural type, directly from the Census Profile."
59,59150096,DA 59150096,occupied_private_dwellings,213.0,APARTMENT_DUPLEX,"Statistics Canada, 2021 Census Profile 98-401-X2021006, dissemination areas","Occupied private dwellings by structural type, directly from the Census Profile."
60,59150205,DA 59150205,occupied_private_dwellings,209.0,APARTMENT_DUPLEX,"Statistics Canada, 2021 Census Profile 98-401-X2021006, dissemination areas","Occupied private dwellings by structural type, directly from the Census Profile."
61,59150079,DA 59150079,occupied_private_dwellings,206.0,SINGLE_DETACHED,"Statistics Canada, 2021 Census Profile 98-401-X2021006, dissemination areas","Occupied private dwellings by structural type, directly from the Census Profile."
62,59153963,DA 59153963,occupied_private_dwellings,204.0,APARTMENT_DUPLEX,"Statistics Canada, 2021 Census Profile 98-401-X2021006, dissemination areas","Occupied private dwellings by structural type, directly from the Census Profile."
63,59150090,DA 59150090,occupied_private_dwellings,204.0,SEMI_DETACHED,"Statistics Canada, 2021 Census Profile 98-401-X2021006, dissemination areas","Occupied private dwellings by structural type, directly from the Census Profile."
64,59150099,DA 59150099,occupied_private_dwellings,202.0,ROW_HOUSE,"Statistics Canada, 2021 Census Profile 98-401-X2021006, dissemination areas","Occupied private dwellings by structural type, directly from the Census Profile."
65,59150142,DA 59150142,occupied_private_dwellings,201.0,APARTMENT_DUPLEX,"Statistics Canada, 2021 Census Profile 98-401-X2021006, dissemination areas","Occupied private dwellings by structural type, directly from the Census Profile."
66,59150076,DA 59150076,occupied_private_dwellings,200.0,APARTMENT_DUPLEX,"Statistics Canada, 2021 Census Profile 98-401-X2021006, dissemination areas","Occupied private dwellings by structural type, directly from the Census Profile."
67,59153238,DA 59153238,occupied_private_dwellings,197.0,APARTMENT_LT5,"Statistics Canada, 2021 Census Profile 98-401-X2021006, dissemination areas","Occupied private dwellings by structural type, directly from the Census Profile."
68,59150088,DA 59150088,occupied_private_dwellings,195.0,APARTMENT_LT5,"Statistics Canada, 2021 Census Profile 98-401-X2021006, dissemination areas","Occupied private dwellings by structural type, directly from the Census Profile."
69,59150143,DA 59150143,occupied_private_dwellings,194.0,APARTMENT_DUPLEX,"Statistics Canada, 2021 Census Profile 98-401-X2021006, dissemination areas","Occupied private dwellings by structural type, directly from the Census Profile."
70,59150095,DA 59150095,occupied_private_dwellings,193.0,APARTMENT_DUPLEX,"Statistics Canada, 2021 Census Profile 98-401-X2021006, dissemination areas","Occupied private dwellings by structural type, directly from the Census Profile."
71,59150181,DA 59150181,occupied_private_dwellings,187.0,APARTMENT_DUPLEX,"Statistics Canada, 2021 Census Profile 98-401-X2021006, dissemination areas","Occupied private dwellings by structural type, directly from the Census Profile."
72,59151761,DA 59151761,occupied_private_dwellings,187.0,SINGLE_DETACHED,"Statistics Canada, 2021 Census Profile 98-401-X2021006, dissemination areas","Occupied private dwellings by structural type, directly from the Census Profile."
73,59150098,DA 59150098,occupied_private_dwellings,185.0,APARTMENT_LT5,"Statistics Canada, 2021 Census Profile 98-401-X2021006, dissemination areas","Occupied private dwellings by structural type, directly from the Census Profile."
74,59150180,DA 59150180,occupied_private_dwellings,179.0,SINGLE_DETACHED,"Statistics Canada, 2021 Census Profile 98-401-X2021006, dissemination areas","Occupied private dwellings by structural type, directly from the Census Profile."
75,59150146,DA 59150146,occupied_private_dwellings,169.0,SINGLE_DETACHED,"Statistics Canada, 2021 Census Profile 98-401-X2021006, dissemination areas","Occupied private dwellings by structural type, directly from the Census Profile."
76,59150075,DA 59150075,occupied_private_dwellings,156.0,SINGLE_DETACHED,"Statistics Canada, 2021 Census Profile 98-401-X2021006, dissemination areas","Occupied private dwellings by structural type, directly from the Census Profile."
77,59150077,DA 59150077,occupied_private_dwellings,149.0,SINGLE_DETACHED,"Statistics Canada, 2021 Census Profile 98-401-X2021006, dissemination areas","Occupied private dwellings by structural type, directly from the Census Profile."
78,59150080,DA 59150080,occupied_private_dwellings,134.0,APARTMENT_LT5,"Statistics Canada, 2021 Census Profile 98-401-X2021006, dissemination areas","Occupied private dwellings by structural type, directly from the Census Profile."
79,59150212,DA 59150212,occupied_private_dwellings,129.0,APARTMENT_DUPLEX,"Statistics Canada, 2021 Census Profile 98-401-X2021006, dissemination areas","Occupied private dwellings by structural type, directly from the Census Profile."
1,59150077,DA 59150077,persons_per_dwelling,3.0604,SINGLE_DETACHED,"Statistics Canada, 2021 Census Profile 98-401-X2021006, dissemination areas","Occupied private dwellings by structural type, directly from the Census Profile."
2,59150176,DA 59150176,persons_per_dwelling,3.0459,ROW_HOUSE,"Statistics Canada, 2021 Census Profile 98-401-X2021006, dissemination areas","Occupied private dwellings by structural type, directly from the Census Profile."
3,59150146,DA 59150146,persons_per_dwelling,3.0237,SINGLE_DETACHED,"Statistics Canada, 2021 Census Profile 98-401-X2021006, dissemination areas","Occupied private dwellings by structural type, directly from the Census Profile."
4,59150078,DA 59150078,persons_per_dwelling,3.0167,SINGLE_DETACHED,"Statistics Canada, 2021 Census Profile 98-401-X2021006, dissemination areas","Occupied private dwellings by structural type, directly from the Census Profile."
5,59150145,DA 59150145,persons_per_dwelling,2.9857,SINGLE_DETACHED,"Statistics Canada, 2021 Census Profile 98-401-X2021006, dissemination areas","Occupied private dwellings by structural type, directly from the Census Profile."
6,59151761,DA 59151761,persons_per_dwelling,2.9144,SINGLE_DETACHED,"Statistics Canada, 2021 Census Profile 98-401-X2021006, dissemination areas","Occupied private dwellings by structural type, directly from the Census Profile."
7,59150182,DA 59150182,persons_per_dwelling,2.9097,SINGLE_DETACHED,"Statistics Canada, 2021 Census Profile 98-401-X2021006, dissemination areas","Occupied private dwellings by structural type, directly from the Census Profile."
8,59150099,DA 59150099,persons_per_dwelling,2.8762,ROW_HOUSE,"Statistics Canada, 2021 Census Profile 98-401-X2021006, dissemination areas","Occupied private dwellings by structural type, directly from the Census Profile."
9,59150074,DA 59150074,persons_per_dwelling,2.876,ROW_HOUSE,"Statistics Canada, 2021 Census Profile 98-401-X2021006, dissemination areas","Occupied private dwellings by structural type, directly from the Census Profile."
10,59150205,DA 59150205,persons_per_dwelling,2.8756,APARTMENT_DUPLEX,"Statistics Canada, 2021 Census Profile 98-401-X2021006, dissemination areas","Occupied private dwellings by structural type, directly from the Census Profile."
11,59150097,DA 59150097,persons_per_dwelling,2.8669,SINGLE_DETACHED,"Statistics Canada, 2021 Census Profile 98-401-X2021006, dissemination areas","Occupied private dwellings by structural type, directly from the Census Profile."
12,59150178,DA 59150178,persons_per_dwelling,2.8381,SINGLE_DETACHED,"Statistics Canada, 2021 Census Profile 98-401-X2021006, dissemination areas","Occupied private dwellings by structural type, directly from the Census Profile."
13,59150184,DA 59150184,persons_per_dwelling,2.834,APARTMENT_LT5,"Statistics Canada, 2021 Census Profile 98-401-X2021006, dissemination areas","Occupied private dwellings by structural type, directly from the Census Profile."
14,59150180,DA 59150180,persons_per_dwelling,2.8324,SINGLE_DETACHED,"Statistics Canada, 2021 Census Profile 98-401-X2021006, dissemination areas","Occupied private dwellings by structural type, directly from the Census Profile."
15,59150212,DA 59150212,persons_per_dwelling,2.8295,APARTMENT_DUPLEX,"Statistics Canada, 2021 Census Profile 98-401-X2021006, dissemination areas","Occupied private dwellings by structural type, directly from the Census Profile."
16,59150181,DA 59150181,persons_per_dwelling,2.8182,APARTMENT_DUPLEX,"Statistics Canada, 2021 Census Profile 98-401-X2021006, dissemination areas","Occupied private dwellings by structural type, directly from the Census Profile."
17,59150090,DA 59150090,persons_per_dwelling,2.7696,SEMI_DETACHED,"Statistics Canada, 2021 Census Profile 98-401-X2021006, dissemination areas","Occupied private dwellings by structural type, directly from the Census Profile."
18,59150095,DA 59150095,persons_per_dwelling,2.7461,APARTMENT_DUPLEX,"Statistics Canada, 2021 Census Profile 98-401-X2021006, dissemination areas","Occupied private dwellings by structural type, directly from the Census Profile."
19,59150075,DA 59150075,persons_per_dwelling,2.7372,SINGLE_DETACHED,"Statistics Canada, 2021 Census Profile 98-401-X2021006, dissemination areas","Occupied private dwellings by structural type, directly from the Census Profile."
20,59150202,DA 59150202,persons_per_dwelling,2.7255,APARTMENT_LT5,"Statistics Canada, 2021 Census Profile 98-401-X2021006, dissemination areas","Occupied private dwellings by structural type, directly from the Census Profile."
21,59150206,DA 59150206,persons_per_dwelling,2.7169,SINGLE_DETACHED,"Statistics Canada, 2021 Census Profile 98-401-X2021006, dissemination areas","Occupied private dwellings by structural type, directly from the Census Profile."
22,59150213,DA 59150213,persons_per_dwelling,2.7031,APARTMENT_DUPLEX,"Statistics Canada, 2021 Census Profile 98-401-X2021006, dissemination areas","Occupied private dwellings by structural type, directly from the Census Profile."
23,59150076,DA 59150076,persons_per_dwelling,2.68,APARTMENT_DUPLEX,"Statistics Canada, 2021 Census Profile 98-401-X2021006, dissemination areas","Occupied private dwellings by structural type, directly from the Census Profile."
24,59150096,DA 59150096,persons_per_dwelling,2.6714,APARTMENT_DUPLEX,"Statistics Canada, 2021 Census Profile 98-401-X2021006, dissemination areas","Occupied private dwellings by structural type, directly from the Census Profile."
25,59150210,DA 59150210,persons_per_dwelling,2.6426,APARTMENT_DUPLEX,"Statistics Canada, 2021 Census Profile 98-401-X2021006, dissemination areas","Occupied private dwellings by structural type, directly from the Census Profile."
26,59150142,DA 59150142,persons_per_dwelling,2.602,APARTMENT_DUPLEX,"Statistics Canada, 2021 Census Profile 98-401-X2021006, dissemination areas","Occupied private dwellings by structural type, directly from the Census Profile."
27,59150073,DA 59150073,persons_per_dwelling,2.5674,APARTMENT_LT5,"Statistics Canada, 2021 Census Profile 98-401-X2021006, dissemination areas","Occupied private dwellings by structural type, directly from the Census Profile."
28,59150080,DA 59150080,persons_per_dwelling,2.5672,APARTMENT_LT5,"Statistics Canada, 2021 Census Profile 98-401-X2021006, dissemination areas","Occupied private dwellings by structural type, directly from the Census Profile."
29,59150143,DA 59150143,persons_per_dwelling,2.5619,APARTMENT_DUPLEX,"Statistics Canada, 2021 Census Profile 98-401-X2021006, dissemination areas","Occupied private dwellings by structural type, directly from the Census Profile."
30,59150183,DA 59150183,persons_per_dwelling,2.5552,APARTMENT_DUPLEX,"Statistics Canada, 2021 Census Profile 98-401-X2021006, dissemination areas","Occupied private dwellings by structural type, directly from the Census Profile."
31,59150079,DA 59150079,persons_per_dwelling,2.5097,SINGLE_DETACHED,"Statistics Canada, 2021 Census Profile 98-401-X2021006, dissemination areas","Occupied private dwellings by structural type, directly from the Census Profile."
32,59153963,DA 59153963,persons_per_dwelling,2.4902,APARTMENT_DUPLEX,"Statistics Canada, 2021 Census Profile 98-401-X2021006, dissemination areas","Occupied private dwellings by structural type, directly from the Census Profile."
33,59150081,DA 59150081,persons_per_dwelling,2.4629,APARTMENT_LT5,"Statistics Canada, 2021 Census Profile 98-401-X2021006, dissemination areas","Occupied private dwellings by structural type, directly from the Census Profile."
34,59153241,DA 59153241,persons_per_dwelling,2.4511,APARTMENT_LT5,"Statistics Canada, 2021 Census Profile 98-401-X2021006, dissemination areas","Occupied private dwellings by structural type, directly from the Census Profile."
35,59150203,DA 59150203,persons_per_dwelling,2.4498,APARTMENT_DUPLEX,"Statistics Canada, 2021 Census Profile 98-401-X2021006, dissemination areas","Occupied private dwellings by structural type, directly from the Census Profile."
36,59150204,DA 59150204,persons_per_dwelling,2.4121,ROW_HOUSE,"Statistics Canada, 2021 Census Profile 98-401-X2021006, dissemination areas","Occupied private dwellings by structural type, directly from the Census Profile."
37,59150196,DA 59150196,persons_per_dwelling,2.4103,ROW_HOUSE,"Statistics Canada, 2021 Census Profile 98-401-X2021006, dissemination areas","Occupied private dwellings by structural type, directly from the Census Profile."
38,59150201,DA 59150201,persons_per_dwelling,2.3745,APARTMENT_LT5,"Statistics Canada, 2021 Census Profile 98-401-X2021006, dissemination areas","Occupied private dwellings by structural type, directly from the Census Profile."
39,59153238,DA 59153238,persons_per_dwelling,2.3503,APARTMENT_LT5,"Statistics Canada, 2021 Census Profile 98-401-X2021006, dissemination areas","Occupied private dwellings by structural type, directly from the Census Profile."
40,59150140,DA 59150140,persons_per_dwelling,2.3271,APARTMENT_LT5,"Statistics Canada, 2021 Census Profile 98-401-X2021006, dissemination areas","Occupied private dwellings by structural type, directly from the Census Profile."
41,59150089,DA 59150089,persons_per_dwelling,2.3218,APARTMENT_LT5,"Statistics Canada, 2021 Census Profile 98-401-X2021006, dissemination areas","Occupied private dwellings by structural type, directly from the Census Profile."
42,59150098,DA 59150098,persons_per_dwelling,2.3189,APARTMENT_LT5,"Statistics Canada, 2021 Census Profile 98-401-X2021006, dissemination areas","Occupied private dwellings by structural type, directly from the Census Profile."
43,59150195,DA 59150195,persons_per_dwelling,2.2897,ROW_HOUSE,"Statistics Canada, 2021 Census Profile 98-401-X2021006, dissemination areas","Occupied private dwellings by structural type, directly from the Census Profile."
44,59150093,DA 59150093,persons_per_dwelling,2.221,APARTMENT_LT5,"Statistics Canada, 2021 Census Profile 98-401-X2021006, dissemination areas","Occupied private dwellings by structural type, directly from the Census Profile."
45,59150185,DA 59150185,persons_per_dwelling,2.2164,APARTMENT_LT5,"Statistics Canada, 2021 Census Profile 98-401-X2021006, dissemination areas","Occupied private dwellings by structural type, directly from the Census Profile."
46,59150200,DA 59150200,persons_per_dwelling,2.1696,APARTMENT_LT5,"Statistics Canada, 2021 Census Profile 98-401-X2021006, dissemination areas","Occupied private dwellings by structural type, directly from the Census Profile."
47,59150094,DA 59150094,persons_per_dwelling,2.1672,APARTMENT_LT5,"Statistics Canada, 2021 Census Profile 98-401-X2021006, dissemination areas","Occupied private dwellings by structural type, directly from the Census Profile."
48,59150082,DA 59150082,persons_per_dwelling,2.1164,ROW_HOUSE,"Statistics Canada, 2021 Census Profile 98-401-X2021006, dissemination areas","Occupied private dwellings by structural type, directly from the Census Profile."
49,59150083,DA 59150083,persons_per_dwelling,2.0802,APARTMENT_LT5,"Statistics Canada, 2021 Census Profile 98-401-X2021006, dissemination areas","Occupied private dwellings by structural type, directly from the Census Profile."
50,59150141,DA 59150141,persons_per_dwelling,2.0344,APARTMENT_LT5,"Statistics Canada, 2021 Census Profile 98-401-X2021006, dissemination areas","Occupied private dwellings by structural type, directly from the Census Profile."
51,59153239,DA 59153239,persons_per_dwelling,1.972,APARTMENT_LT5,"Statistics Canada, 2021 Census Profile 98-401-X2021006, dissemination areas","Occupied private dwellings by structural type, directly from the Census Profile."
52,59150088,DA 59150088,persons_per_dwelling,1.9333,APARTMENT_LT5,"Statistics Canada, 2021 Census Profile 98-401-X2021006, dissemination areas","Occupied private dwellings by structural type, directly from the Census Profile."
53,59150186,DA 59150186,persons_per_dwelling,1.8924,APARTMENT_LT5,"Statistics Canada, 2021 Census Profile 98-401-X2021006, dissemination areas","Occupied private dwellings by structural type, directly from the Census Profile."
54,59153327,DA 59153327,persons_per_dwelling,1.8795,APARTMENT_5PLUS,"Statistics Canada, 2021 Census Profile 98-401-X2021006, dissemination areas","Occupied private dwellings by structural type, directly from the Census Profile."
55,59153236,DA 59153236,persons_per_dwelling,1.8715,APARTMENT_LT5,"Statistics Canada, 2021 Census Profile 98-401-X2021006, dissemination areas","Occupied private dwellings by structural type, directly from the Census Profile."
56,59150198,DA 59150198,persons_per_dwelling,1.8655,APARTMENT_LT5,"Statistics Canada, 2021 Census Profile 98-401-X2021006, dissemination areas","Occupied private dwellings by structural type, directly from the Census Profile."
57,59153328,DA 59153328,persons_per_dwelling,1.8649,APARTMENT_5PLUS,"Statistics Canada, 2021 Census Profile 98-401-X2021006, dissemination areas","Occupied private dwellings by structural type, directly from the Census Profile."
58,59150091,DA 59150091,persons_per_dwelling,1.8205,APARTMENT_LT5,"Statistics Canada, 2021 Census Profile 98-401-X2021006, dissemination areas","Occupied private dwellings by structural type, directly from the Census Profile."
59,59150087,DA 59150087,persons_per_dwelling,1.7984,APARTMENT_LT5,"Statistics Canada, 2021 Census Profile 98-401-X2021006, dissemination areas","Occupied private dwellings by structural type, directly from the Census Profile."
60,59150192,DA 59150192,persons_per_dwelling,1.7959,APARTMENT_LT5,"Statistics Canada, 2021 Census Profile 98-401-X2021006, dissemination areas","Occupied private dwellings by structural type, directly from the Census Profile."
61,59153971,DA 59153971,persons_per_dwelling,1.7898,APARTMENT_5PLUS,"Statistics Canada, 2021 Census Profile 98-401-X2021006, dissemination areas","Occupied private dwellings by structural type, directly from the Census Profile."
62,59150190,DA 59150190,persons_per_dwelling,1.771,APARTMENT_LT5,"Statistics Canada, 2021 Census Profile 98-401-X2021006, dissemination areas","Occupied private dwellings by structural type, directly from the Census Profile."
63,59150191,DA 59150191,persons_per_dwelling,1.7603,APARTMENT_LT5,"Statistics Canada, 2021 Census Profile 98-401-X2021006, dissemination areas","Occupied private dwellings by structural type, directly from the Census Profile."
64,59153970,DA 59153970,persons_per_dwelling,1.7602,APARTMENT_5PLUS,"Statistics Canada, 2021 Census Profile 98-401-X2021006, dissemination areas","Occupied private dwellings by structural type, directly from the Census Profile."
65,59150092,DA 59150092,persons_per_dwelling,1.7434,APARTMENT_LT5,"Statistics Canada, 2021 Census Profile 98-401-X2021006, dissemination areas","Occupied private dwellings by structural type, directly from the Census Profile."
66,59150199,DA 59150199,persons_per_dwelling,1.7345,APARTMENT_LT5,"Statistics Canada, 2021 Census Profile 98-401-X2021006, dissemination areas","Occupied private dwellings by structural type, directly from the Census Profile."
67,59153965,DA 59153965,persons_per_dwelling,1.726,APARTMENT_5PLUS,"Statistics Canada, 2021 Census Profile 98-401-X2021006, dissemination areas","Occupied private dwellings by structural type, directly from the Census Profile."
68,59150085,DA 59150085,persons_per_dwelling,1.7244,APARTMENT_5PLUS,"Statistics Canada, 2021 Census Profile 98-401-X2021006, dissemination areas","Occupied private dwellings by structural type, directly from the Census Profile."
69,59150197,DA 59150197,persons_per_dwelling,1.7053,APARTMENT_5PLUS,"Statistics Canada, 2021 Census Profile 98-401-X2021006, dissemination areas","Occupied private dwellings by structural type, directly from the Census Profile."
70,59153237,DA 59153237,persons_per_dwelling,1.7051,APARTMENT_LT5,"Statistics Canada, 2021 Census Profile 98-401-X2021006, dissemination areas","Occupied private dwellings by structural type, directly from the Census Profile."
71,59150189,DA 59150189,persons_per_dwelling,1.6893,APARTMENT_5PLUS,"Statistics Canada, 2021 Census Profile 98-401-X2021006, dissemination areas","Occupied private dwellings by structural type, directly from the Census Profile."
72,59150086,DA 59150086,persons_per_dwelling,1.6852,APARTMENT_LT5,"Statistics Canada, 2021 Census Profile 98-401-X2021006, dissemination areas","Occupied private dwellings by structural type, directly from the Census Profile."
73,59153235,DA 59153235,persons_per_dwelling,1.6618,APARTMENT_5PLUS,"Statistics Canada, 2021 Census Profile 98-401-X2021006, dissemination areas","Occupied private dwellings by structural type, directly from the Census Profile."
74,59150187,DA 59150187,persons_per_dwelling,1.6595,APARTMENT_5PLUS,"Statistics Canada, 2021 Census Profile 98-401-X2021006, dissemination areas","Occupied private dwellings by structural type, directly from the Census Profile."
75,59150194,DA 59150194,persons_per_dwelling,1.5873,APARTMENT_LT5,"Statistics Canada, 2021 Census Profile 98-401-X2021006, dissemination areas","Occupied private dwellings by structural type, directly from the Census Profile."
76,59150188,DA 59150188,persons_per_dwelling,1.5867,APARTMENT_5PLUS,"Statistics Canada, 2021 Census Profile 98-401-X2021006, dissemination areas","Occupied private dwellings by structural type, directly from the Census Profile."
77,59150193,DA 59150193,persons_per_dwelling,1.5787,APARTMENT_LT5,"Statistics Canada, 2021 Census Profile 98-401-X2021006, dissemination areas","Occupied private dwellings by structural type, directly from the Census Profile."
78,59150084,DA 59150084,persons_per_dwelling,1.5163,APARTMENT_5PLUS,"Statistics Canada, 2021 Census Profile 98-401-X2021006, dissemination areas","Occupied private dwellings by structural type, directly from the Census Profile."
79,59153234,DA 59153234,persons_per_dwelling,1.4334,APARTMENT_5PLUS,"Statistics Canada, 2021 Census Profile 98-401-X2021006, dissemination areas","Occupied private dwellings by structural type, directly from the Census Profile."
