rank,intersection_id,street_names,neighbourhood,onstreet_supply_250m,onstreet_peak_occupancy_250m,offstreet_spaces_400m,pay_stations_250m,accessible_parking_250m,parking_access_score,metric,value,source,methodology_note
1,CNV-INT-0382,W 12TH ST / W 8TH ST,Central Lonsdale,735.0,0.609,653.0,3,12,90.67,parking_access_score,90.67,Derived; see DATA_SOURCES.md for each contributing layer,"Supply from City layers; occupancy from a City survey, NOT a real-time feed."
2,CNV-INT-0189,E 14TH ST / ST. GEORGES AVE,Central Lonsdale,702.0,0.632,1214.0,6,44,90.01,parking_access_score,90.01,Derived; see DATA_SOURCES.md for each contributing layer,"Supply from City layers; occupancy from a City survey, NOT a real-time feed."
3,CNV-INT-0376,CHESTERFIELD AVE / W 13TH ST,Central Lonsdale,699.0,0.61,653.0,1,10,89.06,parking_access_score,89.06,Derived; see DATA_SOURCES.md for each contributing layer,"Supply from City layers; occupancy from a City survey, NOT a real-time feed."
4,CNV-INT-0306,W 12TH ST / W 8TH ST,Central Lonsdale,707.0,0.624,661.0,3,14,89.02,parking_access_score,89.02,Derived; see DATA_SOURCES.md for each contributing layer,"Supply from City layers; occupancy from a City survey, NOT a real-time feed."
5,CNV-INT-0190,E 15TH ST / ST. GEORGES AVE,Central Lonsdale,689.0,0.646,1214.0,4,39,88.62,parking_access_score,88.62,Derived; see DATA_SOURCES.md for each contributing layer,"Supply from City layers; occupancy from a City survey, NOT a real-time feed."
6,CNV-INT-0385,E 15TH ST / LONSDALE AVE / W 15TH ST,Central Lonsdale,682.0,0.649,1140.0,10,26,88.23,parking_access_score,88.23,Derived; see DATA_SOURCES.md for each contributing layer,"Supply from City layers; occupancy from a City survey, NOT a real-time feed."
7,CNV-INT-0384,CIVIC PLACE MEWS / W 14TH ST,Central Lonsdale,739.0,0.66,671.0,5,13,88.04,parking_access_score,88.04,Derived; see DATA_SOURCES.md for each contributing layer,"Supply from City layers; occupancy from a City survey, NOT a real-time feed."
8,CNV-INT-0392,MAHON AVE / W 16TH ST,Central Lonsdale,799.0,0.622,73.0,0,0,87.24,parking_access_score,87.24,Derived; see DATA_SOURCES.md for each contributing layer,"Supply from City layers; occupancy from a City survey, NOT a real-time feed."
9,CNV-INT-0188,E 13TH ST / LONSDALE AVE / W 13TH ST,Central Lonsdale,674.0,0.659,1094.0,6,31,87.17,parking_access_score,87.17,Derived; see DATA_SOURCES.md for each contributing layer,"Supply from City layers; occupancy from a City survey, NOT a real-time feed."
10,CNV-INT-0391,MAHON AVE / W 15TH ST,Central Lonsdale,763.0,0.634,73.0,0,0,86.35,parking_access_score,86.35,Derived; see DATA_SOURCES.md for each contributing layer,"Supply from City layers; occupancy from a City survey, NOT a real-time feed."
11,CNV-INT-0187,E 13TH ST / ST. GEORGES AVE,Central Lonsdale,620.0,0.643,1168.0,4,44,86.29,parking_access_score,86.29,Derived; see DATA_SOURCES.md for each contributing layer,"Supply from City layers; occupancy from a City survey, NOT a real-time feed."
12,CNV-INT-0381,MAHON AVE / W 14TH ST,Central Lonsdale,728.0,0.618,73.0,0,0,86.23,parking_access_score,86.23,Derived; see DATA_SOURCES.md for each contributing layer,"Supply from City layers; occupancy from a City survey, NOT a real-time feed."
13,CNV-INT-0192,E 15TH ST / EASTERN AVE,Central Lonsdale,649.0,0.682,1195.0,8,48,85.47,parking_access_score,85.47,Derived; see DATA_SOURCES.md for each contributing layer,"Supply from City layers; occupancy from a City survey, NOT a real-time feed."
14,CNV-INT-0383,E 14TH ST / LONSDALE AVE,Central Lonsdale,703.0,0.722,1215.0,9,31,85.08,parking_access_score,85.08,Derived; see DATA_SOURCES.md for each contributing layer,"Supply from City layers; occupancy from a City survey, NOT a real-time feed."
15,CNV-INT-0380,CHESTERFIELD AVE / W 14TH ST,Central Lonsdale,711.0,0.699,595.0,4,11,84.59,parking_access_score,84.59,Derived; see DATA_SOURCES.md for each contributing layer,"Supply from City layers; occupancy from a City survey, NOT a real-time feed."
16,CNV-INT-0377,W 13TH ST / W 8TH ST,Central Lonsdale,671.0,0.656,162.0,0,0,83.69,parking_access_score,83.69,Derived; see DATA_SOURCES.md for each contributing layer,"Supply from City layers; occupancy from a City survey, NOT a real-time feed."
17,CNV-INT-0379,MAHON AVE / W 13TH ST,Central Lonsdale,674.0,0.632,73.0,0,0,83.59,parking_access_score,83.59,Derived; see DATA_SOURCES.md for each contributing layer,"Supply from City layers; occupancy from a City survey, NOT a real-time feed."
18,CNV-INT-0304,W KEITH RD / W VICTORIA PARK AVE,Lower Lonsdale,717.0,0.729,653.0,3,8,83.23,parking_access_score,83.23,Derived; see DATA_SOURCES.md for each contributing layer,"Supply from City layers; occupancy from a City survey, NOT a real-time feed."
19,CNV-INT-0312,CHESTERFIELD AVE / W 8TH ST,Central Lonsdale,637.0,0.691,653.0,3,10,82.92,parking_access_score,82.92,Derived; see DATA_SOURCES.md for each contributing layer,"Supply from City layers; occupancy from a City survey, NOT a real-time feed."
20,CNV-INT-0119,E 11TH ST / ST. GEORGES AVE,Central Lonsdale,692.0,0.715,648.0,1,6,82.88,parking_access_score,82.88,Derived; see DATA_SOURCES.md for each contributing layer,"Supply from City layers; occupancy from a City survey, NOT a real-time feed."
21,CNV-INT-0122,E 12TH ST / ST. GEORGES AVE,Central Lonsdale,661.0,0.734,1095.0,3,20,82.43,parking_access_score,82.43,Derived; see DATA_SOURCES.md for each contributing layer,"Supply from City layers; occupancy from a City survey, NOT a real-time feed."
22,CNV-INT-0390,CHESTERFIELD AVE / W 17TH ST,Central Lonsdale,795.0,0.744,194.0,6,10,82.17,parking_access_score,82.17,Derived; see DATA_SOURCES.md for each contributing layer,"Supply from City layers; occupancy from a City survey, NOT a real-time feed."
23,CNV-INT-0124,E 12TH ST / LONSDALE AVE / W 12TH ST,Central Lonsdale,629.0,0.703,679.0,4,27,81.9,parking_access_score,81.9,Derived; see DATA_SOURCES.md for each contributing layer,"Supply from City layers; occupancy from a City survey, NOT a real-time feed."
24,CNV-INT-0386,CHESTERFIELD AVE / W 15TH ST,Central Lonsdale,708.0,0.724,226.0,6,11,81.85,parking_access_score,81.85,Derived; see DATA_SOURCES.md for each contributing layer,"Supply from City layers; occupancy from a City survey, NOT a real-time feed."
25,CNV-INT-0121,E 11TH ST / LONSDALE AVE / W 8TH ST,Lower Lonsdale,564.0,0.694,661.0,2,9,80.86,parking_access_score,80.86,Derived; see DATA_SOURCES.md for each contributing layer,"Supply from City layers; occupancy from a City survey, NOT a real-time feed."
26,CNV-INT-0388,CHESTERFIELD AVE / W 16TH ST,Central Lonsdale,756.0,0.77,226.0,6,8,80.67,parking_access_score,80.67,Derived; see DATA_SOURCES.md for each contributing layer,"Supply from City layers; occupancy from a City survey, NOT a real-time feed."
27,CNV-INT-0395,CHESTERFIELD AVE / W 19TH ST,Central Lonsdale,698.0,0.728,121.0,3,5,79.94,parking_access_score,79.94,Derived; see DATA_SOURCES.md for each contributing layer,"Supply from City layers; occupancy from a City survey, NOT a real-time feed."
28,CNV-INT-0191,E 15TH ST / ST. ANDREWS AVE,Central Lonsdale,346.0,0.585,907.0,2,28,79.9,parking_access_score,79.9,Derived; see DATA_SOURCES.md for each contributing layer,"Supply from City layers; occupancy from a City survey, NOT a real-time feed."
29,CNV-INT-0387,LONSDALE AVE / W 16TH ST,Central Lonsdale,730.0,0.819,1033.0,10,20,79.71,parking_access_score,79.71,Derived; see DATA_SOURCES.md for each contributing layer,"Supply from City layers; occupancy from a City survey, NOT a real-time feed."
30,CNV-INT-0182,E 13TH ST / ST. ANDREWS AVE,Central Lonsdale,381.0,0.64,983.0,3,28,79.2,parking_access_score,79.2,Derived; see DATA_SOURCES.md for each contributing layer,"Supply from City layers; occupancy from a City survey, NOT a real-time feed."
31,CNV-INT-0193,E 16TH ST / ST. GEORGES AVE,Central Lonsdale,669.0,0.793,1015.0,5,27,79.17,parking_access_score,79.17,Derived; see DATA_SOURCES.md for each contributing layer,"Supply from City layers; occupancy from a City survey, NOT a real-time feed."
32,CNV-INT-0406,CHESTERFIELD AVE / W 21ST ST,Central Lonsdale,648.0,0.673,9.0,1,1,78.52,parking_access_score,78.52,Derived; see DATA_SOURCES.md for each contributing layer,"Supply from City layers; occupancy from a City survey, NOT a real-time feed."
33,CNV-INT-0290,CHESTERFIELD AVE / W 3RD ST,Lower Lonsdale,652.0,0.747,352.0,3,5,78.26,parking_access_score,78.26,Derived; see DATA_SOURCES.md for each contributing layer,"Supply from City layers; occupancy from a City survey, NOT a real-time feed."
34,CNV-INT-0309,CHESTERFIELD AVE / W KEITH RD,Lower Lonsdale,622.0,0.731,185.0,0,0,77.97,parking_access_score,77.97,Derived; see DATA_SOURCES.md for each contributing layer,"Supply from City layers; occupancy from a City survey, NOT a real-time feed."
35,CNV-INT-0118,E 10TH ST / E 8TH ST,Lower Lonsdale,631.0,0.755,574.0,0,2,77.64,parking_access_score,77.64,Derived; see DATA_SOURCES.md for each contributing layer,"Supply from City layers; occupancy from a City survey, NOT a real-time feed."
36,CNV-INT-0408,CHESTERFIELD AVE / W 22ND ST,Central Lonsdale,441.0,0.584,9.0,0,0,77.1,parking_access_score,77.1,Derived; see DATA_SOURCES.md for each contributing layer,"Supply from City layers; occupancy from a City survey, NOT a real-time feed."
37,CNV-INT-0202,E 17TH ST / ST. GEORGES AVE,Central Lonsdale,706.0,0.812,554.0,3,7,76.87,parking_access_score,76.87,Derived; see DATA_SOURCES.md for each contributing layer,"Supply from City layers; occupancy from a City survey, NOT a real-time feed."
38,CNV-INT-0117,E 10TH ST / ST. GEORGES AVE,Central Lonsdale,622.0,0.781,574.0,0,2,76.52,parking_access_score,76.52,Derived; see DATA_SOURCES.md for each contributing layer,"Supply from City layers; occupancy from a City survey, NOT a real-time feed."
39,CNV-INT-0305,W KEITH RD / W VICTORIA PARK AVE,Lower Lonsdale,609.0,0.747,185.0,0,5,76.43,parking_access_score,76.43,Derived; see DATA_SOURCES.md for each contributing layer,"Supply from City layers; occupancy from a City survey, NOT a real-time feed."
40,CNV-INT-0195,E 14TH ST / ST. ANDREWS AVE,Central Lonsdale,369.0,0.698,983.0,3,28,76.04,parking_access_score,76.04,Derived; see DATA_SOURCES.md for each contributing layer,"Supply from City layers; occupancy from a City survey, NOT a real-time feed."
41,CNV-INT-0287,CHESTERFIELD AVE / W 2ND ST,Lower Lonsdale,545.0,0.743,555.0,5,20,75.98,parking_access_score,75.98,Derived; see DATA_SOURCES.md for each contributing layer,"Supply from City layers; occupancy from a City survey, NOT a real-time feed."
42,CNV-INT-0396,CHESTERFIELD AVE / W 20TH ST,Central Lonsdale,629.0,0.71,9.0,2,3,75.78,parking_access_score,75.78,Derived; see DATA_SOURCES.md for each contributing layer,"Supply from City layers; occupancy from a City survey, NOT a real-time feed."
43,CNV-INT-0394,CHESTERFIELD AVE / W 18TH ST,Central Lonsdale,659.0,0.789,121.0,4,6,75.51,parking_access_score,75.51,Derived; see DATA_SOURCES.md for each contributing layer,"Supply from City layers; occupancy from a City survey, NOT a real-time feed."
44,CNV-INT-0123,E 12TH ST / ST. ANDREWS AVE,Central Lonsdale,432.0,0.744,965.0,2,5,75.29,parking_access_score,75.29,Derived; see DATA_SOURCES.md for each contributing layer,"Supply from City layers; occupancy from a City survey, NOT a real-time feed."
45,CNV-INT-0402,MAHON AVE / W 20TH ST,Mahon,746.0,0.573,0.0,0,0,75.29,parking_access_score,75.29,Derived; see DATA_SOURCES.md for each contributing layer,"Supply from City layers; occupancy from a City survey, NOT a real-time feed."
46,CNV-INT-0215,E 21ST ST / EASTERN AVE,Central Lonsdale,719.0,0.784,9.0,3,2,75.06,parking_access_score,75.06,Derived; see DATA_SOURCES.md for each contributing layer,"Supply from City layers; occupancy from a City survey, NOT a real-time feed."
47,CNV-INT-0409,CHESTERFIELD AVE / W 23RD ST,Central Lonsdale,336.0,0.549,9.0,0,0,74.93,parking_access_score,74.93,Derived; see DATA_SOURCES.md for each contributing layer,"Supply from City layers; occupancy from a City survey, NOT a real-time feed."
48,CNV-INT-0275,CHADWICK CRT / CHESTERFIELD PL,Lower Lonsdale,6.0,0.0,716.0,0,30,74.77,parking_access_score,74.77,Derived; see DATA_SOURCES.md for each contributing layer,"Supply from City layers; occupancy from a City survey, NOT a real-time feed."
49,CNV-INT-0273,E 3RD ST / LONSDALE AVE / W 3RD ST,Lower Lonsdale,609.0,0.804,647.0,9,11,74.61,parking_access_score,74.61,Derived; see DATA_SOURCES.md for each contributing layer,"Supply from City layers; occupancy from a City survey, NOT a real-time feed."
50,CNV-INT-0400,MAHON AVE / W 19TH ST,Mahon,732.0,0.575,0.0,0,0,74.57,parking_access_score,74.57,Derived; see DATA_SOURCES.md for each contributing layer,"Supply from City layers; occupancy from a City survey, NOT a real-time feed."
51,CNV-INT-0393,MAHON AVE / W 17TH ST,Central Lonsdale,763.0,0.6,0.0,0,0,74.56,parking_access_score,74.56,Derived; see DATA_SOURCES.md for each contributing layer,"Supply from City layers; occupancy from a City survey, NOT a real-time feed."
52,CNV-INT-0398,MAHON AVE / W 18TH ST,Mahon,750.0,0.591,0.0,0,0,74.44,parking_access_score,74.44,Derived; see DATA_SOURCES.md for each contributing layer,"Supply from City layers; occupancy from a City survey, NOT a real-time feed."
53,CNV-INT-0389,E 17TH ST / LONSDALE AVE / W 17TH ST,Central Lonsdale,727.0,0.881,641.0,9,19,74.13,parking_access_score,74.13,Derived; see DATA_SOURCES.md for each contributing layer,"Supply from City layers; occupancy from a City survey, NOT a real-time feed."
54,CNV-INT-0120,E 11TH ST / ST. ANDREWS AVE,Central Lonsdale,451.0,0.72,158.0,0,1,74.08,parking_access_score,74.08,Derived; see DATA_SOURCES.md for each contributing layer,"Supply from City layers; occupancy from a City survey, NOT a real-time feed."
55,CNV-INT-0222,E 23RD ST / LONSDALE AVE / W 23RD ST,Central Lonsdale,337.0,0.583,9.0,2,1,73.89,parking_access_score,73.89,Derived; see DATA_SOURCES.md for each contributing layer,"Supply from City layers; occupancy from a City survey, NOT a real-time feed."
56,CNV-INT-0201,E 17TH ST / EASTERN AVE,Central Lonsdale,751.0,0.889,554.0,9,15,73.84,parking_access_score,73.84,Derived; see DATA_SOURCES.md for each contributing layer,"Supply from City layers; occupancy from a City survey, NOT a real-time feed."
57,CNV-INT-0261,E 3RD ST / ST. GEORGES AVE,Lower Lonsdale,637.0,0.817,463.0,6,5,73.78,parking_access_score,73.78,Derived; see DATA_SOURCES.md for each contributing layer,"Supply from City layers; occupancy from a City survey, NOT a real-time feed."
58,CNV-INT-0204,E 18TH ST / ST. GEORGES AVE,Central Lonsdale,742.0,0.884,545.0,4,6,73.76,parking_access_score,73.76,Derived; see DATA_SOURCES.md for each contributing layer,"Supply from City layers; occupancy from a City survey, NOT a real-time feed."
59,CNV-INT-0292,CHESTERFIELD AVE / W 4TH ST,Lower Lonsdale,639.0,0.773,32.0,1,4,73.7,parking_access_score,73.7,Derived; see DATA_SOURCES.md for each contributing layer,"Supply from City layers; occupancy from a City survey, NOT a real-time feed."
60,CNV-INT-0410,W 23RD ST / WESTERN AVE,Central Lonsdale,289.0,0.574,9.0,0,0,73.65,parking_access_score,73.65,Derived; see DATA_SOURCES.md for each contributing layer,"Supply from City layers; occupancy from a City survey, NOT a real-time feed."
61,CNV-INT-0405,E 21ST ST / LONSDALE AVE / W 21ST ST,Central Lonsdale,671.0,0.781,9.0,3,4,73.51,parking_access_score,73.51,Derived; see DATA_SOURCES.md for each contributing layer,"Supply from City layers; occupancy from a City survey, NOT a real-time feed."
62,CNV-INT-0106,E 8TH ST / ST. GEORGES AVE,Central Lonsdale,511.0,0.753,182.0,0,2,73.37,parking_access_score,73.37,Derived; see DATA_SOURCES.md for each contributing layer,"Supply from City layers; occupancy from a City survey, NOT a real-time feed."
63,CNV-INT-0105,E KEITH RD / E VICTORIA PARK AVE,Lower Lonsdale,634.0,0.798,98.0,0,3,73.34,parking_access_score,73.34,Derived; see DATA_SOURCES.md for each contributing layer,"Supply from City layers; occupancy from a City survey, NOT a real-time feed."
64,CNV-INT-0216,E 22ND ST / ST. GEORGES AVE,Central Lonsdale,530.0,0.709,9.0,2,1,73.24,parking_access_score,73.24,Derived; see DATA_SOURCES.md for each contributing layer,"Supply from City layers; occupancy from a City survey, NOT a real-time feed."
65,CNV-INT-0209,E 19TH ST / LONSDALE AVE / W 19TH ST,Central Lonsdale,737.0,0.872,130.0,6,8,73.16,parking_access_score,73.16,Derived; see DATA_SOURCES.md for each contributing layer,"Supply from City layers; occupancy from a City survey, NOT a real-time feed."
66,CNV-INT-0407,LONSDALE AVE / W 22ND ST,Central Lonsdale,429.0,0.669,9.0,2,1,72.77,parking_access_score,72.77,Derived; see DATA_SOURCES.md for each contributing layer,"Supply from City layers; occupancy from a City survey, NOT a real-time feed."
67,CNV-INT-0226,E UPPER LEVELS HWY / LONSDALE AVE / UPPER LEVELS RAMP,Central Lonsdale,93.0,0.402,9.0,0,0,72.72,parking_access_score,72.72,Derived; see DATA_SOURCES.md for each contributing layer,"Supply from City layers; occupancy from a City survey, NOT a real-time feed."
68,CNV-INT-0297,SEMISCH AVE / W 3RD ST,Lower Lonsdale,582.0,0.766,58.0,2,4,72.72,parking_access_score,72.72,Derived; see DATA_SOURCES.md for each contributing layer,"Supply from City layers; occupancy from a City survey, NOT a real-time feed."
69,CNV-INT-0027,E 3RD ST / RIDGEWAY AVE,Moodyville,618.0,0.516,0.0,0,0,72.63,parking_access_score,72.63,Derived; see DATA_SOURCES.md for each contributing layer,"Supply from City layers; occupancy from a City survey, NOT a real-time feed."
70,CNV-INT-0181,E 13TH ST / RIDGEWAY AVE,Central Lonsdale,62.0,0.436,74.0,1,1,72.36,parking_access_score,72.36,Derived; see DATA_SOURCES.md for each contributing layer,"Supply from City layers; occupancy from a City survey, NOT a real-time feed."
71,CNV-INT-0101,E KEITH RD / ST. GEORGES AVE,Lower Lonsdale,565.0,0.784,75.0,0,3,72.35,parking_access_score,72.35,Derived; see DATA_SOURCES.md for each contributing layer,"Supply from City layers; occupancy from a City survey, NOT a real-time feed."
72,CNV-INT-0303,W KEITH RD / W VICTORIA PARK AVE,Lower Lonsdale,681.0,0.839,98.0,0,4,72.35,parking_access_score,72.35,Derived; see DATA_SOURCES.md for each contributing layer,"Supply from City layers; occupancy from a City survey, NOT a real-time feed."
73,CNV-INT-0212,E 20TH ST / LONSDALE AVE / W 20TH ST,Central Lonsdale,690.0,0.854,130.0,5,7,72.27,parking_access_score,72.27,Derived; see DATA_SOURCES.md for each contributing layer,"Supply from City layers; occupancy from a City survey, NOT a real-time feed."
74,CNV-INT-0279,CHESTERFIELD AVE / W 1ST ST,Lower Lonsdale,356.0,0.733,785.0,6,37,72.2,parking_access_score,72.2,Derived; see DATA_SOURCES.md for each contributing layer,"Supply from City layers; occupancy from a City survey, NOT a real-time feed."
75,CNV-INT-0194,E 16TH ST / ST. ANDREWS AVE,Central Lonsdale,332.0,0.715,628.0,1,23,72.2,parking_access_score,72.2,Derived; see DATA_SOURCES.md for each contributing layer,"Supply from City layers; occupancy from a City survey, NOT a real-time feed."
76,CNV-INT-0404,MAHON AVE / W 21ST ST,Mahon,642.0,0.55,0.0,0,0,72.18,parking_access_score,72.18,Derived; see DATA_SOURCES.md for each contributing layer,"Supply from City layers; occupancy from a City survey, NOT a real-time feed."
77,CNV-INT-0284,E KEITH RD / E VICTORIA PARK AVE,Lower Lonsdale,641.0,0.823,98.0,0,3,72.08,parking_access_score,72.08,Derived; see DATA_SOURCES.md for each contributing layer,"Supply from City layers; occupancy from a City survey, NOT a real-time feed."
78,CNV-INT-0217,E 22ND ST / EASTERN AVE,Central Lonsdale,528.0,0.728,9.0,3,1,71.92,parking_access_score,71.92,Derived; see DATA_SOURCES.md for each contributing layer,"Supply from City layers; occupancy from a City survey, NOT a real-time feed."
79,CNV-INT-0221,E 23RD ST / ST. GEORGES AVE,Central Lonsdale,374.0,0.653,9.0,1,2,71.76,parking_access_score,71.76,Derived; see DATA_SOURCES.md for each contributing layer,"Supply from City layers; occupancy from a City survey, NOT a real-time feed."
80,CNV-INT-0225,E UPPER LEVELS HWY / ST. GEORGES AVE / UPPER LEVELS RAMP,Central Lonsdale,79.0,0.434,9.0,1,1,71.67,parking_access_score,71.67,Derived; see DATA_SOURCES.md for each contributing layer,"Supply from City layers; occupancy from a City survey, NOT a real-time feed."
81,CNV-INT-0207,E 19TH ST / ST. GEORGES AVE,Central Lonsdale,733.0,0.89,130.0,3,1,71.65,parking_access_score,71.65,Derived; see DATA_SOURCES.md for each contributing layer,"Supply from City layers; occupancy from a City survey, NOT a real-time feed."
82,CNV-INT-0280,E 4TH ST / ST. GEORGES AVE,Lower Lonsdale,602.0,0.814,110.0,2,3,71.6,parking_access_score,71.6,Derived; see DATA_SOURCES.md for each contributing layer,"Supply from City layers; occupancy from a City survey, NOT a real-time feed."
83,CNV-INT-0108,E 10TH ST / RIDGEWAY AVE,Central Lonsdale,73.0,0.478,19.0,0,0,71.45,parking_access_score,71.45,Derived; see DATA_SOURCES.md for each contributing layer,"Supply from City layers; occupancy from a City survey, NOT a real-time feed."
84,CNV-INT-0213,E 21ST ST / ST. GEORGES AVE,Central Lonsdale,653.0,0.802,9.0,2,1,71.31,parking_access_score,71.31,Derived; see DATA_SOURCES.md for each contributing layer,"Supply from City layers; occupancy from a City survey, NOT a real-time feed."
85,CNV-INT-0286,SEMISCH AVE / W 1ST ST,Lower Lonsdale,330.0,0.724,497.0,4,9,70.95,parking_access_score,70.95,Derived; see DATA_SOURCES.md for each contributing layer,"Supply from City layers; occupancy from a City survey, NOT a real-time feed."
86,CNV-INT-0070,E 3RD ST / ST. DAVIDS AVE,Moodyville,704.0,0.639,0.0,0,0,70.84,parking_access_score,70.84,Derived; see DATA_SOURCES.md for each contributing layer,"Supply from City layers; occupancy from a City survey, NOT a real-time feed."
87,CNV-INT-0206,E 18TH ST / LONSDALE AVE / W 18TH ST,Central Lonsdale,708.0,0.899,130.0,8,16,70.61,parking_access_score,70.61,Derived; see DATA_SOURCES.md for each contributing layer,"Supply from City layers; occupancy from a City survey, NOT a real-time feed."
88,CNV-INT-0210,E 20TH ST / ST. GEORGES AVE,Central Lonsdale,716.0,0.852,9.0,3,1,70.39,parking_access_score,70.39,Derived; see DATA_SOURCES.md for each contributing layer,"Supply from City layers; occupancy from a City survey, NOT a real-time feed."
89,CNV-INT-0281,E 4TH ST / LONSDALE AVE / W 4TH ST,Lower Lonsdale,593.0,0.821,76.0,6,3,70.38,parking_access_score,70.38,Derived; see DATA_SOURCES.md for each contributing layer,"Supply from City layers; occupancy from a City survey, NOT a real-time feed."
90,CNV-INT-0399,JONES AVE / W 18TH ST,Mahon,477.0,0.482,0.0,0,0,70.32,parking_access_score,70.32,Derived; see DATA_SOURCES.md for each contributing layer,"Supply from City layers; occupancy from a City survey, NOT a real-time feed."
91,CNV-INT-0282,E 5TH ST / LONSDALE AVE / W 5TH ST,Lower Lonsdale,597.0,0.824,98.0,2,2,70.28,parking_access_score,70.28,Derived; see DATA_SOURCES.md for each contributing layer,"Supply from City layers; occupancy from a City survey, NOT a real-time feed."
92,CNV-INT-0272,E 2ND ST / LONSDALE AVE / W 2ND ST,Lower Lonsdale,522.0,0.857,928.0,12,23,69.96,parking_access_score,69.96,Derived; see DATA_SOURCES.md for each contributing layer,"Supply from City layers; occupancy from a City survey, NOT a real-time feed."
93,CNV-INT-0401,JONES AVE / W 19TH ST,Mahon,477.0,0.492,0.0,0,0,69.94,parking_access_score,69.94,Derived; see DATA_SOURCES.md for each contributing layer,"Supply from City layers; occupancy from a City survey, NOT a real-time feed."
94,CNV-INT-0301,E KEITH RD / LONSDALE AVE / W KEITH RD,Lower Lonsdale,559.0,0.821,98.0,0,5,69.82,parking_access_score,69.82,Derived; see DATA_SOURCES.md for each contributing layer,"Supply from City layers; occupancy from a City survey, NOT a real-time feed."
95,CNV-INT-0024,E 2ND ST / RIDGEWAY AVE,Moodyville,551.0,0.539,0.0,0,0,69.8,parking_access_score,69.8,Derived; see DATA_SOURCES.md for each contributing layer,"Supply from City layers; occupancy from a City survey, NOT a real-time feed."
96,CNV-INT-0109,E 10TH ST / ST. ANDREWS AVE,Central Lonsdale,424.0,0.738,27.0,0,0,69.58,parking_access_score,69.58,Derived; see DATA_SOURCES.md for each contributing layer,"Supply from City layers; occupancy from a City survey, NOT a real-time feed."
97,CNV-INT-0397,JONES AVE / W 17TH ST,Mahon,475.0,0.506,0.0,0,4,69.29,parking_access_score,69.29,Derived; see DATA_SOURCES.md for each contributing layer,"Supply from City layers; occupancy from a City survey, NOT a real-time feed."
98,CNV-INT-0022,E 1ST ST / E 2ND ST,Moodyville,497.0,0.524,0.0,0,0,69.25,parking_access_score,69.25,Derived; see DATA_SOURCES.md for each contributing layer,"Supply from City layers; occupancy from a City survey, NOT a real-time feed."
99,CNV-INT-0412,MAHON AVE / W 22ND ST,Mahon,495.0,0.525,0.0,0,0,69.02,parking_access_score,69.02,Derived; see DATA_SOURCES.md for each contributing layer,"Supply from City layers; occupancy from a City survey, NOT a real-time feed."
100,CNV-INT-0025,E 3RD ST / MOODY AVE,Moodyville,487.0,0.529,0.0,0,0,68.65,parking_access_score,68.65,Derived; see DATA_SOURCES.md for each contributing layer,"Supply from City layers; occupancy from a City survey, NOT a real-time feed."
101,CNV-INT-0068,E 2ND ST / ST. DAVIDS AVE,Moodyville,530.0,0.556,0.0,0,0,68.64,parking_access_score,68.64,Derived; see DATA_SOURCES.md for each contributing layer,"Supply from City layers; occupancy from a City survey, NOT a real-time feed."
102,CNV-INT-0302,E KEITH RD / LONSDALE AVE / W KEITH RD,Lower Lonsdale,555.0,0.876,588.0,2,9,68.58,parking_access_score,68.58,Derived; see DATA_SOURCES.md for each contributing layer,"Supply from City layers; occupancy from a City survey, NOT a real-time feed."
103,CNV-INT-0260,E 2ND ST / ST. GEORGES AVE,Lower Lonsdale,511.0,0.846,470.0,6,6,68.58,parking_access_score,68.58,Derived; see DATA_SOURCES.md for each contributing layer,"Supply from City layers; occupancy from a City survey, NOT a real-time feed."
104,CNV-INT-0308,CHESTERFIELD AVE / W 6TH ST,Lower Lonsdale,564.0,0.839,75.0,0,0,68.43,parking_access_score,68.43,Derived; see DATA_SOURCES.md for each contributing layer,"Supply from City layers; occupancy from a City survey, NOT a real-time feed."
105,CNV-INT-0223,E 24TH ST / ST. GEORGES AVE,Central Lonsdale,196.0,0.643,9.0,1,1,68.16,parking_access_score,68.16,Derived; see DATA_SOURCES.md for each contributing layer,"Supply from City layers; occupancy from a City survey, NOT a real-time feed."
106,CNV-INT-0218,E 22ND ST / ST. ANDREWS AVE,Grand Boulevard,314.0,0.698,9.0,0,1,68.09,parking_access_score,68.09,Derived; see DATA_SOURCES.md for each contributing layer,"Supply from City layers; occupancy from a City survey, NOT a real-time feed."
107,CNV-INT-0102,E KEITH RD / ST. GEORGES AVE,Lower Lonsdale,472.0,0.811,98.0,0,2,68.07,parking_access_score,68.07,Derived; see DATA_SOURCES.md for each contributing layer,"Supply from City layers; occupancy from a City survey, NOT a real-time feed."
108,CNV-INT-0023,E 2ND ST / MOODY AVE,Moodyville,475.0,0.532,0.0,0,0,68.06,parking_access_score,68.06,Derived; see DATA_SOURCES.md for each contributing layer,"Supply from City layers; occupancy from a City survey, NOT a real-time feed."
109,CNV-INT-0300,MAHON AVE / W 4TH ST,Lower Lonsdale,392.0,0.742,21.0,0,0,67.93,parking_access_score,67.93,Derived; see DATA_SOURCES.md for each contributing layer,"Supply from City layers; occupancy from a City survey, NOT a real-time feed."
110,CNV-INT-0030,E 4TH ST / RIDGEWAY AVE,Moodyville,490.0,0.564,0.0,0,0,67.69,parking_access_score,67.69,Derived; see DATA_SOURCES.md for each contributing layer,"Supply from City layers; occupancy from a City survey, NOT a real-time feed."
111,CNV-INT-0294,CHESTERFIELD AVE / W 6TH ST,Lower Lonsdale,567.0,0.856,75.0,0,0,67.47,parking_access_score,67.47,Derived; see DATA_SOURCES.md for each contributing layer,"Supply from City layers; occupancy from a City survey, NOT a real-time feed."
112,CNV-INT-0370,JONES AVE / W 16TH ST,Mahon,421.0,0.518,0.0,0,4,67.43,parking_access_score,67.43,Derived; see DATA_SOURCES.md for each contributing layer,"Supply from City layers; occupancy from a City survey, NOT a real-time feed."
113,CNV-INT-0411,JONES AVE / W 21ST ST,Mahon,407.0,0.504,0.0,0,0,67.38,parking_access_score,67.38,Derived; see DATA_SOURCES.md for each contributing layer,"Supply from City layers; occupancy from a City survey, NOT a real-time feed."
114,CNV-INT-0403,JONES AVE / W 20TH ST,Mahon,407.0,0.509,0.0,0,0,67.14,parking_access_score,67.14,Derived; see DATA_SOURCES.md for each contributing layer,"Supply from City layers; occupancy from a City survey, NOT a real-time feed."
115,CNV-INT-0283,E 6TH ST / LONSDALE AVE / W 6TH ST,Lower Lonsdale,483.0,0.835,98.0,0,0,67.13,parking_access_score,67.13,Derived; see DATA_SOURCES.md for each contributing layer,"Supply from City layers; occupancy from a City survey, NOT a real-time feed."
116,CNV-INT-0295,CHESTERFIELD AVE / W 6TH ST,Lower Lonsdale,540.0,0.849,75.0,0,0,67.1,parking_access_score,67.1,Derived; see DATA_SOURCES.md for each contributing layer,"Supply from City layers; occupancy from a City survey, NOT a real-time feed."
117,CNV-INT-0082,E 3RD ST / ST. ANDREWS AVE,Lower Lonsdale,583.0,0.856,52.0,0,1,66.93,parking_access_score,66.93,Derived; see DATA_SOURCES.md for each contributing layer,"Supply from City layers; occupancy from a City survey, NOT a real-time feed."
118,CNV-INT-0368,JONES AVE / W 15TH ST,Mahon,406.0,0.524,0.0,0,3,66.29,parking_access_score,66.29,Derived; see DATA_SOURCES.md for each contributing layer,"Supply from City layers; occupancy from a City survey, NOT a real-time feed."
119,CNV-INT-0378,MAHON AVE / W 13TH ST,Central Lonsdale,556.0,0.64,0.0,0,0,66.14,parking_access_score,66.14,Derived; see DATA_SOURCES.md for each contributing layer,"Supply from City layers; occupancy from a City survey, NOT a real-time feed."
120,CNV-INT-0203,E 17TH ST / ST. ANDREWS AVE,Central Lonsdale,417.0,0.855,591.0,0,0,66.11,parking_access_score,66.11,Derived; see DATA_SOURCES.md for each contributing layer,"Supply from City layers; occupancy from a City survey, NOT a real-time feed."
121,CNV-INT-0277,CHESTERFIELD AVE / W ESPLANADE,Lower Lonsdale,197.0,0.79,897.0,4,40,66.02,parking_access_score,66.02,Derived; see DATA_SOURCES.md for each contributing layer,"Supply from City layers; occupancy from a City survey, NOT a real-time feed."
122,CNV-INT-0299,MAHON AVE / W 3RD ST,Lower Lonsdale,394.0,0.785,21.0,1,2,65.79,parking_access_score,65.79,Derived; see DATA_SOURCES.md for each contributing layer,"Supply from City layers; occupancy from a City survey, NOT a real-time feed."
123,CNV-INT-0214,E 21ST ST / ST. ANDREWS AVE,Central Lonsdale,392.0,0.77,9.0,0,0,65.57,parking_access_score,65.57,Derived; see DATA_SOURCES.md for each contributing layer,"Supply from City layers; occupancy from a City survey, NOT a real-time feed."
124,CNV-INT-0413,JONES AVE / W 22ND ST,Mahon,365.0,0.519,0.0,0,0,65.19,parking_access_score,65.19,Derived; see DATA_SOURCES.md for each contributing layer,"Supply from City layers; occupancy from a City survey, NOT a real-time feed."
125,CNV-INT-0259,E 1ST ST / ST. GEORGES AVE,Lower Lonsdale,391.0,0.841,470.0,7,15,65.11,parking_access_score,65.11,Derived; see DATA_SOURCES.md for each contributing layer,"Supply from City layers; occupancy from a City survey, NOT a real-time feed."
126,CNV-INT-0313,MAHON AVE / W KEITH RD,Lower Lonsdale,570.0,0.664,0.0,0,0,65.11,parking_access_score,65.11,Derived; see DATA_SOURCES.md for each contributing layer,"Supply from City layers; occupancy from a City survey, NOT a real-time feed."
127,CNV-INT-0211,E 20TH ST / ST. ANDREWS AVE,Central Lonsdale,449.0,0.815,9.0,0,0,64.96,parking_access_score,64.96,Derived; see DATA_SOURCES.md for each contributing layer,"Supply from City layers; occupancy from a City survey, NOT a real-time feed."
128,CNV-INT-0078,E 4TH ST / ST. DAVIDS AVE,Moodyville,545.0,0.657,0.0,0,0,64.84,parking_access_score,64.84,Derived; see DATA_SOURCES.md for each contributing layer,"Supply from City layers; occupancy from a City survey, NOT a real-time feed."
129,CNV-INT-0028,E 4TH ST / MOODY AVE,Moodyville,410.0,0.577,0.0,0,0,64.81,parking_access_score,64.81,Derived; see DATA_SOURCES.md for each contributing layer,"Supply from City layers; occupancy from a City survey, NOT a real-time feed."
130,CNV-INT-0067,E 1ST ST / E ST. DAVIDS AVE / ST. DAVIDS AVE,Lower Lonsdale,411.0,0.582,0.0,0,0,64.66,parking_access_score,64.66,Derived; see DATA_SOURCES.md for each contributing layer,"Supply from City layers; occupancy from a City survey, NOT a real-time feed."
131,CNV-INT-0366,JONES AVE / W KEITH RD,Lower Lonsdale,442.0,0.62,0.0,0,0,64.55,parking_access_score,64.55,Derived; see DATA_SOURCES.md for each contributing layer,"Supply from City layers; occupancy from a City survey, NOT a real-time feed."
132,CNV-INT-0270,E 1ST ST / LONSDALE AVE / W 1ST ST,Lower Lonsdale,369.0,0.882,928.0,12,47,64.31,parking_access_score,64.31,Derived; see DATA_SOURCES.md for each contributing layer,"Supply from City layers; occupancy from a City survey, NOT a real-time feed."
133,CNV-INT-0047,E 5TH ST / RIDGEWAY AVE,Moodyville,257.0,0.491,0.0,0,0,64.27,parking_access_score,64.27,Derived; see DATA_SOURCES.md for each contributing layer,"Supply from City layers; occupancy from a City survey, NOT a real-time feed."
134,CNV-INT-0077,E 2ND ST / ST. ANDREWS AVE,Lower Lonsdale,533.0,0.882,52.0,1,1,64.17,parking_access_score,64.17,Derived; see DATA_SOURCES.md for each contributing layer,"Supply from City layers; occupancy from a City survey, NOT a real-time feed."
135,CNV-INT-0417,JONES AVE,Mahon,306.0,0.518,0.0,0,0,64.17,parking_access_score,64.17,Derived; see DATA_SOURCES.md for each contributing layer,"Supply from City layers; occupancy from a City survey, NOT a real-time feed."
136,CNV-INT-0276,CARRIE CATES CRT / CHESTERFIELD AVE / CHESTERFIELD PL,Lower Lonsdale,74.0,0.747,885.0,3,33,64.16,parking_access_score,64.16,Derived; see DATA_SOURCES.md for each contributing layer,"Supply from City layers; occupancy from a City survey, NOT a real-time feed."
137,CNV-INT-0367,JONES AVE / W 14TH ST,Mahon,421.0,0.618,0.0,0,0,64.02,parking_access_score,64.02,Derived; see DATA_SOURCES.md for each contributing layer,"Supply from City layers; occupancy from a City survey, NOT a real-time feed."
138,CNV-INT-0414,MAHON AVE / W 23RD ST,Mahon,359.0,0.542,0.0,0,0,64.02,parking_access_score,64.02,Derived; see DATA_SOURCES.md for each contributing layer,"Supply from City layers; occupancy from a City survey, NOT a real-time feed."
139,CNV-INT-0185,E 14TH ST / RIDGEWAY AVE,Central Lonsdale,23.0,0.632,74.0,1,3,63.85,parking_access_score,63.85,Derived; see DATA_SOURCES.md for each contributing layer,"Supply from City layers; occupancy from a City survey, NOT a real-time feed."
140,CNV-INT-0415,JONES AVE / LARSON CRES / W 23RD ST,Mahon,238.0,0.494,0.0,0,0,63.63,parking_access_score,63.63,Derived; see DATA_SOURCES.md for each contributing layer,"Supply from City layers; occupancy from a City survey, NOT a real-time feed."
141,CNV-INT-0375,W 13TH ST / W KEITH RD,Lower Lonsdale,513.0,0.661,0.0,0,0,63.6,parking_access_score,63.6,Derived; see DATA_SOURCES.md for each contributing layer,"Supply from City layers; occupancy from a City survey, NOT a real-time feed."
142,CNV-INT-0416,MAHON AVE / W 24TH ST,Mahon,206.0,0.478,0.0,0,0,63.26,parking_access_score,63.26,Derived; see DATA_SOURCES.md for each contributing layer,"Supply from City layers; occupancy from a City survey, NOT a real-time feed."
143,CNV-INT-0103,E 8TH ST / E 9TH ST,Central Lonsdale,483.0,0.666,0.0,0,1,62.74,parking_access_score,62.74,Derived; see DATA_SOURCES.md for each contributing layer,"Supply from City layers; occupancy from a City survey, NOT a real-time feed."
144,CNV-INT-0291,MAHON AVE / W 2ND ST,Lower Lonsdale,328.0,0.806,47.0,4,4,62.6,parking_access_score,62.6,Derived; see DATA_SOURCES.md for each contributing layer,"Supply from City layers; occupancy from a City survey, NOT a real-time feed."
145,CNV-INT-0278,SEMISCH AVE / W ESPLANADE,Lower Lonsdale,201.0,0.816,497.0,4,11,62.54,parking_access_score,62.54,Derived; see DATA_SOURCES.md for each contributing layer,"Supply from City layers; occupancy from a City survey, NOT a real-time feed."
146,CNV-INT-0026,E 3RD ST / QUEENSBURY AVE,Moodyville,265.0,0.545,0.0,0,0,62.17,parking_access_score,62.17,Derived; see DATA_SOURCES.md for each contributing layer,"Supply from City layers; occupancy from a City survey, NOT a real-time feed."
147,CNV-INT-0420,JONES AVE / W 24TH ST,Mahon,129.0,0.49,0.0,0,0,61.41,parking_access_score,61.41,Derived; see DATA_SOURCES.md for each contributing layer,"Supply from City layers; occupancy from a City survey, NOT a real-time feed."
148,CNV-INT-0066,E 1ST ST / E ST. DAVIDS AVE,Lower Lonsdale,352.0,0.631,0.0,0,0,60.95,parking_access_score,60.95,Derived; see DATA_SOURCES.md for each contributing layer,"Supply from City layers; occupancy from a City survey, NOT a real-time feed."
149,CNV-INT-0271,ROGERS AVE / W ESPLANADE,Lower Lonsdale,187.0,0.881,949.0,6,53,60.62,parking_access_score,60.62,Derived; see DATA_SOURCES.md for each contributing layer,"Supply from City layers; occupancy from a City survey, NOT a real-time feed."
150,CNV-INT-0076,E 3RD ST / ST. PATRICKS AVE,Lower Lonsdale,602.0,0.752,0.0,0,0,60.58,parking_access_score,60.58,Derived; see DATA_SOURCES.md for each contributing layer,"Supply from City layers; occupancy from a City survey, NOT a real-time feed."
151,CNV-INT-0074,E 2ND ST / ST. PATRICKS AVE,Lower Lonsdale,606.0,0.763,0.0,1,2,60.43,parking_access_score,60.43,Derived; see DATA_SOURCES.md for each contributing layer,"Supply from City layers; occupancy from a City survey, NOT a real-time feed."
152,CNV-INT-0196,E 15TH ST / RIDGEWAY AVE,Central Lonsdale,33.0,0.701,74.0,0,0,60.32,parking_access_score,60.32,Derived; see DATA_SOURCES.md for each contributing layer,"Supply from City layers; occupancy from a City survey, NOT a real-time feed."
153,CNV-INT-0470,CHESTERFIELD AVE / W 24TH ST,Central Lonsdale,173.0,0.541,0.0,0,0,60.13,parking_access_score,60.13,Derived; see DATA_SOURCES.md for each contributing layer,"Supply from City layers; occupancy from a City survey, NOT a real-time feed."
154,CNV-INT-0373,JONES AVE / W 6TH ST,Lower Lonsdale,418.0,0.688,0.0,0,0,60.06,parking_access_score,60.06,Derived; see DATA_SOURCES.md for each contributing layer,"Supply from City layers; occupancy from a City survey, NOT a real-time feed."
155,CNV-INT-0228,LONSDALE AVE / UPPER LEVELS HWY,Central Lonsdale,69.0,0.396,0.0,0,0,59.87,parking_access_score,59.87,Derived; see DATA_SOURCES.md for each contributing layer,"Supply from City layers; occupancy from a City survey, NOT a real-time feed."
156,CNV-INT-0114,E 11TH ST / RIDGEWAY AVE,Central Lonsdale,67.0,0.745,74.0,0,0,59.85,parking_access_score,59.85,Derived; see DATA_SOURCES.md for each contributing layer,"Supply from City layers; occupancy from a City survey, NOT a real-time feed."
157,CNV-INT-0289,MAHON AVE / W 1ST ST,Lower Lonsdale,220.0,0.854,169.0,4,4,59.84,parking_access_score,59.84,Derived; see DATA_SOURCES.md for each contributing layer,"Supply from City layers; occupancy from a City survey, NOT a real-time feed."
158,CNV-INT-0075,E 1ST ST / ST. ANDREWS AVE,Lower Lonsdale,389.0,0.882,52.0,3,2,59.79,parking_access_score,59.79,Derived; see DATA_SOURCES.md for each contributing layer,"Supply from City layers; occupancy from a City survey, NOT a real-time feed."
159,CNV-INT-0293,CHESTERFIELD AVE / W 5TH ST,Lower Lonsdale,637.0,0.796,0.0,0,0,59.47,parking_access_score,59.47,Derived; see DATA_SOURCES.md for each contributing layer,"Supply from City layers; occupancy from a City survey, NOT a real-time feed."
160,CNV-INT-0079,E 4TH ST / ST. PATRICKS AVE,Lower Lonsdale,444.0,0.712,0.0,0,0,59.43,parking_access_score,59.43,Derived; see DATA_SOURCES.md for each contributing layer,"Supply from City layers; occupancy from a City survey, NOT a real-time feed."
161,CNV-INT-0274,CARRIE CATES CRT / ROGERS AVE,Lower Lonsdale,48.0,0.801,897.0,3,46,59.43,parking_access_score,59.43,Derived; see DATA_SOURCES.md for each contributing layer,"Supply from City layers; occupancy from a City survey, NOT a real-time feed."
162,CNV-INT-0471,UPPER LEVELS HWY / UPPER LEVELS RAMP,Westview,71.0,0.436,0.0,0,0,59.34,parking_access_score,59.34,Derived; see DATA_SOURCES.md for each contributing layer,"Supply from City layers; occupancy from a City survey, NOT a real-time feed."
163,CNV-INT-0474,MAHON AVE / W 25TH ST,Westview,71.0,0.436,0.0,0,0,59.34,parking_access_score,59.34,Derived; see DATA_SOURCES.md for each contributing layer,"Supply from City layers; occupancy from a City survey, NOT a real-time feed."
164,CNV-INT-0371,FORBES AVE / W 16TH ST,Mahon,89.0,0.504,0.0,0,4,59.28,parking_access_score,59.28,Derived; see DATA_SOURCES.md for each contributing layer,"Supply from City layers; occupancy from a City survey, NOT a real-time feed."
165,CNV-INT-0266,E ESPLANADE / LONSDALE AVE / W ESPLANADE,Lower Lonsdale,214.0,0.932,928.0,8,44,59.25,parking_access_score,59.25,Derived; see DATA_SOURCES.md for each contributing layer,"Supply from City layers; occupancy from a City survey, NOT a real-time feed."
166,CNV-INT-0263,E ESPLANADE / ST. GEORGES AVE,Lower Lonsdale,262.0,0.923,567.0,5,15,59.18,parking_access_score,59.18,Derived; see DATA_SOURCES.md for each contributing layer,"Supply from City layers; occupancy from a City survey, NOT a real-time feed."
167,CNV-INT-0418,LARSON CRES / LARSON RD,Mahon,104.0,0.521,0.0,0,0,59.06,parking_access_score,59.06,Derived; see DATA_SOURCES.md for each contributing layer,"Supply from City layers; occupancy from a City survey, NOT a real-time feed."
168,CNV-INT-0369,FORBES AVE / W 15TH ST,Mahon,60.0,0.434,0.0,0,4,58.87,parking_access_score,58.87,Derived; see DATA_SOURCES.md for each contributing layer,"Supply from City layers; occupancy from a City survey, NOT a real-time feed."
169,CNV-INT-0250,E 25TH ST / LONSDALE AVE / W 25TH ST,Central Lonsdale,43.0,0.165,0.0,0,0,58.84,parking_access_score,58.84,Derived; see DATA_SOURCES.md for each contributing layer,"Supply from City layers; occupancy from a City survey, NOT a real-time feed."
170,CNV-INT-0310,MAHON AVE / W 6TH ST,Lower Lonsdale,415.0,0.705,0.0,0,0,58.69,parking_access_score,58.69,Derived; see DATA_SOURCES.md for each contributing layer,"Supply from City layers; occupancy from a City survey, NOT a real-time feed."
171,CNV-INT-0475,JONES AVE / W 25TH ST,Westview,44.0,0.3,0.0,0,0,58.64,parking_access_score,58.64,Derived; see DATA_SOURCES.md for each contributing layer,"Supply from City layers; occupancy from a City survey, NOT a real-time feed."
172,CNV-INT-0337,MAHON AVE / W 6TH ST,Lower Lonsdale,428.0,0.718,0.0,0,0,58.52,parking_access_score,58.52,Derived; see DATA_SOURCES.md for each contributing layer,"Supply from City layers; occupancy from a City survey, NOT a real-time feed."
173,CNV-INT-0031,E 5TH ST / MOODY AVE,Moodyville,276.0,0.65,0.0,0,0,58.37,parking_access_score,58.37,Derived; see DATA_SOURCES.md for each contributing layer,"Supply from City layers; occupancy from a City survey, NOT a real-time feed."
174,CNV-INT-0269,CARRIE CATES CRT / MUSEUM MUSE,Lower Lonsdale,55.0,0.835,949.0,3,47,58.3,parking_access_score,58.3,Derived; see DATA_SOURCES.md for each contributing layer,"Supply from City layers; occupancy from a City survey, NOT a real-time feed."
175,CNV-INT-0065,ALDER ST / E ST. DAVIDS AVE,Lower Lonsdale,278.0,0.654,0.0,0,0,58.27,parking_access_score,58.27,Derived; see DATA_SOURCES.md for each contributing layer,"Supply from City layers; occupancy from a City survey, NOT a real-time feed."
176,CNV-INT-0107,E 9TH ST / ST. ANDREWS AVE,Central Lonsdale,383.0,0.696,0.0,0,0,58.16,parking_access_score,58.16,Derived; see DATA_SOURCES.md for each contributing layer,"Supply from City layers; occupancy from a City survey, NOT a real-time feed."
177,CNV-INT-0311,MAHON AVE / W 6TH ST,Lower Lonsdale,402.0,0.705,0.0,0,0,58.16,parking_access_score,58.16,Derived; see DATA_SOURCES.md for each contributing layer,"Supply from City layers; occupancy from a City survey, NOT a real-time feed."
178,CNV-INT-0248,E 25TH ST,Tempe,60.0,0.484,0.0,1,1,58.06,parking_access_score,58.06,Derived; see DATA_SOURCES.md for each contributing layer,"Supply from City layers; occupancy from a City survey, NOT a real-time feed."
179,CNV-INT-0029,E 4TH ST / QUEENSBURY AVE,Moodyville,232.0,0.637,0.0,0,0,58.01,parking_access_score,58.01,Derived; see DATA_SOURCES.md for each contributing layer,"Supply from City layers; occupancy from a City survey, NOT a real-time feed."
180,CNV-INT-0227,UPPER LEVELS HWY / UPPER LEVELS RAMP,Grand Boulevard,37.0,0.326,0.0,0,1,57.92,parking_access_score,57.92,Derived; see DATA_SOURCES.md for each contributing layer,"Supply from City layers; occupancy from a City survey, NOT a real-time feed."
181,CNV-INT-0244,E 25TH ST / ST. ANDREWS AVE,Tempe,37.0,0.326,0.0,0,1,57.92,parking_access_score,57.92,Derived; see DATA_SOURCES.md for each contributing layer,"Supply from City layers; occupancy from a City survey, NOT a real-time feed."
182,CNV-INT-0176,E 23RD ST / RIDGEWAY AVE,Grand Boulevard,37.0,0.326,0.0,0,0,57.92,parking_access_score,57.92,Derived; see DATA_SOURCES.md for each contributing layer,"Supply from City layers; occupancy from a City survey, NOT a real-time feed."
183,CNV-INT-0069,E ESPLANADE / LOW LEVEL RD,Lower Lonsdale,231.0,0.921,452.0,3,2,57.78,parking_access_score,57.78,Derived; see DATA_SOURCES.md for each contributing layer,"Supply from City layers; occupancy from a City survey, NOT a real-time feed."
184,CNV-INT-0307,MAHON AVE / W 5TH ST,Squamish Nation (Mission IR 1),397.0,0.71,0.0,0,0,57.69,parking_access_score,57.69,Derived; see DATA_SOURCES.md for each contributing layer,"Supply from City layers; occupancy from a City survey, NOT a real-time feed."
185,CNV-INT-0104,E 8TH ST / ST. ANDREWS AVE,Central Lonsdale,326.0,0.672,0.0,0,0,57.67,parking_access_score,57.67,Derived; see DATA_SOURCES.md for each contributing layer,"Supply from City layers; occupancy from a City survey, NOT a real-time feed."
186,CNV-INT-0438,FIR ST / LARSON RD / WESTVIEW DR,Mahon,39.0,0.42,0.0,0,0,57.62,parking_access_score,57.62,Derived; see DATA_SOURCES.md for each contributing layer,"Supply from City layers; occupancy from a City survey, NOT a real-time feed."
187,CNV-INT-0020,E 4TH ST / SUTHERLAND AVE,Moodyville,111.0,0.578,0.0,0,0,57.56,parking_access_score,57.56,Derived; see DATA_SOURCES.md for each contributing layer,"Supply from City layers; occupancy from a City survey, NOT a real-time feed."
188,CNV-INT-0419,LARSON RD / W 23RD ST,Mahon,23.0,0.181,0.0,0,0,57.53,parking_access_score,57.53,Derived; see DATA_SOURCES.md for each contributing layer,"Supply from City layers; occupancy from a City survey, NOT a real-time feed."
189,CNV-INT-0437,FIR ST / WOLFE ST,Mahon,35.0,0.413,0.0,0,0,57.31,parking_access_score,57.31,Derived; see DATA_SOURCES.md for each contributing layer,"Supply from City layers; occupancy from a City survey, NOT a real-time feed."
190,CNV-INT-0264,VICTORY SHIP WAY / WALLACE MEWS,Lower Lonsdale,149.0,0.937,902.0,4,15,57.31,parking_access_score,57.31,Derived; see DATA_SOURCES.md for each contributing layer,"Supply from City layers; occupancy from a City survey, NOT a real-time feed."
191,CNV-INT-0353,FORBES AVE / W KEITH RD,Marine-Hamilton,15.0,0.204,0.0,0,0,57.22,parking_access_score,57.22,Derived; see DATA_SOURCES.md for each contributing layer,"Supply from City layers; occupancy from a City survey, NOT a real-time feed."
192,CNV-INT-0267,LONSDALE AVE / VICTORY SHIP WAY,Lower Lonsdale,119.0,0.929,928.0,6,45,57.2,parking_access_score,57.2,Derived; see DATA_SOURCES.md for each contributing layer,"Supply from City layers; occupancy from a City survey, NOT a real-time feed."
193,CNV-INT-0336,W 5TH ST / W 6TH ST,Lower Lonsdale,41.0,0.463,0.0,0,0,57.14,parking_access_score,57.14,Derived; see DATA_SOURCES.md for each contributing layer,"Supply from City layers; occupancy from a City survey, NOT a real-time feed."
194,CNV-INT-0265,VICTORY SHIP WAY / WALLACE MEWS,Lower Lonsdale,123.0,0.934,928.0,6,40,57.1,parking_access_score,57.1,Derived; see DATA_SOURCES.md for each contributing layer,"Supply from City layers; occupancy from a City survey, NOT a real-time feed."
195,CNV-INT-0098,E 9TH ST / RIDGEWAY AVE,Central Lonsdale,56.0,0.511,0.0,0,0,56.85,parking_access_score,56.85,Derived; see DATA_SOURCES.md for each contributing layer,"Supply from City layers; occupancy from a City survey, NOT a real-time feed."
196,CNV-INT-0249,E 25TH ST / ST. GEORGES AVE,Tempe,65.0,0.528,0.0,1,1,56.66,parking_access_score,56.66,Derived; see DATA_SOURCES.md for each contributing layer,"Supply from City layers; occupancy from a City survey, NOT a real-time feed."
197,CNV-INT-0224,E 24TH ST / ST. ANDREWS AVE,Central Lonsdale,107.0,0.597,0.0,1,1,56.63,parking_access_score,56.63,Derived; see DATA_SOURCES.md for each contributing layer,"Supply from City layers; occupancy from a City survey, NOT a real-time feed."
198,CNV-INT-0032,E 5TH ST / QUEENSBURY AVE,Moodyville,162.0,0.636,0.0,0,0,56.54,parking_access_score,56.54,Derived; see DATA_SOURCES.md for each contributing layer,"Supply from City layers; occupancy from a City survey, NOT a real-time feed."
199,CNV-INT-0262,ST. GEORGES AVE / VICTORY SHIP WAY,Lower Lonsdale,153.0,0.945,648.0,4,12,56.39,parking_access_score,56.39,Derived; see DATA_SOURCES.md for each contributing layer,"Supply from City layers; occupancy from a City survey, NOT a real-time feed."
200,CNV-INT-0220,E 23RD ST / ST. ANDREWS AVE,Grand Boulevard,218.0,0.658,0.0,1,1,56.29,parking_access_score,56.29,Derived; see DATA_SOURCES.md for each contributing layer,"Supply from City layers; occupancy from a City survey, NOT a real-time feed."
201,CNV-INT-0080,E 5TH ST / ST. DAVIDS AVE,Moodyville,274.0,0.694,0.0,0,0,56.15,parking_access_score,56.15,Derived; see DATA_SOURCES.md for each contributing layer,"Supply from City layers; occupancy from a City survey, NOT a real-time feed."
202,CNV-INT-0436,W 17TH ST / WOLFE ST,Mahon,73.0,0.562,0.0,0,0,56.11,parking_access_score,56.11,Derived; see DATA_SOURCES.md for each contributing layer,"Supply from City layers; occupancy from a City survey, NOT a real-time feed."
203,CNV-INT-0100,E KEITH RD / ST. ANDREWS AVE,Central Lonsdale,303.0,0.7,0.0,0,0,56.08,parking_access_score,56.08,Derived; see DATA_SOURCES.md for each contributing layer,"Supply from City layers; occupancy from a City survey, NOT a real-time feed."
204,CNV-INT-0296,FORBES AVE / W 1ST ST,Squamish Nation (Mission IR 1),129.0,0.846,47.0,3,2,56.07,parking_access_score,56.07,Derived; see DATA_SOURCES.md for each contributing layer,"Supply from City layers; occupancy from a City survey, NOT a real-time feed."
205,CNV-INT-0268,CARRIE CATES CRT / LONSDALE AVE,Lower Lonsdale,83.0,0.917,928.0,4,45,56.06,parking_access_score,56.06,Derived; see DATA_SOURCES.md for each contributing layer,"Supply from City layers; occupancy from a City survey, NOT a real-time feed."
206,CNV-INT-0356,FORBES AVE / W 14TH ST,Mahon,59.0,0.542,0.0,0,0,55.61,parking_access_score,55.61,Derived; see DATA_SOURCES.md for each contributing layer,"Supply from City layers; occupancy from a City survey, NOT a real-time feed."
207,CNV-INT-0472,UPPER LEVELS RAMP / W 25TH ST,Westview,24.0,0.503,0.0,0,0,55.44,parking_access_score,55.44,Derived; see DATA_SOURCES.md for each contributing layer,"Supply from City layers; occupancy from a City survey, NOT a real-time feed."
208,CNV-INT-0049,E 6TH ST / RIDGEWAY AVE,Moodyville,95.0,0.619,0.0,0,0,55.34,parking_access_score,55.34,Derived; see DATA_SOURCES.md for each contributing layer,"Supply from City layers; occupancy from a City survey, NOT a real-time feed."
209,CNV-INT-0180,E 12TH ST / RIDGEWAY AVE,Central Lonsdale,104.0,0.871,74.0,0,1,54.48,parking_access_score,54.48,Derived; see DATA_SOURCES.md for each contributing layer,"Supply from City layers; occupancy from a City survey, NOT a real-time feed."
210,CNV-INT-0086,E 5TH ST / ST. GEORGES AVE,Lower Lonsdale,553.0,0.837,0.0,0,1,54.36,parking_access_score,54.36,Derived; see DATA_SOURCES.md for each contributing layer,"Supply from City layers; occupancy from a City survey, NOT a real-time feed."
211,CNV-INT-0033,E 5TH ST / SUTHERLAND AVE,Moodyville,80.0,0.626,0.0,0,0,54.29,parking_access_score,54.29,Derived; see DATA_SOURCES.md for each contributing layer,"Supply from City layers; occupancy from a City survey, NOT a real-time feed."
212,CNV-INT-0258,E ESPLANADE / ST. ANDREWS AVE,Lower Lonsdale,232.0,0.969,52.0,3,2,54.16,parking_access_score,54.16,Derived; see DATA_SOURCES.md for each contributing layer,"Supply from City layers; occupancy from a City survey, NOT a real-time feed."
213,CNV-INT-0083,E 4TH ST / ST. ANDREWS AVE,Lower Lonsdale,580.0,0.856,0.0,0,0,53.84,parking_access_score,53.84,Derived; see DATA_SOURCES.md for each contributing layer,"Supply from City layers; occupancy from a City survey, NOT a real-time feed."
214,CNV-INT-0087,E KEITH RD / ST. ANDREWS AVE,Lower Lonsdale,361.0,0.751,0.0,0,0,53.83,parking_access_score,53.83,Derived; see DATA_SOURCES.md for each contributing layer,"Supply from City layers; occupancy from a City survey, NOT a real-time feed."
215,CNV-INT-0473,CHESTERFIELD AVE / W 25TH ST,Westview,53.0,0.582,0.0,0,0,53.79,parking_access_score,53.79,Derived; see DATA_SOURCES.md for each contributing layer,"Supply from City layers; occupancy from a City survey, NOT a real-time feed."
216,CNV-INT-0285,MAHON AVE / W ESPLANADE,Lower Lonsdale,124.0,0.99,169.0,4,2,53.71,parking_access_score,53.71,Derived; see DATA_SOURCES.md for each contributing layer,"Supply from City layers; occupancy from a City survey, NOT a real-time feed."
217,CNV-INT-0089,E KEITH RD / ST. DAVIDS AVE,Central Lonsdale,273.0,0.738,0.0,0,0,53.03,parking_access_score,53.03,Derived; see DATA_SOURCES.md for each contributing layer,"Supply from City layers; occupancy from a City survey, NOT a real-time feed."
218,CNV-INT-0288,FORBES AVE / W ESPLANADE,Squamish Nation (Mission IR 1),104.0,1.015,169.0,2,2,52.81,parking_access_score,52.81,Derived; see DATA_SOURCES.md for each contributing layer,"Supply from City layers; occupancy from a City survey, NOT a real-time feed."
219,CNV-INT-0035,E 6TH ST / QUEENSBURY AVE,Moodyville,108.0,0.676,0.0,0,0,52.69,parking_access_score,52.69,Derived; see DATA_SOURCES.md for each contributing layer,"Supply from City layers; occupancy from a City survey, NOT a real-time feed."
220,CNV-INT-0169,E 20TH ST / RIDGEWAY AVE,Grand Boulevard,85.0,0.659,0.0,0,0,52.52,parking_access_score,52.52,Derived; see DATA_SOURCES.md for each contributing layer,"Supply from City layers; occupancy from a City survey, NOT a real-time feed."
221,CNV-INT-0345,W 2ND ST / W 3RD ST / W 6TH ST,Squamish Nation (Mission IR 1),42.0,0.613,0.0,0,0,52.4,parking_access_score,52.4,Derived; see DATA_SOURCES.md for each contributing layer,"Supply from City layers; occupancy from a City survey, NOT a real-time feed."
222,CNV-INT-0298,FORBES AVE / W 2ND ST,Squamish Nation (Mission IR 1),129.0,0.927,21.0,0,0,52.23,parking_access_score,52.23,Derived; see DATA_SOURCES.md for each contributing layer,"Supply from City layers; occupancy from a City survey, NOT a real-time feed."
223,CNV-INT-0197,E 16TH ST / RIDGEWAY AVE,Grand Boulevard,75.0,0.886,74.0,0,0,52.14,parking_access_score,52.14,Derived; see DATA_SOURCES.md for each contributing layer,"Supply from City layers; occupancy from a City survey, NOT a real-time feed."
224,CNV-INT-0175,E 22ND ST / RIDGEWAY AVE,Grand Boulevard,80.0,0.66,0.0,0,0,52.06,parking_access_score,52.06,Derived; see DATA_SOURCES.md for each contributing layer,"Supply from City layers; occupancy from a City survey, NOT a real-time feed."
225,CNV-INT-0321,FORBES AVE / W 1ST ST,Squamish Nation (Mission IR 1),124.0,0.935,47.0,3,2,51.92,parking_access_score,51.92,Derived; see DATA_SOURCES.md for each contributing layer,"Supply from City layers; occupancy from a City survey, NOT a real-time feed."
226,CNV-INT-0208,E 19TH ST / ST. ANDREWS AVE,Central Lonsdale,430.0,0.825,0.0,0,0,51.88,parking_access_score,51.88,Derived; see DATA_SOURCES.md for each contributing layer,"Supply from City layers; occupancy from a City survey, NOT a real-time feed."
227,CNV-INT-0205,E 18TH ST / ST. ANDREWS AVE,Central Lonsdale,437.0,0.844,0.0,0,0,51.21,parking_access_score,51.21,Derived; see DATA_SOURCES.md for each contributing layer,"Supply from City layers; occupancy from a City survey, NOT a real-time feed."
228,CNV-INT-0435,LARSON RD / W 17TH ST,Mahon,104.0,0.701,0.0,0,0,51.15,parking_access_score,51.15,Derived; see DATA_SOURCES.md for each contributing layer,"Supply from City layers; occupancy from a City survey, NOT a real-time feed."
229,CNV-INT-0091,E KEITH RD,Central Lonsdale,242.0,0.764,0.0,0,0,51.08,parking_access_score,51.08,Derived; see DATA_SOURCES.md for each contributing layer,"Supply from City layers; occupancy from a City survey, NOT a real-time feed."
230,CNV-INT-0357,BEWICKE AVE / W 15TH ST,Marine-Hamilton,250.0,0.782,0.0,0,0,50.54,parking_access_score,50.54,Derived; see DATA_SOURCES.md for each contributing layer,"Supply from City layers; occupancy from a City survey, NOT a real-time feed."
231,CNV-INT-0072,E 1ST ST / ST. PATRICKS AVE,Lower Lonsdale,387.0,0.823,0.0,1,2,50.2,parking_access_score,50.2,Derived; see DATA_SOURCES.md for each contributing layer,"Supply from City layers; occupancy from a City survey, NOT a real-time feed."
232,CNV-INT-0320,FORBES AVE / W ESPLANADE,Lower Lonsdale,54.0,1.094,169.0,2,2,49.72,parking_access_score,49.72,Derived; see DATA_SOURCES.md for each contributing layer,"Supply from City layers; occupancy from a City survey, NOT a real-time feed."
233,CNV-INT-0349,FELL AVE / W 3RD ST,Marine-Hamilton,53.0,0.681,0.0,0,0,49.11,parking_access_score,49.11,Derived; see DATA_SOURCES.md for each contributing layer,"Supply from City layers; occupancy from a City survey, NOT a real-time feed."
234,CNV-INT-0084,E 5TH ST / ST. ANDREWS AVE,Lower Lonsdale,472.0,0.889,0.0,0,0,49.04,parking_access_score,49.04,Derived; see DATA_SOURCES.md for each contributing layer,"Supply from City layers; occupancy from a City survey, NOT a real-time feed."
235,CNV-INT-0358,BEWICKE AVE / W 16TH ST,Marine-Hamilton,234.0,0.796,0.0,0,0,48.91,parking_access_score,48.91,Derived; see DATA_SOURCES.md for each contributing layer,"Supply from City layers; occupancy from a City survey, NOT a real-time feed."
236,CNV-INT-0099,E 6TH ST / ST. GEORGES AVE,Lower Lonsdale,474.0,0.9,0.0,0,1,48.66,parking_access_score,48.66,Derived; see DATA_SOURCES.md for each contributing layer,"Supply from City layers; occupancy from a City survey, NOT a real-time feed."
237,CNV-INT-0085,E 6TH ST / ST. ANDREWS AVE,Lower Lonsdale,400.0,0.868,0.0,0,0,48.41,parking_access_score,48.41,Derived; see DATA_SOURCES.md for each contributing layer,"Supply from City layers; occupancy from a City survey, NOT a real-time feed."
238,CNV-INT-0355,BEWICKE AVE / W 14TH ST,Marine-Hamilton,242.0,0.808,0.0,0,0,48.33,parking_access_score,48.33,Derived; see DATA_SOURCES.md for each contributing layer,"Supply from City layers; occupancy from a City survey, NOT a real-time feed."
239,CNV-INT-0334,W 4TH ST / W CHIEF JOSEPH CRES,Lower Lonsdale,208.0,0.794,0.0,0,0,48.25,parking_access_score,48.25,Derived; see DATA_SOURCES.md for each contributing layer,"Supply from City layers; occupancy from a City survey, NOT a real-time feed."
240,CNV-INT-0433,BEWICKE AVE / W 16TH ST,Marine-Hamilton,225.0,0.802,0.0,0,0,47.99,parking_access_score,47.99,Derived; see DATA_SOURCES.md for each contributing layer,"Supply from City layers; occupancy from a City survey, NOT a real-time feed."
241,CNV-INT-0096,E 8TH ST / RIDGEWAY AVE,Central Lonsdale,21.0,0.673,0.0,0,0,47.6,parking_access_score,47.6,Derived; see DATA_SOURCES.md for each contributing layer,"Supply from City layers; occupancy from a City survey, NOT a real-time feed."
242,CNV-INT-0434,BEWICKE AVE / LARSON RD,Mahon,135.0,0.791,0.0,0,0,47.2,parking_access_score,47.2,Derived; see DATA_SOURCES.md for each contributing layer,"Supply from City layers; occupancy from a City survey, NOT a real-time feed."
243,CNV-INT-0088,E 7TH ST / ST. DAVIDS AVE,Moodyville,143.0,0.792,0.0,0,0,47.19,parking_access_score,47.19,Derived; see DATA_SOURCES.md for each contributing layer,"Supply from City layers; occupancy from a City survey, NOT a real-time feed."
244,CNV-INT-0427,LARSON RD / W 16TH ST,Mahon,181.0,0.799,0.0,0,0,47.15,parking_access_score,47.15,Derived; see DATA_SOURCES.md for each contributing layer,"Supply from City layers; occupancy from a City survey, NOT a real-time feed."
245,CNV-INT-0342,BEWICKE AVE / W 2ND ST,Marine-Hamilton,56.0,0.725,0.0,0,0,47.0,parking_access_score,47.0,Derived; see DATA_SOURCES.md for each contributing layer,"Supply from City layers; occupancy from a City survey, NOT a real-time feed."
246,CNV-INT-0219,E 21ST ST / RIDGEWAY AVE,Grand Boulevard,86.0,0.766,0.0,0,0,46.6,parking_access_score,46.6,Derived; see DATA_SOURCES.md for each contributing layer,"Supply from City layers; occupancy from a City survey, NOT a real-time feed."
247,CNV-INT-0161,E 19TH ST / RIDGEWAY AVE,Grand Boulevard,55.0,0.731,0.0,0,0,46.39,parking_access_score,46.39,Derived; see DATA_SOURCES.md for each contributing layer,"Supply from City layers; occupancy from a City survey, NOT a real-time feed."
248,CNV-INT-0365,MOSQUITO CREEK LANE / W 15TH ST,Marine-Hamilton,226.0,0.827,0.0,0,0,46.33,parking_access_score,46.33,Derived; see DATA_SOURCES.md for each contributing layer,"Supply from City layers; occupancy from a City survey, NOT a real-time feed."
249,CNV-INT-0183,E 13TH ST / MOODY AVE,Grand Boulevard,0.0,,19.0,0,2,45.37,parking_access_score,45.37,Derived; see DATA_SOURCES.md for each contributing layer,"Supply from City layers; occupancy from a City survey, NOT a real-time feed."
250,CNV-INT-0200,E 17TH ST / RIDGEWAY AVE,Grand Boulevard,85.0,0.793,0.0,0,0,44.95,parking_access_score,44.95,Derived; see DATA_SOURCES.md for each contributing layer,"Supply from City layers; occupancy from a City survey, NOT a real-time feed."
251,CNV-INT-0354,DELBRUCK AVE / W KEITH RD,Marine-Hamilton,35.0,0.732,0.0,0,0,44.91,parking_access_score,44.91,Derived; see DATA_SOURCES.md for each contributing layer,"Supply from City layers; occupancy from a City survey, NOT a real-time feed."
252,CNV-INT-0073,E ESPLANADE / ST. PATRICKS AVE,Lower Lonsdale,247.0,0.87,0.0,1,2,44.87,parking_access_score,44.87,Derived; see DATA_SOURCES.md for each contributing layer,"Supply from City layers; occupancy from a City survey, NOT a real-time feed."
253,CNV-INT-0071,ALDER ST / ST. PATRICKS AVE,Lower Lonsdale,279.0,0.895,0.0,1,2,44.06,parking_access_score,44.06,Derived; see DATA_SOURCES.md for each contributing layer,"Supply from City layers; occupancy from a City survey, NOT a real-time feed."
254,CNV-INT-0048,E 6TH ST / MOODY AVE,Moodyville,108.0,0.823,0.0,0,0,43.98,parking_access_score,43.98,Derived; see DATA_SOURCES.md for each contributing layer,"Supply from City layers; occupancy from a City survey, NOT a real-time feed."
255,CNV-INT-0360,FELL AVE / MARINE DR,Marine-Hamilton,101.0,0.831,0.0,0,0,42.92,parking_access_score,42.92,Derived; see DATA_SOURCES.md for each contributing layer,"Supply from City layers; occupancy from a City survey, NOT a real-time feed."
256,CNV-INT-0362,MOSQUITO CREEK LANE / W 14TH ST,Marine-Hamilton,195.0,0.874,0.0,0,0,42.88,parking_access_score,42.88,Derived; see DATA_SOURCES.md for each contributing layer,"Supply from City layers; occupancy from a City survey, NOT a real-time feed."
257,CNV-INT-0346,BEWICKE AVE / MARINE DR / W 3RD ST / W KEITH RD,Marine-Hamilton,159.0,0.868,0.0,0,0,42.82,parking_access_score,42.82,Derived; see DATA_SOURCES.md for each contributing layer,"Supply from City layers; occupancy from a City survey, NOT a real-time feed."
258,CNV-INT-0081,E 6TH ST / ST. DAVIDS AVE,Moodyville,193.0,0.889,0.0,0,0,41.84,parking_access_score,41.84,Derived; see DATA_SOURCES.md for each contributing layer,"Supply from City layers; occupancy from a City survey, NOT a real-time feed."
259,CNV-INT-0034,E 6TH ST / SUTHERLAND AVE,Moodyville,27.0,0.788,0.0,0,0,41.84,parking_access_score,41.84,Derived; see DATA_SOURCES.md for each contributing layer,"Supply from City layers; occupancy from a City survey, NOT a real-time feed."
260,CNV-INT-0359,MARINE DR / W 14TH ST,Marine-Hamilton,159.0,0.9,0.0,0,0,40.83,parking_access_score,40.83,Derived; see DATA_SOURCES.md for each contributing layer,"Supply from City layers; occupancy from a City survey, NOT a real-time feed."
261,CNV-INT-0422,FELL AVE / W 15TH ST,Marine-Hamilton,98.0,0.873,0.0,0,0,40.47,parking_access_score,40.47,Derived; see DATA_SOURCES.md for each contributing layer,"Supply from City layers; occupancy from a City survey, NOT a real-time feed."
262,CNV-INT-0333,FORBES AVE / W 3RD ST,Squamish Nation (Mission IR 1),45.0,0.849,0.0,0,0,38.8,parking_access_score,38.8,Derived; see DATA_SOURCES.md for each contributing layer,"Supply from City layers; occupancy from a City survey, NOT a real-time feed."
263,CNV-INT-0158,E 18TH ST / RIDGEWAY AVE,Grand Boulevard,63.0,0.937,0.0,0,0,36.17,parking_access_score,36.17,Derived; see DATA_SOURCES.md for each contributing layer,"Supply from City layers; occupancy from a City survey, NOT a real-time feed."
264,CNV-INT-0425,FELL AVE / W 16TH ST,Marine-Hamilton,61.0,0.961,0.0,0,0,35.75,parking_access_score,35.75,Derived; see DATA_SOURCES.md for each contributing layer,"Supply from City layers; occupancy from a City survey, NOT a real-time feed."
265,CNV-INT-0430,FELL AVE / TOBRUCK AVE,Marine-Hamilton,24.0,1.15,0.0,0,0,33.0,parking_access_score,33.0,Derived; see DATA_SOURCES.md for each contributing layer,"Supply from City layers; occupancy from a City survey, NOT a real-time feed."
266,CNV-INT-0489,WESTVIEW DR,Mahon,0.0,,0.0,0,0,29.03,parking_access_score,29.03,Derived; see DATA_SOURCES.md for each contributing layer,"Supply from City layers; occupancy from a City survey, NOT a real-time feed."
267,CNV-INT-0490,UPPER LEVELS HWY / WESTVIEW DR,Westview,0.0,,0.0,0,0,29.03,parking_access_score,29.03,Derived; see DATA_SOURCES.md for each contributing layer,"Supply from City layers; occupancy from a City survey, NOT a real-time feed."
268,CNV-INT-0487,JONES AVE / W 28TH ST,Westview,0.0,,0.0,0,0,29.03,parking_access_score,29.03,Derived; see DATA_SOURCES.md for each contributing layer,"Supply from City layers; occupancy from a City survey, NOT a real-time feed."
269,CNV-INT-0486,MAHON AVE / W 28TH ST,Westview,0.0,,0.0,0,0,29.03,parking_access_score,29.03,Derived; see DATA_SOURCES.md for each contributing layer,"Supply from City layers; occupancy from a City survey, NOT a real-time feed."
270,CNV-INT-0491,UPPER LEVELS HWY,Westview,0.0,,0.0,0,0,29.03,parking_access_score,29.03,Derived; see DATA_SOURCES.md for each contributing layer,"Supply from City layers; occupancy from a City survey, NOT a real-time feed."
271,CNV-INT-0492,WESTVIEW DR,Westview,0.0,,0.0,0,0,29.03,parking_access_score,29.03,Derived; see DATA_SOURCES.md for each contributing layer,"Supply from City layers; occupancy from a City survey, NOT a real-time feed."
272,CNV-INT-0493,LARSON RD / W 25TH ST,Westview,0.0,,0.0,0,0,29.03,parking_access_score,29.03,Derived; see DATA_SOURCES.md for each contributing layer,"Supply from City layers; occupancy from a City survey, NOT a real-time feed."
273,CNV-INT-0494,LARSON RD / W 26TH ST,Westview,0.0,,0.0,0,0,29.03,parking_access_score,29.03,Derived; see DATA_SOURCES.md for each contributing layer,"Supply from City layers; occupancy from a City survey, NOT a real-time feed."
274,CNV-INT-0485,JONES AVE / W 27TH ST,Westview,0.0,,0.0,0,0,29.03,parking_access_score,29.03,Derived; see DATA_SOURCES.md for each contributing layer,"Supply from City layers; occupancy from a City survey, NOT a real-time feed."
275,CNV-INT-0484,CHESTERFIELD AVE / W 28TH ST,Westview,0.0,,0.0,0,0,29.03,parking_access_score,29.03,Derived; see DATA_SOURCES.md for each contributing layer,"Supply from City layers; occupancy from a City survey, NOT a real-time feed."
276,CNV-INT-0483,W 27TH ST / WESTERN AVE,Central Lonsdale,0.0,,0.0,0,0,29.03,parking_access_score,29.03,Derived; see DATA_SOURCES.md for each contributing layer,"Supply from City layers; occupancy from a City survey, NOT a real-time feed."
277,CNV-INT-0488,W 23RD ST / W 24TH CL,Mahon,0.0,,0.0,0,0,29.03,parking_access_score,29.03,Derived; see DATA_SOURCES.md for each contributing layer,"Supply from City layers; occupancy from a City survey, NOT a real-time feed."
278,CNV-INT-0495,LARSON RD / W 27TH ST,Westview,0.0,,0.0,0,0,29.03,parking_access_score,29.03,Derived; see DATA_SOURCES.md for each contributing layer,"Supply from City layers; occupancy from a City survey, NOT a real-time feed."
279,CNV-INT-0351,HANES AVE / W 3RD ST,Marine-Hamilton,0.0,,0.0,0,0,29.03,parking_access_score,29.03,Derived; see DATA_SOURCES.md for each contributing layer,"Supply from City layers; occupancy from a City survey, NOT a real-time feed."
280,CNV-INT-0481,E 27TH ST / LONSDALE AVE / W 27TH ST,Central Lonsdale,0.0,,0.0,0,0,29.03,parking_access_score,29.03,Derived; see DATA_SOURCES.md for each contributing layer,"Supply from City layers; occupancy from a City survey, NOT a real-time feed."
281,CNV-INT-0352,MACKAY RD / W 3RD ST,Marine-Hamilton,0.0,,0.0,0,0,29.03,parking_access_score,29.03,Derived; see DATA_SOURCES.md for each contributing layer,"Supply from City layers; occupancy from a City survey, NOT a real-time feed."
282,CNV-INT-0500,W 28TH ST,Westview,0.0,,0.0,0,0,29.03,parking_access_score,29.03,Derived; see DATA_SOURCES.md for each contributing layer,"Supply from City layers; occupancy from a City survey, NOT a real-time feed."
283,CNV-INT-0350,DONAGHY AVE / W 3RD ST,Marine-Hamilton,0.0,,0.0,0,0,29.03,parking_access_score,29.03,Derived; see DATA_SOURCES.md for each contributing layer,"Supply from City layers; occupancy from a City survey, NOT a real-time feed."
284,CNV-INT-0499,LARSON RD / W 28TH ST,Westview,0.0,,0.0,0,0,29.03,parking_access_score,29.03,Derived; see DATA_SOURCES.md for each contributing layer,"Supply from City layers; occupancy from a City survey, NOT a real-time feed."
285,CNV-INT-0501,LARSON RD / W 29TH ST,Westview,0.0,,0.0,0,0,29.03,parking_access_score,29.03,Derived; see DATA_SOURCES.md for each contributing layer,"Supply from City layers; occupancy from a City survey, NOT a real-time feed."
286,CNV-INT-0361,HAMILTON AVE / MACKAY RD,Marine-Hamilton,0.0,,0.0,0,0,29.03,parking_access_score,29.03,Derived; see DATA_SOURCES.md for each contributing layer,"Supply from City layers; occupancy from a City survey, NOT a real-time feed."
287,CNV-INT-0502,W 28TH ST / WESTVIEW DR,Westview,0.0,,0.0,0,0,29.03,parking_access_score,29.03,Derived; see DATA_SOURCES.md for each contributing layer,"Supply from City layers; occupancy from a City survey, NOT a real-time feed."
288,CNV-INT-0347,HANES AVE / W 1ST ST,Marine-Hamilton,0.0,,0.0,0,0,29.03,parking_access_score,29.03,Derived; see DATA_SOURCES.md for each contributing layer,"Supply from City layers; occupancy from a City survey, NOT a real-time feed."
289,CNV-INT-0363,HANES AVE / MARINE DR,Marine-Hamilton,0.0,,0.0,0,0,29.03,parking_access_score,29.03,Derived; see DATA_SOURCES.md for each contributing layer,"Supply from City layers; occupancy from a City survey, NOT a real-time feed."
290,CNV-INT-0364,MARINE DR / W 15TH ST,Marine-Hamilton,0.0,,0.0,0,0,29.03,parking_access_score,29.03,Derived; see DATA_SOURCES.md for each contributing layer,"Supply from City layers; occupancy from a City survey, NOT a real-time feed."
291,CNV-INT-0348,MACKAY RD / W 1ST ST,Marine-Hamilton,0.0,,0.0,0,0,29.03,parking_access_score,29.03,Derived; see DATA_SOURCES.md for each contributing layer,"Supply from City layers; occupancy from a City survey, NOT a real-time feed."
292,CNV-INT-0498,WESTVIEW DR / WESTVIEW PL,Westview,0.0,,0.0,0,0,29.03,parking_access_score,29.03,Derived; see DATA_SOURCES.md for each contributing layer,"Supply from City layers; occupancy from a City survey, NOT a real-time feed."
293,CNV-INT-0497,,Westview,0.0,,0.0,0,0,29.03,parking_access_score,29.03,Derived; see DATA_SOURCES.md for each contributing layer,"Supply from City layers; occupancy from a City survey, NOT a real-time feed."
294,CNV-INT-0496,WESTVIEW CRES / WESTVIEW DR,Westview,0.0,,0.0,0,0,29.03,parking_access_score,29.03,Derived; see DATA_SOURCES.md for each contributing layer,"Supply from City layers; occupancy from a City survey, NOT a real-time feed."
295,CNV-INT-0482,CHESTERFIELD AVE / W 27TH ST,Central Lonsdale,0.0,,0.0,0,0,29.03,parking_access_score,29.03,Derived; see DATA_SOURCES.md for each contributing layer,"Supply from City layers; occupancy from a City survey, NOT a real-time feed."
296,CNV-INT-0463,EDGEMONT BLVD / WESTMORELAND CRES,Marine-Hamilton,0.0,,0.0,0,0,29.03,parking_access_score,29.03,Derived; see DATA_SOURCES.md for each contributing layer,"Supply from City layers; occupancy from a City survey, NOT a real-time feed."
297,CNV-INT-0480,W 26TH ST / WESTERN AVE,Central Lonsdale,0.0,,0.0,0,0,29.03,parking_access_score,29.03,Derived; see DATA_SOURCES.md for each contributing layer,"Supply from City layers; occupancy from a City survey, NOT a real-time feed."
298,CNV-INT-0440,HAMILTON AVE / W 17TH ST,Marine-Hamilton,0.0,,0.0,0,0,29.03,parking_access_score,29.03,Derived; see DATA_SOURCES.md for each contributing layer,"Supply from City layers; occupancy from a City survey, NOT a real-time feed."
299,CNV-INT-0447,LARSON RD / W 20TH ST,Mahon,0.0,,0.0,0,0,29.03,parking_access_score,29.03,Derived; see DATA_SOURCES.md for each contributing layer,"Supply from City layers; occupancy from a City survey, NOT a real-time feed."
300,CNV-INT-0446,W 19TH ST / WESTVIEW DR,Mahon,0.0,,0.0,0,0,29.03,parking_access_score,29.03,Derived; see DATA_SOURCES.md for each contributing layer,"Supply from City layers; occupancy from a City survey, NOT a real-time feed."
301,CNV-INT-0445,LARSON RD / W 19TH ST,Mahon,0.0,,0.0,0,0,29.03,parking_access_score,29.03,Derived; see DATA_SOURCES.md for each contributing layer,"Supply from City layers; occupancy from a City survey, NOT a real-time feed."
302,CNV-INT-0444,CUMBERLAND CRES / W 19TH ST,Marine-Hamilton,0.0,,0.0,0,0,29.03,parking_access_score,29.03,Derived; see DATA_SOURCES.md for each contributing layer,"Supply from City layers; occupancy from a City survey, NOT a real-time feed."
303,CNV-INT-0372,FORBES AVE / W 6TH ST,Squamish Nation (Mission IR 1),0.0,,0.0,0,0,29.03,parking_access_score,29.03,Derived; see DATA_SOURCES.md for each contributing layer,"Supply from City layers; occupancy from a City survey, NOT a real-time feed."
304,CNV-INT-0443,FELL AVE / W 19TH ST,Marine-Hamilton,0.0,,0.0,0,0,29.03,parking_access_score,29.03,Derived; see DATA_SOURCES.md for each contributing layer,"Supply from City layers; occupancy from a City survey, NOT a real-time feed."
305,CNV-INT-0374,FORBES AVE / W 6TH ST,Squamish Nation (Mission IR 1),0.0,,0.0,0,0,29.03,parking_access_score,29.03,Derived; see DATA_SOURCES.md for each contributing layer,"Supply from City layers; occupancy from a City survey, NOT a real-time feed."
306,CNV-INT-0442,MACKAY AVE / W KEITH RD,Marine-Hamilton,0.0,,0.0,0,0,29.03,parking_access_score,29.03,Derived; see DATA_SOURCES.md for each contributing layer,"Supply from City layers; occupancy from a City survey, NOT a real-time feed."
307,CNV-INT-0441,CUMBERLAND CRES / HAMILTON AVE,Marine-Hamilton,0.0,,0.0,0,0,29.03,parking_access_score,29.03,Derived; see DATA_SOURCES.md for each contributing layer,"Supply from City layers; occupancy from a City survey, NOT a real-time feed."
308,CNV-INT-0439,FELL AVE / W 17TH ST,Marine-Hamilton,0.0,,0.0,0,0,29.03,parking_access_score,29.03,Derived; see DATA_SOURCES.md for each contributing layer,"Supply from City layers; occupancy from a City survey, NOT a real-time feed."
309,CNV-INT-0449,W 20TH ST / WOLFE ST,Mahon,0.0,,0.0,0,0,29.03,parking_access_score,29.03,Derived; see DATA_SOURCES.md for each contributing layer,"Supply from City layers; occupancy from a City survey, NOT a real-time feed."
310,CNV-INT-0432,MACKAY AVE / W 17TH ST,Marine-Hamilton,0.0,,0.0,0,0,29.03,parking_access_score,29.03,Derived; see DATA_SOURCES.md for each contributing layer,"Supply from City layers; occupancy from a City survey, NOT a real-time feed."
311,CNV-INT-0431,HAMILTON AVE / TOBRUCK AVE,Marine-Hamilton,0.0,,0.0,0,0,29.03,parking_access_score,29.03,Derived; see DATA_SOURCES.md for each contributing layer,"Supply from City layers; occupancy from a City survey, NOT a real-time feed."
312,CNV-INT-0429,MACKAY RD / MARINE DR,Marine-Hamilton,0.0,,0.0,0,0,29.03,parking_access_score,29.03,Derived; see DATA_SOURCES.md for each contributing layer,"Supply from City layers; occupancy from a City survey, NOT a real-time feed."
313,CNV-INT-0428,MACKAY AVE / MARINE DR,Marine-Hamilton,0.0,,0.0,0,0,29.03,parking_access_score,29.03,Derived; see DATA_SOURCES.md for each contributing layer,"Supply from City layers; occupancy from a City survey, NOT a real-time feed."
314,CNV-INT-0426,HAMILTON AVE / W 16TH ST,Marine-Hamilton,0.0,,0.0,0,0,29.03,parking_access_score,29.03,Derived; see DATA_SOURCES.md for each contributing layer,"Supply from City layers; occupancy from a City survey, NOT a real-time feed."
315,CNV-INT-0424,CHURCHILL CRES / MACKAY RD,Marine-Hamilton,0.0,,0.0,0,0,29.03,parking_access_score,29.03,Derived; see DATA_SOURCES.md for each contributing layer,"Supply from City layers; occupancy from a City survey, NOT a real-time feed."
316,CNV-INT-0423,HAMILTON AVE / MARINE DR / W 16TH ST,Marine-Hamilton,0.0,,0.0,0,0,29.03,parking_access_score,29.03,Derived; see DATA_SOURCES.md for each contributing layer,"Supply from City layers; occupancy from a City survey, NOT a real-time feed."
317,CNV-INT-0421,LARSON RD / W 24TH ST,Mahon,0.0,,0.0,0,0,29.03,parking_access_score,29.03,Derived; see DATA_SOURCES.md for each contributing layer,"Supply from City layers; occupancy from a City survey, NOT a real-time feed."
318,CNV-INT-0344,DELBRUCK AVE / W 3RD ST,Squamish Nation (Mission IR 1),0.0,,0.0,0,0,29.03,parking_access_score,29.03,Derived; see DATA_SOURCES.md for each contributing layer,"Supply from City layers; occupancy from a City survey, NOT a real-time feed."
319,CNV-INT-0448,W 20TH ST / WESTVIEW DR,Mahon,0.0,,0.0,0,0,29.03,parking_access_score,29.03,Derived; see DATA_SOURCES.md for each contributing layer,"Supply from City layers; occupancy from a City survey, NOT a real-time feed."
320,CNV-INT-0450,CARSON CRT / W 20TH ST,Mahon,0.0,,0.0,0,0,29.03,parking_access_score,29.03,Derived; see DATA_SOURCES.md for each contributing layer,"Supply from City layers; occupancy from a City survey, NOT a real-time feed."
321,CNV-INT-0479,MAHON AVE / W 27TH ST,Westview,0.0,,0.0,0,0,29.03,parking_access_score,29.03,Derived; see DATA_SOURCES.md for each contributing layer,"Supply from City layers; occupancy from a City survey, NOT a real-time feed."
322,CNV-INT-0462,EDGEMONT BLVD / W 21ST ST,Marine-Hamilton,0.0,,0.0,0,0,29.03,parking_access_score,29.03,Derived; see DATA_SOURCES.md for each contributing layer,"Supply from City layers; occupancy from a City survey, NOT a real-time feed."
323,CNV-INT-0478,JONES AVE / W 26TH ST,Westview,0.0,,0.0,0,0,29.03,parking_access_score,29.03,Derived; see DATA_SOURCES.md for each contributing layer,"Supply from City layers; occupancy from a City survey, NOT a real-time feed."
324,CNV-INT-0477,CHESTERFIELD AVE / W 26TH ST,Westview,0.0,,0.0,0,0,29.03,parking_access_score,29.03,Derived; see DATA_SOURCES.md for each contributing layer,"Supply from City layers; occupancy from a City survey, NOT a real-time feed."
325,CNV-INT-0476,MAHON AVE / W 26TH ST,Westview,0.0,,0.0,0,0,29.03,parking_access_score,29.03,Derived; see DATA_SOURCES.md for each contributing layer,"Supply from City layers; occupancy from a City survey, NOT a real-time feed."
326,CNV-INT-0469,ALDEN LANE / W 23RD ST,,0.0,,0.0,0,0,29.03,parking_access_score,29.03,Derived; see DATA_SOURCES.md for each contributing layer,"Supply from City layers; occupancy from a City survey, NOT a real-time feed."
327,CNV-INT-0468,W 23RD ST / WESTVIEW DR,Mahon,0.0,,0.0,0,0,29.03,parking_access_score,29.03,Derived; see DATA_SOURCES.md for each contributing layer,"Supply from City layers; occupancy from a City survey, NOT a real-time feed."
328,CNV-INT-0467,ALDEN LANE / WESTMORELAND CRES,Marine-Hamilton,0.0,,0.0,0,0,29.03,parking_access_score,29.03,Derived; see DATA_SOURCES.md for each contributing layer,"Supply from City layers; occupancy from a City survey, NOT a real-time feed."
329,CNV-INT-0466,W 22ND ST / WESTVIEW DR,Mahon,0.0,,0.0,0,0,29.03,parking_access_score,29.03,Derived; see DATA_SOURCES.md for each contributing layer,"Supply from City layers; occupancy from a City survey, NOT a real-time feed."
330,CNV-INT-0465,W 21ST ST / WESTVIEW DR,Mahon,0.0,,0.0,0,0,29.03,parking_access_score,29.03,Derived; see DATA_SOURCES.md for each contributing layer,"Supply from City layers; occupancy from a City survey, NOT a real-time feed."
331,CNV-INT-0464,MACKAY AVE / W 22ND ST,Marine-Hamilton,0.0,,0.0,0,0,29.03,parking_access_score,29.03,Derived; see DATA_SOURCES.md for each contributing layer,"Supply from City layers; occupancy from a City survey, NOT a real-time feed."
332,CNV-INT-0461,HAMILTON AVE / W 21ST ST,Marine-Hamilton,0.0,,0.0,0,0,29.03,parking_access_score,29.03,Derived; see DATA_SOURCES.md for each contributing layer,"Supply from City layers; occupancy from a City survey, NOT a real-time feed."
333,CNV-INT-0451,LARSON RD / W 20TH ST,Mahon,0.0,,0.0,0,0,29.03,parking_access_score,29.03,Derived; see DATA_SOURCES.md for each contributing layer,"Supply from City layers; occupancy from a City survey, NOT a real-time feed."
334,CNV-INT-0460,NEILSON AVE / W 21ST ST,Marine-Hamilton,0.0,,0.0,0,0,29.03,parking_access_score,29.03,Derived; see DATA_SOURCES.md for each contributing layer,"Supply from City layers; occupancy from a City survey, NOT a real-time feed."
335,CNV-INT-0459,FELL AVE / W 21ST ST,Marine-Hamilton,0.0,,0.0,0,0,29.03,parking_access_score,29.03,Derived; see DATA_SOURCES.md for each contributing layer,"Supply from City layers; occupancy from a City survey, NOT a real-time feed."
336,CNV-INT-0458,HAMILTON AVE / W 20TH ST,Marine-Hamilton,0.0,,0.0,0,0,29.03,parking_access_score,29.03,Derived; see DATA_SOURCES.md for each contributing layer,"Supply from City layers; occupancy from a City survey, NOT a real-time feed."
337,CNV-INT-0457,NEILSON AVE / W 20TH ST,Marine-Hamilton,0.0,,0.0,0,0,29.03,parking_access_score,29.03,Derived; see DATA_SOURCES.md for each contributing layer,"Supply from City layers; occupancy from a City survey, NOT a real-time feed."
338,CNV-INT-0456,FELL AVE / W 20TH ST,Marine-Hamilton,0.0,,0.0,0,0,29.03,parking_access_score,29.03,Derived; see DATA_SOURCES.md for each contributing layer,"Supply from City layers; occupancy from a City survey, NOT a real-time feed."
339,CNV-INT-0455,NEILSON AVE / W 19TH ST,Marine-Hamilton,0.0,,0.0,0,0,29.03,parking_access_score,29.03,Derived; see DATA_SOURCES.md for each contributing layer,"Supply from City layers; occupancy from a City survey, NOT a real-time feed."
340,CNV-INT-0454,HAMILTON AVE / W 19TH ST,Marine-Hamilton,0.0,,0.0,0,0,29.03,parking_access_score,29.03,Derived; see DATA_SOURCES.md for each contributing layer,"Supply from City layers; occupancy from a City survey, NOT a real-time feed."
341,CNV-INT-0453,MACKAY AVE / W 19TH ST,Marine-Hamilton,0.0,,0.0,0,0,29.03,parking_access_score,29.03,Derived; see DATA_SOURCES.md for each contributing layer,"Supply from City layers; occupancy from a City survey, NOT a real-time feed."
342,CNV-INT-0452,LARSON RD / W 21ST ST,Mahon,0.0,,0.0,0,0,29.03,parking_access_score,29.03,Derived; see DATA_SOURCES.md for each contributing layer,"Supply from City layers; occupancy from a City survey, NOT a real-time feed."
343,CNV-INT-0001,BROOKSBANK AVE / COTTON RD,Moodyville,0.0,,0.0,0,3,29.03,parking_access_score,29.03,Derived; see DATA_SOURCES.md for each contributing layer,"Supply from City layers; occupancy from a City survey, NOT a real-time feed."
344,CNV-INT-0252,E 26TH ST / ST. GEORGES AVE,Tempe,0.0,,0.0,0,0,29.03,parking_access_score,29.03,Derived; see DATA_SOURCES.md for each contributing layer,"Supply from City layers; occupancy from a City survey, NOT a real-time feed."
345,CNV-INT-0343,MISSION RD / W 4TH ST,Squamish Nation (Mission IR 1),0.0,,0.0,0,0,29.03,parking_access_score,29.03,Derived; see DATA_SOURCES.md for each contributing layer,"Supply from City layers; occupancy from a City survey, NOT a real-time feed."
346,CNV-INT-0095,E 8TH ST / MOODY AVE,Grand Boulevard,0.0,,0.0,0,0,29.03,parking_access_score,29.03,Derived; see DATA_SOURCES.md for each contributing layer,"Supply from City layers; occupancy from a City survey, NOT a real-time feed."
347,CNV-INT-0116,E 12TH ST / MOODY AVE,Grand Boulevard,0.0,,0.0,0,2,29.03,parking_access_score,29.03,Derived; see DATA_SOURCES.md for each contributing layer,"Supply from City layers; occupancy from a City survey, NOT a real-time feed."
348,CNV-INT-0115,E 12TH ST / W GRAND BLVD,Grand Boulevard,0.0,,0.0,0,2,29.03,parking_access_score,29.03,Derived; see DATA_SOURCES.md for each contributing layer,"Supply from City layers; occupancy from a City survey, NOT a real-time feed."
349,CNV-INT-0113,E 11TH ST / MOODY AVE,Grand Boulevard,0.0,,0.0,0,0,29.03,parking_access_score,29.03,Derived; see DATA_SOURCES.md for each contributing layer,"Supply from City layers; occupancy from a City survey, NOT a real-time feed."
350,CNV-INT-0112,E 11TH ST / W GRAND BLVD,Grand Boulevard,0.0,,0.0,0,0,29.03,parking_access_score,29.03,Derived; see DATA_SOURCES.md for each contributing layer,"Supply from City layers; occupancy from a City survey, NOT a real-time feed."
351,CNV-INT-0111,E 10TH ST / MOODY AVE,Grand Boulevard,0.0,,0.0,0,0,29.03,parking_access_score,29.03,Derived; see DATA_SOURCES.md for each contributing layer,"Supply from City layers; occupancy from a City survey, NOT a real-time feed."
352,CNV-INT-0110,E 10TH ST / W GRAND BLVD,Grand Boulevard,0.0,,0.0,0,0,29.03,parking_access_score,29.03,Derived; see DATA_SOURCES.md for each contributing layer,"Supply from City layers; occupancy from a City survey, NOT a real-time feed."
353,CNV-INT-0097,E 9TH ST / MOODY AVE,Grand Boulevard,0.0,,0.0,0,0,29.03,parking_access_score,29.03,Derived; see DATA_SOURCES.md for each contributing layer,"Supply from City layers; occupancy from a City survey, NOT a real-time feed."
354,CNV-INT-0094,E 8TH ST / W GRAND BLVD,Grand Boulevard,0.0,,0.0,0,0,29.03,parking_access_score,29.03,Derived; see DATA_SOURCES.md for each contributing layer,"Supply from City layers; occupancy from a City survey, NOT a real-time feed."
355,CNV-INT-0126,E 14TH ST / RUFUS AVE,,0.0,,0.0,0,0,29.03,parking_access_score,29.03,Derived; see DATA_SOURCES.md for each contributing layer,"Supply from City layers; occupancy from a City survey, NOT a real-time feed."
356,CNV-INT-0093,LYON PL / MOODY AVE,Grand Boulevard,0.0,,0.0,0,0,29.03,parking_access_score,29.03,Derived; see DATA_SOURCES.md for each contributing layer,"Supply from City layers; occupancy from a City survey, NOT a real-time feed."
357,CNV-INT-0092,LYON PL / RIDGEWAY AVE,Central Lonsdale,0.0,,0.0,0,0,29.03,parking_access_score,29.03,Derived; see DATA_SOURCES.md for each contributing layer,"Supply from City layers; occupancy from a City survey, NOT a real-time feed."
358,CNV-INT-0090,E KEITH RD / RIDGEWAY AVE,Central Lonsdale,0.0,,0.0,0,0,29.03,parking_access_score,29.03,Derived; see DATA_SOURCES.md for each contributing layer,"Supply from City layers; occupancy from a City survey, NOT a real-time feed."
359,CNV-INT-0064,E 11TH ST / E GRAND BLVD,Grand Boulevard,0.0,,0.0,0,0,29.03,parking_access_score,29.03,Derived; see DATA_SOURCES.md for each contributing layer,"Supply from City layers; occupancy from a City survey, NOT a real-time feed."
360,CNV-INT-0063,E 10TH ST / E GRAND BLVD,Grand Boulevard,0.0,,0.0,0,0,29.03,parking_access_score,29.03,Derived; see DATA_SOURCES.md for each contributing layer,"Supply from City layers; occupancy from a City survey, NOT a real-time feed."
361,CNV-INT-0062,E 9TH ST / W GRAND BLVD,Grand Boulevard,0.0,,0.0,0,0,29.03,parking_access_score,29.03,Derived; see DATA_SOURCES.md for each contributing layer,"Supply from City layers; occupancy from a City survey, NOT a real-time feed."
362,CNV-INT-0061,E 9TH ST / E GRAND BLVD,Grand Boulevard,0.0,,0.0,0,0,29.03,parking_access_score,29.03,Derived; see DATA_SOURCES.md for each contributing layer,"Supply from City layers; occupancy from a City survey, NOT a real-time feed."
363,CNV-INT-0125,E 14TH ST / WILLIAM AVE,,0.0,,0.0,0,0,29.03,parking_access_score,29.03,Derived; see DATA_SOURCES.md for each contributing layer,"Supply from City layers; occupancy from a City survey, NOT a real-time feed."
364,CNV-INT-0127,E 14TH ST / SUTHERLAND AVE,Grand Boulevard,0.0,,0.0,0,0,29.03,parking_access_score,29.03,Derived; see DATA_SOURCES.md for each contributing layer,"Supply from City layers; occupancy from a City survey, NOT a real-time feed."
365,CNV-INT-0059,E 8TH ST / E GRAND BLVD,Grand Boulevard,0.0,,0.0,0,0,29.03,parking_access_score,29.03,Derived; see DATA_SOURCES.md for each contributing layer,"Supply from City layers; occupancy from a City survey, NOT a real-time feed."
366,CNV-INT-0137,E 15TH ST / W GRAND BLVD,Grand Boulevard,0.0,,0.0,0,2,29.03,parking_access_score,29.03,Derived; see DATA_SOURCES.md for each contributing layer,"Supply from City layers; occupancy from a City survey, NOT a real-time feed."
367,CNV-INT-0144,UPPER LEVELS HWY / UPPER LEVELS RAMP,Grand Boulevard,0.0,,0.0,0,0,29.03,parking_access_score,29.03,Derived; see DATA_SOURCES.md for each contributing layer,"Supply from City layers; occupancy from a City survey, NOT a real-time feed."
368,CNV-INT-0143,E 17TH ST / WILLIAM AVE,Grand Boulevard,0.0,,0.0,0,0,29.03,parking_access_score,29.03,Derived; see DATA_SOURCES.md for each contributing layer,"Supply from City layers; occupancy from a City survey, NOT a real-time feed."
369,CNV-INT-0142,E 17TH ST / RUFUS AVE,Grand Boulevard,0.0,,0.0,0,0,29.03,parking_access_score,29.03,Derived; see DATA_SOURCES.md for each contributing layer,"Supply from City layers; occupancy from a City survey, NOT a real-time feed."
370,CNV-INT-0141,E 16TH ST / WILLIAM AVE,Grand Boulevard,0.0,,0.0,0,0,29.03,parking_access_score,29.03,Derived; see DATA_SOURCES.md for each contributing layer,"Supply from City layers; occupancy from a City survey, NOT a real-time feed."
371,CNV-INT-0140,E 16TH ST / RUFUS AVE,Grand Boulevard,0.0,,0.0,0,0,29.03,parking_access_score,29.03,Derived; see DATA_SOURCES.md for each contributing layer,"Supply from City layers; occupancy from a City survey, NOT a real-time feed."
372,CNV-INT-0139,E 16TH ST / E GRAND BLVD,Grand Boulevard,0.0,,0.0,0,0,29.03,parking_access_score,29.03,Derived; see DATA_SOURCES.md for each contributing layer,"Supply from City layers; occupancy from a City survey, NOT a real-time feed."
373,CNV-INT-0138,E 16TH ST / SUTHERLAND AVE,Grand Boulevard,0.0,,0.0,0,0,29.03,parking_access_score,29.03,Derived; see DATA_SOURCES.md for each contributing layer,"Supply from City layers; occupancy from a City survey, NOT a real-time feed."
374,CNV-INT-0136,E 15TH ST / E GRAND BLVD,Grand Boulevard,0.0,,0.0,0,0,29.03,parking_access_score,29.03,Derived; see DATA_SOURCES.md for each contributing layer,"Supply from City layers; occupancy from a City survey, NOT a real-time feed."
375,CNV-INT-0128,E 15TH ST / RUFUS AVE,Grand Boulevard,0.0,,0.0,0,0,29.03,parking_access_score,29.03,Derived; see DATA_SOURCES.md for each contributing layer,"Supply from City layers; occupancy from a City survey, NOT a real-time feed."
376,CNV-INT-0135,E 15TH ST / SUTHERLAND AVE,Grand Boulevard,0.0,,0.0,0,0,29.03,parking_access_score,29.03,Derived; see DATA_SOURCES.md for each contributing layer,"Supply from City layers; occupancy from a City survey, NOT a real-time feed."
377,CNV-INT-0134,E 14TH ST / SUTHERLAND AVE,Grand Boulevard,0.0,,0.0,0,0,29.03,parking_access_score,29.03,Derived; see DATA_SOURCES.md for each contributing layer,"Supply from City layers; occupancy from a City survey, NOT a real-time feed."
378,CNV-INT-0133,E 14TH ST / E GRAND BLVD,Grand Boulevard,0.0,,0.0,0,2,29.03,parking_access_score,29.03,Derived; see DATA_SOURCES.md for each contributing layer,"Supply from City layers; occupancy from a City survey, NOT a real-time feed."
379,CNV-INT-0132,E 13TH ST / W GRAND BLVD,Grand Boulevard,0.0,,0.0,0,2,29.03,parking_access_score,29.03,Derived; see DATA_SOURCES.md for each contributing layer,"Supply from City layers; occupancy from a City survey, NOT a real-time feed."
380,CNV-INT-0131,E 13TH ST / E GRAND BLVD,Grand Boulevard,0.0,,0.0,0,2,29.03,parking_access_score,29.03,Derived; see DATA_SOURCES.md for each contributing layer,"Supply from City layers; occupancy from a City survey, NOT a real-time feed."
381,CNV-INT-0130,E 12TH ST / E GRAND BLVD,Grand Boulevard,0.0,,0.0,0,0,29.03,parking_access_score,29.03,Derived; see DATA_SOURCES.md for each contributing layer,"Supply from City layers; occupancy from a City survey, NOT a real-time feed."
382,CNV-INT-0129,E 15TH ST / WILLIAM AVE,Grand Boulevard,0.0,,0.0,0,0,29.03,parking_access_score,29.03,Derived; see DATA_SOURCES.md for each contributing layer,"Supply from City layers; occupancy from a City survey, NOT a real-time feed."
383,CNV-INT-0060,E 9TH ST / SUTHERLAND AVE,,0.0,,0.0,0,0,29.03,parking_access_score,29.03,Derived; see DATA_SOURCES.md for each contributing layer,"Supply from City layers; occupancy from a City survey, NOT a real-time feed."
384,CNV-INT-0058,E 8TH ST / SUTHERLAND AVE,,0.0,,0.0,0,0,29.03,parking_access_score,29.03,Derived; see DATA_SOURCES.md for each contributing layer,"Supply from City layers; occupancy from a City survey, NOT a real-time feed."
385,CNV-INT-0146,E 17TH ST / E GRAND BLVD,Grand Boulevard,0.0,,0.0,0,0,29.03,parking_access_score,29.03,Derived; see DATA_SOURCES.md for each contributing layer,"Supply from City layers; occupancy from a City survey, NOT a real-time feed."
386,CNV-INT-0011,E 3RD ST / KENNARD AVE,Moodyville,0.0,,0.0,0,1,29.03,parking_access_score,29.03,Derived; see DATA_SOURCES.md for each contributing layer,"Supply from City layers; occupancy from a City survey, NOT a real-time feed."
387,CNV-INT-0018,E 4TH ST / HEYWOOD ST,Moodyville,0.0,,0.0,0,1,29.03,parking_access_score,29.03,Derived; see DATA_SOURCES.md for each contributing layer,"Supply from City layers; occupancy from a City survey, NOT a real-time feed."
388,CNV-INT-0017,E 4TH ST / KENNARD AVE,Moodyville,0.0,,0.0,0,1,29.03,parking_access_score,29.03,Derived; see DATA_SOURCES.md for each contributing layer,"Supply from City layers; occupancy from a City survey, NOT a real-time feed."
389,CNV-INT-0016,BROOKSBANK AVE / E 4TH ST,Moodyville,0.0,,0.0,0,3,29.03,parking_access_score,29.03,Derived; see DATA_SOURCES.md for each contributing layer,"Supply from City layers; occupancy from a City survey, NOT a real-time feed."
390,CNV-INT-0015,E 4TH ST / GLADSTONE AVE,Moodyville,0.0,,0.0,0,1,29.03,parking_access_score,29.03,Derived; see DATA_SOURCES.md for each contributing layer,"Supply from City layers; occupancy from a City survey, NOT a real-time feed."
391,CNV-INT-0014,HEYWOOD ST,Moodyville,0.0,,0.0,0,0,29.03,parking_access_score,29.03,Derived; see DATA_SOURCES.md for each contributing layer,"Supply from City layers; occupancy from a City survey, NOT a real-time feed."
392,CNV-INT-0013,E 3RD ST / HEYWOOD ST,Moodyville,0.0,,0.0,0,1,29.03,parking_access_score,29.03,Derived; see DATA_SOURCES.md for each contributing layer,"Supply from City layers; occupancy from a City survey, NOT a real-time feed."
393,CNV-INT-0012,E 3RD ST / HEYWOOD ST,Moodyville,0.0,,0.0,0,0,29.03,parking_access_score,29.03,Derived; see DATA_SOURCES.md for each contributing layer,"Supply from City layers; occupancy from a City survey, NOT a real-time feed."
394,CNV-INT-0010,E 3RD ST,Moodyville,0.0,,0.0,0,1,29.03,parking_access_score,29.03,Derived; see DATA_SOURCES.md for each contributing layer,"Supply from City layers; occupancy from a City survey, NOT a real-time feed."
395,CNV-INT-0021,HENDRY AVE / SHAVINGTON ST,Moodyville,0.0,,0.0,0,0,29.03,parking_access_score,29.03,Derived; see DATA_SOURCES.md for each contributing layer,"Supply from City layers; occupancy from a City survey, NOT a real-time feed."
396,CNV-INT-0009,COTTON RD / E 3RD ST,Moodyville,0.0,,0.0,0,1,29.03,parking_access_score,29.03,Derived; see DATA_SOURCES.md for each contributing layer,"Supply from City layers; occupancy from a City survey, NOT a real-time feed."
397,CNV-INT-0008,COTTON RD / E 3RD ST / LOW LEVEL RD,Moodyville,0.0,,0.0,0,1,29.03,parking_access_score,29.03,Derived; see DATA_SOURCES.md for each contributing layer,"Supply from City layers; occupancy from a City survey, NOT a real-time feed."
398,CNV-INT-0007,COTTON RD / E 3RD ST / LOW LEVEL RD,Moodyville,0.0,,0.0,0,1,29.03,parking_access_score,29.03,Derived; see DATA_SOURCES.md for each contributing layer,"Supply from City layers; occupancy from a City survey, NOT a real-time feed."
399,CNV-INT-0006,LOW LEVEL RD,Moodyville,0.0,,0.0,0,1,29.03,parking_access_score,29.03,Derived; see DATA_SOURCES.md for each contributing layer,"Supply from City layers; occupancy from a City survey, NOT a real-time feed."
400,CNV-INT-0005,COTTON RD,Moodyville,0.0,,0.0,0,1,29.03,parking_access_score,29.03,Derived; see DATA_SOURCES.md for each contributing layer,"Supply from City layers; occupancy from a City survey, NOT a real-time feed."
401,CNV-INT-0004,BROOKSBANK AVE / E 3RD ST,Moodyville,0.0,,0.0,0,3,29.03,parking_access_score,29.03,Derived; see DATA_SOURCES.md for each contributing layer,"Supply from City layers; occupancy from a City survey, NOT a real-time feed."
402,CNV-INT-0003,COTTON RD / GLADSTONE AVE,Moodyville,0.0,,0.0,0,1,29.03,parking_access_score,29.03,Derived; see DATA_SOURCES.md for each contributing layer,"Supply from City layers; occupancy from a City survey, NOT a real-time feed."
403,CNV-INT-0019,E 4TH ST / HENDRY AVE,Moodyville,0.0,,0.0,0,0,29.03,parking_access_score,29.03,Derived; see DATA_SOURCES.md for each contributing layer,"Supply from City layers; occupancy from a City survey, NOT a real-time feed."
404,CNV-INT-0036,E 7TH ST / SUTHERLAND AVE,Moodyville,0.0,,0.0,0,0,29.03,parking_access_score,29.03,Derived; see DATA_SOURCES.md for each contributing layer,"Supply from City layers; occupancy from a City survey, NOT a real-time feed."
405,CNV-INT-0057,E GRAND BLVD / E KEITH RD,Moodyville,0.0,,0.0,0,0,29.03,parking_access_score,29.03,Derived; see DATA_SOURCES.md for each contributing layer,"Supply from City layers; occupancy from a City survey, NOT a real-time feed."
406,CNV-INT-0046,ADDERLEY ST / E KEITH RD,,0.0,,0.0,0,0,29.03,parking_access_score,29.03,Derived; see DATA_SOURCES.md for each contributing layer,"Supply from City layers; occupancy from a City survey, NOT a real-time feed."
407,CNV-INT-0056,E KEITH RD / QUEENSBURY AVE,Moodyville,0.0,,0.0,0,0,29.03,parking_access_score,29.03,Derived; see DATA_SOURCES.md for each contributing layer,"Supply from City layers; occupancy from a City survey, NOT a real-time feed."
408,CNV-INT-0055,E KEITH RD / RIDGEWAY AVE,Grand Boulevard,0.0,,0.0,0,0,29.03,parking_access_score,29.03,Derived; see DATA_SOURCES.md for each contributing layer,"Supply from City layers; occupancy from a City survey, NOT a real-time feed."
409,CNV-INT-0054,E KEITH RD / W GRAND BLVD,Moodyville,0.0,,0.0,0,0,29.03,parking_access_score,29.03,Derived; see DATA_SOURCES.md for each contributing layer,"Supply from City layers; occupancy from a City survey, NOT a real-time feed."
410,CNV-INT-0053,E KEITH RD / MOODY AVE,Grand Boulevard,0.0,,0.0,0,0,29.03,parking_access_score,29.03,Derived; see DATA_SOURCES.md for each contributing layer,"Supply from City layers; occupancy from a City survey, NOT a real-time feed."
411,CNV-INT-0052,E 7TH ST / RIDGEWAY AVE,Moodyville,0.0,,0.0,0,0,29.03,parking_access_score,29.03,Derived; see DATA_SOURCES.md for each contributing layer,"Supply from City layers; occupancy from a City survey, NOT a real-time feed."
412,CNV-INT-0051,E 7TH ST / QUEENSBURY AVE,Moodyville,0.0,,0.0,0,0,29.03,parking_access_score,29.03,Derived; see DATA_SOURCES.md for each contributing layer,"Supply from City layers; occupancy from a City survey, NOT a real-time feed."
413,CNV-INT-0050,E 7TH ST / MOODY AVE,Moodyville,0.0,,0.0,0,0,29.03,parking_access_score,29.03,Derived; see DATA_SOURCES.md for each contributing layer,"Supply from City layers; occupancy from a City survey, NOT a real-time feed."
414,CNV-INT-0045,CLOVERLEY ST / E KEITH RD,,0.0,,0.0,0,0,29.03,parking_access_score,29.03,Derived; see DATA_SOURCES.md for each contributing layer,"Supply from City layers; occupancy from a City survey, NOT a real-time feed."
415,CNV-INT-0037,BROOKSBANK AVE / E 5TH ST,Moodyville,0.0,,0.0,0,3,29.03,parking_access_score,29.03,Derived; see DATA_SOURCES.md for each contributing layer,"Supply from City layers; occupancy from a City survey, NOT a real-time feed."
416,CNV-INT-0044,ADDERLEY ST / E 7TH ST / HENDRY AVE,Moodyville,0.0,,0.0,0,0,29.03,parking_access_score,29.03,Derived; see DATA_SOURCES.md for each contributing layer,"Supply from City layers; occupancy from a City survey, NOT a real-time feed."
417,CNV-INT-0043,CLOVERLEY ST / KENNARD AVE,Moodyville,0.0,,0.0,0,0,29.03,parking_access_score,29.03,Derived; see DATA_SOURCES.md for each contributing layer,"Supply from City layers; occupancy from a City survey, NOT a real-time feed."
418,CNV-INT-0042,E KEITH RD / HEYWOOD ST,,0.0,,0.0,0,0,29.03,parking_access_score,29.03,Derived; see DATA_SOURCES.md for each contributing layer,"Supply from City layers; occupancy from a City survey, NOT a real-time feed."
419,CNV-INT-0041,E 6TH ST / HENDRY AVE,Moodyville,0.0,,0.0,0,0,29.03,parking_access_score,29.03,Derived; see DATA_SOURCES.md for each contributing layer,"Supply from City layers; occupancy from a City survey, NOT a real-time feed."
420,CNV-INT-0040,CLOVERLEY ST / HENDRY AVE,Moodyville,0.0,,0.0,0,0,29.03,parking_access_score,29.03,Derived; see DATA_SOURCES.md for each contributing layer,"Supply from City layers; occupancy from a City survey, NOT a real-time feed."
421,CNV-INT-0039,KENNARD AVE / SHAVINGTON ST,Moodyville,0.0,,0.0,0,0,29.03,parking_access_score,29.03,Derived; see DATA_SOURCES.md for each contributing layer,"Supply from City layers; occupancy from a City survey, NOT a real-time feed."
422,CNV-INT-0038,E 5TH ST / HENDRY AVE,Moodyville,0.0,,0.0,0,0,29.03,parking_access_score,29.03,Derived; see DATA_SOURCES.md for each contributing layer,"Supply from City layers; occupancy from a City survey, NOT a real-time feed."
423,CNV-INT-0145,E 17TH ST / SUTHERLAND AVE,Grand Boulevard,0.0,,0.0,0,0,29.03,parking_access_score,29.03,Derived; see DATA_SOURCES.md for each contributing layer,"Supply from City layers; occupancy from a City survey, NOT a real-time feed."
424,CNV-INT-0147,E 16TH ST / W GRAND BLVD,Grand Boulevard,0.0,,0.0,0,0,29.03,parking_access_score,29.03,Derived; see DATA_SOURCES.md for each contributing layer,"Supply from City layers; occupancy from a City survey, NOT a real-time feed."
425,CNV-INT-0341,MISSION RD / W 3RD ST,Squamish Nation (Mission IR 1),0.0,,0.0,0,0,29.03,parking_access_score,29.03,Derived; see DATA_SOURCES.md for each contributing layer,"Supply from City layers; occupancy from a City survey, NOT a real-time feed."
426,CNV-INT-0251,E 26TH ST / ST. GEORGES AVE,Tempe,0.0,,0.0,0,0,29.03,parking_access_score,29.03,Derived; see DATA_SOURCES.md for each contributing layer,"Supply from City layers; occupancy from a City survey, NOT a real-time feed."
427,CNV-INT-0314,FELL AVE / HARBOURSIDE PL,Marine-Hamilton,0.0,,0.0,0,1,29.03,parking_access_score,29.03,Derived; see DATA_SOURCES.md for each contributing layer,"Supply from City layers; occupancy from a City survey, NOT a real-time feed."
428,CNV-INT-0257,E 28TH ST / ST. GEORGES AVE,Tempe,0.0,,0.0,0,0,29.03,parking_access_score,29.03,Derived; see DATA_SOURCES.md for each contributing layer,"Supply from City layers; occupancy from a City survey, NOT a real-time feed."
429,CNV-INT-0256,E 27TH ST / EASTERN AVE,Tempe,0.0,,0.0,0,0,29.03,parking_access_score,29.03,Derived; see DATA_SOURCES.md for each contributing layer,"Supply from City layers; occupancy from a City survey, NOT a real-time feed."
430,CNV-INT-0255,E 28TH ST / ST. ANDREWS AVE,Tempe,0.0,,0.0,0,0,29.03,parking_access_score,29.03,Derived; see DATA_SOURCES.md for each contributing layer,"Supply from City layers; occupancy from a City survey, NOT a real-time feed."
431,CNV-INT-0254,E 27TH ST / ST. GEORGES AVE,Tempe,0.0,,0.0,0,0,29.03,parking_access_score,29.03,Derived; see DATA_SOURCES.md for each contributing layer,"Supply from City layers; occupancy from a City survey, NOT a real-time feed."
432,CNV-INT-0253,E 26TH ST / LONSDALE AVE,Central Lonsdale,0.0,,0.0,0,0,29.03,parking_access_score,29.03,Derived; see DATA_SOURCES.md for each contributing layer,"Supply from City layers; occupancy from a City survey, NOT a real-time feed."
433,CNV-INT-0002,LOW LEVEL RD,Moodyville,0.0,,0.0,0,0,29.03,parking_access_score,29.03,Derived; see DATA_SOURCES.md for each contributing layer,"Supply from City layers; occupancy from a City survey, NOT a real-time feed."
434,CNV-INT-0247,E 28TH ST / ST. ANDREWS AVE,Tempe,0.0,,0.0,0,0,29.03,parking_access_score,29.03,Derived; see DATA_SOURCES.md for each contributing layer,"Supply from City layers; occupancy from a City survey, NOT a real-time feed."
435,CNV-INT-0316,HARBOURSIDE DR / HARBOURSIDE PL,Marine-Hamilton,0.0,,0.0,0,0,29.03,parking_access_score,29.03,Derived; see DATA_SOURCES.md for each contributing layer,"Supply from City layers; occupancy from a City survey, NOT a real-time feed."
436,CNV-INT-0246,E 27TH ST / ST. ANDREWS AVE,Tempe,0.0,,0.0,0,0,29.03,parking_access_score,29.03,Derived; see DATA_SOURCES.md for each contributing layer,"Supply from City layers; occupancy from a City survey, NOT a real-time feed."
437,CNV-INT-0245,E 26TH ST / ST. ANDREWS AVE,Tempe,0.0,,0.0,0,1,29.03,parking_access_score,29.03,Derived; see DATA_SOURCES.md for each contributing layer,"Supply from City layers; occupancy from a City survey, NOT a real-time feed."
438,CNV-INT-0243,MUNDAY PL / TEMPE GLEN DR,Tempe,0.0,,0.0,0,0,29.03,parking_access_score,29.03,Derived; see DATA_SOURCES.md for each contributing layer,"Supply from City layers; occupancy from a City survey, NOT a real-time feed."
439,CNV-INT-0242,TEMPE GLEN DR / TEMPE KNOLL DR,Tempe,0.0,,0.0,0,0,29.03,parking_access_score,29.03,Derived; see DATA_SOURCES.md for each contributing layer,"Supply from City layers; occupancy from a City survey, NOT a real-time feed."
440,CNV-INT-0241,MUNDAY PL / TEMPE GLEN DR,Tempe,0.0,,0.0,0,0,29.03,parking_access_score,29.03,Derived; see DATA_SOURCES.md for each contributing layer,"Supply from City layers; occupancy from a City survey, NOT a real-time feed."
441,CNV-INT-0240,26TH CRES / TEMPE KNOLL DR,Tempe,0.0,,0.0,0,0,29.03,parking_access_score,29.03,Derived; see DATA_SOURCES.md for each contributing layer,"Supply from City layers; occupancy from a City survey, NOT a real-time feed."
442,CNV-INT-0239,WEYMOUTH DR / WILDING WAY,Tempe,0.0,,0.0,0,0,29.03,parking_access_score,29.03,Derived; see DATA_SOURCES.md for each contributing layer,"Supply from City layers; occupancy from a City survey, NOT a real-time feed."
443,CNV-INT-0315,FELL AVE / HARBOUR WAY,Marine-Hamilton,0.0,,0.0,0,1,29.03,parking_access_score,29.03,Derived; see DATA_SOURCES.md for each contributing layer,"Supply from City layers; occupancy from a City survey, NOT a real-time feed."
444,CNV-INT-0317,HARBOUR WAY / HARBOURSIDE DR,Marine-Hamilton,0.0,,0.0,0,1,29.03,parking_access_score,29.03,Derived; see DATA_SOURCES.md for each contributing layer,"Supply from City layers; occupancy from a City survey, NOT a real-time feed."
445,CNV-INT-0237,E 27TH ST / TEMPE CRES,Tempe,0.0,,0.0,0,0,29.03,parking_access_score,29.03,Derived; see DATA_SOURCES.md for each contributing layer,"Supply from City layers; occupancy from a City survey, NOT a real-time feed."
446,CNV-INT-0329,AUTOMALL DR,Marine-Hamilton,0.0,,0.0,0,0,29.03,parking_access_score,29.03,Derived; see DATA_SOURCES.md for each contributing layer,"Supply from City layers; occupancy from a City survey, NOT a real-time feed."
447,CNV-INT-0340,DELBRUCK AVE / W 1ST ST,Squamish Nation (Mission IR 1),0.0,,0.0,0,0,29.03,parking_access_score,29.03,Derived; see DATA_SOURCES.md for each contributing layer,"Supply from City layers; occupancy from a City survey, NOT a real-time feed."
448,CNV-INT-0339,MISSION RD / W 2ND ST,Squamish Nation (Mission IR 1),0.0,,0.0,0,0,29.03,parking_access_score,29.03,Derived; see DATA_SOURCES.md for each contributing layer,"Supply from City layers; occupancy from a City survey, NOT a real-time feed."
449,CNV-INT-0338,DELBRUCK AVE / W ESPLANADE,Squamish Nation (Mission IR 1),0.0,,0.0,0,0,29.03,parking_access_score,29.03,Derived; see DATA_SOURCES.md for each contributing layer,"Supply from City layers; occupancy from a City survey, NOT a real-time feed."
450,CNV-INT-0335,FORBES AVE / W 4TH ST,Squamish Nation (Mission IR 1),0.0,,0.0,0,0,29.03,parking_access_score,29.03,Derived; see DATA_SOURCES.md for each contributing layer,"Supply from City layers; occupancy from a City survey, NOT a real-time feed."
451,CNV-INT-0332,DONAGHY AVE / W 1ST ST,Marine-Hamilton,0.0,,0.0,0,0,29.03,parking_access_score,29.03,Derived; see DATA_SOURCES.md for each contributing layer,"Supply from City layers; occupancy from a City survey, NOT a real-time feed."
452,CNV-INT-0331,FELL AVE / W 1ST ST / W 2ND ST,Marine-Hamilton,0.0,,0.0,0,0,29.03,parking_access_score,29.03,Derived; see DATA_SOURCES.md for each contributing layer,"Supply from City layers; occupancy from a City survey, NOT a real-time feed."
453,CNV-INT-0330,AUTOMALL DR,Marine-Hamilton,0.0,,0.0,0,0,29.03,parking_access_score,29.03,Derived; see DATA_SOURCES.md for each contributing layer,"Supply from City layers; occupancy from a City survey, NOT a real-time feed."
454,CNV-INT-0328,AUTOMALL DR,Marine-Hamilton,0.0,,0.0,0,0,29.03,parking_access_score,29.03,Derived; see DATA_SOURCES.md for each contributing layer,"Supply from City layers; occupancy from a City survey, NOT a real-time feed."
455,CNV-INT-0318,FELL AVE / HARBOURSIDE DR,Marine-Hamilton,0.0,,0.0,0,1,29.03,parking_access_score,29.03,Derived; see DATA_SOURCES.md for each contributing layer,"Supply from City layers; occupancy from a City survey, NOT a real-time feed."
456,CNV-INT-0327,AUTOMALL DR / FELL AVE,Marine-Hamilton,0.0,,0.0,0,0,29.03,parking_access_score,29.03,Derived; see DATA_SOURCES.md for each contributing layer,"Supply from City layers; occupancy from a City survey, NOT a real-time feed."
457,CNV-INT-0326,MISSION RD / W 1ST ST,Squamish Nation (Mission IR 1),0.0,,0.0,0,0,29.03,parking_access_score,29.03,Derived; see DATA_SOURCES.md for each contributing layer,"Supply from City layers; occupancy from a City survey, NOT a real-time feed."
458,CNV-INT-0325,COPPING ST / GOSTICK PL,Marine-Hamilton,0.0,,0.0,0,1,29.03,parking_access_score,29.03,Derived; see DATA_SOURCES.md for each contributing layer,"Supply from City layers; occupancy from a City survey, NOT a real-time feed."
459,CNV-INT-0324,W 1ST ST / W 2ND ST,Squamish Nation (Mission IR 1),0.0,,0.0,0,0,29.03,parking_access_score,29.03,Derived; see DATA_SOURCES.md for each contributing layer,"Supply from City layers; occupancy from a City survey, NOT a real-time feed."
460,CNV-INT-0323,BEWICKE AVE / COPPING ST,Marine-Hamilton,0.0,,0.0,0,1,29.03,parking_access_score,29.03,Derived; see DATA_SOURCES.md for each contributing layer,"Supply from City layers; occupancy from a City survey, NOT a real-time feed."
461,CNV-INT-0322,MISSION RD / W ESPLANADE,Squamish Nation (Mission IR 1),0.0,,0.0,0,0,29.03,parking_access_score,29.03,Derived; see DATA_SOURCES.md for each contributing layer,"Supply from City layers; occupancy from a City survey, NOT a real-time feed."
462,CNV-INT-0319,GOSTICK PL / HARBOURSIDE DR,Marine-Hamilton,0.0,,0.0,0,1,29.03,parking_access_score,29.03,Derived; see DATA_SOURCES.md for each contributing layer,"Supply from City layers; occupancy from a City survey, NOT a real-time feed."
463,CNV-INT-0238,MAITLAND AVE / SOMERSET ST,Tempe,0.0,,0.0,0,0,29.03,parking_access_score,29.03,Derived; see DATA_SOURCES.md for each contributing layer,"Supply from City layers; occupancy from a City survey, NOT a real-time feed."
464,CNV-INT-0236,BRAND ST / MAITLAND AVE,Tempe,0.0,,0.0,0,0,29.03,parking_access_score,29.03,Derived; see DATA_SOURCES.md for each contributing layer,"Supply from City layers; occupancy from a City survey, NOT a real-time feed."
465,CNV-INT-0148,E 17TH ST / W GRAND BLVD,Grand Boulevard,0.0,,0.0,0,0,29.03,parking_access_score,29.03,Derived; see DATA_SOURCES.md for each contributing layer,"Supply from City layers; occupancy from a City survey, NOT a real-time feed."
466,CNV-INT-0157,E 18TH ST / MOODY AVE,Grand Boulevard,0.0,,0.0,0,0,29.03,parking_access_score,29.03,Derived; see DATA_SOURCES.md for each contributing layer,"Supply from City layers; occupancy from a City survey, NOT a real-time feed."
467,CNV-INT-0166,UPPER LEVELS RAMP,Grand Boulevard,0.0,,0.0,0,0,29.03,parking_access_score,29.03,Derived; see DATA_SOURCES.md for each contributing layer,"Supply from City layers; occupancy from a City survey, NOT a real-time feed."
468,CNV-INT-0165,BOULEVARD CRES / E 21ST ST / UPPER LEVELS RAMP,Grand Boulevard,0.0,,0.0,0,0,29.03,parking_access_score,29.03,Derived; see DATA_SOURCES.md for each contributing layer,"Supply from City layers; occupancy from a City survey, NOT a real-time feed."
469,CNV-INT-0164,BOULEVARD CRES / E 19TH ST / E GRAND BLVD,Grand Boulevard,0.0,,0.0,0,0,29.03,parking_access_score,29.03,Derived; see DATA_SOURCES.md for each contributing layer,"Supply from City layers; occupancy from a City survey, NOT a real-time feed."
470,CNV-INT-0163,E 20TH ST / MOODY AVE,Grand Boulevard,0.0,,0.0,0,0,29.03,parking_access_score,29.03,Derived; see DATA_SOURCES.md for each contributing layer,"Supply from City layers; occupancy from a City survey, NOT a real-time feed."
471,CNV-INT-0162,E 20TH ST / QUEENSBURY AVE,Grand Boulevard,0.0,,0.0,0,0,29.03,parking_access_score,29.03,Derived; see DATA_SOURCES.md for each contributing layer,"Supply from City layers; occupancy from a City survey, NOT a real-time feed."
472,CNV-INT-0160,E 19TH ST / QUEENSBURY AVE / W GRAND BLVD,Grand Boulevard,0.0,,0.0,0,0,29.03,parking_access_score,29.03,Derived; see DATA_SOURCES.md for each contributing layer,"Supply from City layers; occupancy from a City survey, NOT a real-time feed."
473,CNV-INT-0159,E 19TH ST / GRAND BLVD / MOODY AVE,Grand Boulevard,0.0,,0.0,0,0,29.03,parking_access_score,29.03,Derived; see DATA_SOURCES.md for each contributing layer,"Supply from City layers; occupancy from a City survey, NOT a real-time feed."
474,CNV-INT-0156,CASANO DR / RUFUS DR,Cedar Village,0.0,,0.0,0,0,29.03,parking_access_score,29.03,Derived; see DATA_SOURCES.md for each contributing layer,"Supply from City layers; occupancy from a City survey, NOT a real-time feed."
475,CNV-INT-0168,BOULEVARD CRES / SUTHERLAND AVE / UPPER LEVELS RAMP,Grand Boulevard,0.0,,0.0,0,0,29.03,parking_access_score,29.03,Derived; see DATA_SOURCES.md for each contributing layer,"Supply from City layers; occupancy from a City survey, NOT a real-time feed."
476,CNV-INT-0155,CEDAR VILLAGE CL / CEDAR VILLAGE CRES,Cedar Village,0.0,,0.0,0,0,29.03,parking_access_score,29.03,Derived; see DATA_SOURCES.md for each contributing layer,"Supply from City layers; occupancy from a City survey, NOT a real-time feed."
477,CNV-INT-0154,E 18TH ST / WILLIAM AVE,Grand Boulevard,0.0,,0.0,0,0,29.03,parking_access_score,29.03,Derived; see DATA_SOURCES.md for each contributing layer,"Supply from City layers; occupancy from a City survey, NOT a real-time feed."
478,CNV-INT-0153,CEDAR VILLAGE CRES / RUFUS DR,Cedar Village,0.0,,0.0,0,0,29.03,parking_access_score,29.03,Derived; see DATA_SOURCES.md for each contributing layer,"Supply from City layers; occupancy from a City survey, NOT a real-time feed."
479,CNV-INT-0152,E 19TH ST / SUTHERLAND AVE,Grand Boulevard,0.0,,0.0,0,0,29.03,parking_access_score,29.03,Derived; see DATA_SOURCES.md for each contributing layer,"Supply from City layers; occupancy from a City survey, NOT a real-time feed."
480,CNV-INT-0151,E 18TH ST / W GRAND BLVD,Grand Boulevard,0.0,,0.0,0,0,29.03,parking_access_score,29.03,Derived; see DATA_SOURCES.md for each contributing layer,"Supply from City layers; occupancy from a City survey, NOT a real-time feed."
481,CNV-INT-0150,E 18TH ST / E GRAND BLVD,Grand Boulevard,0.0,,0.0,0,0,29.03,parking_access_score,29.03,Derived; see DATA_SOURCES.md for each contributing layer,"Supply from City layers; occupancy from a City survey, NOT a real-time feed."
482,CNV-INT-0149,E 18TH ST / SUTHERLAND AVE,Grand Boulevard,0.0,,0.0,0,0,29.03,parking_access_score,29.03,Derived; see DATA_SOURCES.md for each contributing layer,"Supply from City layers; occupancy from a City survey, NOT a real-time feed."
483,CNV-INT-0167,UPPER LEVELS RAMP,Grand Boulevard,0.0,,0.0,0,0,29.03,parking_access_score,29.03,Derived; see DATA_SOURCES.md for each contributing layer,"Supply from City layers; occupancy from a City survey, NOT a real-time feed."
484,CNV-INT-0170,E 21ST ST / QUEENSBURY AVE,Grand Boulevard,0.0,,0.0,0,0,29.03,parking_access_score,29.03,Derived; see DATA_SOURCES.md for each contributing layer,"Supply from City layers; occupancy from a City survey, NOT a real-time feed."
485,CNV-INT-0235,MAITLAND AVE / TEMPE CRES,Tempe,0.0,,0.0,0,0,29.03,parking_access_score,29.03,Derived; see DATA_SOURCES.md for each contributing layer,"Supply from City layers; occupancy from a City survey, NOT a real-time feed."
486,CNV-INT-0198,E 16TH ST / MOODY AVE,Grand Boulevard,0.0,,0.0,0,0,29.03,parking_access_score,29.03,Derived; see DATA_SOURCES.md for each contributing layer,"Supply from City layers; occupancy from a City survey, NOT a real-time feed."
487,CNV-INT-0234,E 26TH ST / RIDGEWAY AVE,Tempe,0.0,,0.0,0,0,29.03,parking_access_score,29.03,Derived; see DATA_SOURCES.md for each contributing layer,"Supply from City layers; occupancy from a City survey, NOT a real-time feed."
488,CNV-INT-0233,TEMPE GLEN DR / TEMPE KNOLL DR,Tempe,0.0,,0.0,0,0,29.03,parking_access_score,29.03,Derived; see DATA_SOURCES.md for each contributing layer,"Supply from City layers; occupancy from a City survey, NOT a real-time feed."
489,CNV-INT-0232,E 25TH ST / RIDGEWAY AVE,Tempe,0.0,,0.0,0,0,29.03,parking_access_score,29.03,Derived; see DATA_SOURCES.md for each contributing layer,"Supply from City layers; occupancy from a City survey, NOT a real-time feed."
490,CNV-INT-0231,E 24TH ST / RIDGEWAY AVE,Grand Boulevard,0.0,,0.0,0,0,29.03,parking_access_score,29.03,Derived; see DATA_SOURCES.md for each contributing layer,"Supply from City layers; occupancy from a City survey, NOT a real-time feed."
491,CNV-INT-0230,26TH CRES / E 26TH ST / WILDING WAY,Tempe,0.0,,0.0,0,0,29.03,parking_access_score,29.03,Derived; see DATA_SOURCES.md for each contributing layer,"Supply from City layers; occupancy from a City survey, NOT a real-time feed."
492,CNV-INT-0229,VINEDALE RD / WILDING PL / WILDING WAY,Tempe,0.0,,0.0,0,0,29.03,parking_access_score,29.03,Derived; see DATA_SOURCES.md for each contributing layer,"Supply from City layers; occupancy from a City survey, NOT a real-time feed."
493,CNV-INT-0199,E 17TH ST / MOODY AVE,Grand Boulevard,0.0,,0.0,0,0,29.03,parking_access_score,29.03,Derived; see DATA_SOURCES.md for each contributing layer,"Supply from City layers; occupancy from a City survey, NOT a real-time feed."
494,CNV-INT-0186,E 15TH ST / MOODY AVE,Grand Boulevard,0.0,,0.0,0,2,29.03,parking_access_score,29.03,Derived; see DATA_SOURCES.md for each contributing layer,"Supply from City layers; occupancy from a City survey, NOT a real-time feed."
495,CNV-INT-0171,E 21ST ST / MOODY AVE,Grand Boulevard,0.0,,0.0,0,0,29.03,parking_access_score,29.03,Derived; see DATA_SOURCES.md for each contributing layer,"Supply from City layers; occupancy from a City survey, NOT a real-time feed."
496,CNV-INT-0184,E 14TH ST / MOODY AVE,Grand Boulevard,0.0,,0.0,0,2,29.03,parking_access_score,29.03,Derived; see DATA_SOURCES.md for each contributing layer,"Supply from City layers; occupancy from a City survey, NOT a real-time feed."
497,CNV-INT-0179,TEMPE KNOLL DR / WILDING WAY,Tempe,0.0,,0.0,0,0,29.03,parking_access_score,29.03,Derived; see DATA_SOURCES.md for each contributing layer,"Supply from City layers; occupancy from a City survey, NOT a real-time feed."
498,CNV-INT-0178,E 22ND ST / SUTHERLAND AVE,Grand Boulevard,0.0,,0.0,0,0,29.03,parking_access_score,29.03,Derived; see DATA_SOURCES.md for each contributing layer,"Supply from City layers; occupancy from a City survey, NOT a real-time feed."
499,CNV-INT-0177,BOULEVARD CRES / LYNN VALLEY RD / UPPER LEVELS HWY,Tempe,0.0,,0.0,0,0,29.03,parking_access_score,29.03,Derived; see DATA_SOURCES.md for each contributing layer,"Supply from City layers; occupancy from a City survey, NOT a real-time feed."
500,CNV-INT-0174,E 22ND ST / QUEENSBURY AVE,Grand Boulevard,0.0,,0.0,0,0,29.03,parking_access_score,29.03,Derived; see DATA_SOURCES.md for each contributing layer,"Supply from City layers; occupancy from a City survey, NOT a real-time feed."
501,CNV-INT-0173,E 22ND ST / MOODY AVE,Grand Boulevard,0.0,,0.0,0,0,29.03,parking_access_score,29.03,Derived; see DATA_SOURCES.md for each contributing layer,"Supply from City layers; occupancy from a City survey, NOT a real-time feed."
502,CNV-INT-0172,E 23RD ST / GRAND BLVD,Grand Boulevard,0.0,,0.0,0,0,29.03,parking_access_score,29.03,Derived; see DATA_SOURCES.md for each contributing layer,"Supply from City layers; occupancy from a City survey, NOT a real-time feed."
503,CNV-INT-0503,WESTVIEW CRES / WESTVIEW DR,Westview,0.0,,0.0,0,0,29.03,parking_access_score,29.03,Derived; see DATA_SOURCES.md for each contributing layer,"Supply from City layers; occupancy from a City survey, NOT a real-time feed."
