rank,intersection_id,street_names,neighbourhood,collision_count,collision_data_available,safety_score,metric,value,source,methodology_note
1,CNV-INT-0360,FELL AVE / MARINE DR,Marine-Hamilton,189.0,True,0.0,collision_count,189.0,Derived; see DATA_SOURCES.md for each contributing layer,"ICBC crash counts name-matched to CNV intersections. Intersections without a match are unknown, not zero."
2,CNV-INT-0423,HAMILTON AVE / MARINE DR / W 16TH ST,Marine-Hamilton,126.0,True,0.38,collision_count,126.0,Derived; see DATA_SOURCES.md for each contributing layer,"ICBC crash counts name-matched to CNV intersections. Intersections without a match are unknown, not zero."
3,CNV-INT-0385,E 15TH ST / LONSDALE AVE / W 15TH ST,Central Lonsdale,104.0,True,0.76,collision_count,104.0,Derived; see DATA_SOURCES.md for each contributing layer,"ICBC crash counts name-matched to CNV intersections. Intersections without a match are unknown, not zero."
4,CNV-INT-0273,E 3RD ST / LONSDALE AVE / W 3RD ST,Lower Lonsdale,102.0,True,1.15,collision_count,102.0,Derived; see DATA_SOURCES.md for each contributing layer,"ICBC crash counts name-matched to CNV intersections. Intersections without a match are unknown, not zero."
5,CNV-INT-0222,E 23RD ST / LONSDALE AVE / W 23RD ST,Central Lonsdale,96.0,True,1.53,collision_count,96.0,Derived; see DATA_SOURCES.md for each contributing layer,"ICBC crash counts name-matched to CNV intersections. Intersections without a match are unknown, not zero."
6,CNV-INT-0188,E 13TH ST / LONSDALE AVE / W 13TH ST,Central Lonsdale,85.0,True,1.91,collision_count,85.0,Derived; see DATA_SOURCES.md for each contributing layer,"ICBC crash counts name-matched to CNV intersections. Intersections without a match are unknown, not zero."
7,CNV-INT-0405,E 21ST ST / LONSDALE AVE / W 21ST ST,Central Lonsdale,76.0,True,2.29,collision_count,76.0,Derived; see DATA_SOURCES.md for each contributing layer,"ICBC crash counts name-matched to CNV intersections. Intersections without a match are unknown, not zero."
8,CNV-INT-0001,BROOKSBANK AVE / COTTON RD,Moodyville,74.0,True,2.86,collision_count,74.0,Derived; see DATA_SOURCES.md for each contributing layer,"ICBC crash counts name-matched to CNV intersections. Intersections without a match are unknown, not zero."
9,CNV-INT-0389,E 17TH ST / LONSDALE AVE / W 17TH ST,Central Lonsdale,74.0,True,2.86,collision_count,74.0,Derived; see DATA_SOURCES.md for each contributing layer,"ICBC crash counts name-matched to CNV intersections. Intersections without a match are unknown, not zero."
10,CNV-INT-0428,MACKAY AVE / MARINE DR,Marine-Hamilton,69.0,True,3.63,collision_count,69.0,Derived; see DATA_SOURCES.md for each contributing layer,"ICBC crash counts name-matched to CNV intersections. Intersections without a match are unknown, not zero."
11,CNV-INT-0331,FELL AVE / W 1ST ST / W 2ND ST,Marine-Hamilton,69.0,True,3.63,collision_count,69.0,Derived; see DATA_SOURCES.md for each contributing layer,"ICBC crash counts name-matched to CNV intersections. Intersections without a match are unknown, not zero."
12,CNV-INT-0290,CHESTERFIELD AVE / W 3RD ST,Lower Lonsdale,67.0,True,4.2,collision_count,67.0,Derived; see DATA_SOURCES.md for each contributing layer,"ICBC crash counts name-matched to CNV intersections. Intersections without a match are unknown, not zero."
13,CNV-INT-0212,E 20TH ST / LONSDALE AVE / W 20TH ST,Central Lonsdale,65.0,True,4.58,collision_count,65.0,Derived; see DATA_SOURCES.md for each contributing layer,"ICBC crash counts name-matched to CNV intersections. Intersections without a match are unknown, not zero."
14,CNV-INT-0209,E 19TH ST / LONSDALE AVE / W 19TH ST,Central Lonsdale,59.0,True,5.15,collision_count,59.0,Derived; see DATA_SOURCES.md for each contributing layer,"ICBC crash counts name-matched to CNV intersections. Intersections without a match are unknown, not zero."
15,CNV-INT-0003,COTTON RD / GLADSTONE AVE,Moodyville,59.0,True,5.15,collision_count,59.0,Derived; see DATA_SOURCES.md for each contributing layer,"ICBC crash counts name-matched to CNV intersections. Intersections without a match are unknown, not zero."
16,CNV-INT-0387,LONSDALE AVE / W 16TH ST,Central Lonsdale,56.0,True,6.11,collision_count,56.0,Derived; see DATA_SOURCES.md for each contributing layer,"ICBC crash counts name-matched to CNV intersections. Intersections without a match are unknown, not zero."
17,CNV-INT-0333,FORBES AVE / W 3RD ST,Squamish Nation (Mission IR 1),56.0,True,6.11,collision_count,56.0,Derived; see DATA_SOURCES.md for each contributing layer,"ICBC crash counts name-matched to CNV intersections. Intersections without a match are unknown, not zero."
18,CNV-INT-0438,FIR ST / LARSON RD / WESTVIEW DR,Mahon,56.0,True,6.11,collision_count,56.0,Derived; see DATA_SOURCES.md for each contributing layer,"ICBC crash counts name-matched to CNV intersections. Intersections without a match are unknown, not zero."
19,CNV-INT-0425,FELL AVE / W 16TH ST,Marine-Hamilton,54.0,True,6.87,collision_count,54.0,Derived; see DATA_SOURCES.md for each contributing layer,"ICBC crash counts name-matched to CNV intersections. Intersections without a match are unknown, not zero."
20,CNV-INT-0383,E 14TH ST / LONSDALE AVE,Central Lonsdale,53.0,True,7.25,collision_count,53.0,Derived; see DATA_SOURCES.md for each contributing layer,"ICBC crash counts name-matched to CNV intersections. Intersections without a match are unknown, not zero."
21,CNV-INT-0376,CHESTERFIELD AVE / W 13TH ST,Central Lonsdale,52.0,True,7.82,collision_count,52.0,Derived; see DATA_SOURCES.md for each contributing layer,"ICBC crash counts name-matched to CNV intersections. Intersections without a match are unknown, not zero."
22,CNV-INT-0358,BEWICKE AVE / W 16TH ST,Marine-Hamilton,52.0,True,7.82,collision_count,52.0,Derived; see DATA_SOURCES.md for each contributing layer,"ICBC crash counts name-matched to CNV intersections. Intersections without a match are unknown, not zero."
23,CNV-INT-0206,E 18TH ST / LONSDALE AVE / W 18TH ST,Central Lonsdale,46.0,True,8.59,collision_count,46.0,Derived; see DATA_SOURCES.md for each contributing layer,"ICBC crash counts name-matched to CNV intersections. Intersections without a match are unknown, not zero."
24,CNV-INT-0266,E ESPLANADE / LONSDALE AVE / W ESPLANADE,Lower Lonsdale,46.0,True,8.59,collision_count,46.0,Derived; see DATA_SOURCES.md for each contributing layer,"ICBC crash counts name-matched to CNV intersections. Intersections without a match are unknown, not zero."
25,CNV-INT-0270,E 1ST ST / LONSDALE AVE / W 1ST ST,Lower Lonsdale,42.0,True,9.35,collision_count,42.0,Derived; see DATA_SOURCES.md for each contributing layer,"ICBC crash counts name-matched to CNV intersections. Intersections without a match are unknown, not zero."
26,CNV-INT-0187,E 13TH ST / ST. GEORGES AVE,Central Lonsdale,42.0,True,9.35,collision_count,42.0,Derived; see DATA_SOURCES.md for each contributing layer,"ICBC crash counts name-matched to CNV intersections. Intersections without a match are unknown, not zero."
27,CNV-INT-0301,E KEITH RD / LONSDALE AVE / W KEITH RD,Lower Lonsdale,41.0,True,9.92,collision_count,41.0,Derived; see DATA_SOURCES.md for each contributing layer,"ICBC crash counts name-matched to CNV intersections. Intersections without a match are unknown, not zero."
28,CNV-INT-0366,JONES AVE / W KEITH RD,Lower Lonsdale,38.0,True,10.31,collision_count,38.0,Derived; see DATA_SOURCES.md for each contributing layer,"ICBC crash counts name-matched to CNV intersections. Intersections without a match are unknown, not zero."
29,CNV-INT-0481,E 27TH ST / LONSDALE AVE / W 27TH ST,Central Lonsdale,35.0,True,10.69,collision_count,35.0,Derived; see DATA_SOURCES.md for each contributing layer,"ICBC crash counts name-matched to CNV intersections. Intersections without a match are unknown, not zero."
30,CNV-INT-0261,E 3RD ST / ST. GEORGES AVE,Lower Lonsdale,34.0,True,11.07,collision_count,34.0,Derived; see DATA_SOURCES.md for each contributing layer,"ICBC crash counts name-matched to CNV intersections. Intersections without a match are unknown, not zero."
31,CNV-INT-0272,E 2ND ST / LONSDALE AVE / W 2ND ST,Lower Lonsdale,31.0,True,11.64,collision_count,31.0,Derived; see DATA_SOURCES.md for each contributing layer,"ICBC crash counts name-matched to CNV intersections. Intersections without a match are unknown, not zero."
32,CNV-INT-0056,E KEITH RD / QUEENSBURY AVE,Moodyville,31.0,True,11.64,collision_count,31.0,Derived; see DATA_SOURCES.md for each contributing layer,"ICBC crash counts name-matched to CNV intersections. Intersections without a match are unknown, not zero."
33,CNV-INT-0190,E 15TH ST / ST. GEORGES AVE,Central Lonsdale,30.0,True,12.6,collision_count,30.0,Derived; see DATA_SOURCES.md for each contributing layer,"ICBC crash counts name-matched to CNV intersections. Intersections without a match are unknown, not zero."
34,CNV-INT-0496,WESTVIEW CRES / WESTVIEW DR,Westview,30.0,True,12.6,collision_count,30.0,Derived; see DATA_SOURCES.md for each contributing layer,"ICBC crash counts name-matched to CNV intersections. Intersections without a match are unknown, not zero."
35,CNV-INT-0279,CHESTERFIELD AVE / W 1ST ST,Lower Lonsdale,30.0,True,12.6,collision_count,30.0,Derived; see DATA_SOURCES.md for each contributing layer,"ICBC crash counts name-matched to CNV intersections. Intersections without a match are unknown, not zero."
36,CNV-INT-0087,E KEITH RD / ST. ANDREWS AVE,Lower Lonsdale,29.0,True,13.36,collision_count,29.0,Derived; see DATA_SOURCES.md for each contributing layer,"ICBC crash counts name-matched to CNV intersections. Intersections without a match are unknown, not zero."
37,CNV-INT-0221,E 23RD ST / ST. GEORGES AVE,Central Lonsdale,28.0,True,14.31,collision_count,28.0,Derived; see DATA_SOURCES.md for each contributing layer,"ICBC crash counts name-matched to CNV intersections. Intersections without a match are unknown, not zero."
38,CNV-INT-0101,E KEITH RD / ST. GEORGES AVE,Lower Lonsdale,28.0,True,14.31,collision_count,28.0,Derived; see DATA_SOURCES.md for each contributing layer,"ICBC crash counts name-matched to CNV intersections. Intersections without a match are unknown, not zero."
39,CNV-INT-0342,BEWICKE AVE / W 2ND ST,Marine-Hamilton,28.0,True,14.31,collision_count,28.0,Derived; see DATA_SOURCES.md for each contributing layer,"ICBC crash counts name-matched to CNV intersections. Intersections without a match are unknown, not zero."
40,CNV-INT-0082,E 3RD ST / ST. ANDREWS AVE,Lower Lonsdale,28.0,True,14.31,collision_count,28.0,Derived; see DATA_SOURCES.md for each contributing layer,"ICBC crash counts name-matched to CNV intersections. Intersections without a match are unknown, not zero."
41,CNV-INT-0395,CHESTERFIELD AVE / W 19TH ST,Central Lonsdale,27.0,True,15.46,collision_count,27.0,Derived; see DATA_SOURCES.md for each contributing layer,"ICBC crash counts name-matched to CNV intersections. Intersections without a match are unknown, not zero."
42,CNV-INT-0277,CHESTERFIELD AVE / W ESPLANADE,Lower Lonsdale,27.0,True,15.46,collision_count,27.0,Derived; see DATA_SOURCES.md for each contributing layer,"ICBC crash counts name-matched to CNV intersections. Intersections without a match are unknown, not zero."
43,CNV-INT-0202,E 17TH ST / ST. GEORGES AVE,Central Lonsdale,26.0,True,16.03,collision_count,26.0,Derived; see DATA_SOURCES.md for each contributing layer,"ICBC crash counts name-matched to CNV intersections. Intersections without a match are unknown, not zero."
44,CNV-INT-0281,E 4TH ST / LONSDALE AVE / W 4TH ST,Lower Lonsdale,25.0,True,16.6,collision_count,25.0,Derived; see DATA_SOURCES.md for each contributing layer,"ICBC crash counts name-matched to CNV intersections. Intersections without a match are unknown, not zero."
45,CNV-INT-0415,JONES AVE / LARSON CRES / W 23RD ST,Mahon,25.0,True,16.6,collision_count,25.0,Derived; see DATA_SOURCES.md for each contributing layer,"ICBC crash counts name-matched to CNV intersections. Intersections without a match are unknown, not zero."
46,CNV-INT-0263,E ESPLANADE / ST. GEORGES AVE,Lower Lonsdale,24.0,True,17.37,collision_count,24.0,Derived; see DATA_SOURCES.md for each contributing layer,"ICBC crash counts name-matched to CNV intersections. Intersections without a match are unknown, not zero."
47,CNV-INT-0388,CHESTERFIELD AVE / W 16TH ST,Central Lonsdale,24.0,True,17.37,collision_count,24.0,Derived; see DATA_SOURCES.md for each contributing layer,"ICBC crash counts name-matched to CNV intersections. Intersections without a match are unknown, not zero."
48,CNV-INT-0213,E 21ST ST / ST. GEORGES AVE,Central Lonsdale,23.0,True,18.13,collision_count,23.0,Derived; see DATA_SOURCES.md for each contributing layer,"ICBC crash counts name-matched to CNV intersections. Intersections without a match are unknown, not zero."
49,CNV-INT-0347,HANES AVE / W 1ST ST,Marine-Hamilton,23.0,True,18.13,collision_count,23.0,Derived; see DATA_SOURCES.md for each contributing layer,"ICBC crash counts name-matched to CNV intersections. Intersections without a match are unknown, not zero."
50,CNV-INT-0207,E 19TH ST / ST. GEORGES AVE,Central Lonsdale,22.0,True,19.27,collision_count,22.0,Derived; see DATA_SOURCES.md for each contributing layer,"ICBC crash counts name-matched to CNV intersections. Intersections without a match are unknown, not zero."
51,CNV-INT-0159,E 19TH ST / GRAND BLVD / MOODY AVE,Grand Boulevard,22.0,True,19.27,collision_count,22.0,Derived; see DATA_SOURCES.md for each contributing layer,"ICBC crash counts name-matched to CNV intersections. Intersections without a match are unknown, not zero."
52,CNV-INT-0053,E KEITH RD / MOODY AVE,Grand Boulevard,22.0,True,19.27,collision_count,22.0,Derived; see DATA_SOURCES.md for each contributing layer,"ICBC crash counts name-matched to CNV intersections. Intersections without a match are unknown, not zero."
53,CNV-INT-0124,E 12TH ST / LONSDALE AVE / W 12TH ST,Central Lonsdale,22.0,True,19.27,collision_count,22.0,Derived; see DATA_SOURCES.md for each contributing layer,"ICBC crash counts name-matched to CNV intersections. Intersections without a match are unknown, not zero."
54,CNV-INT-0353,FORBES AVE / W KEITH RD,Marine-Hamilton,21.0,True,20.23,collision_count,21.0,Derived; see DATA_SOURCES.md for each contributing layer,"ICBC crash counts name-matched to CNV intersections. Intersections without a match are unknown, not zero."
55,CNV-INT-0409,CHESTERFIELD AVE / W 23RD ST,Central Lonsdale,20.0,True,20.99,collision_count,20.0,Derived; see DATA_SOURCES.md for each contributing layer,"ICBC crash counts name-matched to CNV intersections. Intersections without a match are unknown, not zero."
56,CNV-INT-0309,CHESTERFIELD AVE / W KEITH RD,Lower Lonsdale,20.0,True,20.99,collision_count,20.0,Derived; see DATA_SOURCES.md for each contributing layer,"ICBC crash counts name-matched to CNV intersections. Intersections without a match are unknown, not zero."
57,CNV-INT-0349,FELL AVE / W 3RD ST,Marine-Hamilton,20.0,True,20.99,collision_count,20.0,Derived; see DATA_SOURCES.md for each contributing layer,"ICBC crash counts name-matched to CNV intersections. Intersections without a match are unknown, not zero."
58,CNV-INT-0026,E 3RD ST / QUEENSBURY AVE,Moodyville,19.0,True,22.14,collision_count,19.0,Derived; see DATA_SOURCES.md for each contributing layer,"ICBC crash counts name-matched to CNV intersections. Intersections without a match are unknown, not zero."
59,CNV-INT-0287,CHESTERFIELD AVE / W 2ND ST,Lower Lonsdale,19.0,True,22.14,collision_count,19.0,Derived; see DATA_SOURCES.md for each contributing layer,"ICBC crash counts name-matched to CNV intersections. Intersections without a match are unknown, not zero."
60,CNV-INT-0299,MAHON AVE / W 3RD ST,Lower Lonsdale,19.0,True,22.14,collision_count,19.0,Derived; see DATA_SOURCES.md for each contributing layer,"ICBC crash counts name-matched to CNV intersections. Intersections without a match are unknown, not zero."
61,CNV-INT-0386,CHESTERFIELD AVE / W 15TH ST,Central Lonsdale,18.0,True,23.47,collision_count,18.0,Derived; see DATA_SOURCES.md for each contributing layer,"ICBC crash counts name-matched to CNV intersections. Intersections without a match are unknown, not zero."
62,CNV-INT-0429,MACKAY RD / MARINE DR,Marine-Hamilton,18.0,True,23.47,collision_count,18.0,Derived; see DATA_SOURCES.md for each contributing layer,"ICBC crash counts name-matched to CNV intersections. Intersections without a match are unknown, not zero."
63,CNV-INT-0259,E 1ST ST / ST. GEORGES AVE,Lower Lonsdale,18.0,True,23.47,collision_count,18.0,Derived; see DATA_SOURCES.md for each contributing layer,"ICBC crash counts name-matched to CNV intersections. Intersections without a match are unknown, not zero."
64,CNV-INT-0210,E 20TH ST / ST. GEORGES AVE,Central Lonsdale,18.0,True,23.47,collision_count,18.0,Derived; see DATA_SOURCES.md for each contributing layer,"ICBC crash counts name-matched to CNV intersections. Intersections without a match are unknown, not zero."
65,CNV-INT-0332,DONAGHY AVE / W 1ST ST,Marine-Hamilton,17.0,True,25.0,collision_count,17.0,Derived; see DATA_SOURCES.md for each contributing layer,"ICBC crash counts name-matched to CNV intersections. Intersections without a match are unknown, not zero."
66,CNV-INT-0045,CLOVERLEY ST / E KEITH RD,,17.0,True,25.0,collision_count,17.0,Derived; see DATA_SOURCES.md for each contributing layer,"ICBC crash counts name-matched to CNV intersections. Intersections without a match are unknown, not zero."
67,CNV-INT-0390,CHESTERFIELD AVE / W 17TH ST,Central Lonsdale,17.0,True,25.0,collision_count,17.0,Derived; see DATA_SOURCES.md for each contributing layer,"ICBC crash counts name-matched to CNV intersections. Intersections without a match are unknown, not zero."
68,CNV-INT-0004,BROOKSBANK AVE / E 3RD ST,Moodyville,17.0,True,25.0,collision_count,17.0,Derived; see DATA_SOURCES.md for each contributing layer,"ICBC crash counts name-matched to CNV intersections. Intersections without a match are unknown, not zero."
69,CNV-INT-0121,E 11TH ST / LONSDALE AVE / W 8TH ST,Lower Lonsdale,16.0,True,26.15,collision_count,16.0,Derived; see DATA_SOURCES.md for each contributing layer,"ICBC crash counts name-matched to CNV intersections. Intersections without a match are unknown, not zero."
70,CNV-INT-0122,E 12TH ST / ST. GEORGES AVE,Central Lonsdale,16.0,True,26.15,collision_count,16.0,Derived; see DATA_SOURCES.md for each contributing layer,"ICBC crash counts name-matched to CNV intersections. Intersections without a match are unknown, not zero."
71,CNV-INT-0341,MISSION RD / W 3RD ST,Squamish Nation (Mission IR 1),15.0,True,26.91,collision_count,15.0,Derived; see DATA_SOURCES.md for each contributing layer,"ICBC crash counts name-matched to CNV intersections. Intersections without a match are unknown, not zero."
72,CNV-INT-0282,E 5TH ST / LONSDALE AVE / W 5TH ST,Lower Lonsdale,15.0,True,26.91,collision_count,15.0,Derived; see DATA_SOURCES.md for each contributing layer,"ICBC crash counts name-matched to CNV intersections. Intersections without a match are unknown, not zero."
73,CNV-INT-0348,MACKAY RD / W 1ST ST,Marine-Hamilton,14.0,True,28.44,collision_count,14.0,Derived; see DATA_SOURCES.md for each contributing layer,"ICBC crash counts name-matched to CNV intersections. Intersections without a match are unknown, not zero."
74,CNV-INT-0191,E 15TH ST / ST. ANDREWS AVE,Central Lonsdale,14.0,True,28.44,collision_count,14.0,Derived; see DATA_SOURCES.md for each contributing layer,"ICBC crash counts name-matched to CNV intersections. Intersections without a match are unknown, not zero."
75,CNV-INT-0264,VICTORY SHIP WAY / WALLACE MEWS,Lower Lonsdale,14.0,True,28.44,collision_count,14.0,Derived; see DATA_SOURCES.md for each contributing layer,"ICBC crash counts name-matched to CNV intersections. Intersections without a match are unknown, not zero."
76,CNV-INT-0025,E 3RD ST / MOODY AVE,Moodyville,14.0,True,28.44,collision_count,14.0,Derived; see DATA_SOURCES.md for each contributing layer,"ICBC crash counts name-matched to CNV intersections. Intersections without a match are unknown, not zero."
77,CNV-INT-0192,E 15TH ST / EASTERN AVE,Central Lonsdale,14.0,True,28.44,collision_count,14.0,Derived; see DATA_SOURCES.md for each contributing layer,"ICBC crash counts name-matched to CNV intersections. Intersections without a match are unknown, not zero."
78,CNV-INT-0407,LONSDALE AVE / W 22ND ST,Central Lonsdale,14.0,True,28.44,collision_count,14.0,Derived; see DATA_SOURCES.md for each contributing layer,"ICBC crash counts name-matched to CNV intersections. Intersections without a match are unknown, not zero."
79,CNV-INT-0267,LONSDALE AVE / VICTORY SHIP WAY,Lower Lonsdale,13.0,True,29.96,collision_count,13.0,Derived; see DATA_SOURCES.md for each contributing layer,"ICBC crash counts name-matched to CNV intersections. Intersections without a match are unknown, not zero."
80,CNV-INT-0055,E KEITH RD / RIDGEWAY AVE,Grand Boulevard,13.0,True,29.96,collision_count,13.0,Derived; see DATA_SOURCES.md for each contributing layer,"ICBC crash counts name-matched to CNV intersections. Intersections without a match are unknown, not zero."
81,CNV-INT-0260,E 2ND ST / ST. GEORGES AVE,Lower Lonsdale,12.0,True,31.3,collision_count,12.0,Derived; see DATA_SOURCES.md for each contributing layer,"ICBC crash counts name-matched to CNV intersections. Intersections without a match are unknown, not zero."
82,CNV-INT-0283,E 6TH ST / LONSDALE AVE / W 6TH ST,Lower Lonsdale,12.0,True,31.3,collision_count,12.0,Derived; see DATA_SOURCES.md for each contributing layer,"ICBC crash counts name-matched to CNV intersections. Intersections without a match are unknown, not zero."
83,CNV-INT-0223,E 24TH ST / ST. GEORGES AVE,Central Lonsdale,12.0,True,31.3,collision_count,12.0,Derived; see DATA_SOURCES.md for each contributing layer,"ICBC crash counts name-matched to CNV intersections. Intersections without a match are unknown, not zero."
84,CNV-INT-0352,MACKAY RD / W 3RD ST,Marine-Hamilton,12.0,True,31.3,collision_count,12.0,Derived; see DATA_SOURCES.md for each contributing layer,"ICBC crash counts name-matched to CNV intersections. Intersections without a match are unknown, not zero."
85,CNV-INT-0380,CHESTERFIELD AVE / W 14TH ST,Central Lonsdale,12.0,True,31.3,collision_count,12.0,Derived; see DATA_SOURCES.md for each contributing layer,"ICBC crash counts name-matched to CNV intersections. Intersections without a match are unknown, not zero."
86,CNV-INT-0351,HANES AVE / W 3RD ST,Marine-Hamilton,11.0,True,33.02,collision_count,11.0,Derived; see DATA_SOURCES.md for each contributing layer,"ICBC crash counts name-matched to CNV intersections. Intersections without a match are unknown, not zero."
87,CNV-INT-0046,ADDERLEY ST / E KEITH RD,,11.0,True,33.02,collision_count,11.0,Derived; see DATA_SOURCES.md for each contributing layer,"ICBC crash counts name-matched to CNV intersections. Intersections without a match are unknown, not zero."
88,CNV-INT-0099,E 6TH ST / ST. GEORGES AVE,Lower Lonsdale,11.0,True,33.02,collision_count,11.0,Derived; see DATA_SOURCES.md for each contributing layer,"ICBC crash counts name-matched to CNV intersections. Intersections without a match are unknown, not zero."
89,CNV-INT-0327,AUTOMALL DR / FELL AVE,Marine-Hamilton,11.0,True,33.02,collision_count,11.0,Derived; see DATA_SOURCES.md for each contributing layer,"ICBC crash counts name-matched to CNV intersections. Intersections without a match are unknown, not zero."
90,CNV-INT-0278,SEMISCH AVE / W ESPLANADE,Lower Lonsdale,10.0,True,35.11,collision_count,10.0,Derived; see DATA_SOURCES.md for each contributing layer,"ICBC crash counts name-matched to CNV intersections. Intersections without a match are unknown, not zero."
91,CNV-INT-0285,MAHON AVE / W ESPLANADE,Lower Lonsdale,10.0,True,35.11,collision_count,10.0,Derived; see DATA_SOURCES.md for each contributing layer,"ICBC crash counts name-matched to CNV intersections. Intersections without a match are unknown, not zero."
92,CNV-INT-0446,W 19TH ST / WESTVIEW DR,Mahon,10.0,True,35.11,collision_count,10.0,Derived; see DATA_SOURCES.md for each contributing layer,"ICBC crash counts name-matched to CNV intersections. Intersections without a match are unknown, not zero."
93,CNV-INT-0027,E 3RD ST / RIDGEWAY AVE,Moodyville,10.0,True,35.11,collision_count,10.0,Derived; see DATA_SOURCES.md for each contributing layer,"ICBC crash counts name-matched to CNV intersections. Intersections without a match are unknown, not zero."
94,CNV-INT-0208,E 19TH ST / ST. ANDREWS AVE,Central Lonsdale,10.0,True,35.11,collision_count,10.0,Derived; see DATA_SOURCES.md for each contributing layer,"ICBC crash counts name-matched to CNV intersections. Intersections without a match are unknown, not zero."
95,CNV-INT-0253,E 26TH ST / LONSDALE AVE,Central Lonsdale,10.0,True,35.11,collision_count,10.0,Derived; see DATA_SOURCES.md for each contributing layer,"ICBC crash counts name-matched to CNV intersections. Intersections without a match are unknown, not zero."
96,CNV-INT-0037,BROOKSBANK AVE / E 5TH ST,Moodyville,10.0,True,35.11,collision_count,10.0,Derived; see DATA_SOURCES.md for each contributing layer,"ICBC crash counts name-matched to CNV intersections. Intersections without a match are unknown, not zero."
97,CNV-INT-0070,E 3RD ST / ST. DAVIDS AVE,Moodyville,9.0,True,37.02,collision_count,9.0,Derived; see DATA_SOURCES.md for each contributing layer,"ICBC crash counts name-matched to CNV intersections. Intersections without a match are unknown, not zero."
98,CNV-INT-0011,E 3RD ST / KENNARD AVE,Moodyville,9.0,True,37.02,collision_count,9.0,Derived; see DATA_SOURCES.md for each contributing layer,"ICBC crash counts name-matched to CNV intersections. Intersections without a match are unknown, not zero."
99,CNV-INT-0422,FELL AVE / W 15TH ST,Marine-Hamilton,9.0,True,37.02,collision_count,9.0,Derived; see DATA_SOURCES.md for each contributing layer,"ICBC crash counts name-matched to CNV intersections. Intersections without a match are unknown, not zero."
100,CNV-INT-0298,FORBES AVE / W 2ND ST,Squamish Nation (Mission IR 1),8.0,True,38.55,collision_count,8.0,Derived; see DATA_SOURCES.md for each contributing layer,"ICBC crash counts name-matched to CNV intersections. Intersections without a match are unknown, not zero."
101,CNV-INT-0086,E 5TH ST / ST. GEORGES AVE,Lower Lonsdale,8.0,True,38.55,collision_count,8.0,Derived; see DATA_SOURCES.md for each contributing layer,"ICBC crash counts name-matched to CNV intersections. Intersections without a match are unknown, not zero."
102,CNV-INT-0394,CHESTERFIELD AVE / W 18TH ST,Central Lonsdale,8.0,True,38.55,collision_count,8.0,Derived; see DATA_SOURCES.md for each contributing layer,"ICBC crash counts name-matched to CNV intersections. Intersections without a match are unknown, not zero."
103,CNV-INT-0289,MAHON AVE / W 1ST ST,Lower Lonsdale,8.0,True,38.55,collision_count,8.0,Derived; see DATA_SOURCES.md for each contributing layer,"ICBC crash counts name-matched to CNV intersections. Intersections without a match are unknown, not zero."
104,CNV-INT-0271,ROGERS AVE / W ESPLANADE,Lower Lonsdale,8.0,True,38.55,collision_count,8.0,Derived; see DATA_SOURCES.md for each contributing layer,"ICBC crash counts name-matched to CNV intersections. Intersections without a match are unknown, not zero."
105,CNV-INT-0077,E 2ND ST / ST. ANDREWS AVE,Lower Lonsdale,7.0,True,41.98,collision_count,7.0,Derived; see DATA_SOURCES.md for each contributing layer,"ICBC crash counts name-matched to CNV intersections. Intersections without a match are unknown, not zero."
106,CNV-INT-0012,E 3RD ST / HEYWOOD ST,Moodyville,7.0,True,41.98,collision_count,7.0,Derived; see DATA_SOURCES.md for each contributing layer,"ICBC crash counts name-matched to CNV intersections. Intersections without a match are unknown, not zero."
107,CNV-INT-0406,CHESTERFIELD AVE / W 21ST ST,Central Lonsdale,7.0,True,41.98,collision_count,7.0,Derived; see DATA_SOURCES.md for each contributing layer,"ICBC crash counts name-matched to CNV intersections. Intersections without a match are unknown, not zero."
108,CNV-INT-0408,CHESTERFIELD AVE / W 22ND ST,Central Lonsdale,7.0,True,41.98,collision_count,7.0,Derived; see DATA_SOURCES.md for each contributing layer,"ICBC crash counts name-matched to CNV intersections. Intersections without a match are unknown, not zero."
109,CNV-INT-0051,E 7TH ST / QUEENSBURY AVE,Moodyville,7.0,True,41.98,collision_count,7.0,Derived; see DATA_SOURCES.md for each contributing layer,"ICBC crash counts name-matched to CNV intersections. Intersections without a match are unknown, not zero."
110,CNV-INT-0466,W 22ND ST / WESTVIEW DR,Mahon,7.0,True,41.98,collision_count,7.0,Derived; see DATA_SOURCES.md for each contributing layer,"ICBC crash counts name-matched to CNV intersections. Intersections without a match are unknown, not zero."
111,CNV-INT-0286,SEMISCH AVE / W 1ST ST,Lower Lonsdale,7.0,True,41.98,collision_count,7.0,Derived; see DATA_SOURCES.md for each contributing layer,"ICBC crash counts name-matched to CNV intersections. Intersections without a match are unknown, not zero."
112,CNV-INT-0323,BEWICKE AVE / COPPING ST,Marine-Hamilton,7.0,True,41.98,collision_count,7.0,Derived; see DATA_SOURCES.md for each contributing layer,"ICBC crash counts name-matched to CNV intersections. Intersections without a match are unknown, not zero."
113,CNV-INT-0292,CHESTERFIELD AVE / W 4TH ST,Lower Lonsdale,7.0,True,41.98,collision_count,7.0,Derived; see DATA_SOURCES.md for each contributing layer,"ICBC crash counts name-matched to CNV intersections. Intersections without a match are unknown, not zero."
114,CNV-INT-0313,MAHON AVE / W KEITH RD,Lower Lonsdale,7.0,True,41.98,collision_count,7.0,Derived; see DATA_SOURCES.md for each contributing layer,"ICBC crash counts name-matched to CNV intersections. Intersections without a match are unknown, not zero."
115,CNV-INT-0204,E 18TH ST / ST. GEORGES AVE,Central Lonsdale,7.0,True,41.98,collision_count,7.0,Derived; see DATA_SOURCES.md for each contributing layer,"ICBC crash counts name-matched to CNV intersections. Intersections without a match are unknown, not zero."
116,CNV-INT-0119,E 11TH ST / ST. GEORGES AVE,Central Lonsdale,7.0,True,41.98,collision_count,7.0,Derived; see DATA_SOURCES.md for each contributing layer,"ICBC crash counts name-matched to CNV intersections. Intersections without a match are unknown, not zero."
117,CNV-INT-0378,MAHON AVE / W 13TH ST,Central Lonsdale,7.0,True,41.98,collision_count,7.0,Derived; see DATA_SOURCES.md for each contributing layer,"ICBC crash counts name-matched to CNV intersections. Intersections without a match are unknown, not zero."
118,CNV-INT-0396,CHESTERFIELD AVE / W 20TH ST,Central Lonsdale,6.0,True,46.37,collision_count,6.0,Derived; see DATA_SOURCES.md for each contributing layer,"ICBC crash counts name-matched to CNV intersections. Intersections without a match are unknown, not zero."
119,CNV-INT-0193,E 16TH ST / ST. GEORGES AVE,Central Lonsdale,6.0,True,46.37,collision_count,6.0,Derived; see DATA_SOURCES.md for each contributing layer,"ICBC crash counts name-matched to CNV intersections. Intersections without a match are unknown, not zero."
120,CNV-INT-0029,E 4TH ST / QUEENSBURY AVE,Moodyville,6.0,True,46.37,collision_count,6.0,Derived; see DATA_SOURCES.md for each contributing layer,"ICBC crash counts name-matched to CNV intersections. Intersections without a match are unknown, not zero."
121,CNV-INT-0355,BEWICKE AVE / W 14TH ST,Marine-Hamilton,6.0,True,46.37,collision_count,6.0,Derived; see DATA_SOURCES.md for each contributing layer,"ICBC crash counts name-matched to CNV intersections. Intersections without a match are unknown, not zero."
122,CNV-INT-0448,W 20TH ST / WESTVIEW DR,Mahon,6.0,True,46.37,collision_count,6.0,Derived; see DATA_SOURCES.md for each contributing layer,"ICBC crash counts name-matched to CNV intersections. Intersections without a match are unknown, not zero."
123,CNV-INT-0357,BEWICKE AVE / W 15TH ST,Marine-Hamilton,6.0,True,46.37,collision_count,6.0,Derived; see DATA_SOURCES.md for each contributing layer,"ICBC crash counts name-matched to CNV intersections. Intersections without a match are unknown, not zero."
124,CNV-INT-0016,BROOKSBANK AVE / E 4TH ST,Moodyville,6.0,True,46.37,collision_count,6.0,Derived; see DATA_SOURCES.md for each contributing layer,"ICBC crash counts name-matched to CNV intersections. Intersections without a match are unknown, not zero."
125,CNV-INT-0391,MAHON AVE / W 15TH ST,Central Lonsdale,6.0,True,46.37,collision_count,6.0,Derived; see DATA_SOURCES.md for each contributing layer,"ICBC crash counts name-matched to CNV intersections. Intersections without a match are unknown, not zero."
126,CNV-INT-0203,E 17TH ST / ST. ANDREWS AVE,Central Lonsdale,6.0,True,46.37,collision_count,6.0,Derived; see DATA_SOURCES.md for each contributing layer,"ICBC crash counts name-matched to CNV intersections. Intersections without a match are unknown, not zero."
127,CNV-INT-0354,DELBRUCK AVE / W KEITH RD,Marine-Hamilton,6.0,True,46.37,collision_count,6.0,Derived; see DATA_SOURCES.md for each contributing layer,"ICBC crash counts name-matched to CNV intersections. Intersections without a match are unknown, not zero."
128,CNV-INT-0306,W 12TH ST / W 8TH ST,Central Lonsdale,5.0,True,50.38,collision_count,5.0,Derived; see DATA_SOURCES.md for each contributing layer,"ICBC crash counts name-matched to CNV intersections. Intersections without a match are unknown, not zero."
129,CNV-INT-0318,FELL AVE / HARBOURSIDE DR,Marine-Hamilton,5.0,True,50.38,collision_count,5.0,Derived; see DATA_SOURCES.md for each contributing layer,"ICBC crash counts name-matched to CNV intersections. Intersections without a match are unknown, not zero."
130,CNV-INT-0414,MAHON AVE / W 23RD ST,Mahon,5.0,True,50.38,collision_count,5.0,Derived; see DATA_SOURCES.md for each contributing layer,"ICBC crash counts name-matched to CNV intersections. Intersections without a match are unknown, not zero."
131,CNV-INT-0293,CHESTERFIELD AVE / W 5TH ST,Lower Lonsdale,5.0,True,50.38,collision_count,5.0,Derived; see DATA_SOURCES.md for each contributing layer,"ICBC crash counts name-matched to CNV intersections. Intersections without a match are unknown, not zero."
132,CNV-INT-0280,E 4TH ST / ST. GEORGES AVE,Lower Lonsdale,5.0,True,50.38,collision_count,5.0,Derived; see DATA_SOURCES.md for each contributing layer,"ICBC crash counts name-matched to CNV intersections. Intersections without a match are unknown, not zero."
133,CNV-INT-0499,LARSON RD / W 28TH ST,Westview,5.0,True,50.38,collision_count,5.0,Derived; see DATA_SOURCES.md for each contributing layer,"ICBC crash counts name-matched to CNV intersections. Intersections without a match are unknown, not zero."
134,CNV-INT-0183,E 13TH ST / MOODY AVE,Grand Boulevard,5.0,True,50.38,collision_count,5.0,Derived; see DATA_SOURCES.md for each contributing layer,"ICBC crash counts name-matched to CNV intersections. Intersections without a match are unknown, not zero."
135,CNV-INT-0201,E 17TH ST / EASTERN AVE,Central Lonsdale,5.0,True,50.38,collision_count,5.0,Derived; see DATA_SOURCES.md for each contributing layer,"ICBC crash counts name-matched to CNV intersections. Intersections without a match are unknown, not zero."
136,CNV-INT-0196,E 15TH ST / RIDGEWAY AVE,Central Lonsdale,5.0,True,50.38,collision_count,5.0,Derived; see DATA_SOURCES.md for each contributing layer,"ICBC crash counts name-matched to CNV intersections. Intersections without a match are unknown, not zero."
137,CNV-INT-0083,E 4TH ST / ST. ANDREWS AVE,Lower Lonsdale,5.0,True,50.38,collision_count,5.0,Derived; see DATA_SOURCES.md for each contributing layer,"ICBC crash counts name-matched to CNV intersections. Intersections without a match are unknown, not zero."
138,CNV-INT-0181,E 13TH ST / RIDGEWAY AVE,Central Lonsdale,5.0,True,50.38,collision_count,5.0,Derived; see DATA_SOURCES.md for each contributing layer,"ICBC crash counts name-matched to CNV intersections. Intersections without a match are unknown, not zero."
139,CNV-INT-0419,LARSON RD / W 23RD ST,Mahon,4.0,True,56.3,collision_count,4.0,Derived; see DATA_SOURCES.md for each contributing layer,"ICBC crash counts name-matched to CNV intersections. Intersections without a match are unknown, not zero."
140,CNV-INT-0205,E 18TH ST / ST. ANDREWS AVE,Central Lonsdale,4.0,True,56.3,collision_count,4.0,Derived; see DATA_SOURCES.md for each contributing layer,"ICBC crash counts name-matched to CNV intersections. Intersections without a match are unknown, not zero."
141,CNV-INT-0465,W 21ST ST / WESTVIEW DR,Mahon,4.0,True,56.3,collision_count,4.0,Derived; see DATA_SOURCES.md for each contributing layer,"ICBC crash counts name-matched to CNV intersections. Intersections without a match are unknown, not zero."
142,CNV-INT-0316,HARBOURSIDE DR / HARBOURSIDE PL,Marine-Hamilton,4.0,True,56.3,collision_count,4.0,Derived; see DATA_SOURCES.md for each contributing layer,"ICBC crash counts name-matched to CNV intersections. Intersections without a match are unknown, not zero."
143,CNV-INT-0076,E 3RD ST / ST. PATRICKS AVE,Lower Lonsdale,4.0,True,56.3,collision_count,4.0,Derived; see DATA_SOURCES.md for each contributing layer,"ICBC crash counts name-matched to CNV intersections. Intersections without a match are unknown, not zero."
144,CNV-INT-0268,CARRIE CATES CRT / LONSDALE AVE,Lower Lonsdale,4.0,True,56.3,collision_count,4.0,Derived; see DATA_SOURCES.md for each contributing layer,"ICBC crash counts name-matched to CNV intersections. Intersections without a match are unknown, not zero."
145,CNV-INT-0291,MAHON AVE / W 2ND ST,Lower Lonsdale,4.0,True,56.3,collision_count,4.0,Derived; see DATA_SOURCES.md for each contributing layer,"ICBC crash counts name-matched to CNV intersections. Intersections without a match are unknown, not zero."
146,CNV-INT-0180,E 12TH ST / RIDGEWAY AVE,Central Lonsdale,4.0,True,56.3,collision_count,4.0,Derived; see DATA_SOURCES.md for each contributing layer,"ICBC crash counts name-matched to CNV intersections. Intersections without a match are unknown, not zero."
147,CNV-INT-0028,E 4TH ST / MOODY AVE,Moodyville,4.0,True,56.3,collision_count,4.0,Derived; see DATA_SOURCES.md for each contributing layer,"ICBC crash counts name-matched to CNV intersections. Intersections without a match are unknown, not zero."
148,CNV-INT-0075,E 1ST ST / ST. ANDREWS AVE,Lower Lonsdale,4.0,True,56.3,collision_count,4.0,Derived; see DATA_SOURCES.md for each contributing layer,"ICBC crash counts name-matched to CNV intersections. Intersections without a match are unknown, not zero."
149,CNV-INT-0350,DONAGHY AVE / W 3RD ST,Marine-Hamilton,4.0,True,56.3,collision_count,4.0,Derived; see DATA_SOURCES.md for each contributing layer,"ICBC crash counts name-matched to CNV intersections. Intersections without a match are unknown, not zero."
150,CNV-INT-0007,COTTON RD / E 3RD ST / LOW LEVEL RD,Moodyville,4.0,True,56.3,collision_count,4.0,Derived; see DATA_SOURCES.md for each contributing layer,"ICBC crash counts name-matched to CNV intersections. Intersections without a match are unknown, not zero."
151,CNV-INT-0368,JONES AVE / W 15TH ST,Mahon,4.0,True,56.3,collision_count,4.0,Derived; see DATA_SOURCES.md for each contributing layer,"ICBC crash counts name-matched to CNV intersections. Intersections without a match are unknown, not zero."
152,CNV-INT-0123,E 12TH ST / ST. ANDREWS AVE,Central Lonsdale,4.0,True,56.3,collision_count,4.0,Derived; see DATA_SOURCES.md for each contributing layer,"ICBC crash counts name-matched to CNV intersections. Intersections without a match are unknown, not zero."
153,CNV-INT-0038,E 5TH ST / HENDRY AVE,Moodyville,4.0,True,56.3,collision_count,4.0,Derived; see DATA_SOURCES.md for each contributing layer,"ICBC crash counts name-matched to CNV intersections. Intersections without a match are unknown, not zero."
154,CNV-INT-0397,JONES AVE / W 17TH ST,Mahon,4.0,True,56.3,collision_count,4.0,Derived; see DATA_SOURCES.md for each contributing layer,"ICBC crash counts name-matched to CNV intersections. Intersections without a match are unknown, not zero."
155,CNV-INT-0393,MAHON AVE / W 17TH ST,Central Lonsdale,4.0,True,56.3,collision_count,4.0,Derived; see DATA_SOURCES.md for each contributing layer,"ICBC crash counts name-matched to CNV intersections. Intersections without a match are unknown, not zero."
156,CNV-INT-0216,E 22ND ST / ST. GEORGES AVE,Central Lonsdale,4.0,True,56.3,collision_count,4.0,Derived; see DATA_SOURCES.md for each contributing layer,"ICBC crash counts name-matched to CNV intersections. Intersections without a match are unknown, not zero."
157,CNV-INT-0044,ADDERLEY ST / E 7TH ST / HENDRY AVE,Moodyville,4.0,True,56.3,collision_count,4.0,Derived; see DATA_SOURCES.md for each contributing layer,"ICBC crash counts name-matched to CNV intersections. Intersections without a match are unknown, not zero."
158,CNV-INT-0275,CHADWICK CRT / CHESTERFIELD PL,Lower Lonsdale,4.0,True,56.3,collision_count,4.0,Derived; see DATA_SOURCES.md for each contributing layer,"ICBC crash counts name-matched to CNV intersections. Intersections without a match are unknown, not zero."
159,CNV-INT-0487,JONES AVE / W 28TH ST,Westview,3.0,True,63.36,collision_count,3.0,Derived; see DATA_SOURCES.md for each contributing layer,"ICBC crash counts name-matched to CNV intersections. Intersections without a match are unknown, not zero."
160,CNV-INT-0074,E 2ND ST / ST. PATRICKS AVE,Lower Lonsdale,3.0,True,63.36,collision_count,3.0,Derived; see DATA_SOURCES.md for each contributing layer,"ICBC crash counts name-matched to CNV intersections. Intersections without a match are unknown, not zero."
161,CNV-INT-0377,W 13TH ST / W 8TH ST,Central Lonsdale,3.0,True,63.36,collision_count,3.0,Derived; see DATA_SOURCES.md for each contributing layer,"ICBC crash counts name-matched to CNV intersections. Intersections without a match are unknown, not zero."
162,CNV-INT-0400,MAHON AVE / W 19TH ST,Mahon,3.0,True,63.36,collision_count,3.0,Derived; see DATA_SOURCES.md for each contributing layer,"ICBC crash counts name-matched to CNV intersections. Intersections without a match are unknown, not zero."
163,CNV-INT-0432,MACKAY AVE / W 17TH ST,Marine-Hamilton,3.0,True,63.36,collision_count,3.0,Derived; see DATA_SOURCES.md for each contributing layer,"ICBC crash counts name-matched to CNV intersections. Intersections without a match are unknown, not zero."
164,CNV-INT-0161,E 19TH ST / RIDGEWAY AVE,Grand Boulevard,3.0,True,63.36,collision_count,3.0,Derived; see DATA_SOURCES.md for each contributing layer,"ICBC crash counts name-matched to CNV intersections. Intersections without a match are unknown, not zero."
165,CNV-INT-0381,MAHON AVE / W 14TH ST,Central Lonsdale,3.0,True,63.36,collision_count,3.0,Derived; see DATA_SOURCES.md for each contributing layer,"ICBC crash counts name-matched to CNV intersections. Intersections without a match are unknown, not zero."
166,CNV-INT-0430,FELL AVE / TOBRUCK AVE,Marine-Hamilton,3.0,True,63.36,collision_count,3.0,Derived; see DATA_SOURCES.md for each contributing layer,"ICBC crash counts name-matched to CNV intersections. Intersections without a match are unknown, not zero."
167,CNV-INT-0089,E KEITH RD / ST. DAVIDS AVE,Central Lonsdale,3.0,True,63.36,collision_count,3.0,Derived; see DATA_SOURCES.md for each contributing layer,"ICBC crash counts name-matched to CNV intersections. Intersections without a match are unknown, not zero."
168,CNV-INT-0404,MAHON AVE / W 21ST ST,Mahon,3.0,True,63.36,collision_count,3.0,Derived; see DATA_SOURCES.md for each contributing layer,"ICBC crash counts name-matched to CNV intersections. Intersections without a match are unknown, not zero."
169,CNV-INT-0459,FELL AVE / W 21ST ST,Marine-Hamilton,3.0,True,63.36,collision_count,3.0,Derived; see DATA_SOURCES.md for each contributing layer,"ICBC crash counts name-matched to CNV intersections. Intersections without a match are unknown, not zero."
170,CNV-INT-0152,E 19TH ST / SUTHERLAND AVE,Grand Boulevard,3.0,True,63.36,collision_count,3.0,Derived; see DATA_SOURCES.md for each contributing layer,"ICBC crash counts name-matched to CNV intersections. Intersections without a match are unknown, not zero."
171,CNV-INT-0356,FORBES AVE / W 14TH ST,Mahon,3.0,True,63.36,collision_count,3.0,Derived; see DATA_SOURCES.md for each contributing layer,"ICBC crash counts name-matched to CNV intersections. Intersections without a match are unknown, not zero."
172,CNV-INT-0084,E 5TH ST / ST. ANDREWS AVE,Lower Lonsdale,3.0,True,63.36,collision_count,3.0,Derived; see DATA_SOURCES.md for each contributing layer,"ICBC crash counts name-matched to CNV intersections. Intersections without a match are unknown, not zero."
173,CNV-INT-0410,W 23RD ST / WESTERN AVE,Central Lonsdale,3.0,True,63.36,collision_count,3.0,Derived; see DATA_SOURCES.md for each contributing layer,"ICBC crash counts name-matched to CNV intersections. Intersections without a match are unknown, not zero."
174,CNV-INT-0149,E 18TH ST / SUTHERLAND AVE,Grand Boulevard,3.0,True,63.36,collision_count,3.0,Derived; see DATA_SOURCES.md for each contributing layer,"ICBC crash counts name-matched to CNV intersections. Intersections without a match are unknown, not zero."
175,CNV-INT-0032,E 5TH ST / QUEENSBURY AVE,Moodyville,3.0,True,63.36,collision_count,3.0,Derived; see DATA_SOURCES.md for each contributing layer,"ICBC crash counts name-matched to CNV intersections. Intersections without a match are unknown, not zero."
176,CNV-INT-0403,JONES AVE / W 20TH ST,Mahon,2.0,True,72.33,collision_count,2.0,Derived; see DATA_SOURCES.md for each contributing layer,"ICBC crash counts name-matched to CNV intersections. Intersections without a match are unknown, not zero."
177,CNV-INT-0138,E 16TH ST / SUTHERLAND AVE,Grand Boulevard,2.0,True,72.33,collision_count,2.0,Derived; see DATA_SOURCES.md for each contributing layer,"ICBC crash counts name-matched to CNV intersections. Intersections without a match are unknown, not zero."
178,CNV-INT-0117,E 10TH ST / ST. GEORGES AVE,Central Lonsdale,2.0,True,72.33,collision_count,2.0,Derived; see DATA_SOURCES.md for each contributing layer,"ICBC crash counts name-matched to CNV intersections. Intersections without a match are unknown, not zero."
179,CNV-INT-0072,E 1ST ST / ST. PATRICKS AVE,Lower Lonsdale,2.0,True,72.33,collision_count,2.0,Derived; see DATA_SOURCES.md for each contributing layer,"ICBC crash counts name-matched to CNV intersections. Intersections without a match are unknown, not zero."
180,CNV-INT-0375,W 13TH ST / W KEITH RD,Lower Lonsdale,2.0,True,72.33,collision_count,2.0,Derived; see DATA_SOURCES.md for each contributing layer,"ICBC crash counts name-matched to CNV intersections. Intersections without a match are unknown, not zero."
181,CNV-INT-0120,E 11TH ST / ST. ANDREWS AVE,Central Lonsdale,2.0,True,72.33,collision_count,2.0,Derived; see DATA_SOURCES.md for each contributing layer,"ICBC crash counts name-matched to CNV intersections. Intersections without a match are unknown, not zero."
182,CNV-INT-0399,JONES AVE / W 18TH ST,Mahon,2.0,True,72.33,collision_count,2.0,Derived; see DATA_SOURCES.md for each contributing layer,"ICBC crash counts name-matched to CNV intersections. Intersections without a match are unknown, not zero."
183,CNV-INT-0398,MAHON AVE / W 18TH ST,Mahon,2.0,True,72.33,collision_count,2.0,Derived; see DATA_SOURCES.md for each contributing layer,"ICBC crash counts name-matched to CNV intersections. Intersections without a match are unknown, not zero."
184,CNV-INT-0019,E 4TH ST / HENDRY AVE,Moodyville,2.0,True,72.33,collision_count,2.0,Derived; see DATA_SOURCES.md for each contributing layer,"ICBC crash counts name-matched to CNV intersections. Intersections without a match are unknown, not zero."
185,CNV-INT-0098,E 9TH ST / RIDGEWAY AVE,Central Lonsdale,2.0,True,72.33,collision_count,2.0,Derived; see DATA_SOURCES.md for each contributing layer,"ICBC crash counts name-matched to CNV intersections. Intersections without a match are unknown, not zero."
186,CNV-INT-0364,MARINE DR / W 15TH ST,Marine-Hamilton,2.0,True,72.33,collision_count,2.0,Derived; see DATA_SOURCES.md for each contributing layer,"ICBC crash counts name-matched to CNV intersections. Intersections without a match are unknown, not zero."
187,CNV-INT-0392,MAHON AVE / W 16TH ST,Central Lonsdale,2.0,True,72.33,collision_count,2.0,Derived; see DATA_SOURCES.md for each contributing layer,"ICBC crash counts name-matched to CNV intersections. Intersections without a match are unknown, not zero."
188,CNV-INT-0111,E 10TH ST / MOODY AVE,Grand Boulevard,2.0,True,72.33,collision_count,2.0,Derived; see DATA_SOURCES.md for each contributing layer,"ICBC crash counts name-matched to CNV intersections. Intersections without a match are unknown, not zero."
189,CNV-INT-0401,JONES AVE / W 19TH ST,Mahon,2.0,True,72.33,collision_count,2.0,Derived; see DATA_SOURCES.md for each contributing layer,"ICBC crash counts name-matched to CNV intersections. Intersections without a match are unknown, not zero."
190,CNV-INT-0439,FELL AVE / W 17TH ST,Marine-Hamilton,2.0,True,72.33,collision_count,2.0,Derived; see DATA_SOURCES.md for each contributing layer,"ICBC crash counts name-matched to CNV intersections. Intersections without a match are unknown, not zero."
191,CNV-INT-0362,MOSQUITO CREEK LANE / W 14TH ST,Marine-Hamilton,2.0,True,72.33,collision_count,2.0,Derived; see DATA_SOURCES.md for each contributing layer,"ICBC crash counts name-matched to CNV intersections. Intersections without a match are unknown, not zero."
192,CNV-INT-0310,MAHON AVE / W 6TH ST,Lower Lonsdale,2.0,True,72.33,collision_count,2.0,Derived; see DATA_SOURCES.md for each contributing layer,"ICBC crash counts name-matched to CNV intersections. Intersections without a match are unknown, not zero."
193,CNV-INT-0498,WESTVIEW DR / WESTVIEW PL,Westview,2.0,True,72.33,collision_count,2.0,Derived; see DATA_SOURCES.md for each contributing layer,"ICBC crash counts name-matched to CNV intersections. Intersections without a match are unknown, not zero."
194,CNV-INT-0251,E 26TH ST / ST. GEORGES AVE,Tempe,2.0,True,72.33,collision_count,2.0,Derived; see DATA_SOURCES.md for each contributing layer,"ICBC crash counts name-matched to CNV intersections. Intersections without a match are unknown, not zero."
195,CNV-INT-0249,E 25TH ST / ST. GEORGES AVE,Tempe,2.0,True,72.33,collision_count,2.0,Derived; see DATA_SOURCES.md for each contributing layer,"ICBC crash counts name-matched to CNV intersections. Intersections without a match are unknown, not zero."
196,CNV-INT-0245,E 26TH ST / ST. ANDREWS AVE,Tempe,2.0,True,72.33,collision_count,2.0,Derived; see DATA_SOURCES.md for each contributing layer,"ICBC crash counts name-matched to CNV intersections. Intersections without a match are unknown, not zero."
197,CNV-INT-0220,E 23RD ST / ST. ANDREWS AVE,Grand Boulevard,2.0,True,72.33,collision_count,2.0,Derived; see DATA_SOURCES.md for each contributing layer,"ICBC crash counts name-matched to CNV intersections. Intersections without a match are unknown, not zero."
198,CNV-INT-0035,E 6TH ST / QUEENSBURY AVE,Moodyville,2.0,True,72.33,collision_count,2.0,Derived; see DATA_SOURCES.md for each contributing layer,"ICBC crash counts name-matched to CNV intersections. Intersections without a match are unknown, not zero."
199,CNV-INT-0030,E 4TH ST / RIDGEWAY AVE,Moodyville,2.0,True,72.33,collision_count,2.0,Derived; see DATA_SOURCES.md for each contributing layer,"ICBC crash counts name-matched to CNV intersections. Intersections without a match are unknown, not zero."
200,CNV-INT-0431,HAMILTON AVE / TOBRUCK AVE,Marine-Hamilton,2.0,True,72.33,collision_count,2.0,Derived; see DATA_SOURCES.md for each contributing layer,"ICBC crash counts name-matched to CNV intersections. Intersections without a match are unknown, not zero."
201,CNV-INT-0297,SEMISCH AVE / W 3RD ST,Lower Lonsdale,2.0,True,72.33,collision_count,2.0,Derived; see DATA_SOURCES.md for each contributing layer,"ICBC crash counts name-matched to CNV intersections. Intersections without a match are unknown, not zero."
202,CNV-INT-0015,E 4TH ST / GLADSTONE AVE,Moodyville,2.0,True,72.33,collision_count,2.0,Derived; see DATA_SOURCES.md for each contributing layer,"ICBC crash counts name-matched to CNV intersections. Intersections without a match are unknown, not zero."
203,CNV-INT-0158,E 18TH ST / RIDGEWAY AVE,Grand Boulevard,2.0,True,72.33,collision_count,2.0,Derived; see DATA_SOURCES.md for each contributing layer,"ICBC crash counts name-matched to CNV intersections. Intersections without a match are unknown, not zero."
204,CNV-INT-0172,E 23RD ST / GRAND BLVD,Grand Boulevard,2.0,True,72.33,collision_count,2.0,Derived; see DATA_SOURCES.md for each contributing layer,"ICBC crash counts name-matched to CNV intersections. Intersections without a match are unknown, not zero."
205,CNV-INT-0175,E 22ND ST / RIDGEWAY AVE,Grand Boulevard,2.0,True,72.33,collision_count,2.0,Derived; see DATA_SOURCES.md for each contributing layer,"ICBC crash counts name-matched to CNV intersections. Intersections without a match are unknown, not zero."
206,CNV-INT-0455,NEILSON AVE / W 19TH ST,Marine-Hamilton,1.0,True,88.93,collision_count,1.0,Derived; see DATA_SOURCES.md for each contributing layer,"ICBC crash counts name-matched to CNV intersections. Intersections without a match are unknown, not zero."
207,CNV-INT-0068,E 2ND ST / ST. DAVIDS AVE,Moodyville,1.0,True,88.93,collision_count,1.0,Derived; see DATA_SOURCES.md for each contributing layer,"ICBC crash counts name-matched to CNV intersections. Intersections without a match are unknown, not zero."
208,CNV-INT-0060,E 9TH ST / SUTHERLAND AVE,,1.0,True,88.93,collision_count,1.0,Derived; see DATA_SOURCES.md for each contributing layer,"ICBC crash counts name-matched to CNV intersections. Intersections without a match are unknown, not zero."
209,CNV-INT-0495,LARSON RD / W 27TH ST,Westview,1.0,True,88.93,collision_count,1.0,Derived; see DATA_SOURCES.md for each contributing layer,"ICBC crash counts name-matched to CNV intersections. Intersections without a match are unknown, not zero."
210,CNV-INT-0494,LARSON RD / W 26TH ST,Westview,1.0,True,88.93,collision_count,1.0,Derived; see DATA_SOURCES.md for each contributing layer,"ICBC crash counts name-matched to CNV intersections. Intersections without a match are unknown, not zero."
211,CNV-INT-0485,JONES AVE / W 27TH ST,Westview,1.0,True,88.93,collision_count,1.0,Derived; see DATA_SOURCES.md for each contributing layer,"ICBC crash counts name-matched to CNV intersections. Intersections without a match are unknown, not zero."
212,CNV-INT-0085,E 6TH ST / ST. ANDREWS AVE,Lower Lonsdale,1.0,True,88.93,collision_count,1.0,Derived; see DATA_SOURCES.md for each contributing layer,"ICBC crash counts name-matched to CNV intersections. Intersections without a match are unknown, not zero."
213,CNV-INT-0452,LARSON RD / W 21ST ST,Mahon,1.0,True,88.93,collision_count,1.0,Derived; see DATA_SOURCES.md for each contributing layer,"ICBC crash counts name-matched to CNV intersections. Intersections without a match are unknown, not zero."
214,CNV-INT-0047,E 5TH ST / RIDGEWAY AVE,Moodyville,1.0,True,88.93,collision_count,1.0,Derived; see DATA_SOURCES.md for each contributing layer,"ICBC crash counts name-matched to CNV intersections. Intersections without a match are unknown, not zero."
215,CNV-INT-0442,MACKAY AVE / W KEITH RD,Marine-Hamilton,1.0,True,88.93,collision_count,1.0,Derived; see DATA_SOURCES.md for each contributing layer,"ICBC crash counts name-matched to CNV intersections. Intersections without a match are unknown, not zero."
216,CNV-INT-0443,FELL AVE / W 19TH ST,Marine-Hamilton,1.0,True,88.93,collision_count,1.0,Derived; see DATA_SOURCES.md for each contributing layer,"ICBC crash counts name-matched to CNV intersections. Intersections without a match are unknown, not zero."
217,CNV-INT-0480,W 26TH ST / WESTERN AVE,Central Lonsdale,1.0,True,88.93,collision_count,1.0,Derived; see DATA_SOURCES.md for each contributing layer,"ICBC crash counts name-matched to CNV intersections. Intersections without a match are unknown, not zero."
218,CNV-INT-0478,JONES AVE / W 26TH ST,Westview,1.0,True,88.93,collision_count,1.0,Derived; see DATA_SOURCES.md for each contributing layer,"ICBC crash counts name-matched to CNV intersections. Intersections without a match are unknown, not zero."
219,CNV-INT-0058,E 8TH ST / SUTHERLAND AVE,,1.0,True,88.93,collision_count,1.0,Derived; see DATA_SOURCES.md for each contributing layer,"ICBC crash counts name-matched to CNV intersections. Intersections without a match are unknown, not zero."
220,CNV-INT-0049,E 6TH ST / RIDGEWAY AVE,Moodyville,1.0,True,88.93,collision_count,1.0,Derived; see DATA_SOURCES.md for each contributing layer,"ICBC crash counts name-matched to CNV intersections. Intersections without a match are unknown, not zero."
221,CNV-INT-0052,E 7TH ST / RIDGEWAY AVE,Moodyville,1.0,True,88.93,collision_count,1.0,Derived; see DATA_SOURCES.md for each contributing layer,"ICBC crash counts name-matched to CNV intersections. Intersections without a match are unknown, not zero."
222,CNV-INT-0456,FELL AVE / W 20TH ST,Marine-Hamilton,1.0,True,88.93,collision_count,1.0,Derived; see DATA_SOURCES.md for each contributing layer,"ICBC crash counts name-matched to CNV intersections. Intersections without a match are unknown, not zero."
223,CNV-INT-0482,CHESTERFIELD AVE / W 27TH ST,Central Lonsdale,1.0,True,88.93,collision_count,1.0,Derived; see DATA_SOURCES.md for each contributing layer,"ICBC crash counts name-matched to CNV intersections. Intersections without a match are unknown, not zero."
224,CNV-INT-0129,E 15TH ST / WILLIAM AVE,Grand Boulevard,1.0,True,88.93,collision_count,1.0,Derived; see DATA_SOURCES.md for each contributing layer,"ICBC crash counts name-matched to CNV intersections. Intersections without a match are unknown, not zero."
225,CNV-INT-0096,E 8TH ST / RIDGEWAY AVE,Central Lonsdale,1.0,True,88.93,collision_count,1.0,Derived; see DATA_SOURCES.md for each contributing layer,"ICBC crash counts name-matched to CNV intersections. Intersections without a match are unknown, not zero."
226,CNV-INT-0211,E 20TH ST / ST. ANDREWS AVE,Central Lonsdale,1.0,True,88.93,collision_count,1.0,Derived; see DATA_SOURCES.md for each contributing layer,"ICBC crash counts name-matched to CNV intersections. Intersections without a match are unknown, not zero."
227,CNV-INT-0184,E 14TH ST / MOODY AVE,Grand Boulevard,1.0,True,88.93,collision_count,1.0,Derived; see DATA_SOURCES.md for each contributing layer,"ICBC crash counts name-matched to CNV intersections. Intersections without a match are unknown, not zero."
228,CNV-INT-0185,E 14TH ST / RIDGEWAY AVE,Central Lonsdale,1.0,True,88.93,collision_count,1.0,Derived; see DATA_SOURCES.md for each contributing layer,"ICBC crash counts name-matched to CNV intersections. Intersections without a match are unknown, not zero."
229,CNV-INT-0314,FELL AVE / HARBOURSIDE PL,Marine-Hamilton,1.0,True,88.93,collision_count,1.0,Derived; see DATA_SOURCES.md for each contributing layer,"ICBC crash counts name-matched to CNV intersections. Intersections without a match are unknown, not zero."
230,CNV-INT-0186,E 15TH ST / MOODY AVE,Grand Boulevard,1.0,True,88.93,collision_count,1.0,Derived; see DATA_SOURCES.md for each contributing layer,"ICBC crash counts name-matched to CNV intersections. Intersections without a match are unknown, not zero."
231,CNV-INT-0194,E 16TH ST / ST. ANDREWS AVE,Central Lonsdale,1.0,True,88.93,collision_count,1.0,Derived; see DATA_SOURCES.md for each contributing layer,"ICBC crash counts name-matched to CNV intersections. Intersections without a match are unknown, not zero."
232,CNV-INT-0303,W KEITH RD / W VICTORIA PARK AVE,Lower Lonsdale,1.0,True,88.93,collision_count,1.0,Derived; see DATA_SOURCES.md for each contributing layer,"ICBC crash counts name-matched to CNV intersections. Intersections without a match are unknown, not zero."
233,CNV-INT-0036,E 7TH ST / SUTHERLAND AVE,Moodyville,1.0,True,88.93,collision_count,1.0,Derived; see DATA_SOURCES.md for each contributing layer,"ICBC crash counts name-matched to CNV intersections. Intersections without a match are unknown, not zero."
234,CNV-INT-0214,E 21ST ST / ST. ANDREWS AVE,Central Lonsdale,1.0,True,88.93,collision_count,1.0,Derived; see DATA_SOURCES.md for each contributing layer,"ICBC crash counts name-matched to CNV intersections. Intersections without a match are unknown, not zero."
235,CNV-INT-0106,E 8TH ST / ST. GEORGES AVE,Central Lonsdale,1.0,True,88.93,collision_count,1.0,Derived; see DATA_SOURCES.md for each contributing layer,"ICBC crash counts name-matched to CNV intersections. Intersections without a match are unknown, not zero."
236,CNV-INT-0217,E 22ND ST / EASTERN AVE,Central Lonsdale,1.0,True,88.93,collision_count,1.0,Derived; see DATA_SOURCES.md for each contributing layer,"ICBC crash counts name-matched to CNV intersections. Intersections without a match are unknown, not zero."
237,CNV-INT-0034,E 6TH ST / SUTHERLAND AVE,Moodyville,1.0,True,88.93,collision_count,1.0,Derived; see DATA_SOURCES.md for each contributing layer,"ICBC crash counts name-matched to CNV intersections. Intersections without a match are unknown, not zero."
238,CNV-INT-0237,E 27TH ST / TEMPE CRES,Tempe,1.0,True,88.93,collision_count,1.0,Derived; see DATA_SOURCES.md for each contributing layer,"ICBC crash counts name-matched to CNV intersections. Intersections without a match are unknown, not zero."
239,CNV-INT-0043,CLOVERLEY ST / KENNARD AVE,Moodyville,1.0,True,88.93,collision_count,1.0,Derived; see DATA_SOURCES.md for each contributing layer,"ICBC crash counts name-matched to CNV intersections. Intersections without a match are unknown, not zero."
240,CNV-INT-0246,E 27TH ST / ST. ANDREWS AVE,Tempe,1.0,True,88.93,collision_count,1.0,Derived; see DATA_SOURCES.md for each contributing layer,"ICBC crash counts name-matched to CNV intersections. Intersections without a match are unknown, not zero."
241,CNV-INT-0274,CARRIE CATES CRT / ROGERS AVE,Lower Lonsdale,1.0,True,88.93,collision_count,1.0,Derived; see DATA_SOURCES.md for each contributing layer,"ICBC crash counts name-matched to CNV intersections. Intersections without a match are unknown, not zero."
242,CNV-INT-0254,E 27TH ST / ST. GEORGES AVE,Tempe,1.0,True,88.93,collision_count,1.0,Derived; see DATA_SOURCES.md for each contributing layer,"ICBC crash counts name-matched to CNV intersections. Intersections without a match are unknown, not zero."
243,CNV-INT-0325,COPPING ST / GOSTICK PL,Marine-Hamilton,1.0,True,88.93,collision_count,1.0,Derived; see DATA_SOURCES.md for each contributing layer,"ICBC crash counts name-matched to CNV intersections. Intersections without a match are unknown, not zero."
244,CNV-INT-0179,TEMPE KNOLL DR / WILDING WAY,Tempe,1.0,True,88.93,collision_count,1.0,Derived; see DATA_SOURCES.md for each contributing layer,"ICBC crash counts name-matched to CNV intersections. Intersections without a match are unknown, not zero."
245,CNV-INT-0176,E 23RD ST / RIDGEWAY AVE,Grand Boulevard,1.0,True,88.93,collision_count,1.0,Derived; see DATA_SOURCES.md for each contributing layer,"ICBC crash counts name-matched to CNV intersections. Intersections without a match are unknown, not zero."
246,CNV-INT-0344,DELBRUCK AVE / W 3RD ST,Squamish Nation (Mission IR 1),1.0,True,88.93,collision_count,1.0,Derived; see DATA_SOURCES.md for each contributing layer,"ICBC crash counts name-matched to CNV intersections. Intersections without a match are unknown, not zero."
247,CNV-INT-0108,E 10TH ST / RIDGEWAY AVE,Central Lonsdale,1.0,True,88.93,collision_count,1.0,Derived; see DATA_SOURCES.md for each contributing layer,"ICBC crash counts name-matched to CNV intersections. Intersections without a match are unknown, not zero."
248,CNV-INT-0018,E 4TH ST / HEYWOOD ST,Moodyville,1.0,True,88.93,collision_count,1.0,Derived; see DATA_SOURCES.md for each contributing layer,"ICBC crash counts name-matched to CNV intersections. Intersections without a match are unknown, not zero."
249,CNV-INT-0125,E 14TH ST / WILLIAM AVE,,1.0,True,88.93,collision_count,1.0,Derived; see DATA_SOURCES.md for each contributing layer,"ICBC crash counts name-matched to CNV intersections. Intersections without a match are unknown, not zero."
250,CNV-INT-0024,E 2ND ST / RIDGEWAY AVE,Moodyville,1.0,True,88.93,collision_count,1.0,Derived; see DATA_SOURCES.md for each contributing layer,"ICBC crash counts name-matched to CNV intersections. Intersections without a match are unknown, not zero."
251,CNV-INT-0126,E 14TH ST / RUFUS AVE,,1.0,True,88.93,collision_count,1.0,Derived; see DATA_SOURCES.md for each contributing layer,"ICBC crash counts name-matched to CNV intersections. Intersections without a match are unknown, not zero."
252,CNV-INT-0127,E 14TH ST / SUTHERLAND AVE,Grand Boulevard,1.0,True,88.93,collision_count,1.0,Derived; see DATA_SOURCES.md for each contributing layer,"ICBC crash counts name-matched to CNV intersections. Intersections without a match are unknown, not zero."
253,CNV-INT-0033,E 5TH ST / SUTHERLAND AVE,Moodyville,1.0,True,88.93,collision_count,1.0,Derived; see DATA_SOURCES.md for each contributing layer,"ICBC crash counts name-matched to CNV intersections. Intersections without a match are unknown, not zero."
254,CNV-INT-0371,FORBES AVE / W 16TH ST,Mahon,1.0,True,88.93,collision_count,1.0,Derived; see DATA_SOURCES.md for each contributing layer,"ICBC crash counts name-matched to CNV intersections. Intersections without a match are unknown, not zero."
255,CNV-INT-0369,FORBES AVE / W 15TH ST,Mahon,1.0,True,88.93,collision_count,1.0,Derived; see DATA_SOURCES.md for each contributing layer,"ICBC crash counts name-matched to CNV intersections. Intersections without a match are unknown, not zero."
256,CNV-INT-0367,JONES AVE / W 14TH ST,Mahon,1.0,True,88.93,collision_count,1.0,Derived; see DATA_SOURCES.md for each contributing layer,"ICBC crash counts name-matched to CNV intersections. Intersections without a match are unknown, not zero."
257,CNV-INT-0142,E 17TH ST / RUFUS AVE,Grand Boulevard,1.0,True,88.93,collision_count,1.0,Derived; see DATA_SOURCES.md for each contributing layer,"ICBC crash counts name-matched to CNV intersections. Intersections without a match are unknown, not zero."
258,CNV-INT-0145,E 17TH ST / SUTHERLAND AVE,Grand Boulevard,1.0,True,88.93,collision_count,1.0,Derived; see DATA_SOURCES.md for each contributing layer,"ICBC crash counts name-matched to CNV intersections. Intersections without a match are unknown, not zero."
259,CNV-INT-0163,E 20TH ST / MOODY AVE,Grand Boulevard,1.0,True,88.93,collision_count,1.0,Derived; see DATA_SOURCES.md for each contributing layer,"ICBC crash counts name-matched to CNV intersections. Intersections without a match are unknown, not zero."
260,CNV-INT-0168,BOULEVARD CRES / SUTHERLAND AVE / UPPER LEVELS RAMP,Grand Boulevard,1.0,True,88.93,collision_count,1.0,Derived; see DATA_SOURCES.md for each contributing layer,"ICBC crash counts name-matched to CNV intersections. Intersections without a match are unknown, not zero."
261,CNV-INT-0169,E 20TH ST / RIDGEWAY AVE,Grand Boulevard,1.0,True,88.93,collision_count,1.0,Derived; see DATA_SOURCES.md for each contributing layer,"ICBC crash counts name-matched to CNV intersections. Intersections without a match are unknown, not zero."
262,CNV-INT-0039,KENNARD AVE / SHAVINGTON ST,Moodyville,1.0,True,88.93,collision_count,1.0,Derived; see DATA_SOURCES.md for each contributing layer,"ICBC crash counts name-matched to CNV intersections. Intersections without a match are unknown, not zero."
263,CNV-INT-0002,LOW LEVEL RD,Moodyville,,False,,collision_count,,Derived; see DATA_SOURCES.md for each contributing layer,"ICBC crash counts name-matched to CNV intersections. Intersections without a match are unknown, not zero."
264,CNV-INT-0005,COTTON RD,Moodyville,,False,,collision_count,,Derived; see DATA_SOURCES.md for each contributing layer,"ICBC crash counts name-matched to CNV intersections. Intersections without a match are unknown, not zero."
265,CNV-INT-0006,LOW LEVEL RD,Moodyville,,False,,collision_count,,Derived; see DATA_SOURCES.md for each contributing layer,"ICBC crash counts name-matched to CNV intersections. Intersections without a match are unknown, not zero."
266,CNV-INT-0008,COTTON RD / E 3RD ST / LOW LEVEL RD,Moodyville,,False,,collision_count,,Derived; see DATA_SOURCES.md for each contributing layer,"ICBC crash counts name-matched to CNV intersections. Intersections without a match are unknown, not zero."
267,CNV-INT-0009,COTTON RD / E 3RD ST,Moodyville,,False,,collision_count,,Derived; see DATA_SOURCES.md for each contributing layer,"ICBC crash counts name-matched to CNV intersections. Intersections without a match are unknown, not zero."
268,CNV-INT-0010,E 3RD ST,Moodyville,,False,,collision_count,,Derived; see DATA_SOURCES.md for each contributing layer,"ICBC crash counts name-matched to CNV intersections. Intersections without a match are unknown, not zero."
269,CNV-INT-0013,E 3RD ST / HEYWOOD ST,Moodyville,,False,,collision_count,,Derived; see DATA_SOURCES.md for each contributing layer,"ICBC crash counts name-matched to CNV intersections. Intersections without a match are unknown, not zero."
270,CNV-INT-0014,HEYWOOD ST,Moodyville,,False,,collision_count,,Derived; see DATA_SOURCES.md for each contributing layer,"ICBC crash counts name-matched to CNV intersections. Intersections without a match are unknown, not zero."
271,CNV-INT-0017,E 4TH ST / KENNARD AVE,Moodyville,,False,,collision_count,,Derived; see DATA_SOURCES.md for each contributing layer,"ICBC crash counts name-matched to CNV intersections. Intersections without a match are unknown, not zero."
272,CNV-INT-0020,E 4TH ST / SUTHERLAND AVE,Moodyville,,False,,collision_count,,Derived; see DATA_SOURCES.md for each contributing layer,"ICBC crash counts name-matched to CNV intersections. Intersections without a match are unknown, not zero."
273,CNV-INT-0021,HENDRY AVE / SHAVINGTON ST,Moodyville,,False,,collision_count,,Derived; see DATA_SOURCES.md for each contributing layer,"ICBC crash counts name-matched to CNV intersections. Intersections without a match are unknown, not zero."
274,CNV-INT-0022,E 1ST ST / E 2ND ST,Moodyville,,False,,collision_count,,Derived; see DATA_SOURCES.md for each contributing layer,"ICBC crash counts name-matched to CNV intersections. Intersections without a match are unknown, not zero."
275,CNV-INT-0023,E 2ND ST / MOODY AVE,Moodyville,,False,,collision_count,,Derived; see DATA_SOURCES.md for each contributing layer,"ICBC crash counts name-matched to CNV intersections. Intersections without a match are unknown, not zero."
276,CNV-INT-0031,E 5TH ST / MOODY AVE,Moodyville,,False,,collision_count,,Derived; see DATA_SOURCES.md for each contributing layer,"ICBC crash counts name-matched to CNV intersections. Intersections without a match are unknown, not zero."
277,CNV-INT-0040,CLOVERLEY ST / HENDRY AVE,Moodyville,,False,,collision_count,,Derived; see DATA_SOURCES.md for each contributing layer,"ICBC crash counts name-matched to CNV intersections. Intersections without a match are unknown, not zero."
278,CNV-INT-0041,E 6TH ST / HENDRY AVE,Moodyville,,False,,collision_count,,Derived; see DATA_SOURCES.md for each contributing layer,"ICBC crash counts name-matched to CNV intersections. Intersections without a match are unknown, not zero."
279,CNV-INT-0042,E KEITH RD / HEYWOOD ST,,,False,,collision_count,,Derived; see DATA_SOURCES.md for each contributing layer,"ICBC crash counts name-matched to CNV intersections. Intersections without a match are unknown, not zero."
280,CNV-INT-0048,E 6TH ST / MOODY AVE,Moodyville,,False,,collision_count,,Derived; see DATA_SOURCES.md for each contributing layer,"ICBC crash counts name-matched to CNV intersections. Intersections without a match are unknown, not zero."
281,CNV-INT-0050,E 7TH ST / MOODY AVE,Moodyville,,False,,collision_count,,Derived; see DATA_SOURCES.md for each contributing layer,"ICBC crash counts name-matched to CNV intersections. Intersections without a match are unknown, not zero."
282,CNV-INT-0054,E KEITH RD / W GRAND BLVD,Moodyville,,False,,collision_count,,Derived; see DATA_SOURCES.md for each contributing layer,"ICBC crash counts name-matched to CNV intersections. Intersections without a match are unknown, not zero."
283,CNV-INT-0057,E GRAND BLVD / E KEITH RD,Moodyville,,False,,collision_count,,Derived; see DATA_SOURCES.md for each contributing layer,"ICBC crash counts name-matched to CNV intersections. Intersections without a match are unknown, not zero."
284,CNV-INT-0059,E 8TH ST / E GRAND BLVD,Grand Boulevard,,False,,collision_count,,Derived; see DATA_SOURCES.md for each contributing layer,"ICBC crash counts name-matched to CNV intersections. Intersections without a match are unknown, not zero."
285,CNV-INT-0061,E 9TH ST / E GRAND BLVD,Grand Boulevard,,False,,collision_count,,Derived; see DATA_SOURCES.md for each contributing layer,"ICBC crash counts name-matched to CNV intersections. Intersections without a match are unknown, not zero."
286,CNV-INT-0062,E 9TH ST / W GRAND BLVD,Grand Boulevard,,False,,collision_count,,Derived; see DATA_SOURCES.md for each contributing layer,"ICBC crash counts name-matched to CNV intersections. Intersections without a match are unknown, not zero."
287,CNV-INT-0063,E 10TH ST / E GRAND BLVD,Grand Boulevard,,False,,collision_count,,Derived; see DATA_SOURCES.md for each contributing layer,"ICBC crash counts name-matched to CNV intersections. Intersections without a match are unknown, not zero."
288,CNV-INT-0064,E 11TH ST / E GRAND BLVD,Grand Boulevard,,False,,collision_count,,Derived; see DATA_SOURCES.md for each contributing layer,"ICBC crash counts name-matched to CNV intersections. Intersections without a match are unknown, not zero."
289,CNV-INT-0065,ALDER ST / E ST. DAVIDS AVE,Lower Lonsdale,,False,,collision_count,,Derived; see DATA_SOURCES.md for each contributing layer,"ICBC crash counts name-matched to CNV intersections. Intersections without a match are unknown, not zero."
290,CNV-INT-0066,E 1ST ST / E ST. DAVIDS AVE,Lower Lonsdale,,False,,collision_count,,Derived; see DATA_SOURCES.md for each contributing layer,"ICBC crash counts name-matched to CNV intersections. Intersections without a match are unknown, not zero."
291,CNV-INT-0067,E 1ST ST / E ST. DAVIDS AVE / ST. DAVIDS AVE,Lower Lonsdale,,False,,collision_count,,Derived; see DATA_SOURCES.md for each contributing layer,"ICBC crash counts name-matched to CNV intersections. Intersections without a match are unknown, not zero."
292,CNV-INT-0069,E ESPLANADE / LOW LEVEL RD,Lower Lonsdale,,False,,collision_count,,Derived; see DATA_SOURCES.md for each contributing layer,"ICBC crash counts name-matched to CNV intersections. Intersections without a match are unknown, not zero."
293,CNV-INT-0071,ALDER ST / ST. PATRICKS AVE,Lower Lonsdale,,False,,collision_count,,Derived; see DATA_SOURCES.md for each contributing layer,"ICBC crash counts name-matched to CNV intersections. Intersections without a match are unknown, not zero."
294,CNV-INT-0073,E ESPLANADE / ST. PATRICKS AVE,Lower Lonsdale,,False,,collision_count,,Derived; see DATA_SOURCES.md for each contributing layer,"ICBC crash counts name-matched to CNV intersections. Intersections without a match are unknown, not zero."
295,CNV-INT-0078,E 4TH ST / ST. DAVIDS AVE,Moodyville,,False,,collision_count,,Derived; see DATA_SOURCES.md for each contributing layer,"ICBC crash counts name-matched to CNV intersections. Intersections without a match are unknown, not zero."
296,CNV-INT-0079,E 4TH ST / ST. PATRICKS AVE,Lower Lonsdale,,False,,collision_count,,Derived; see DATA_SOURCES.md for each contributing layer,"ICBC crash counts name-matched to CNV intersections. Intersections without a match are unknown, not zero."
297,CNV-INT-0080,E 5TH ST / ST. DAVIDS AVE,Moodyville,,False,,collision_count,,Derived; see DATA_SOURCES.md for each contributing layer,"ICBC crash counts name-matched to CNV intersections. Intersections without a match are unknown, not zero."
298,CNV-INT-0081,E 6TH ST / ST. DAVIDS AVE,Moodyville,,False,,collision_count,,Derived; see DATA_SOURCES.md for each contributing layer,"ICBC crash counts name-matched to CNV intersections. Intersections without a match are unknown, not zero."
299,CNV-INT-0088,E 7TH ST / ST. DAVIDS AVE,Moodyville,,False,,collision_count,,Derived; see DATA_SOURCES.md for each contributing layer,"ICBC crash counts name-matched to CNV intersections. Intersections without a match are unknown, not zero."
300,CNV-INT-0090,E KEITH RD / RIDGEWAY AVE,Central Lonsdale,,False,,collision_count,,Derived; see DATA_SOURCES.md for each contributing layer,"ICBC crash counts name-matched to CNV intersections. Intersections without a match are unknown, not zero."
301,CNV-INT-0091,E KEITH RD,Central Lonsdale,,False,,collision_count,,Derived; see DATA_SOURCES.md for each contributing layer,"ICBC crash counts name-matched to CNV intersections. Intersections without a match are unknown, not zero."
302,CNV-INT-0092,LYON PL / RIDGEWAY AVE,Central Lonsdale,,False,,collision_count,,Derived; see DATA_SOURCES.md for each contributing layer,"ICBC crash counts name-matched to CNV intersections. Intersections without a match are unknown, not zero."
303,CNV-INT-0093,LYON PL / MOODY AVE,Grand Boulevard,,False,,collision_count,,Derived; see DATA_SOURCES.md for each contributing layer,"ICBC crash counts name-matched to CNV intersections. Intersections without a match are unknown, not zero."
304,CNV-INT-0094,E 8TH ST / W GRAND BLVD,Grand Boulevard,,False,,collision_count,,Derived; see DATA_SOURCES.md for each contributing layer,"ICBC crash counts name-matched to CNV intersections. Intersections without a match are unknown, not zero."
305,CNV-INT-0095,E 8TH ST / MOODY AVE,Grand Boulevard,,False,,collision_count,,Derived; see DATA_SOURCES.md for each contributing layer,"ICBC crash counts name-matched to CNV intersections. Intersections without a match are unknown, not zero."
306,CNV-INT-0097,E 9TH ST / MOODY AVE,Grand Boulevard,,False,,collision_count,,Derived; see DATA_SOURCES.md for each contributing layer,"ICBC crash counts name-matched to CNV intersections. Intersections without a match are unknown, not zero."
307,CNV-INT-0100,E KEITH RD / ST. ANDREWS AVE,Central Lonsdale,,False,,collision_count,,Derived; see DATA_SOURCES.md for each contributing layer,"ICBC crash counts name-matched to CNV intersections. Intersections without a match are unknown, not zero."
308,CNV-INT-0102,E KEITH RD / ST. GEORGES AVE,Lower Lonsdale,,False,,collision_count,,Derived; see DATA_SOURCES.md for each contributing layer,"ICBC crash counts name-matched to CNV intersections. Intersections without a match are unknown, not zero."
309,CNV-INT-0103,E 8TH ST / E 9TH ST,Central Lonsdale,,False,,collision_count,,Derived; see DATA_SOURCES.md for each contributing layer,"ICBC crash counts name-matched to CNV intersections. Intersections without a match are unknown, not zero."
310,CNV-INT-0104,E 8TH ST / ST. ANDREWS AVE,Central Lonsdale,,False,,collision_count,,Derived; see DATA_SOURCES.md for each contributing layer,"ICBC crash counts name-matched to CNV intersections. Intersections without a match are unknown, not zero."
311,CNV-INT-0105,E KEITH RD / E VICTORIA PARK AVE,Lower Lonsdale,,False,,collision_count,,Derived; see DATA_SOURCES.md for each contributing layer,"ICBC crash counts name-matched to CNV intersections. Intersections without a match are unknown, not zero."
312,CNV-INT-0107,E 9TH ST / ST. ANDREWS AVE,Central Lonsdale,,False,,collision_count,,Derived; see DATA_SOURCES.md for each contributing layer,"ICBC crash counts name-matched to CNV intersections. Intersections without a match are unknown, not zero."
313,CNV-INT-0109,E 10TH ST / ST. ANDREWS AVE,Central Lonsdale,,False,,collision_count,,Derived; see DATA_SOURCES.md for each contributing layer,"ICBC crash counts name-matched to CNV intersections. Intersections without a match are unknown, not zero."
314,CNV-INT-0110,E 10TH ST / W GRAND BLVD,Grand Boulevard,,False,,collision_count,,Derived; see DATA_SOURCES.md for each contributing layer,"ICBC crash counts name-matched to CNV intersections. Intersections without a match are unknown, not zero."
315,CNV-INT-0112,E 11TH ST / W GRAND BLVD,Grand Boulevard,,False,,collision_count,,Derived; see DATA_SOURCES.md for each contributing layer,"ICBC crash counts name-matched to CNV intersections. Intersections without a match are unknown, not zero."
316,CNV-INT-0113,E 11TH ST / MOODY AVE,Grand Boulevard,,False,,collision_count,,Derived; see DATA_SOURCES.md for each contributing layer,"ICBC crash counts name-matched to CNV intersections. Intersections without a match are unknown, not zero."
317,CNV-INT-0114,E 11TH ST / RIDGEWAY AVE,Central Lonsdale,,False,,collision_count,,Derived; see DATA_SOURCES.md for each contributing layer,"ICBC crash counts name-matched to CNV intersections. Intersections without a match are unknown, not zero."
318,CNV-INT-0115,E 12TH ST / W GRAND BLVD,Grand Boulevard,,False,,collision_count,,Derived; see DATA_SOURCES.md for each contributing layer,"ICBC crash counts name-matched to CNV intersections. Intersections without a match are unknown, not zero."
319,CNV-INT-0116,E 12TH ST / MOODY AVE,Grand Boulevard,,False,,collision_count,,Derived; see DATA_SOURCES.md for each contributing layer,"ICBC crash counts name-matched to CNV intersections. Intersections without a match are unknown, not zero."
320,CNV-INT-0118,E 10TH ST / E 8TH ST,Lower Lonsdale,,False,,collision_count,,Derived; see DATA_SOURCES.md for each contributing layer,"ICBC crash counts name-matched to CNV intersections. Intersections without a match are unknown, not zero."
321,CNV-INT-0128,E 15TH ST / RUFUS AVE,Grand Boulevard,,False,,collision_count,,Derived; see DATA_SOURCES.md for each contributing layer,"ICBC crash counts name-matched to CNV intersections. Intersections without a match are unknown, not zero."
322,CNV-INT-0130,E 12TH ST / E GRAND BLVD,Grand Boulevard,,False,,collision_count,,Derived; see DATA_SOURCES.md for each contributing layer,"ICBC crash counts name-matched to CNV intersections. Intersections without a match are unknown, not zero."
323,CNV-INT-0131,E 13TH ST / E GRAND BLVD,Grand Boulevard,,False,,collision_count,,Derived; see DATA_SOURCES.md for each contributing layer,"ICBC crash counts name-matched to CNV intersections. Intersections without a match are unknown, not zero."
324,CNV-INT-0132,E 13TH ST / W GRAND BLVD,Grand Boulevard,,False,,collision_count,,Derived; see DATA_SOURCES.md for each contributing layer,"ICBC crash counts name-matched to CNV intersections. Intersections without a match are unknown, not zero."
325,CNV-INT-0133,E 14TH ST / E GRAND BLVD,Grand Boulevard,,False,,collision_count,,Derived; see DATA_SOURCES.md for each contributing layer,"ICBC crash counts name-matched to CNV intersections. Intersections without a match are unknown, not zero."
326,CNV-INT-0134,E 14TH ST / SUTHERLAND AVE,Grand Boulevard,,False,,collision_count,,Derived; see DATA_SOURCES.md for each contributing layer,"ICBC crash counts name-matched to CNV intersections. Intersections without a match are unknown, not zero."
327,CNV-INT-0135,E 15TH ST / SUTHERLAND AVE,Grand Boulevard,,False,,collision_count,,Derived; see DATA_SOURCES.md for each contributing layer,"ICBC crash counts name-matched to CNV intersections. Intersections without a match are unknown, not zero."
328,CNV-INT-0136,E 15TH ST / E GRAND BLVD,Grand Boulevard,,False,,collision_count,,Derived; see DATA_SOURCES.md for each contributing layer,"ICBC crash counts name-matched to CNV intersections. Intersections without a match are unknown, not zero."
329,CNV-INT-0137,E 15TH ST / W GRAND BLVD,Grand Boulevard,,False,,collision_count,,Derived; see DATA_SOURCES.md for each contributing layer,"ICBC crash counts name-matched to CNV intersections. Intersections without a match are unknown, not zero."
330,CNV-INT-0139,E 16TH ST / E GRAND BLVD,Grand Boulevard,,False,,collision_count,,Derived; see DATA_SOURCES.md for each contributing layer,"ICBC crash counts name-matched to CNV intersections. Intersections without a match are unknown, not zero."
331,CNV-INT-0140,E 16TH ST / RUFUS AVE,Grand Boulevard,,False,,collision_count,,Derived; see DATA_SOURCES.md for each contributing layer,"ICBC crash counts name-matched to CNV intersections. Intersections without a match are unknown, not zero."
332,CNV-INT-0141,E 16TH ST / WILLIAM AVE,Grand Boulevard,,False,,collision_count,,Derived; see DATA_SOURCES.md for each contributing layer,"ICBC crash counts name-matched to CNV intersections. Intersections without a match are unknown, not zero."
333,CNV-INT-0143,E 17TH ST / WILLIAM AVE,Grand Boulevard,,False,,collision_count,,Derived; see DATA_SOURCES.md for each contributing layer,"ICBC crash counts name-matched to CNV intersections. Intersections without a match are unknown, not zero."
334,CNV-INT-0144,UPPER LEVELS HWY / UPPER LEVELS RAMP,Grand Boulevard,,False,,collision_count,,Derived; see DATA_SOURCES.md for each contributing layer,"ICBC crash counts name-matched to CNV intersections. Intersections without a match are unknown, not zero."
335,CNV-INT-0146,E 17TH ST / E GRAND BLVD,Grand Boulevard,,False,,collision_count,,Derived; see DATA_SOURCES.md for each contributing layer,"ICBC crash counts name-matched to CNV intersections. Intersections without a match are unknown, not zero."
336,CNV-INT-0147,E 16TH ST / W GRAND BLVD,Grand Boulevard,,False,,collision_count,,Derived; see DATA_SOURCES.md for each contributing layer,"ICBC crash counts name-matched to CNV intersections. Intersections without a match are unknown, not zero."
337,CNV-INT-0148,E 17TH ST / W GRAND BLVD,Grand Boulevard,,False,,collision_count,,Derived; see DATA_SOURCES.md for each contributing layer,"ICBC crash counts name-matched to CNV intersections. Intersections without a match are unknown, not zero."
338,CNV-INT-0150,E 18TH ST / E GRAND BLVD,Grand Boulevard,,False,,collision_count,,Derived; see DATA_SOURCES.md for each contributing layer,"ICBC crash counts name-matched to CNV intersections. Intersections without a match are unknown, not zero."
339,CNV-INT-0151,E 18TH ST / W GRAND BLVD,Grand Boulevard,,False,,collision_count,,Derived; see DATA_SOURCES.md for each contributing layer,"ICBC crash counts name-matched to CNV intersections. Intersections without a match are unknown, not zero."
340,CNV-INT-0153,CEDAR VILLAGE CRES / RUFUS DR,Cedar Village,,False,,collision_count,,Derived; see DATA_SOURCES.md for each contributing layer,"ICBC crash counts name-matched to CNV intersections. Intersections without a match are unknown, not zero."
341,CNV-INT-0154,E 18TH ST / WILLIAM AVE,Grand Boulevard,,False,,collision_count,,Derived; see DATA_SOURCES.md for each contributing layer,"ICBC crash counts name-matched to CNV intersections. Intersections without a match are unknown, not zero."
342,CNV-INT-0155,CEDAR VILLAGE CL / CEDAR VILLAGE CRES,Cedar Village,,False,,collision_count,,Derived; see DATA_SOURCES.md for each contributing layer,"ICBC crash counts name-matched to CNV intersections. Intersections without a match are unknown, not zero."
343,CNV-INT-0156,CASANO DR / RUFUS DR,Cedar Village,,False,,collision_count,,Derived; see DATA_SOURCES.md for each contributing layer,"ICBC crash counts name-matched to CNV intersections. Intersections without a match are unknown, not zero."
344,CNV-INT-0157,E 18TH ST / MOODY AVE,Grand Boulevard,,False,,collision_count,,Derived; see DATA_SOURCES.md for each contributing layer,"ICBC crash counts name-matched to CNV intersections. Intersections without a match are unknown, not zero."
345,CNV-INT-0160,E 19TH ST / QUEENSBURY AVE / W GRAND BLVD,Grand Boulevard,,False,,collision_count,,Derived; see DATA_SOURCES.md for each contributing layer,"ICBC crash counts name-matched to CNV intersections. Intersections without a match are unknown, not zero."
346,CNV-INT-0162,E 20TH ST / QUEENSBURY AVE,Grand Boulevard,,False,,collision_count,,Derived; see DATA_SOURCES.md for each contributing layer,"ICBC crash counts name-matched to CNV intersections. Intersections without a match are unknown, not zero."
347,CNV-INT-0164,BOULEVARD CRES / E 19TH ST / E GRAND BLVD,Grand Boulevard,,False,,collision_count,,Derived; see DATA_SOURCES.md for each contributing layer,"ICBC crash counts name-matched to CNV intersections. Intersections without a match are unknown, not zero."
348,CNV-INT-0165,BOULEVARD CRES / E 21ST ST / UPPER LEVELS RAMP,Grand Boulevard,,False,,collision_count,,Derived; see DATA_SOURCES.md for each contributing layer,"ICBC crash counts name-matched to CNV intersections. Intersections without a match are unknown, not zero."
349,CNV-INT-0166,UPPER LEVELS RAMP,Grand Boulevard,,False,,collision_count,,Derived; see DATA_SOURCES.md for each contributing layer,"ICBC crash counts name-matched to CNV intersections. Intersections without a match are unknown, not zero."
350,CNV-INT-0167,UPPER LEVELS RAMP,Grand Boulevard,,False,,collision_count,,Derived; see DATA_SOURCES.md for each contributing layer,"ICBC crash counts name-matched to CNV intersections. Intersections without a match are unknown, not zero."
351,CNV-INT-0170,E 21ST ST / QUEENSBURY AVE,Grand Boulevard,,False,,collision_count,,Derived; see DATA_SOURCES.md for each contributing layer,"ICBC crash counts name-matched to CNV intersections. Intersections without a match are unknown, not zero."
352,CNV-INT-0171,E 21ST ST / MOODY AVE,Grand Boulevard,,False,,collision_count,,Derived; see DATA_SOURCES.md for each contributing layer,"ICBC crash counts name-matched to CNV intersections. Intersections without a match are unknown, not zero."
353,CNV-INT-0173,E 22ND ST / MOODY AVE,Grand Boulevard,,False,,collision_count,,Derived; see DATA_SOURCES.md for each contributing layer,"ICBC crash counts name-matched to CNV intersections. Intersections without a match are unknown, not zero."
354,CNV-INT-0174,E 22ND ST / QUEENSBURY AVE,Grand Boulevard,,False,,collision_count,,Derived; see DATA_SOURCES.md for each contributing layer,"ICBC crash counts name-matched to CNV intersections. Intersections without a match are unknown, not zero."
355,CNV-INT-0177,BOULEVARD CRES / LYNN VALLEY RD / UPPER LEVELS HWY,Tempe,,False,,collision_count,,Derived; see DATA_SOURCES.md for each contributing layer,"ICBC crash counts name-matched to CNV intersections. Intersections without a match are unknown, not zero."
356,CNV-INT-0178,E 22ND ST / SUTHERLAND AVE,Grand Boulevard,,False,,collision_count,,Derived; see DATA_SOURCES.md for each contributing layer,"ICBC crash counts name-matched to CNV intersections. Intersections without a match are unknown, not zero."
357,CNV-INT-0182,E 13TH ST / ST. ANDREWS AVE,Central Lonsdale,,False,,collision_count,,Derived; see DATA_SOURCES.md for each contributing layer,"ICBC crash counts name-matched to CNV intersections. Intersections without a match are unknown, not zero."
358,CNV-INT-0189,E 14TH ST / ST. GEORGES AVE,Central Lonsdale,,False,,collision_count,,Derived; see DATA_SOURCES.md for each contributing layer,"ICBC crash counts name-matched to CNV intersections. Intersections without a match are unknown, not zero."
359,CNV-INT-0195,E 14TH ST / ST. ANDREWS AVE,Central Lonsdale,,False,,collision_count,,Derived; see DATA_SOURCES.md for each contributing layer,"ICBC crash counts name-matched to CNV intersections. Intersections without a match are unknown, not zero."
360,CNV-INT-0197,E 16TH ST / RIDGEWAY AVE,Grand Boulevard,,False,,collision_count,,Derived; see DATA_SOURCES.md for each contributing layer,"ICBC crash counts name-matched to CNV intersections. Intersections without a match are unknown, not zero."
361,CNV-INT-0198,E 16TH ST / MOODY AVE,Grand Boulevard,,False,,collision_count,,Derived; see DATA_SOURCES.md for each contributing layer,"ICBC crash counts name-matched to CNV intersections. Intersections without a match are unknown, not zero."
362,CNV-INT-0199,E 17TH ST / MOODY AVE,Grand Boulevard,,False,,collision_count,,Derived; see DATA_SOURCES.md for each contributing layer,"ICBC crash counts name-matched to CNV intersections. Intersections without a match are unknown, not zero."
363,CNV-INT-0200,E 17TH ST / RIDGEWAY AVE,Grand Boulevard,,False,,collision_count,,Derived; see DATA_SOURCES.md for each contributing layer,"ICBC crash counts name-matched to CNV intersections. Intersections without a match are unknown, not zero."
364,CNV-INT-0215,E 21ST ST / EASTERN AVE,Central Lonsdale,,False,,collision_count,,Derived; see DATA_SOURCES.md for each contributing layer,"ICBC crash counts name-matched to CNV intersections. Intersections without a match are unknown, not zero."
365,CNV-INT-0218,E 22ND ST / ST. ANDREWS AVE,Grand Boulevard,,False,,collision_count,,Derived; see DATA_SOURCES.md for each contributing layer,"ICBC crash counts name-matched to CNV intersections. Intersections without a match are unknown, not zero."
366,CNV-INT-0219,E 21ST ST / RIDGEWAY AVE,Grand Boulevard,,False,,collision_count,,Derived; see DATA_SOURCES.md for each contributing layer,"ICBC crash counts name-matched to CNV intersections. Intersections without a match are unknown, not zero."
367,CNV-INT-0224,E 24TH ST / ST. ANDREWS AVE,Central Lonsdale,,False,,collision_count,,Derived; see DATA_SOURCES.md for each contributing layer,"ICBC crash counts name-matched to CNV intersections. Intersections without a match are unknown, not zero."
368,CNV-INT-0225,E UPPER LEVELS HWY / ST. GEORGES AVE / UPPER LEVELS RAMP,Central Lonsdale,,False,,collision_count,,Derived; see DATA_SOURCES.md for each contributing layer,"ICBC crash counts name-matched to CNV intersections. Intersections without a match are unknown, not zero."
369,CNV-INT-0226,E UPPER LEVELS HWY / LONSDALE AVE / UPPER LEVELS RAMP,Central Lonsdale,,False,,collision_count,,Derived; see DATA_SOURCES.md for each contributing layer,"ICBC crash counts name-matched to CNV intersections. Intersections without a match are unknown, not zero."
370,CNV-INT-0227,UPPER LEVELS HWY / UPPER LEVELS RAMP,Grand Boulevard,,False,,collision_count,,Derived; see DATA_SOURCES.md for each contributing layer,"ICBC crash counts name-matched to CNV intersections. Intersections without a match are unknown, not zero."
371,CNV-INT-0228,LONSDALE AVE / UPPER LEVELS HWY,Central Lonsdale,,False,,collision_count,,Derived; see DATA_SOURCES.md for each contributing layer,"ICBC crash counts name-matched to CNV intersections. Intersections without a match are unknown, not zero."
372,CNV-INT-0229,VINEDALE RD / WILDING PL / WILDING WAY,Tempe,,False,,collision_count,,Derived; see DATA_SOURCES.md for each contributing layer,"ICBC crash counts name-matched to CNV intersections. Intersections without a match are unknown, not zero."
373,CNV-INT-0230,26TH CRES / E 26TH ST / WILDING WAY,Tempe,,False,,collision_count,,Derived; see DATA_SOURCES.md for each contributing layer,"ICBC crash counts name-matched to CNV intersections. Intersections without a match are unknown, not zero."
374,CNV-INT-0231,E 24TH ST / RIDGEWAY AVE,Grand Boulevard,,False,,collision_count,,Derived; see DATA_SOURCES.md for each contributing layer,"ICBC crash counts name-matched to CNV intersections. Intersections without a match are unknown, not zero."
375,CNV-INT-0232,E 25TH ST / RIDGEWAY AVE,Tempe,,False,,collision_count,,Derived; see DATA_SOURCES.md for each contributing layer,"ICBC crash counts name-matched to CNV intersections. Intersections without a match are unknown, not zero."
376,CNV-INT-0233,TEMPE GLEN DR / TEMPE KNOLL DR,Tempe,,False,,collision_count,,Derived; see DATA_SOURCES.md for each contributing layer,"ICBC crash counts name-matched to CNV intersections. Intersections without a match are unknown, not zero."
377,CNV-INT-0234,E 26TH ST / RIDGEWAY AVE,Tempe,,False,,collision_count,,Derived; see DATA_SOURCES.md for each contributing layer,"ICBC crash counts name-matched to CNV intersections. Intersections without a match are unknown, not zero."
378,CNV-INT-0235,MAITLAND AVE / TEMPE CRES,Tempe,,False,,collision_count,,Derived; see DATA_SOURCES.md for each contributing layer,"ICBC crash counts name-matched to CNV intersections. Intersections without a match are unknown, not zero."
379,CNV-INT-0236,BRAND ST / MAITLAND AVE,Tempe,,False,,collision_count,,Derived; see DATA_SOURCES.md for each contributing layer,"ICBC crash counts name-matched to CNV intersections. Intersections without a match are unknown, not zero."
380,CNV-INT-0238,MAITLAND AVE / SOMERSET ST,Tempe,,False,,collision_count,,Derived; see DATA_SOURCES.md for each contributing layer,"ICBC crash counts name-matched to CNV intersections. Intersections without a match are unknown, not zero."
381,CNV-INT-0239,WEYMOUTH DR / WILDING WAY,Tempe,,False,,collision_count,,Derived; see DATA_SOURCES.md for each contributing layer,"ICBC crash counts name-matched to CNV intersections. Intersections without a match are unknown, not zero."
382,CNV-INT-0240,26TH CRES / TEMPE KNOLL DR,Tempe,,False,,collision_count,,Derived; see DATA_SOURCES.md for each contributing layer,"ICBC crash counts name-matched to CNV intersections. Intersections without a match are unknown, not zero."
383,CNV-INT-0241,MUNDAY PL / TEMPE GLEN DR,Tempe,,False,,collision_count,,Derived; see DATA_SOURCES.md for each contributing layer,"ICBC crash counts name-matched to CNV intersections. Intersections without a match are unknown, not zero."
384,CNV-INT-0242,TEMPE GLEN DR / TEMPE KNOLL DR,Tempe,,False,,collision_count,,Derived; see DATA_SOURCES.md for each contributing layer,"ICBC crash counts name-matched to CNV intersections. Intersections without a match are unknown, not zero."
385,CNV-INT-0243,MUNDAY PL / TEMPE GLEN DR,Tempe,,False,,collision_count,,Derived; see DATA_SOURCES.md for each contributing layer,"ICBC crash counts name-matched to CNV intersections. Intersections without a match are unknown, not zero."
386,CNV-INT-0244,E 25TH ST / ST. ANDREWS AVE,Tempe,,False,,collision_count,,Derived; see DATA_SOURCES.md for each contributing layer,"ICBC crash counts name-matched to CNV intersections. Intersections without a match are unknown, not zero."
387,CNV-INT-0247,E 28TH ST / ST. ANDREWS AVE,Tempe,,False,,collision_count,,Derived; see DATA_SOURCES.md for each contributing layer,"ICBC crash counts name-matched to CNV intersections. Intersections without a match are unknown, not zero."
388,CNV-INT-0248,E 25TH ST,Tempe,,False,,collision_count,,Derived; see DATA_SOURCES.md for each contributing layer,"ICBC crash counts name-matched to CNV intersections. Intersections without a match are unknown, not zero."
389,CNV-INT-0250,E 25TH ST / LONSDALE AVE / W 25TH ST,Central Lonsdale,,False,,collision_count,,Derived; see DATA_SOURCES.md for each contributing layer,"ICBC crash counts name-matched to CNV intersections. Intersections without a match are unknown, not zero."
390,CNV-INT-0252,E 26TH ST / ST. GEORGES AVE,Tempe,,False,,collision_count,,Derived; see DATA_SOURCES.md for each contributing layer,"ICBC crash counts name-matched to CNV intersections. Intersections without a match are unknown, not zero."
391,CNV-INT-0255,E 28TH ST / ST. ANDREWS AVE,Tempe,,False,,collision_count,,Derived; see DATA_SOURCES.md for each contributing layer,"ICBC crash counts name-matched to CNV intersections. Intersections without a match are unknown, not zero."
392,CNV-INT-0256,E 27TH ST / EASTERN AVE,Tempe,,False,,collision_count,,Derived; see DATA_SOURCES.md for each contributing layer,"ICBC crash counts name-matched to CNV intersections. Intersections without a match are unknown, not zero."
393,CNV-INT-0257,E 28TH ST / ST. GEORGES AVE,Tempe,,False,,collision_count,,Derived; see DATA_SOURCES.md for each contributing layer,"ICBC crash counts name-matched to CNV intersections. Intersections without a match are unknown, not zero."
394,CNV-INT-0258,E ESPLANADE / ST. ANDREWS AVE,Lower Lonsdale,,False,,collision_count,,Derived; see DATA_SOURCES.md for each contributing layer,"ICBC crash counts name-matched to CNV intersections. Intersections without a match are unknown, not zero."
395,CNV-INT-0262,ST. GEORGES AVE / VICTORY SHIP WAY,Lower Lonsdale,,False,,collision_count,,Derived; see DATA_SOURCES.md for each contributing layer,"ICBC crash counts name-matched to CNV intersections. Intersections without a match are unknown, not zero."
396,CNV-INT-0265,VICTORY SHIP WAY / WALLACE MEWS,Lower Lonsdale,,False,,collision_count,,Derived; see DATA_SOURCES.md for each contributing layer,"ICBC crash counts name-matched to CNV intersections. Intersections without a match are unknown, not zero."
397,CNV-INT-0269,CARRIE CATES CRT / MUSEUM MUSE,Lower Lonsdale,,False,,collision_count,,Derived; see DATA_SOURCES.md for each contributing layer,"ICBC crash counts name-matched to CNV intersections. Intersections without a match are unknown, not zero."
398,CNV-INT-0276,CARRIE CATES CRT / CHESTERFIELD AVE / CHESTERFIELD PL,Lower Lonsdale,,False,,collision_count,,Derived; see DATA_SOURCES.md for each contributing layer,"ICBC crash counts name-matched to CNV intersections. Intersections without a match are unknown, not zero."
399,CNV-INT-0284,E KEITH RD / E VICTORIA PARK AVE,Lower Lonsdale,,False,,collision_count,,Derived; see DATA_SOURCES.md for each contributing layer,"ICBC crash counts name-matched to CNV intersections. Intersections without a match are unknown, not zero."
400,CNV-INT-0288,FORBES AVE / W ESPLANADE,Squamish Nation (Mission IR 1),,False,,collision_count,,Derived; see DATA_SOURCES.md for each contributing layer,"ICBC crash counts name-matched to CNV intersections. Intersections without a match are unknown, not zero."
401,CNV-INT-0294,CHESTERFIELD AVE / W 6TH ST,Lower Lonsdale,,False,,collision_count,,Derived; see DATA_SOURCES.md for each contributing layer,"ICBC crash counts name-matched to CNV intersections. Intersections without a match are unknown, not zero."
402,CNV-INT-0295,CHESTERFIELD AVE / W 6TH ST,Lower Lonsdale,,False,,collision_count,,Derived; see DATA_SOURCES.md for each contributing layer,"ICBC crash counts name-matched to CNV intersections. Intersections without a match are unknown, not zero."
403,CNV-INT-0296,FORBES AVE / W 1ST ST,Squamish Nation (Mission IR 1),,False,,collision_count,,Derived; see DATA_SOURCES.md for each contributing layer,"ICBC crash counts name-matched to CNV intersections. Intersections without a match are unknown, not zero."
404,CNV-INT-0300,MAHON AVE / W 4TH ST,Lower Lonsdale,,False,,collision_count,,Derived; see DATA_SOURCES.md for each contributing layer,"ICBC crash counts name-matched to CNV intersections. Intersections without a match are unknown, not zero."
405,CNV-INT-0302,E KEITH RD / LONSDALE AVE / W KEITH RD,Lower Lonsdale,,False,,collision_count,,Derived; see DATA_SOURCES.md for each contributing layer,"ICBC crash counts name-matched to CNV intersections. Intersections without a match are unknown, not zero."
406,CNV-INT-0304,W KEITH RD / W VICTORIA PARK AVE,Lower Lonsdale,,False,,collision_count,,Derived; see DATA_SOURCES.md for each contributing layer,"ICBC crash counts name-matched to CNV intersections. Intersections without a match are unknown, not zero."
407,CNV-INT-0305,W KEITH RD / W VICTORIA PARK AVE,Lower Lonsdale,,False,,collision_count,,Derived; see DATA_SOURCES.md for each contributing layer,"ICBC crash counts name-matched to CNV intersections. Intersections without a match are unknown, not zero."
408,CNV-INT-0307,MAHON AVE / W 5TH ST,Squamish Nation (Mission IR 1),,False,,collision_count,,Derived; see DATA_SOURCES.md for each contributing layer,"ICBC crash counts name-matched to CNV intersections. Intersections without a match are unknown, not zero."
409,CNV-INT-0308,CHESTERFIELD AVE / W 6TH ST,Lower Lonsdale,,False,,collision_count,,Derived; see DATA_SOURCES.md for each contributing layer,"ICBC crash counts name-matched to CNV intersections. Intersections without a match are unknown, not zero."
410,CNV-INT-0311,MAHON AVE / W 6TH ST,Lower Lonsdale,,False,,collision_count,,Derived; see DATA_SOURCES.md for each contributing layer,"ICBC crash counts name-matched to CNV intersections. Intersections without a match are unknown, not zero."
411,CNV-INT-0312,CHESTERFIELD AVE / W 8TH ST,Central Lonsdale,,False,,collision_count,,Derived; see DATA_SOURCES.md for each contributing layer,"ICBC crash counts name-matched to CNV intersections. Intersections without a match are unknown, not zero."
412,CNV-INT-0315,FELL AVE / HARBOUR WAY,Marine-Hamilton,,False,,collision_count,,Derived; see DATA_SOURCES.md for each contributing layer,"ICBC crash counts name-matched to CNV intersections. Intersections without a match are unknown, not zero."
413,CNV-INT-0317,HARBOUR WAY / HARBOURSIDE DR,Marine-Hamilton,,False,,collision_count,,Derived; see DATA_SOURCES.md for each contributing layer,"ICBC crash counts name-matched to CNV intersections. Intersections without a match are unknown, not zero."
414,CNV-INT-0319,GOSTICK PL / HARBOURSIDE DR,Marine-Hamilton,,False,,collision_count,,Derived; see DATA_SOURCES.md for each contributing layer,"ICBC crash counts name-matched to CNV intersections. Intersections without a match are unknown, not zero."
415,CNV-INT-0320,FORBES AVE / W ESPLANADE,Lower Lonsdale,,False,,collision_count,,Derived; see DATA_SOURCES.md for each contributing layer,"ICBC crash counts name-matched to CNV intersections. Intersections without a match are unknown, not zero."
416,CNV-INT-0321,FORBES AVE / W 1ST ST,Squamish Nation (Mission IR 1),,False,,collision_count,,Derived; see DATA_SOURCES.md for each contributing layer,"ICBC crash counts name-matched to CNV intersections. Intersections without a match are unknown, not zero."
417,CNV-INT-0322,MISSION RD / W ESPLANADE,Squamish Nation (Mission IR 1),,False,,collision_count,,Derived; see DATA_SOURCES.md for each contributing layer,"ICBC crash counts name-matched to CNV intersections. Intersections without a match are unknown, not zero."
418,CNV-INT-0324,W 1ST ST / W 2ND ST,Squamish Nation (Mission IR 1),,False,,collision_count,,Derived; see DATA_SOURCES.md for each contributing layer,"ICBC crash counts name-matched to CNV intersections. Intersections without a match are unknown, not zero."
419,CNV-INT-0326,MISSION RD / W 1ST ST,Squamish Nation (Mission IR 1),,False,,collision_count,,Derived; see DATA_SOURCES.md for each contributing layer,"ICBC crash counts name-matched to CNV intersections. Intersections without a match are unknown, not zero."
420,CNV-INT-0328,AUTOMALL DR,Marine-Hamilton,,False,,collision_count,,Derived; see DATA_SOURCES.md for each contributing layer,"ICBC crash counts name-matched to CNV intersections. Intersections without a match are unknown, not zero."
421,CNV-INT-0329,AUTOMALL DR,Marine-Hamilton,,False,,collision_count,,Derived; see DATA_SOURCES.md for each contributing layer,"ICBC crash counts name-matched to CNV intersections. Intersections without a match are unknown, not zero."
422,CNV-INT-0330,AUTOMALL DR,Marine-Hamilton,,False,,collision_count,,Derived; see DATA_SOURCES.md for each contributing layer,"ICBC crash counts name-matched to CNV intersections. Intersections without a match are unknown, not zero."
423,CNV-INT-0334,W 4TH ST / W CHIEF JOSEPH CRES,Lower Lonsdale,,False,,collision_count,,Derived; see DATA_SOURCES.md for each contributing layer,"ICBC crash counts name-matched to CNV intersections. Intersections without a match are unknown, not zero."
424,CNV-INT-0335,FORBES AVE / W 4TH ST,Squamish Nation (Mission IR 1),,False,,collision_count,,Derived; see DATA_SOURCES.md for each contributing layer,"ICBC crash counts name-matched to CNV intersections. Intersections without a match are unknown, not zero."
425,CNV-INT-0336,W 5TH ST / W 6TH ST,Lower Lonsdale,,False,,collision_count,,Derived; see DATA_SOURCES.md for each contributing layer,"ICBC crash counts name-matched to CNV intersections. Intersections without a match are unknown, not zero."
426,CNV-INT-0337,MAHON AVE / W 6TH ST,Lower Lonsdale,,False,,collision_count,,Derived; see DATA_SOURCES.md for each contributing layer,"ICBC crash counts name-matched to CNV intersections. Intersections without a match are unknown, not zero."
427,CNV-INT-0338,DELBRUCK AVE / W ESPLANADE,Squamish Nation (Mission IR 1),,False,,collision_count,,Derived; see DATA_SOURCES.md for each contributing layer,"ICBC crash counts name-matched to CNV intersections. Intersections without a match are unknown, not zero."
428,CNV-INT-0339,MISSION RD / W 2ND ST,Squamish Nation (Mission IR 1),,False,,collision_count,,Derived; see DATA_SOURCES.md for each contributing layer,"ICBC crash counts name-matched to CNV intersections. Intersections without a match are unknown, not zero."
429,CNV-INT-0340,DELBRUCK AVE / W 1ST ST,Squamish Nation (Mission IR 1),,False,,collision_count,,Derived; see DATA_SOURCES.md for each contributing layer,"ICBC crash counts name-matched to CNV intersections. Intersections without a match are unknown, not zero."
430,CNV-INT-0343,MISSION RD / W 4TH ST,Squamish Nation (Mission IR 1),,False,,collision_count,,Derived; see DATA_SOURCES.md for each contributing layer,"ICBC crash counts name-matched to CNV intersections. Intersections without a match are unknown, not zero."
431,CNV-INT-0345,W 2ND ST / W 3RD ST / W 6TH ST,Squamish Nation (Mission IR 1),,False,,collision_count,,Derived; see DATA_SOURCES.md for each contributing layer,"ICBC crash counts name-matched to CNV intersections. Intersections without a match are unknown, not zero."
432,CNV-INT-0346,BEWICKE AVE / MARINE DR / W 3RD ST / W KEITH RD,Marine-Hamilton,,False,,collision_count,,Derived; see DATA_SOURCES.md for each contributing layer,"ICBC crash counts name-matched to CNV intersections. Intersections without a match are unknown, not zero."
433,CNV-INT-0359,MARINE DR / W 14TH ST,Marine-Hamilton,,False,,collision_count,,Derived; see DATA_SOURCES.md for each contributing layer,"ICBC crash counts name-matched to CNV intersections. Intersections without a match are unknown, not zero."
434,CNV-INT-0361,HAMILTON AVE / MACKAY RD,Marine-Hamilton,,False,,collision_count,,Derived; see DATA_SOURCES.md for each contributing layer,"ICBC crash counts name-matched to CNV intersections. Intersections without a match are unknown, not zero."
435,CNV-INT-0363,HANES AVE / MARINE DR,Marine-Hamilton,,False,,collision_count,,Derived; see DATA_SOURCES.md for each contributing layer,"ICBC crash counts name-matched to CNV intersections. Intersections without a match are unknown, not zero."
436,CNV-INT-0365,MOSQUITO CREEK LANE / W 15TH ST,Marine-Hamilton,,False,,collision_count,,Derived; see DATA_SOURCES.md for each contributing layer,"ICBC crash counts name-matched to CNV intersections. Intersections without a match are unknown, not zero."
437,CNV-INT-0370,JONES AVE / W 16TH ST,Mahon,,False,,collision_count,,Derived; see DATA_SOURCES.md for each contributing layer,"ICBC crash counts name-matched to CNV intersections. Intersections without a match are unknown, not zero."
438,CNV-INT-0372,FORBES AVE / W 6TH ST,Squamish Nation (Mission IR 1),,False,,collision_count,,Derived; see DATA_SOURCES.md for each contributing layer,"ICBC crash counts name-matched to CNV intersections. Intersections without a match are unknown, not zero."
439,CNV-INT-0373,JONES AVE / W 6TH ST,Lower Lonsdale,,False,,collision_count,,Derived; see DATA_SOURCES.md for each contributing layer,"ICBC crash counts name-matched to CNV intersections. Intersections without a match are unknown, not zero."
440,CNV-INT-0374,FORBES AVE / W 6TH ST,Squamish Nation (Mission IR 1),,False,,collision_count,,Derived; see DATA_SOURCES.md for each contributing layer,"ICBC crash counts name-matched to CNV intersections. Intersections without a match are unknown, not zero."
441,CNV-INT-0379,MAHON AVE / W 13TH ST,Central Lonsdale,,False,,collision_count,,Derived; see DATA_SOURCES.md for each contributing layer,"ICBC crash counts name-matched to CNV intersections. Intersections without a match are unknown, not zero."
442,CNV-INT-0382,W 12TH ST / W 8TH ST,Central Lonsdale,,False,,collision_count,,Derived; see DATA_SOURCES.md for each contributing layer,"ICBC crash counts name-matched to CNV intersections. Intersections without a match are unknown, not zero."
443,CNV-INT-0384,CIVIC PLACE MEWS / W 14TH ST,Central Lonsdale,,False,,collision_count,,Derived; see DATA_SOURCES.md for each contributing layer,"ICBC crash counts name-matched to CNV intersections. Intersections without a match are unknown, not zero."
444,CNV-INT-0402,MAHON AVE / W 20TH ST,Mahon,,False,,collision_count,,Derived; see DATA_SOURCES.md for each contributing layer,"ICBC crash counts name-matched to CNV intersections. Intersections without a match are unknown, not zero."
445,CNV-INT-0411,JONES AVE / W 21ST ST,Mahon,,False,,collision_count,,Derived; see DATA_SOURCES.md for each contributing layer,"ICBC crash counts name-matched to CNV intersections. Intersections without a match are unknown, not zero."
446,CNV-INT-0412,MAHON AVE / W 22ND ST,Mahon,,False,,collision_count,,Derived; see DATA_SOURCES.md for each contributing layer,"ICBC crash counts name-matched to CNV intersections. Intersections without a match are unknown, not zero."
447,CNV-INT-0413,JONES AVE / W 22ND ST,Mahon,,False,,collision_count,,Derived; see DATA_SOURCES.md for each contributing layer,"ICBC crash counts name-matched to CNV intersections. Intersections without a match are unknown, not zero."
448,CNV-INT-0416,MAHON AVE / W 24TH ST,Mahon,,False,,collision_count,,Derived; see DATA_SOURCES.md for each contributing layer,"ICBC crash counts name-matched to CNV intersections. Intersections without a match are unknown, not zero."
449,CNV-INT-0417,JONES AVE,Mahon,,False,,collision_count,,Derived; see DATA_SOURCES.md for each contributing layer,"ICBC crash counts name-matched to CNV intersections. Intersections without a match are unknown, not zero."
450,CNV-INT-0418,LARSON CRES / LARSON RD,Mahon,,False,,collision_count,,Derived; see DATA_SOURCES.md for each contributing layer,"ICBC crash counts name-matched to CNV intersections. Intersections without a match are unknown, not zero."
451,CNV-INT-0420,JONES AVE / W 24TH ST,Mahon,,False,,collision_count,,Derived; see DATA_SOURCES.md for each contributing layer,"ICBC crash counts name-matched to CNV intersections. Intersections without a match are unknown, not zero."
452,CNV-INT-0421,LARSON RD / W 24TH ST,Mahon,,False,,collision_count,,Derived; see DATA_SOURCES.md for each contributing layer,"ICBC crash counts name-matched to CNV intersections. Intersections without a match are unknown, not zero."
453,CNV-INT-0424,CHURCHILL CRES / MACKAY RD,Marine-Hamilton,,False,,collision_count,,Derived; see DATA_SOURCES.md for each contributing layer,"ICBC crash counts name-matched to CNV intersections. Intersections without a match are unknown, not zero."
454,CNV-INT-0426,HAMILTON AVE / W 16TH ST,Marine-Hamilton,,False,,collision_count,,Derived; see DATA_SOURCES.md for each contributing layer,"ICBC crash counts name-matched to CNV intersections. Intersections without a match are unknown, not zero."
455,CNV-INT-0427,LARSON RD / W 16TH ST,Mahon,,False,,collision_count,,Derived; see DATA_SOURCES.md for each contributing layer,"ICBC crash counts name-matched to CNV intersections. Intersections without a match are unknown, not zero."
456,CNV-INT-0433,BEWICKE AVE / W 16TH ST,Marine-Hamilton,,False,,collision_count,,Derived; see DATA_SOURCES.md for each contributing layer,"ICBC crash counts name-matched to CNV intersections. Intersections without a match are unknown, not zero."
457,CNV-INT-0434,BEWICKE AVE / LARSON RD,Mahon,,False,,collision_count,,Derived; see DATA_SOURCES.md for each contributing layer,"ICBC crash counts name-matched to CNV intersections. Intersections without a match are unknown, not zero."
458,CNV-INT-0435,LARSON RD / W 17TH ST,Mahon,,False,,collision_count,,Derived; see DATA_SOURCES.md for each contributing layer,"ICBC crash counts name-matched to CNV intersections. Intersections without a match are unknown, not zero."
459,CNV-INT-0436,W 17TH ST / WOLFE ST,Mahon,,False,,collision_count,,Derived; see DATA_SOURCES.md for each contributing layer,"ICBC crash counts name-matched to CNV intersections. Intersections without a match are unknown, not zero."
460,CNV-INT-0437,FIR ST / WOLFE ST,Mahon,,False,,collision_count,,Derived; see DATA_SOURCES.md for each contributing layer,"ICBC crash counts name-matched to CNV intersections. Intersections without a match are unknown, not zero."
461,CNV-INT-0440,HAMILTON AVE / W 17TH ST,Marine-Hamilton,,False,,collision_count,,Derived; see DATA_SOURCES.md for each contributing layer,"ICBC crash counts name-matched to CNV intersections. Intersections without a match are unknown, not zero."
462,CNV-INT-0441,CUMBERLAND CRES / HAMILTON AVE,Marine-Hamilton,,False,,collision_count,,Derived; see DATA_SOURCES.md for each contributing layer,"ICBC crash counts name-matched to CNV intersections. Intersections without a match are unknown, not zero."
463,CNV-INT-0444,CUMBERLAND CRES / W 19TH ST,Marine-Hamilton,,False,,collision_count,,Derived; see DATA_SOURCES.md for each contributing layer,"ICBC crash counts name-matched to CNV intersections. Intersections without a match are unknown, not zero."
464,CNV-INT-0445,LARSON RD / W 19TH ST,Mahon,,False,,collision_count,,Derived; see DATA_SOURCES.md for each contributing layer,"ICBC crash counts name-matched to CNV intersections. Intersections without a match are unknown, not zero."
465,CNV-INT-0447,LARSON RD / W 20TH ST,Mahon,,False,,collision_count,,Derived; see DATA_SOURCES.md for each contributing layer,"ICBC crash counts name-matched to CNV intersections. Intersections without a match are unknown, not zero."
466,CNV-INT-0449,W 20TH ST / WOLFE ST,Mahon,,False,,collision_count,,Derived; see DATA_SOURCES.md for each contributing layer,"ICBC crash counts name-matched to CNV intersections. Intersections without a match are unknown, not zero."
467,CNV-INT-0450,CARSON CRT / W 20TH ST,Mahon,,False,,collision_count,,Derived; see DATA_SOURCES.md for each contributing layer,"ICBC crash counts name-matched to CNV intersections. Intersections without a match are unknown, not zero."
468,CNV-INT-0451,LARSON RD / W 20TH ST,Mahon,,False,,collision_count,,Derived; see DATA_SOURCES.md for each contributing layer,"ICBC crash counts name-matched to CNV intersections. Intersections without a match are unknown, not zero."
469,CNV-INT-0453,MACKAY AVE / W 19TH ST,Marine-Hamilton,,False,,collision_count,,Derived; see DATA_SOURCES.md for each contributing layer,"ICBC crash counts name-matched to CNV intersections. Intersections without a match are unknown, not zero."
470,CNV-INT-0454,HAMILTON AVE / W 19TH ST,Marine-Hamilton,,False,,collision_count,,Derived; see DATA_SOURCES.md for each contributing layer,"ICBC crash counts name-matched to CNV intersections. Intersections without a match are unknown, not zero."
471,CNV-INT-0457,NEILSON AVE / W 20TH ST,Marine-Hamilton,,False,,collision_count,,Derived; see DATA_SOURCES.md for each contributing layer,"ICBC crash counts name-matched to CNV intersections. Intersections without a match are unknown, not zero."
472,CNV-INT-0458,HAMILTON AVE / W 20TH ST,Marine-Hamilton,,False,,collision_count,,Derived; see DATA_SOURCES.md for each contributing layer,"ICBC crash counts name-matched to CNV intersections. Intersections without a match are unknown, not zero."
473,CNV-INT-0460,NEILSON AVE / W 21ST ST,Marine-Hamilton,,False,,collision_count,,Derived; see DATA_SOURCES.md for each contributing layer,"ICBC crash counts name-matched to CNV intersections. Intersections without a match are unknown, not zero."
474,CNV-INT-0461,HAMILTON AVE / W 21ST ST,Marine-Hamilton,,False,,collision_count,,Derived; see DATA_SOURCES.md for each contributing layer,"ICBC crash counts name-matched to CNV intersections. Intersections without a match are unknown, not zero."
475,CNV-INT-0462,EDGEMONT BLVD / W 21ST ST,Marine-Hamilton,,False,,collision_count,,Derived; see DATA_SOURCES.md for each contributing layer,"ICBC crash counts name-matched to CNV intersections. Intersections without a match are unknown, not zero."
476,CNV-INT-0463,EDGEMONT BLVD / WESTMORELAND CRES,Marine-Hamilton,,False,,collision_count,,Derived; see DATA_SOURCES.md for each contributing layer,"ICBC crash counts name-matched to CNV intersections. Intersections without a match are unknown, not zero."
477,CNV-INT-0464,MACKAY AVE / W 22ND ST,Marine-Hamilton,,False,,collision_count,,Derived; see DATA_SOURCES.md for each contributing layer,"ICBC crash counts name-matched to CNV intersections. Intersections without a match are unknown, not zero."
478,CNV-INT-0467,ALDEN LANE / WESTMORELAND CRES,Marine-Hamilton,,False,,collision_count,,Derived; see DATA_SOURCES.md for each contributing layer,"ICBC crash counts name-matched to CNV intersections. Intersections without a match are unknown, not zero."
479,CNV-INT-0468,W 23RD ST / WESTVIEW DR,Mahon,,False,,collision_count,,Derived; see DATA_SOURCES.md for each contributing layer,"ICBC crash counts name-matched to CNV intersections. Intersections without a match are unknown, not zero."
480,CNV-INT-0469,ALDEN LANE / W 23RD ST,,,False,,collision_count,,Derived; see DATA_SOURCES.md for each contributing layer,"ICBC crash counts name-matched to CNV intersections. Intersections without a match are unknown, not zero."
481,CNV-INT-0470,CHESTERFIELD AVE / W 24TH ST,Central Lonsdale,,False,,collision_count,,Derived; see DATA_SOURCES.md for each contributing layer,"ICBC crash counts name-matched to CNV intersections. Intersections without a match are unknown, not zero."
482,CNV-INT-0471,UPPER LEVELS HWY / UPPER LEVELS RAMP,Westview,,False,,collision_count,,Derived; see DATA_SOURCES.md for each contributing layer,"ICBC crash counts name-matched to CNV intersections. Intersections without a match are unknown, not zero."
483,CNV-INT-0472,UPPER LEVELS RAMP / W 25TH ST,Westview,,False,,collision_count,,Derived; see DATA_SOURCES.md for each contributing layer,"ICBC crash counts name-matched to CNV intersections. Intersections without a match are unknown, not zero."
484,CNV-INT-0473,CHESTERFIELD AVE / W 25TH ST,Westview,,False,,collision_count,,Derived; see DATA_SOURCES.md for each contributing layer,"ICBC crash counts name-matched to CNV intersections. Intersections without a match are unknown, not zero."
485,CNV-INT-0474,MAHON AVE / W 25TH ST,Westview,,False,,collision_count,,Derived; see DATA_SOURCES.md for each contributing layer,"ICBC crash counts name-matched to CNV intersections. Intersections without a match are unknown, not zero."
486,CNV-INT-0475,JONES AVE / W 25TH ST,Westview,,False,,collision_count,,Derived; see DATA_SOURCES.md for each contributing layer,"ICBC crash counts name-matched to CNV intersections. Intersections without a match are unknown, not zero."
487,CNV-INT-0476,MAHON AVE / W 26TH ST,Westview,,False,,collision_count,,Derived; see DATA_SOURCES.md for each contributing layer,"ICBC crash counts name-matched to CNV intersections. Intersections without a match are unknown, not zero."
488,CNV-INT-0477,CHESTERFIELD AVE / W 26TH ST,Westview,,False,,collision_count,,Derived; see DATA_SOURCES.md for each contributing layer,"ICBC crash counts name-matched to CNV intersections. Intersections without a match are unknown, not zero."
489,CNV-INT-0479,MAHON AVE / W 27TH ST,Westview,,False,,collision_count,,Derived; see DATA_SOURCES.md for each contributing layer,"ICBC crash counts name-matched to CNV intersections. Intersections without a match are unknown, not zero."
490,CNV-INT-0483,W 27TH ST / WESTERN AVE,Central Lonsdale,,False,,collision_count,,Derived; see DATA_SOURCES.md for each contributing layer,"ICBC crash counts name-matched to CNV intersections. Intersections without a match are unknown, not zero."
491,CNV-INT-0484,CHESTERFIELD AVE / W 28TH ST,Westview,,False,,collision_count,,Derived; see DATA_SOURCES.md for each contributing layer,"ICBC crash counts name-matched to CNV intersections. Intersections without a match are unknown, not zero."
492,CNV-INT-0486,MAHON AVE / W 28TH ST,Westview,,False,,collision_count,,Derived; see DATA_SOURCES.md for each contributing layer,"ICBC crash counts name-matched to CNV intersections. Intersections without a match are unknown, not zero."
493,CNV-INT-0488,W 23RD ST / W 24TH CL,Mahon,,False,,collision_count,,Derived; see DATA_SOURCES.md for each contributing layer,"ICBC crash counts name-matched to CNV intersections. Intersections without a match are unknown, not zero."
494,CNV-INT-0489,WESTVIEW DR,Mahon,,False,,collision_count,,Derived; see DATA_SOURCES.md for each contributing layer,"ICBC crash counts name-matched to CNV intersections. Intersections without a match are unknown, not zero."
495,CNV-INT-0490,UPPER LEVELS HWY / WESTVIEW DR,Westview,,False,,collision_count,,Derived; see DATA_SOURCES.md for each contributing layer,"ICBC crash counts name-matched to CNV intersections. Intersections without a match are unknown, not zero."
496,CNV-INT-0491,UPPER LEVELS HWY,Westview,,False,,collision_count,,Derived; see DATA_SOURCES.md for each contributing layer,"ICBC crash counts name-matched to CNV intersections. Intersections without a match are unknown, not zero."
497,CNV-INT-0492,WESTVIEW DR,Westview,,False,,collision_count,,Derived; see DATA_SOURCES.md for each contributing layer,"ICBC crash counts name-matched to CNV intersections. Intersections without a match are unknown, not zero."
498,CNV-INT-0493,LARSON RD / W 25TH ST,Westview,,False,,collision_count,,Derived; see DATA_SOURCES.md for each contributing layer,"ICBC crash counts name-matched to CNV intersections. Intersections without a match are unknown, not zero."
499,CNV-INT-0497,,Westview,,False,,collision_count,,Derived; see DATA_SOURCES.md for each contributing layer,"ICBC crash counts name-matched to CNV intersections. Intersections without a match are unknown, not zero."
500,CNV-INT-0500,W 28TH ST,Westview,,False,,collision_count,,Derived; see DATA_SOURCES.md for each contributing layer,"ICBC crash counts name-matched to CNV intersections. Intersections without a match are unknown, not zero."
501,CNV-INT-0501,LARSON RD / W 29TH ST,Westview,,False,,collision_count,,Derived; see DATA_SOURCES.md for each contributing layer,"ICBC crash counts name-matched to CNV intersections. Intersections without a match are unknown, not zero."
502,CNV-INT-0502,W 28TH ST / WESTVIEW DR,Westview,,False,,collision_count,,Derived; see DATA_SOURCES.md for each contributing layer,"ICBC crash counts name-matched to CNV intersections. Intersections without a match are unknown, not zero."
503,CNV-INT-0503,WESTVIEW CRES / WESTVIEW DR,Westview,,False,,collision_count,,Derived; see DATA_SOURCES.md for each contributing layer,"ICBC crash counts name-matched to CNV intersections. Intersections without a match are unknown, not zero."
