rank,intersection_id,street_names,neighbourhood,road_classes,road_class_weight,nearest_traffic_volume,traffic_volume_available,signalised,full_signal,road_hierarchy_score,metric,value,source,methodology_note
1,CNV-INT-0228,LONSDALE AVE / UPPER LEVELS HWY,Central Lonsdale,Major / freeway,1.0,,False,True,True,99.4,road_hierarchy_score,99.4,Derived; see DATA_SOURCES.md for each contributing layer,Road hierarchy only. Measured traffic volumes were removed from this score because they cover just 40 of 503 intersections; they are reported as the separate nearest_traffic_volume column. This is NOT a measured traffic ranking.
2,CNV-INT-0177,BOULEVARD CRES / LYNN VALLEY RD / UPPER LEVELS HWY,Tempe,Major / arterial / freeway,1.0,,False,False,True,99.4,road_hierarchy_score,99.4,Derived; see DATA_SOURCES.md for each contributing layer,Road hierarchy only. Measured traffic volumes were removed from this score because they cover just 40 of 503 intersections; they are reported as the separate nearest_traffic_volume column. This is NOT a measured traffic ranking.
3,CNV-INT-0227,UPPER LEVELS HWY / UPPER LEVELS RAMP,Grand Boulevard,freeway / ramp,1.0,,False,False,True,99.4,road_hierarchy_score,99.4,Derived; see DATA_SOURCES.md for each contributing layer,Road hierarchy only. Measured traffic volumes were removed from this score because they cover just 40 of 503 intersections; they are reported as the separate nearest_traffic_volume column. This is NOT a measured traffic ranking.
4,CNV-INT-0491,UPPER LEVELS HWY,Westview,freeway / ramp,1.0,,False,False,True,99.4,road_hierarchy_score,99.4,Derived; see DATA_SOURCES.md for each contributing layer,Road hierarchy only. Measured traffic volumes were removed from this score because they cover just 40 of 503 intersections; they are reported as the separate nearest_traffic_volume column. This is NOT a measured traffic ranking.
5,CNV-INT-0490,UPPER LEVELS HWY / WESTVIEW DR,Westview,Major / freeway,1.0,,False,True,True,99.4,road_hierarchy_score,99.4,Derived; see DATA_SOURCES.md for each contributing layer,Road hierarchy only. Measured traffic volumes were removed from this score because they cover just 40 of 503 intersections; they are reported as the separate nearest_traffic_volume column. This is NOT a measured traffic ranking.
6,CNV-INT-0144,UPPER LEVELS HWY / UPPER LEVELS RAMP,Grand Boulevard,freeway / ramp,1.0,,False,False,True,99.4,road_hierarchy_score,99.4,Derived; see DATA_SOURCES.md for each contributing layer,Road hierarchy only. Measured traffic volumes were removed from this score because they cover just 40 of 503 intersections; they are reported as the separate nearest_traffic_volume column. This is NOT a measured traffic ranking.
7,CNV-INT-0471,UPPER LEVELS HWY / UPPER LEVELS RAMP,Westview,freeway / ramp,1.0,,False,False,True,99.4,road_hierarchy_score,99.4,Derived; see DATA_SOURCES.md for each contributing layer,Road hierarchy only. Measured traffic volumes were removed from this score because they cover just 40 of 503 intersections; they are reported as the separate nearest_traffic_volume column. This is NOT a measured traffic ranking.
8,CNV-INT-0266,E ESPLANADE / LONSDALE AVE / W ESPLANADE,Lower Lonsdale,Major / collector,0.85,,False,True,True,87.48,road_hierarchy_score,87.48,Derived; see DATA_SOURCES.md for each contributing layer,Road hierarchy only. Measured traffic volumes were removed from this score because they cover just 40 of 503 intersections; they are reported as the separate nearest_traffic_volume column. This is NOT a measured traffic ranking.
9,CNV-INT-0270,E 1ST ST / LONSDALE AVE / W 1ST ST,Lower Lonsdale,Major / local,0.85,,False,True,True,87.48,road_hierarchy_score,87.48,Derived; see DATA_SOURCES.md for each contributing layer,Road hierarchy only. Measured traffic volumes were removed from this score because they cover just 40 of 503 intersections; they are reported as the separate nearest_traffic_volume column. This is NOT a measured traffic ranking.
10,CNV-INT-0271,ROGERS AVE / W ESPLANADE,Lower Lonsdale,Major / local,0.85,,False,True,True,87.48,road_hierarchy_score,87.48,Derived; see DATA_SOURCES.md for each contributing layer,Road hierarchy only. Measured traffic volumes were removed from this score because they cover just 40 of 503 intersections; they are reported as the separate nearest_traffic_volume column. This is NOT a measured traffic ranking.
11,CNV-INT-0272,E 2ND ST / LONSDALE AVE / W 2ND ST,Lower Lonsdale,Major / local,0.85,,False,True,True,87.48,road_hierarchy_score,87.48,Derived; see DATA_SOURCES.md for each contributing layer,Road hierarchy only. Measured traffic volumes were removed from this score because they cover just 40 of 503 intersections; they are reported as the separate nearest_traffic_volume column. This is NOT a measured traffic ranking.
12,CNV-INT-0273,E 3RD ST / LONSDALE AVE / W 3RD ST,Lower Lonsdale,Major / Minor,0.85,,False,True,True,87.48,road_hierarchy_score,87.48,Derived; see DATA_SOURCES.md for each contributing layer,Road hierarchy only. Measured traffic volumes were removed from this score because they cover just 40 of 503 intersections; they are reported as the separate nearest_traffic_volume column. This is NOT a measured traffic ranking.
13,CNV-INT-0277,CHESTERFIELD AVE / W ESPLANADE,Lower Lonsdale,Major / Minor / collector,0.85,,False,True,True,87.48,road_hierarchy_score,87.48,Derived; see DATA_SOURCES.md for each contributing layer,Road hierarchy only. Measured traffic volumes were removed from this score because they cover just 40 of 503 intersections; they are reported as the separate nearest_traffic_volume column. This is NOT a measured traffic ranking.
14,CNV-INT-0278,SEMISCH AVE / W ESPLANADE,Lower Lonsdale,Major / local,0.85,,False,True,True,87.48,road_hierarchy_score,87.48,Derived; see DATA_SOURCES.md for each contributing layer,Road hierarchy only. Measured traffic volumes were removed from this score because they cover just 40 of 503 intersections; they are reported as the separate nearest_traffic_volume column. This is NOT a measured traffic ranking.
15,CNV-INT-0281,E 4TH ST / LONSDALE AVE / W 4TH ST,Lower Lonsdale,Major / local,0.85,,False,True,True,87.48,road_hierarchy_score,87.48,Derived; see DATA_SOURCES.md for each contributing layer,Road hierarchy only. Measured traffic volumes were removed from this score because they cover just 40 of 503 intersections; they are reported as the separate nearest_traffic_volume column. This is NOT a measured traffic ranking.
16,CNV-INT-0282,E 5TH ST / LONSDALE AVE / W 5TH ST,Lower Lonsdale,Major / local,0.85,,False,False,True,87.48,road_hierarchy_score,87.48,Derived; see DATA_SOURCES.md for each contributing layer,Road hierarchy only. Measured traffic volumes were removed from this score because they cover just 40 of 503 intersections; they are reported as the separate nearest_traffic_volume column. This is NOT a measured traffic ranking.
17,CNV-INT-0285,MAHON AVE / W ESPLANADE,Lower Lonsdale,Major / local,0.85,,False,False,True,87.48,road_hierarchy_score,87.48,Derived; see DATA_SOURCES.md for each contributing layer,Road hierarchy only. Measured traffic volumes were removed from this score because they cover just 40 of 503 intersections; they are reported as the separate nearest_traffic_volume column. This is NOT a measured traffic ranking.
18,CNV-INT-0283,E 6TH ST / LONSDALE AVE / W 6TH ST,Lower Lonsdale,Major / local,0.85,,False,False,True,87.48,road_hierarchy_score,87.48,Derived; see DATA_SOURCES.md for each contributing layer,Road hierarchy only. Measured traffic volumes were removed from this score because they cover just 40 of 503 intersections; they are reported as the separate nearest_traffic_volume column. This is NOT a measured traffic ranking.
19,CNV-INT-0253,E 26TH ST / LONSDALE AVE,Central Lonsdale,Major / local,0.85,,False,False,True,87.48,road_hierarchy_score,87.48,Derived; see DATA_SOURCES.md for each contributing layer,Road hierarchy only. Measured traffic volumes were removed from this score because they cover just 40 of 503 intersections; they are reported as the separate nearest_traffic_volume column. This is NOT a measured traffic ranking.
20,CNV-INT-0288,FORBES AVE / W ESPLANADE,Squamish Nation (Mission IR 1),Major / local,0.85,,False,False,True,87.48,road_hierarchy_score,87.48,Derived; see DATA_SOURCES.md for each contributing layer,Road hierarchy only. Measured traffic volumes were removed from this score because they cover just 40 of 503 intersections; they are reported as the separate nearest_traffic_volume column. This is NOT a measured traffic ranking.
21,CNV-INT-0296,FORBES AVE / W 1ST ST,Squamish Nation (Mission IR 1),Major / local,0.85,,False,True,True,87.48,road_hierarchy_score,87.48,Derived; see DATA_SOURCES.md for each contributing layer,Road hierarchy only. Measured traffic volumes were removed from this score because they cover just 40 of 503 intersections; they are reported as the separate nearest_traffic_volume column. This is NOT a measured traffic ranking.
22,CNV-INT-0298,FORBES AVE / W 2ND ST,Squamish Nation (Mission IR 1),Major / local,0.85,,False,False,True,87.48,road_hierarchy_score,87.48,Derived; see DATA_SOURCES.md for each contributing layer,Road hierarchy only. Measured traffic volumes were removed from this score because they cover just 40 of 503 intersections; they are reported as the separate nearest_traffic_volume column. This is NOT a measured traffic ranking.
23,CNV-INT-0301,E KEITH RD / LONSDALE AVE / W KEITH RD,Lower Lonsdale,Major / Minor,0.85,,False,True,True,87.48,road_hierarchy_score,87.48,Derived; see DATA_SOURCES.md for each contributing layer,Road hierarchy only. Measured traffic volumes were removed from this score because they cover just 40 of 503 intersections; they are reported as the separate nearest_traffic_volume column. This is NOT a measured traffic ranking.
24,CNV-INT-0302,E KEITH RD / LONSDALE AVE / W KEITH RD,Lower Lonsdale,Major / Minor,0.85,,False,True,True,87.48,road_hierarchy_score,87.48,Derived; see DATA_SOURCES.md for each contributing layer,Road hierarchy only. Measured traffic volumes were removed from this score because they cover just 40 of 503 intersections; they are reported as the separate nearest_traffic_volume column. This is NOT a measured traffic ranking.
25,CNV-INT-0321,FORBES AVE / W 1ST ST,Squamish Nation (Mission IR 1),Major / local,0.85,,False,True,True,87.48,road_hierarchy_score,87.48,Derived; see DATA_SOURCES.md for each contributing layer,Road hierarchy only. Measured traffic volumes were removed from this score because they cover just 40 of 503 intersections; they are reported as the separate nearest_traffic_volume column. This is NOT a measured traffic ranking.
26,CNV-INT-0331,FELL AVE / W 1ST ST / W 2ND ST,Marine-Hamilton,Major / collector,0.85,503.0,True,True,True,87.48,road_hierarchy_score,87.48,Derived; see DATA_SOURCES.md for each contributing layer,Road hierarchy only. Measured traffic volumes were removed from this score because they cover just 40 of 503 intersections; they are reported as the separate nearest_traffic_volume column. This is NOT a measured traffic ranking.
27,CNV-INT-0332,DONAGHY AVE / W 1ST ST,Marine-Hamilton,Major / local,0.85,1125.0,True,False,True,87.48,road_hierarchy_score,87.48,Derived; see DATA_SOURCES.md for each contributing layer,Road hierarchy only. Measured traffic volumes were removed from this score because they cover just 40 of 503 intersections; they are reported as the separate nearest_traffic_volume column. This is NOT a measured traffic ranking.
28,CNV-INT-0263,E ESPLANADE / ST. GEORGES AVE,Lower Lonsdale,Major / Minor / local,0.85,,False,True,True,87.48,road_hierarchy_score,87.48,Derived; see DATA_SOURCES.md for each contributing layer,Road hierarchy only. Measured traffic volumes were removed from this score because they cover just 40 of 503 intersections; they are reported as the separate nearest_traffic_volume column. This is NOT a measured traffic ranking.
29,CNV-INT-0001,BROOKSBANK AVE / COTTON RD,Moodyville,Major / Minor / local,0.85,,False,True,True,87.48,road_hierarchy_score,87.48,Derived; see DATA_SOURCES.md for each contributing layer,Road hierarchy only. Measured traffic volumes were removed from this score because they cover just 40 of 503 intersections; they are reported as the separate nearest_traffic_volume column. This is NOT a measured traffic ranking.
30,CNV-INT-0002,LOW LEVEL RD,Moodyville,Major / local,0.85,,False,True,True,87.48,road_hierarchy_score,87.48,Derived; see DATA_SOURCES.md for each contributing layer,Road hierarchy only. Measured traffic volumes were removed from this score because they cover just 40 of 503 intersections; they are reported as the separate nearest_traffic_volume column. This is NOT a measured traffic ranking.
31,CNV-INT-0165,BOULEVARD CRES / E 21ST ST / UPPER LEVELS RAMP,Grand Boulevard,Major / local,0.85,,False,True,True,87.48,road_hierarchy_score,87.48,Derived; see DATA_SOURCES.md for each contributing layer,Road hierarchy only. Measured traffic volumes were removed from this score because they cover just 40 of 503 intersections; they are reported as the separate nearest_traffic_volume column. This is NOT a measured traffic ranking.
32,CNV-INT-0130,E 12TH ST / E GRAND BLVD,Grand Boulevard,Major / local,0.85,,False,False,True,87.48,road_hierarchy_score,87.48,Derived; see DATA_SOURCES.md for each contributing layer,Road hierarchy only. Measured traffic volumes were removed from this score because they cover just 40 of 503 intersections; they are reported as the separate nearest_traffic_volume column. This is NOT a measured traffic ranking.
33,CNV-INT-0131,E 13TH ST / E GRAND BLVD,Grand Boulevard,Major / Minor,0.85,,False,False,True,87.48,road_hierarchy_score,87.48,Derived; see DATA_SOURCES.md for each contributing layer,Road hierarchy only. Measured traffic volumes were removed from this score because they cover just 40 of 503 intersections; they are reported as the separate nearest_traffic_volume column. This is NOT a measured traffic ranking.
34,CNV-INT-0133,E 14TH ST / E GRAND BLVD,Grand Boulevard,Major / local,0.85,,False,False,True,87.48,road_hierarchy_score,87.48,Derived; see DATA_SOURCES.md for each contributing layer,Road hierarchy only. Measured traffic volumes were removed from this score because they cover just 40 of 503 intersections; they are reported as the separate nearest_traffic_volume column. This is NOT a measured traffic ranking.
35,CNV-INT-0136,E 15TH ST / E GRAND BLVD,Grand Boulevard,Major / collector / local,0.85,,False,False,True,87.48,road_hierarchy_score,87.48,Derived; see DATA_SOURCES.md for each contributing layer,Road hierarchy only. Measured traffic volumes were removed from this score because they cover just 40 of 503 intersections; they are reported as the separate nearest_traffic_volume column. This is NOT a measured traffic ranking.
36,CNV-INT-0139,E 16TH ST / E GRAND BLVD,Grand Boulevard,Major / local,0.85,,False,False,True,87.48,road_hierarchy_score,87.48,Derived; see DATA_SOURCES.md for each contributing layer,Road hierarchy only. Measured traffic volumes were removed from this score because they cover just 40 of 503 intersections; they are reported as the separate nearest_traffic_volume column. This is NOT a measured traffic ranking.
37,CNV-INT-0146,E 17TH ST / E GRAND BLVD,Grand Boulevard,Major / collector / local,0.85,,False,True,True,87.48,road_hierarchy_score,87.48,Derived; see DATA_SOURCES.md for each contributing layer,Road hierarchy only. Measured traffic volumes were removed from this score because they cover just 40 of 503 intersections; they are reported as the separate nearest_traffic_volume column. This is NOT a measured traffic ranking.
38,CNV-INT-0150,E 18TH ST / E GRAND BLVD,Grand Boulevard,Major / local,0.85,,False,False,True,87.48,road_hierarchy_score,87.48,Derived; see DATA_SOURCES.md for each contributing layer,Road hierarchy only. Measured traffic volumes were removed from this score because they cover just 40 of 503 intersections; they are reported as the separate nearest_traffic_volume column. This is NOT a measured traffic ranking.
39,CNV-INT-0164,BOULEVARD CRES / E 19TH ST / E GRAND BLVD,Grand Boulevard,Major / Minor / local,0.85,,False,True,True,87.48,road_hierarchy_score,87.48,Derived; see DATA_SOURCES.md for each contributing layer,Road hierarchy only. Measured traffic volumes were removed from this score because they cover just 40 of 503 intersections; they are reported as the separate nearest_traffic_volume column. This is NOT a measured traffic ranking.
40,CNV-INT-0168,BOULEVARD CRES / SUTHERLAND AVE / UPPER LEVELS RAMP,Grand Boulevard,Major / collector / local,0.85,,False,False,True,87.48,road_hierarchy_score,87.48,Derived; see DATA_SOURCES.md for each contributing layer,Road hierarchy only. Measured traffic volumes were removed from this score because they cover just 40 of 503 intersections; they are reported as the separate nearest_traffic_volume column. This is NOT a measured traffic ranking.
41,CNV-INT-0250,E 25TH ST / LONSDALE AVE / W 25TH ST,Central Lonsdale,Major / local,0.85,,False,True,True,87.48,road_hierarchy_score,87.48,Derived; see DATA_SOURCES.md for each contributing layer,Road hierarchy only. Measured traffic volumes were removed from this score because they cover just 40 of 503 intersections; they are reported as the separate nearest_traffic_volume column. This is NOT a measured traffic ranking.
42,CNV-INT-0187,E 13TH ST / ST. GEORGES AVE,Central Lonsdale,Major / Minor,0.85,,False,True,True,87.48,road_hierarchy_score,87.48,Derived; see DATA_SOURCES.md for each contributing layer,Road hierarchy only. Measured traffic volumes were removed from this score because they cover just 40 of 503 intersections; they are reported as the separate nearest_traffic_volume column. This is NOT a measured traffic ranking.
43,CNV-INT-0188,E 13TH ST / LONSDALE AVE / W 13TH ST,Central Lonsdale,Major,0.85,,False,True,True,87.48,road_hierarchy_score,87.48,Derived; see DATA_SOURCES.md for each contributing layer,Road hierarchy only. Measured traffic volumes were removed from this score because they cover just 40 of 503 intersections; they are reported as the separate nearest_traffic_volume column. This is NOT a measured traffic ranking.
44,CNV-INT-0206,E 18TH ST / LONSDALE AVE / W 18TH ST,Central Lonsdale,Major / local,0.85,,False,True,True,87.48,road_hierarchy_score,87.48,Derived; see DATA_SOURCES.md for each contributing layer,Road hierarchy only. Measured traffic volumes were removed from this score because they cover just 40 of 503 intersections; they are reported as the separate nearest_traffic_volume column. This is NOT a measured traffic ranking.
45,CNV-INT-0209,E 19TH ST / LONSDALE AVE / W 19TH ST,Central Lonsdale,Major / collector,0.85,,False,True,True,87.48,road_hierarchy_score,87.48,Derived; see DATA_SOURCES.md for each contributing layer,Road hierarchy only. Measured traffic volumes were removed from this score because they cover just 40 of 503 intersections; they are reported as the separate nearest_traffic_volume column. This is NOT a measured traffic ranking.
46,CNV-INT-0212,E 20TH ST / LONSDALE AVE / W 20TH ST,Central Lonsdale,Major / local,0.85,,False,True,True,87.48,road_hierarchy_score,87.48,Derived; see DATA_SOURCES.md for each contributing layer,Road hierarchy only. Measured traffic volumes were removed from this score because they cover just 40 of 503 intersections; they are reported as the separate nearest_traffic_volume column. This is NOT a measured traffic ranking.
47,CNV-INT-0222,E 23RD ST / LONSDALE AVE / W 23RD ST,Central Lonsdale,Major / Minor,0.85,,False,True,True,87.48,road_hierarchy_score,87.48,Derived; see DATA_SOURCES.md for each contributing layer,Road hierarchy only. Measured traffic volumes were removed from this score because they cover just 40 of 503 intersections; they are reported as the separate nearest_traffic_volume column. This is NOT a measured traffic ranking.
48,CNV-INT-0226,E UPPER LEVELS HWY / LONSDALE AVE / UPPER LEVELS RAMP,Central Lonsdale,Major / ramp,0.85,,False,True,True,87.48,road_hierarchy_score,87.48,Derived; see DATA_SOURCES.md for each contributing layer,Road hierarchy only. Measured traffic volumes were removed from this score because they cover just 40 of 503 intersections; they are reported as the separate nearest_traffic_volume column. This is NOT a measured traffic ranking.
49,CNV-INT-0341,MISSION RD / W 3RD ST,Squamish Nation (Mission IR 1),Major / local,0.85,,False,True,True,87.48,road_hierarchy_score,87.48,Derived; see DATA_SOURCES.md for each contributing layer,Road hierarchy only. Measured traffic volumes were removed from this score because they cover just 40 of 503 intersections; they are reported as the separate nearest_traffic_volume column. This is NOT a measured traffic ranking.
50,CNV-INT-0333,FORBES AVE / W 3RD ST,Squamish Nation (Mission IR 1),Major / Minor / local,0.85,,False,True,True,87.48,road_hierarchy_score,87.48,Derived; see DATA_SOURCES.md for each contributing layer,Road hierarchy only. Measured traffic volumes were removed from this score because they cover just 40 of 503 intersections; they are reported as the separate nearest_traffic_volume column. This is NOT a measured traffic ranking.
51,CNV-INT-0344,DELBRUCK AVE / W 3RD ST,Squamish Nation (Mission IR 1),Major / local,0.85,552.0,True,False,True,87.48,road_hierarchy_score,87.48,Derived; see DATA_SOURCES.md for each contributing layer,Road hierarchy only. Measured traffic volumes were removed from this score because they cover just 40 of 503 intersections; they are reported as the separate nearest_traffic_volume column. This is NOT a measured traffic ranking.
52,CNV-INT-0342,BEWICKE AVE / W 2ND ST,Marine-Hamilton,Major / collector,0.85,956.0,True,True,True,87.48,road_hierarchy_score,87.48,Derived; see DATA_SOURCES.md for each contributing layer,Road hierarchy only. Measured traffic volumes were removed from this score because they cover just 40 of 503 intersections; they are reported as the separate nearest_traffic_volume column. This is NOT a measured traffic ranking.
53,CNV-INT-0446,W 19TH ST / WESTVIEW DR,Mahon,Major / local,0.85,725.0,True,True,True,87.48,road_hierarchy_score,87.48,Derived; see DATA_SOURCES.md for each contributing layer,Road hierarchy only. Measured traffic volumes were removed from this score because they cover just 40 of 503 intersections; they are reported as the separate nearest_traffic_volume column. This is NOT a measured traffic ranking.
54,CNV-INT-0423,HAMILTON AVE / MARINE DR / W 16TH ST,Marine-Hamilton,Major / Minor,0.85,,False,True,True,87.48,road_hierarchy_score,87.48,Derived; see DATA_SOURCES.md for each contributing layer,Road hierarchy only. Measured traffic volumes were removed from this score because they cover just 40 of 503 intersections; they are reported as the separate nearest_traffic_volume column. This is NOT a measured traffic ranking.
55,CNV-INT-0425,FELL AVE / W 16TH ST,Marine-Hamilton,Major / Minor,0.85,613.0,True,True,True,87.48,road_hierarchy_score,87.48,Derived; see DATA_SOURCES.md for each contributing layer,Road hierarchy only. Measured traffic volumes were removed from this score because they cover just 40 of 503 intersections; they are reported as the separate nearest_traffic_volume column. This is NOT a measured traffic ranking.
56,CNV-INT-0426,HAMILTON AVE / W 16TH ST,Marine-Hamilton,Major / collector,0.85,,False,True,True,87.48,road_hierarchy_score,87.48,Derived; see DATA_SOURCES.md for each contributing layer,Road hierarchy only. Measured traffic volumes were removed from this score because they cover just 40 of 503 intersections; they are reported as the separate nearest_traffic_volume column. This is NOT a measured traffic ranking.
57,CNV-INT-0427,LARSON RD / W 16TH ST,Mahon,Major,0.85,,False,False,True,87.48,road_hierarchy_score,87.48,Derived; see DATA_SOURCES.md for each contributing layer,Road hierarchy only. Measured traffic volumes were removed from this score because they cover just 40 of 503 intersections; they are reported as the separate nearest_traffic_volume column. This is NOT a measured traffic ranking.
58,CNV-INT-0428,MACKAY AVE / MARINE DR,Marine-Hamilton,Major / collector,0.85,,False,False,True,87.48,road_hierarchy_score,87.48,Derived; see DATA_SOURCES.md for each contributing layer,Road hierarchy only. Measured traffic volumes were removed from this score because they cover just 40 of 503 intersections; they are reported as the separate nearest_traffic_volume column. This is NOT a measured traffic ranking.
59,CNV-INT-0429,MACKAY RD / MARINE DR,Marine-Hamilton,Major / local,0.85,,False,True,True,87.48,road_hierarchy_score,87.48,Derived; see DATA_SOURCES.md for each contributing layer,Road hierarchy only. Measured traffic volumes were removed from this score because they cover just 40 of 503 intersections; they are reported as the separate nearest_traffic_volume column. This is NOT a measured traffic ranking.
60,CNV-INT-0434,BEWICKE AVE / LARSON RD,Mahon,Major / collector / local,0.85,,False,True,True,87.48,road_hierarchy_score,87.48,Derived; see DATA_SOURCES.md for each contributing layer,Road hierarchy only. Measured traffic volumes were removed from this score because they cover just 40 of 503 intersections; they are reported as the separate nearest_traffic_volume column. This is NOT a measured traffic ranking.
61,CNV-INT-0435,LARSON RD / W 17TH ST,Mahon,Major / local,0.85,,False,True,True,87.48,road_hierarchy_score,87.48,Derived; see DATA_SOURCES.md for each contributing layer,Road hierarchy only. Measured traffic volumes were removed from this score because they cover just 40 of 503 intersections; they are reported as the separate nearest_traffic_volume column. This is NOT a measured traffic ranking.
62,CNV-INT-0438,FIR ST / LARSON RD / WESTVIEW DR,Mahon,Major / Minor / local,0.85,,False,True,True,87.48,road_hierarchy_score,87.48,Derived; see DATA_SOURCES.md for each contributing layer,Road hierarchy only. Measured traffic volumes were removed from this score because they cover just 40 of 503 intersections; they are reported as the separate nearest_traffic_volume column. This is NOT a measured traffic ranking.
63,CNV-INT-0448,W 20TH ST / WESTVIEW DR,Mahon,Major / local,0.85,725.0,True,False,True,87.48,road_hierarchy_score,87.48,Derived; see DATA_SOURCES.md for each contributing layer,Road hierarchy only. Measured traffic volumes were removed from this score because they cover just 40 of 503 intersections; they are reported as the separate nearest_traffic_volume column. This is NOT a measured traffic ranking.
64,CNV-INT-0121,E 11TH ST / LONSDALE AVE / W 8TH ST,Lower Lonsdale,Major / local,0.85,,False,True,True,87.48,road_hierarchy_score,87.48,Derived; see DATA_SOURCES.md for each contributing layer,Road hierarchy only. Measured traffic volumes were removed from this score because they cover just 40 of 503 intersections; they are reported as the separate nearest_traffic_volume column. This is NOT a measured traffic ranking.
65,CNV-INT-0465,W 21ST ST / WESTVIEW DR,Mahon,Major / local,0.85,801.0,True,True,True,87.48,road_hierarchy_score,87.48,Derived; see DATA_SOURCES.md for each contributing layer,Road hierarchy only. Measured traffic volumes were removed from this score because they cover just 40 of 503 intersections; they are reported as the separate nearest_traffic_volume column. This is NOT a measured traffic ranking.
66,CNV-INT-0466,W 22ND ST / WESTVIEW DR,Mahon,Major / local,0.85,720.0,True,False,True,87.48,road_hierarchy_score,87.48,Derived; see DATA_SOURCES.md for each contributing layer,Road hierarchy only. Measured traffic volumes were removed from this score because they cover just 40 of 503 intersections; they are reported as the separate nearest_traffic_volume column. This is NOT a measured traffic ranking.
67,CNV-INT-0468,W 23RD ST / WESTVIEW DR,Mahon,Major / Minor / local,0.85,801.0,True,True,True,87.48,road_hierarchy_score,87.48,Derived; see DATA_SOURCES.md for each contributing layer,Road hierarchy only. Measured traffic volumes were removed from this score because they cover just 40 of 503 intersections; they are reported as the separate nearest_traffic_volume column. This is NOT a measured traffic ranking.
68,CNV-INT-0481,E 27TH ST / LONSDALE AVE / W 27TH ST,Central Lonsdale,Major / local,0.85,,False,True,True,87.48,road_hierarchy_score,87.48,Derived; see DATA_SOURCES.md for each contributing layer,Road hierarchy only. Measured traffic volumes were removed from this score because they cover just 40 of 503 intersections; they are reported as the separate nearest_traffic_volume column. This is NOT a measured traffic ranking.
69,CNV-INT-0489,WESTVIEW DR,Mahon,Major / ramp,0.85,,False,True,True,87.48,road_hierarchy_score,87.48,Derived; see DATA_SOURCES.md for each contributing layer,Road hierarchy only. Measured traffic volumes were removed from this score because they cover just 40 of 503 intersections; they are reported as the separate nearest_traffic_volume column. This is NOT a measured traffic ranking.
70,CNV-INT-0492,WESTVIEW DR,Westview,Major / ramp,0.85,,False,True,True,87.48,road_hierarchy_score,87.48,Derived; see DATA_SOURCES.md for each contributing layer,Road hierarchy only. Measured traffic volumes were removed from this score because they cover just 40 of 503 intersections; they are reported as the separate nearest_traffic_volume column. This is NOT a measured traffic ranking.
71,CNV-INT-0496,WESTVIEW CRES / WESTVIEW DR,Westview,Major / strata,0.85,,False,False,True,87.48,road_hierarchy_score,87.48,Derived; see DATA_SOURCES.md for each contributing layer,Road hierarchy only. Measured traffic volumes were removed from this score because they cover just 40 of 503 intersections; they are reported as the separate nearest_traffic_volume column. This is NOT a measured traffic ranking.
72,CNV-INT-0498,WESTVIEW DR / WESTVIEW PL,Westview,Major / strata,0.85,,False,False,True,87.48,road_hierarchy_score,87.48,Derived; see DATA_SOURCES.md for each contributing layer,Road hierarchy only. Measured traffic volumes were removed from this score because they cover just 40 of 503 intersections; they are reported as the separate nearest_traffic_volume column. This is NOT a measured traffic ranking.
73,CNV-INT-0502,W 28TH ST / WESTVIEW DR,Westview,Major / local,0.85,,False,True,True,87.48,road_hierarchy_score,87.48,Derived; see DATA_SOURCES.md for each contributing layer,Road hierarchy only. Measured traffic volumes were removed from this score because they cover just 40 of 503 intersections; they are reported as the separate nearest_traffic_volume column. This is NOT a measured traffic ranking.
74,CNV-INT-0407,LONSDALE AVE / W 22ND ST,Central Lonsdale,Major / local,0.85,,False,False,True,87.48,road_hierarchy_score,87.48,Derived; see DATA_SOURCES.md for each contributing layer,Road hierarchy only. Measured traffic volumes were removed from this score because they cover just 40 of 503 intersections; they are reported as the separate nearest_traffic_volume column. This is NOT a measured traffic ranking.
75,CNV-INT-0405,E 21ST ST / LONSDALE AVE / W 21ST ST,Central Lonsdale,Major / local,0.85,,False,True,True,87.48,road_hierarchy_score,87.48,Derived; see DATA_SOURCES.md for each contributing layer,Road hierarchy only. Measured traffic volumes were removed from this score because they cover just 40 of 503 intersections; they are reported as the separate nearest_traffic_volume column. This is NOT a measured traffic ranking.
76,CNV-INT-0389,E 17TH ST / LONSDALE AVE / W 17TH ST,Central Lonsdale,Major / collector,0.85,,False,True,True,87.48,road_hierarchy_score,87.48,Derived; see DATA_SOURCES.md for each contributing layer,Road hierarchy only. Measured traffic volumes were removed from this score because they cover just 40 of 503 intersections; they are reported as the separate nearest_traffic_volume column. This is NOT a measured traffic ranking.
77,CNV-INT-0387,LONSDALE AVE / W 16TH ST,Central Lonsdale,Major / local,0.85,,False,True,True,87.48,road_hierarchy_score,87.48,Derived; see DATA_SOURCES.md for each contributing layer,Road hierarchy only. Measured traffic volumes were removed from this score because they cover just 40 of 503 intersections; they are reported as the separate nearest_traffic_volume column. This is NOT a measured traffic ranking.
78,CNV-INT-0345,W 2ND ST / W 3RD ST / W 6TH ST,Squamish Nation (Mission IR 1),Major / local,0.85,552.0,True,True,True,87.48,road_hierarchy_score,87.48,Derived; see DATA_SOURCES.md for each contributing layer,Road hierarchy only. Measured traffic volumes were removed from this score because they cover just 40 of 503 intersections; they are reported as the separate nearest_traffic_volume column. This is NOT a measured traffic ranking.
79,CNV-INT-0346,BEWICKE AVE / MARINE DR / W 3RD ST / W KEITH RD,Marine-Hamilton,Major / collector,0.85,1084.0,True,True,True,87.48,road_hierarchy_score,87.48,Derived; see DATA_SOURCES.md for each contributing layer,Road hierarchy only. Measured traffic volumes were removed from this score because they cover just 40 of 503 intersections; they are reported as the separate nearest_traffic_volume column. This is NOT a measured traffic ranking.
80,CNV-INT-0347,HANES AVE / W 1ST ST,Marine-Hamilton,Major / collector,0.85,1125.0,True,False,True,87.48,road_hierarchy_score,87.48,Derived; see DATA_SOURCES.md for each contributing layer,Road hierarchy only. Measured traffic volumes were removed from this score because they cover just 40 of 503 intersections; they are reported as the separate nearest_traffic_volume column. This is NOT a measured traffic ranking.
81,CNV-INT-0348,MACKAY RD / W 1ST ST,Marine-Hamilton,Major / Minor,0.85,,False,True,True,87.48,road_hierarchy_score,87.48,Derived; see DATA_SOURCES.md for each contributing layer,Road hierarchy only. Measured traffic volumes were removed from this score because they cover just 40 of 503 intersections; they are reported as the separate nearest_traffic_volume column. This is NOT a measured traffic ranking.
82,CNV-INT-0349,FELL AVE / W 3RD ST,Marine-Hamilton,Major / collector / local,0.85,602.0,True,True,True,87.48,road_hierarchy_score,87.48,Derived; see DATA_SOURCES.md for each contributing layer,Road hierarchy only. Measured traffic volumes were removed from this score because they cover just 40 of 503 intersections; they are reported as the separate nearest_traffic_volume column. This is NOT a measured traffic ranking.
83,CNV-INT-0353,FORBES AVE / W KEITH RD,Marine-Hamilton,Major / local,0.85,,False,False,True,87.48,road_hierarchy_score,87.48,Derived; see DATA_SOURCES.md for each contributing layer,Road hierarchy only. Measured traffic volumes were removed from this score because they cover just 40 of 503 intersections; they are reported as the separate nearest_traffic_volume column. This is NOT a measured traffic ranking.
84,CNV-INT-0354,DELBRUCK AVE / W KEITH RD,Marine-Hamilton,Major / local,0.85,1084.0,True,False,True,87.48,road_hierarchy_score,87.48,Derived; see DATA_SOURCES.md for each contributing layer,Road hierarchy only. Measured traffic volumes were removed from this score because they cover just 40 of 503 intersections; they are reported as the separate nearest_traffic_volume column. This is NOT a measured traffic ranking.
85,CNV-INT-0359,MARINE DR / W 14TH ST,Marine-Hamilton,Major / local,0.85,941.0,True,False,True,87.48,road_hierarchy_score,87.48,Derived; see DATA_SOURCES.md for each contributing layer,Road hierarchy only. Measured traffic volumes were removed from this score because they cover just 40 of 503 intersections; they are reported as the separate nearest_traffic_volume column. This is NOT a measured traffic ranking.
86,CNV-INT-0360,FELL AVE / MARINE DR,Marine-Hamilton,Major / Minor,0.85,613.0,True,True,True,87.48,road_hierarchy_score,87.48,Derived; see DATA_SOURCES.md for each contributing layer,Road hierarchy only. Measured traffic volumes were removed from this score because they cover just 40 of 503 intersections; they are reported as the separate nearest_traffic_volume column. This is NOT a measured traffic ranking.
87,CNV-INT-0363,HANES AVE / MARINE DR,Marine-Hamilton,Major / collector,0.85,806.0,True,True,True,87.48,road_hierarchy_score,87.48,Derived; see DATA_SOURCES.md for each contributing layer,Road hierarchy only. Measured traffic volumes were removed from this score because they cover just 40 of 503 intersections; they are reported as the separate nearest_traffic_volume column. This is NOT a measured traffic ranking.
88,CNV-INT-0364,MARINE DR / W 15TH ST,Marine-Hamilton,Major / local,0.85,806.0,True,False,True,87.48,road_hierarchy_score,87.48,Derived; see DATA_SOURCES.md for each contributing layer,Road hierarchy only. Measured traffic volumes were removed from this score because they cover just 40 of 503 intersections; they are reported as the separate nearest_traffic_volume column. This is NOT a measured traffic ranking.
89,CNV-INT-0366,JONES AVE / W KEITH RD,Lower Lonsdale,Major / collector / local,0.85,,False,True,True,87.48,road_hierarchy_score,87.48,Derived; see DATA_SOURCES.md for each contributing layer,Road hierarchy only. Measured traffic volumes were removed from this score because they cover just 40 of 503 intersections; they are reported as the separate nearest_traffic_volume column. This is NOT a measured traffic ranking.
90,CNV-INT-0375,W 13TH ST / W KEITH RD,Lower Lonsdale,Major,0.85,,False,False,True,87.48,road_hierarchy_score,87.48,Derived; see DATA_SOURCES.md for each contributing layer,Road hierarchy only. Measured traffic volumes were removed from this score because they cover just 40 of 503 intersections; they are reported as the separate nearest_traffic_volume column. This is NOT a measured traffic ranking.
91,CNV-INT-0376,CHESTERFIELD AVE / W 13TH ST,Central Lonsdale,Major / Minor,0.85,,False,True,True,87.48,road_hierarchy_score,87.48,Derived; see DATA_SOURCES.md for each contributing layer,Road hierarchy only. Measured traffic volumes were removed from this score because they cover just 40 of 503 intersections; they are reported as the separate nearest_traffic_volume column. This is NOT a measured traffic ranking.
92,CNV-INT-0377,W 13TH ST / W 8TH ST,Central Lonsdale,Major / local,0.85,,False,False,True,87.48,road_hierarchy_score,87.48,Derived; see DATA_SOURCES.md for each contributing layer,Road hierarchy only. Measured traffic volumes were removed from this score because they cover just 40 of 503 intersections; they are reported as the separate nearest_traffic_volume column. This is NOT a measured traffic ranking.
93,CNV-INT-0378,MAHON AVE / W 13TH ST,Central Lonsdale,Major / Minor,0.85,,False,False,True,87.48,road_hierarchy_score,87.48,Derived; see DATA_SOURCES.md for each contributing layer,Road hierarchy only. Measured traffic volumes were removed from this score because they cover just 40 of 503 intersections; they are reported as the separate nearest_traffic_volume column. This is NOT a measured traffic ranking.
94,CNV-INT-0379,MAHON AVE / W 13TH ST,Central Lonsdale,Major / local,0.85,,False,True,True,87.48,road_hierarchy_score,87.48,Derived; see DATA_SOURCES.md for each contributing layer,Road hierarchy only. Measured traffic volumes were removed from this score because they cover just 40 of 503 intersections; they are reported as the separate nearest_traffic_volume column. This is NOT a measured traffic ranking.
95,CNV-INT-0383,E 14TH ST / LONSDALE AVE,Central Lonsdale,Major / local,0.85,,False,True,True,87.48,road_hierarchy_score,87.48,Derived; see DATA_SOURCES.md for each contributing layer,Road hierarchy only. Measured traffic volumes were removed from this score because they cover just 40 of 503 intersections; they are reported as the separate nearest_traffic_volume column. This is NOT a measured traffic ranking.
96,CNV-INT-0385,E 15TH ST / LONSDALE AVE / W 15TH ST,Central Lonsdale,Major / collector,0.85,,False,True,True,87.48,road_hierarchy_score,87.48,Derived; see DATA_SOURCES.md for each contributing layer,Road hierarchy only. Measured traffic volumes were removed from this score because they cover just 40 of 503 intersections; they are reported as the separate nearest_traffic_volume column. This is NOT a measured traffic ranking.
97,CNV-INT-0124,E 12TH ST / LONSDALE AVE / W 12TH ST,Central Lonsdale,Major / local,0.85,,False,True,True,87.48,road_hierarchy_score,87.48,Derived; see DATA_SOURCES.md for each contributing layer,Road hierarchy only. Measured traffic volumes were removed from this score because they cover just 40 of 503 intersections; they are reported as the separate nearest_traffic_volume column. This is NOT a measured traffic ranking.
98,CNV-INT-0503,WESTVIEW CRES / WESTVIEW DR,Westview,Major / strata,0.85,,False,True,True,87.48,road_hierarchy_score,87.48,Derived; see DATA_SOURCES.md for each contributing layer,Road hierarchy only. Measured traffic volumes were removed from this score because they cover just 40 of 503 intersections; they are reported as the separate nearest_traffic_volume column. This is NOT a measured traffic ranking.
99,CNV-INT-0057,E GRAND BLVD / E KEITH RD,Moodyville,Major,0.85,,False,True,True,87.48,road_hierarchy_score,87.48,Derived; see DATA_SOURCES.md for each contributing layer,Road hierarchy only. Measured traffic volumes were removed from this score because they cover just 40 of 503 intersections; they are reported as the separate nearest_traffic_volume column. This is NOT a measured traffic ranking.
100,CNV-INT-0011,E 3RD ST / KENNARD AVE,Moodyville,Major / local,0.85,,False,True,True,87.48,road_hierarchy_score,87.48,Derived; see DATA_SOURCES.md for each contributing layer,Road hierarchy only. Measured traffic volumes were removed from this score because they cover just 40 of 503 intersections; they are reported as the separate nearest_traffic_volume column. This is NOT a measured traffic ranking.
101,CNV-INT-0064,E 11TH ST / E GRAND BLVD,Grand Boulevard,Major / local,0.85,,False,True,True,87.48,road_hierarchy_score,87.48,Derived; see DATA_SOURCES.md for each contributing layer,Road hierarchy only. Measured traffic volumes were removed from this score because they cover just 40 of 503 intersections; they are reported as the separate nearest_traffic_volume column. This is NOT a measured traffic ranking.
102,CNV-INT-0063,E 10TH ST / E GRAND BLVD,Grand Boulevard,Major / local,0.85,,False,False,True,87.48,road_hierarchy_score,87.48,Derived; see DATA_SOURCES.md for each contributing layer,Road hierarchy only. Measured traffic volumes were removed from this score because they cover just 40 of 503 intersections; they are reported as the separate nearest_traffic_volume column. This is NOT a measured traffic ranking.
103,CNV-INT-0059,E 8TH ST / E GRAND BLVD,Grand Boulevard,Major / local,0.85,,False,False,True,87.48,road_hierarchy_score,87.48,Derived; see DATA_SOURCES.md for each contributing layer,Road hierarchy only. Measured traffic volumes were removed from this score because they cover just 40 of 503 intersections; they are reported as the separate nearest_traffic_volume column. This is NOT a measured traffic ranking.
104,CNV-INT-0042,E KEITH RD / HEYWOOD ST,,Major / local,0.85,,False,True,True,87.48,road_hierarchy_score,87.48,Derived; see DATA_SOURCES.md for each contributing layer,Road hierarchy only. Measured traffic volumes were removed from this score because they cover just 40 of 503 intersections; they are reported as the separate nearest_traffic_volume column. This is NOT a measured traffic ranking.
105,CNV-INT-0069,E ESPLANADE / LOW LEVEL RD,Lower Lonsdale,Major / local,0.85,,False,False,True,87.48,road_hierarchy_score,87.48,Derived; see DATA_SOURCES.md for each contributing layer,Road hierarchy only. Measured traffic volumes were removed from this score because they cover just 40 of 503 intersections; they are reported as the separate nearest_traffic_volume column. This is NOT a measured traffic ranking.
106,CNV-INT-0061,E 9TH ST / E GRAND BLVD,Grand Boulevard,Major / local,0.85,,False,True,True,87.48,road_hierarchy_score,87.48,Derived; see DATA_SOURCES.md for each contributing layer,Road hierarchy only. Measured traffic volumes were removed from this score because they cover just 40 of 503 intersections; they are reported as the separate nearest_traffic_volume column. This is NOT a measured traffic ranking.
107,CNV-INT-0046,ADDERLEY ST / E KEITH RD,,Major / local,0.85,,False,False,True,87.48,road_hierarchy_score,87.48,Derived; see DATA_SOURCES.md for each contributing layer,Road hierarchy only. Measured traffic volumes were removed from this score because they cover just 40 of 503 intersections; they are reported as the separate nearest_traffic_volume column. This is NOT a measured traffic ranking.
108,CNV-INT-0013,E 3RD ST / HEYWOOD ST,Moodyville,Major / local,0.85,,False,False,True,87.48,road_hierarchy_score,87.48,Derived; see DATA_SOURCES.md for each contributing layer,Road hierarchy only. Measured traffic volumes were removed from this score because they cover just 40 of 503 intersections; they are reported as the separate nearest_traffic_volume column. This is NOT a measured traffic ranking.
109,CNV-INT-0012,E 3RD ST / HEYWOOD ST,Moodyville,Major / local,0.85,,False,False,True,87.48,road_hierarchy_score,87.48,Derived; see DATA_SOURCES.md for each contributing layer,Road hierarchy only. Measured traffic volumes were removed from this score because they cover just 40 of 503 intersections; they are reported as the separate nearest_traffic_volume column. This is NOT a measured traffic ranking.
110,CNV-INT-0054,E KEITH RD / W GRAND BLVD,Moodyville,Major / Minor / collector,0.85,,False,True,True,87.48,road_hierarchy_score,87.48,Derived; see DATA_SOURCES.md for each contributing layer,Road hierarchy only. Measured traffic volumes were removed from this score because they cover just 40 of 503 intersections; they are reported as the separate nearest_traffic_volume column. This is NOT a measured traffic ranking.
111,CNV-INT-0045,CLOVERLEY ST / E KEITH RD,,Major / local,0.85,,False,True,True,87.48,road_hierarchy_score,87.48,Derived; see DATA_SOURCES.md for each contributing layer,Road hierarchy only. Measured traffic volumes were removed from this score because they cover just 40 of 503 intersections; they are reported as the separate nearest_traffic_volume column. This is NOT a measured traffic ranking.
112,CNV-INT-0007,COTTON RD / E 3RD ST / LOW LEVEL RD,Moodyville,Major,0.85,,False,False,True,87.48,road_hierarchy_score,87.48,Derived; see DATA_SOURCES.md for each contributing layer,Road hierarchy only. Measured traffic volumes were removed from this score because they cover just 40 of 503 intersections; they are reported as the separate nearest_traffic_volume column. This is NOT a measured traffic ranking.
113,CNV-INT-0026,E 3RD ST / QUEENSBURY AVE,Moodyville,Major / Minor,0.85,,False,True,True,87.48,road_hierarchy_score,87.48,Derived; see DATA_SOURCES.md for each contributing layer,Road hierarchy only. Measured traffic volumes were removed from this score because they cover just 40 of 503 intersections; they are reported as the separate nearest_traffic_volume column. This is NOT a measured traffic ranking.
114,CNV-INT-0003,COTTON RD / GLADSTONE AVE,Moodyville,Major / local,0.85,,False,True,True,87.48,road_hierarchy_score,87.48,Derived; see DATA_SOURCES.md for each contributing layer,Road hierarchy only. Measured traffic volumes were removed from this score because they cover just 40 of 503 intersections; they are reported as the separate nearest_traffic_volume column. This is NOT a measured traffic ranking.
115,CNV-INT-0005,COTTON RD,Moodyville,Major,0.85,,False,True,True,87.48,road_hierarchy_score,87.48,Derived; see DATA_SOURCES.md for each contributing layer,Road hierarchy only. Measured traffic volumes were removed from this score because they cover just 40 of 503 intersections; they are reported as the separate nearest_traffic_volume column. This is NOT a measured traffic ranking.
116,CNV-INT-0006,LOW LEVEL RD,Moodyville,Major,0.85,,False,False,True,87.48,road_hierarchy_score,87.48,Derived; see DATA_SOURCES.md for each contributing layer,Road hierarchy only. Measured traffic volumes were removed from this score because they cover just 40 of 503 intersections; they are reported as the separate nearest_traffic_volume column. This is NOT a measured traffic ranking.
117,CNV-INT-0056,E KEITH RD / QUEENSBURY AVE,Moodyville,Major / Minor,0.85,,False,False,True,87.48,road_hierarchy_score,87.48,Derived; see DATA_SOURCES.md for each contributing layer,Road hierarchy only. Measured traffic volumes were removed from this score because they cover just 40 of 503 intersections; they are reported as the separate nearest_traffic_volume column. This is NOT a measured traffic ranking.
118,CNV-INT-0010,E 3RD ST,Moodyville,Major,0.85,,False,False,True,87.48,road_hierarchy_score,87.48,Derived; see DATA_SOURCES.md for each contributing layer,Road hierarchy only. Measured traffic volumes were removed from this score because they cover just 40 of 503 intersections; they are reported as the separate nearest_traffic_volume column. This is NOT a measured traffic ranking.
119,CNV-INT-0008,COTTON RD / E 3RD ST / LOW LEVEL RD,Moodyville,Major,0.85,,False,True,True,87.48,road_hierarchy_score,87.48,Derived; see DATA_SOURCES.md for each contributing layer,Road hierarchy only. Measured traffic volumes were removed from this score because they cover just 40 of 503 intersections; they are reported as the separate nearest_traffic_volume column. This is NOT a measured traffic ranking.
120,CNV-INT-0009,COTTON RD / E 3RD ST,Moodyville,Major,0.85,,False,False,True,87.48,road_hierarchy_score,87.48,Derived; see DATA_SOURCES.md for each contributing layer,Road hierarchy only. Measured traffic volumes were removed from this score because they cover just 40 of 503 intersections; they are reported as the separate nearest_traffic_volume column. This is NOT a measured traffic ranking.
121,CNV-INT-0367,JONES AVE / W 14TH ST,Mahon,collector / local,0.6,,False,False,True,68.69,road_hierarchy_score,68.69,Derived; see DATA_SOURCES.md for each contributing layer,Road hierarchy only. Measured traffic volumes were removed from this score because they cover just 40 of 503 intersections; they are reported as the separate nearest_traffic_volume column. This is NOT a measured traffic ranking.
122,CNV-INT-0390,CHESTERFIELD AVE / W 17TH ST,Central Lonsdale,Minor / collector,0.6,,False,False,True,68.69,road_hierarchy_score,68.69,Derived; see DATA_SOURCES.md for each contributing layer,Road hierarchy only. Measured traffic volumes were removed from this score because they cover just 40 of 503 intersections; they are reported as the separate nearest_traffic_volume column. This is NOT a measured traffic ranking.
123,CNV-INT-0186,E 15TH ST / MOODY AVE,Grand Boulevard,collector / local,0.6,,False,False,True,68.69,road_hierarchy_score,68.69,Derived; see DATA_SOURCES.md for each contributing layer,Road hierarchy only. Measured traffic volumes were removed from this score because they cover just 40 of 503 intersections; they are reported as the separate nearest_traffic_volume column. This is NOT a measured traffic ranking.
124,CNV-INT-0368,JONES AVE / W 15TH ST,Mahon,collector / local,0.6,,False,False,True,68.69,road_hierarchy_score,68.69,Derived; see DATA_SOURCES.md for each contributing layer,Road hierarchy only. Measured traffic volumes were removed from this score because they cover just 40 of 503 intersections; they are reported as the separate nearest_traffic_volume column. This is NOT a measured traffic ranking.
125,CNV-INT-0401,JONES AVE / W 19TH ST,Mahon,collector,0.6,,False,False,True,68.69,road_hierarchy_score,68.69,Derived; see DATA_SOURCES.md for each contributing layer,Road hierarchy only. Measured traffic volumes were removed from this score because they cover just 40 of 503 intersections; they are reported as the separate nearest_traffic_volume column. This is NOT a measured traffic ranking.
126,CNV-INT-0370,JONES AVE / W 16TH ST,Mahon,collector / local,0.6,,False,False,True,68.69,road_hierarchy_score,68.69,Derived; see DATA_SOURCES.md for each contributing layer,Road hierarchy only. Measured traffic volumes were removed from this score because they cover just 40 of 503 intersections; they are reported as the separate nearest_traffic_volume column. This is NOT a measured traffic ranking.
127,CNV-INT-0386,CHESTERFIELD AVE / W 15TH ST,Central Lonsdale,Minor / collector,0.6,,False,True,True,68.69,road_hierarchy_score,68.69,Derived; see DATA_SOURCES.md for each contributing layer,Road hierarchy only. Measured traffic volumes were removed from this score because they cover just 40 of 503 intersections; they are reported as the separate nearest_traffic_volume column. This is NOT a measured traffic ranking.
128,CNV-INT-0166,UPPER LEVELS RAMP,Grand Boulevard,collector / local / ramp,0.6,,False,False,True,68.69,road_hierarchy_score,68.69,Derived; see DATA_SOURCES.md for each contributing layer,Road hierarchy only. Measured traffic volumes were removed from this score because they cover just 40 of 503 intersections; they are reported as the separate nearest_traffic_volume column. This is NOT a measured traffic ranking.
129,CNV-INT-0399,JONES AVE / W 18TH ST,Mahon,collector / local,0.6,,False,False,True,68.69,road_hierarchy_score,68.69,Derived; see DATA_SOURCES.md for each contributing layer,Road hierarchy only. Measured traffic volumes were removed from this score because they cover just 40 of 503 intersections; they are reported as the separate nearest_traffic_volume column. This is NOT a measured traffic ranking.
130,CNV-INT-0176,E 23RD ST / RIDGEWAY AVE,Grand Boulevard,collector / local,0.6,,False,False,True,68.69,road_hierarchy_score,68.69,Derived; see DATA_SOURCES.md for each contributing layer,Road hierarchy only. Measured traffic volumes were removed from this score because they cover just 40 of 503 intersections; they are reported as the separate nearest_traffic_volume column. This is NOT a measured traffic ranking.
131,CNV-INT-0391,MAHON AVE / W 15TH ST,Central Lonsdale,collector / local,0.6,,False,False,True,68.69,road_hierarchy_score,68.69,Derived; see DATA_SOURCES.md for each contributing layer,Road hierarchy only. Measured traffic volumes were removed from this score because they cover just 40 of 503 intersections; they are reported as the separate nearest_traffic_volume column. This is NOT a measured traffic ranking.
132,CNV-INT-0393,MAHON AVE / W 17TH ST,Central Lonsdale,collector / local,0.6,,False,False,True,68.69,road_hierarchy_score,68.69,Derived; see DATA_SOURCES.md for each contributing layer,Road hierarchy only. Measured traffic volumes were removed from this score because they cover just 40 of 503 intersections; they are reported as the separate nearest_traffic_volume column. This is NOT a measured traffic ranking.
133,CNV-INT-0233,TEMPE GLEN DR / TEMPE KNOLL DR,Tempe,collector / local,0.6,,False,False,True,68.69,road_hierarchy_score,68.69,Derived; see DATA_SOURCES.md for each contributing layer,Road hierarchy only. Measured traffic volumes were removed from this score because they cover just 40 of 503 intersections; they are reported as the separate nearest_traffic_volume column. This is NOT a measured traffic ranking.
134,CNV-INT-0172,E 23RD ST / GRAND BLVD,Grand Boulevard,collector,0.6,,False,False,True,68.69,road_hierarchy_score,68.69,Derived; see DATA_SOURCES.md for each contributing layer,Road hierarchy only. Measured traffic volumes were removed from this score because they cover just 40 of 503 intersections; they are reported as the separate nearest_traffic_volume column. This is NOT a measured traffic ranking.
135,CNV-INT-0395,CHESTERFIELD AVE / W 19TH ST,Central Lonsdale,Minor / collector,0.6,,False,False,True,68.69,road_hierarchy_score,68.69,Derived; see DATA_SOURCES.md for each contributing layer,Road hierarchy only. Measured traffic volumes were removed from this score because they cover just 40 of 503 intersections; they are reported as the separate nearest_traffic_volume column. This is NOT a measured traffic ranking.
136,CNV-INT-0397,JONES AVE / W 17TH ST,Mahon,collector,0.6,,False,False,True,68.69,road_hierarchy_score,68.69,Derived; see DATA_SOURCES.md for each contributing layer,Road hierarchy only. Measured traffic volumes were removed from this score because they cover just 40 of 503 intersections; they are reported as the separate nearest_traffic_volume column. This is NOT a measured traffic ranking.
137,CNV-INT-0400,MAHON AVE / W 19TH ST,Mahon,collector / local,0.6,,False,False,True,68.69,road_hierarchy_score,68.69,Derived; see DATA_SOURCES.md for each contributing layer,Road hierarchy only. Measured traffic volumes were removed from this score because they cover just 40 of 503 intersections; they are reported as the separate nearest_traffic_volume column. This is NOT a measured traffic ranking.
138,CNV-INT-0196,E 15TH ST / RIDGEWAY AVE,Central Lonsdale,collector / local,0.6,,False,False,True,68.69,road_hierarchy_score,68.69,Derived; see DATA_SOURCES.md for each contributing layer,Road hierarchy only. Measured traffic volumes were removed from this score because they cover just 40 of 503 intersections; they are reported as the separate nearest_traffic_volume column. This is NOT a measured traffic ranking.
139,CNV-INT-0190,E 15TH ST / ST. GEORGES AVE,Central Lonsdale,Minor / collector,0.6,,False,True,True,68.69,road_hierarchy_score,68.69,Derived; see DATA_SOURCES.md for each contributing layer,Road hierarchy only. Measured traffic volumes were removed from this score because they cover just 40 of 503 intersections; they are reported as the separate nearest_traffic_volume column. This is NOT a measured traffic ranking.
140,CNV-INT-0202,E 17TH ST / ST. GEORGES AVE,Central Lonsdale,Minor / collector,0.6,,False,False,True,68.69,road_hierarchy_score,68.69,Derived; see DATA_SOURCES.md for each contributing layer,Road hierarchy only. Measured traffic volumes were removed from this score because they cover just 40 of 503 intersections; they are reported as the separate nearest_traffic_volume column. This is NOT a measured traffic ranking.
141,CNV-INT-0318,FELL AVE / HARBOURSIDE DR,Marine-Hamilton,collector / local,0.6,365.0,True,True,True,68.69,road_hierarchy_score,68.69,Derived; see DATA_SOURCES.md for each contributing layer,Road hierarchy only. Measured traffic volumes were removed from this score because they cover just 40 of 503 intersections; they are reported as the separate nearest_traffic_volume column. This is NOT a measured traffic ranking.
142,CNV-INT-0323,BEWICKE AVE / COPPING ST,Marine-Hamilton,collector / local,0.6,306.0,True,False,True,68.69,road_hierarchy_score,68.69,Derived; see DATA_SOURCES.md for each contributing layer,Road hierarchy only. Measured traffic volumes were removed from this score because they cover just 40 of 503 intersections; they are reported as the separate nearest_traffic_volume column. This is NOT a measured traffic ranking.
143,CNV-INT-0327,AUTOMALL DR / FELL AVE,Marine-Hamilton,collector / local,0.6,791.0,True,True,True,68.69,road_hierarchy_score,68.69,Derived; see DATA_SOURCES.md for each contributing layer,Road hierarchy only. Measured traffic volumes were removed from this score because they cover just 40 of 503 intersections; they are reported as the separate nearest_traffic_volume column. This is NOT a measured traffic ranking.
144,CNV-INT-0208,E 19TH ST / ST. ANDREWS AVE,Central Lonsdale,collector / local,0.6,,False,False,True,68.69,road_hierarchy_score,68.69,Derived; see DATA_SOURCES.md for each contributing layer,Road hierarchy only. Measured traffic volumes were removed from this score because they cover just 40 of 503 intersections; they are reported as the separate nearest_traffic_volume column. This is NOT a measured traffic ranking.
145,CNV-INT-0207,E 19TH ST / ST. GEORGES AVE,Central Lonsdale,Minor / collector,0.6,,False,False,True,68.69,road_hierarchy_score,68.69,Derived; see DATA_SOURCES.md for each contributing layer,Road hierarchy only. Measured traffic volumes were removed from this score because they cover just 40 of 503 intersections; they are reported as the separate nearest_traffic_volume column. This is NOT a measured traffic ranking.
146,CNV-INT-0350,DONAGHY AVE / W 3RD ST,Marine-Hamilton,collector / local,0.6,,False,False,True,68.69,road_hierarchy_score,68.69,Derived; see DATA_SOURCES.md for each contributing layer,Road hierarchy only. Measured traffic volumes were removed from this score because they cover just 40 of 503 intersections; they are reported as the separate nearest_traffic_volume column. This is NOT a measured traffic ranking.
147,CNV-INT-0351,HANES AVE / W 3RD ST,Marine-Hamilton,collector,0.6,,False,False,True,68.69,road_hierarchy_score,68.69,Derived; see DATA_SOURCES.md for each contributing layer,Road hierarchy only. Measured traffic volumes were removed from this score because they cover just 40 of 503 intersections; they are reported as the separate nearest_traffic_volume column. This is NOT a measured traffic ranking.
148,CNV-INT-0203,E 17TH ST / ST. ANDREWS AVE,Central Lonsdale,collector / local,0.6,,False,False,True,68.69,road_hierarchy_score,68.69,Derived; see DATA_SOURCES.md for each contributing layer,Road hierarchy only. Measured traffic volumes were removed from this score because they cover just 40 of 503 intersections; they are reported as the separate nearest_traffic_volume column. This is NOT a measured traffic ranking.
149,CNV-INT-0201,E 17TH ST / EASTERN AVE,Central Lonsdale,collector / local,0.6,,False,False,True,68.69,road_hierarchy_score,68.69,Derived; see DATA_SOURCES.md for each contributing layer,Road hierarchy only. Measured traffic volumes were removed from this score because they cover just 40 of 503 intersections; they are reported as the separate nearest_traffic_volume column. This is NOT a measured traffic ranking.
150,CNV-INT-0191,E 15TH ST / ST. ANDREWS AVE,Central Lonsdale,collector / local,0.6,,False,True,True,68.69,road_hierarchy_score,68.69,Derived; see DATA_SOURCES.md for each contributing layer,Road hierarchy only. Measured traffic volumes were removed from this score because they cover just 40 of 503 intersections; they are reported as the separate nearest_traffic_volume column. This is NOT a measured traffic ranking.
151,CNV-INT-0200,E 17TH ST / RIDGEWAY AVE,Grand Boulevard,collector / local,0.6,,False,False,True,68.69,road_hierarchy_score,68.69,Derived; see DATA_SOURCES.md for each contributing layer,Road hierarchy only. Measured traffic volumes were removed from this score because they cover just 40 of 503 intersections; they are reported as the separate nearest_traffic_volume column. This is NOT a measured traffic ranking.
152,CNV-INT-0199,E 17TH ST / MOODY AVE,Grand Boulevard,collector / local,0.6,,False,False,True,68.69,road_hierarchy_score,68.69,Derived; see DATA_SOURCES.md for each contributing layer,Road hierarchy only. Measured traffic volumes were removed from this score because they cover just 40 of 503 intersections; they are reported as the separate nearest_traffic_volume column. This is NOT a measured traffic ranking.
153,CNV-INT-0352,MACKAY RD / W 3RD ST,Marine-Hamilton,Minor / collector,0.6,,False,False,True,68.69,road_hierarchy_score,68.69,Derived; see DATA_SOURCES.md for each contributing layer,Road hierarchy only. Measured traffic volumes were removed from this score because they cover just 40 of 503 intersections; they are reported as the separate nearest_traffic_volume column. This is NOT a measured traffic ranking.
154,CNV-INT-0161,E 19TH ST / RIDGEWAY AVE,Grand Boulevard,collector / local,0.6,,False,False,True,68.69,road_hierarchy_score,68.69,Derived; see DATA_SOURCES.md for each contributing layer,Road hierarchy only. Measured traffic volumes were removed from this score because they cover just 40 of 503 intersections; they are reported as the separate nearest_traffic_volume column. This is NOT a measured traffic ranking.
155,CNV-INT-0355,BEWICKE AVE / W 14TH ST,Marine-Hamilton,collector / local,0.6,214.0,True,False,True,68.69,road_hierarchy_score,68.69,Derived; see DATA_SOURCES.md for each contributing layer,Road hierarchy only. Measured traffic volumes were removed from this score because they cover just 40 of 503 intersections; they are reported as the separate nearest_traffic_volume column. This is NOT a measured traffic ranking.
156,CNV-INT-0357,BEWICKE AVE / W 15TH ST,Marine-Hamilton,collector / local,0.6,272.0,True,False,True,68.69,road_hierarchy_score,68.69,Derived; see DATA_SOURCES.md for each contributing layer,Road hierarchy only. Measured traffic volumes were removed from this score because they cover just 40 of 503 intersections; they are reported as the separate nearest_traffic_volume column. This is NOT a measured traffic ranking.
157,CNV-INT-0358,BEWICKE AVE / W 16TH ST,Marine-Hamilton,collector / local,0.6,,False,False,True,68.69,road_hierarchy_score,68.69,Derived; see DATA_SOURCES.md for each contributing layer,Road hierarchy only. Measured traffic volumes were removed from this score because they cover just 40 of 503 intersections; they are reported as the separate nearest_traffic_volume column. This is NOT a measured traffic ranking.
158,CNV-INT-0192,E 15TH ST / EASTERN AVE,Central Lonsdale,collector / local,0.6,,False,False,True,68.69,road_hierarchy_score,68.69,Derived; see DATA_SOURCES.md for each contributing layer,Road hierarchy only. Measured traffic volumes were removed from this score because they cover just 40 of 503 intersections; they are reported as the separate nearest_traffic_volume column. This is NOT a measured traffic ranking.
159,CNV-INT-0403,JONES AVE / W 20TH ST,Mahon,collector / local,0.6,,False,False,True,68.69,road_hierarchy_score,68.69,Derived; see DATA_SOURCES.md for each contributing layer,Road hierarchy only. Measured traffic volumes were removed from this score because they cover just 40 of 503 intersections; they are reported as the separate nearest_traffic_volume column. This is NOT a measured traffic ranking.
160,CNV-INT-0159,E 19TH ST / GRAND BLVD / MOODY AVE,Grand Boulevard,Minor / collector / local,0.6,,False,False,True,68.69,road_hierarchy_score,68.69,Derived; see DATA_SOURCES.md for each contributing layer,Road hierarchy only. Measured traffic volumes were removed from this score because they cover just 40 of 503 intersections; they are reported as the separate nearest_traffic_volume column. This is NOT a measured traffic ranking.
161,CNV-INT-0160,E 19TH ST / QUEENSBURY AVE / W GRAND BLVD,Grand Boulevard,Minor / collector / local,0.6,,False,True,True,68.69,road_hierarchy_score,68.69,Derived; see DATA_SOURCES.md for each contributing layer,Road hierarchy only. Measured traffic volumes were removed from this score because they cover just 40 of 503 intersections; they are reported as the separate nearest_traffic_volume column. This is NOT a measured traffic ranking.
162,CNV-INT-0453,MACKAY AVE / W 19TH ST,Marine-Hamilton,collector,0.6,,False,False,True,68.69,road_hierarchy_score,68.69,Derived; see DATA_SOURCES.md for each contributing layer,Road hierarchy only. Measured traffic volumes were removed from this score because they cover just 40 of 503 intersections; they are reported as the separate nearest_traffic_volume column. This is NOT a measured traffic ranking.
163,CNV-INT-0432,MACKAY AVE / W 17TH ST,Marine-Hamilton,collector,0.6,,False,False,True,68.69,road_hierarchy_score,68.69,Derived; see DATA_SOURCES.md for each contributing layer,Road hierarchy only. Measured traffic volumes were removed from this score because they cover just 40 of 503 intersections; they are reported as the separate nearest_traffic_volume column. This is NOT a measured traffic ranking.
164,CNV-INT-0433,BEWICKE AVE / W 16TH ST,Marine-Hamilton,collector / local,0.6,,False,False,True,68.69,road_hierarchy_score,68.69,Derived; see DATA_SOURCES.md for each contributing layer,Road hierarchy only. Measured traffic volumes were removed from this score because they cover just 40 of 503 intersections; they are reported as the separate nearest_traffic_volume column. This is NOT a measured traffic ranking.
165,CNV-INT-0137,E 15TH ST / W GRAND BLVD,Grand Boulevard,collector,0.6,,False,False,True,68.69,road_hierarchy_score,68.69,Derived; see DATA_SOURCES.md for each contributing layer,Road hierarchy only. Measured traffic volumes were removed from this score because they cover just 40 of 503 intersections; they are reported as the separate nearest_traffic_volume column. This is NOT a measured traffic ranking.
166,CNV-INT-0441,CUMBERLAND CRES / HAMILTON AVE,Marine-Hamilton,collector / local,0.6,,False,False,True,68.69,road_hierarchy_score,68.69,Derived; see DATA_SOURCES.md for each contributing layer,Road hierarchy only. Measured traffic volumes were removed from this score because they cover just 40 of 503 intersections; they are reported as the separate nearest_traffic_volume column. This is NOT a measured traffic ranking.
167,CNV-INT-0094,E 8TH ST / W GRAND BLVD,Grand Boulevard,collector / local,0.6,,False,False,True,68.69,road_hierarchy_score,68.69,Derived; see DATA_SOURCES.md for each contributing layer,Road hierarchy only. Measured traffic volumes were removed from this score because they cover just 40 of 503 intersections; they are reported as the separate nearest_traffic_volume column. This is NOT a measured traffic ranking.
168,CNV-INT-0132,E 13TH ST / W GRAND BLVD,Grand Boulevard,Minor / collector,0.6,,False,False,True,68.69,road_hierarchy_score,68.69,Derived; see DATA_SOURCES.md for each contributing layer,Road hierarchy only. Measured traffic volumes were removed from this score because they cover just 40 of 503 intersections; they are reported as the separate nearest_traffic_volume column. This is NOT a measured traffic ranking.
169,CNV-INT-0442,MACKAY AVE / W KEITH RD,Marine-Hamilton,collector / local,0.6,,False,False,True,68.69,road_hierarchy_score,68.69,Derived; see DATA_SOURCES.md for each contributing layer,Road hierarchy only. Measured traffic volumes were removed from this score because they cover just 40 of 503 intersections; they are reported as the separate nearest_traffic_volume column. This is NOT a measured traffic ranking.
170,CNV-INT-0276,CARRIE CATES CRT / CHESTERFIELD AVE / CHESTERFIELD PL,Lower Lonsdale,collector / local,0.6,,False,False,True,68.69,road_hierarchy_score,68.69,Derived; see DATA_SOURCES.md for each contributing layer,Road hierarchy only. Measured traffic volumes were removed from this score because they cover just 40 of 503 intersections; they are reported as the separate nearest_traffic_volume column. This is NOT a measured traffic ranking.
171,CNV-INT-0274,CARRIE CATES CRT / ROGERS AVE,Lower Lonsdale,collector / local,0.6,,False,True,True,68.69,road_hierarchy_score,68.69,Derived; see DATA_SOURCES.md for each contributing layer,Road hierarchy only. Measured traffic volumes were removed from this score because they cover just 40 of 503 intersections; they are reported as the separate nearest_traffic_volume column. This is NOT a measured traffic ranking.
172,CNV-INT-0454,HAMILTON AVE / W 19TH ST,Marine-Hamilton,collector / local,0.6,,False,False,True,68.69,road_hierarchy_score,68.69,Derived; see DATA_SOURCES.md for each contributing layer,Road hierarchy only. Measured traffic volumes were removed from this score because they cover just 40 of 503 intersections; they are reported as the separate nearest_traffic_volume column. This is NOT a measured traffic ranking.
173,CNV-INT-0062,E 9TH ST / W GRAND BLVD,Grand Boulevard,collector / local,0.6,,False,False,True,68.69,road_hierarchy_score,68.69,Derived; see DATA_SOURCES.md for each contributing layer,Road hierarchy only. Measured traffic volumes were removed from this score because they cover just 40 of 503 intersections; they are reported as the separate nearest_traffic_volume column. This is NOT a measured traffic ranking.
174,CNV-INT-0458,HAMILTON AVE / W 20TH ST,Marine-Hamilton,collector / local,0.6,,False,False,True,68.69,road_hierarchy_score,68.69,Derived; see DATA_SOURCES.md for each contributing layer,Road hierarchy only. Measured traffic volumes were removed from this score because they cover just 40 of 503 intersections; they are reported as the separate nearest_traffic_volume column. This is NOT a measured traffic ranking.
175,CNV-INT-0269,CARRIE CATES CRT / MUSEUM MUSE,Lower Lonsdale,collector / local,0.6,,False,True,True,68.69,road_hierarchy_score,68.69,Derived; see DATA_SOURCES.md for each contributing layer,Road hierarchy only. Measured traffic volumes were removed from this score because they cover just 40 of 503 intersections; they are reported as the separate nearest_traffic_volume column. This is NOT a measured traffic ranking.
176,CNV-INT-0461,HAMILTON AVE / W 21ST ST,Marine-Hamilton,collector / local,0.6,,False,False,True,68.69,road_hierarchy_score,68.69,Derived; see DATA_SOURCES.md for each contributing layer,Road hierarchy only. Measured traffic volumes were removed from this score because they cover just 40 of 503 intersections; they are reported as the separate nearest_traffic_volume column. This is NOT a measured traffic ranking.
177,CNV-INT-0268,CARRIE CATES CRT / LONSDALE AVE,Lower Lonsdale,collector,0.6,,False,False,True,68.69,road_hierarchy_score,68.69,Derived; see DATA_SOURCES.md for each contributing layer,Road hierarchy only. Measured traffic volumes were removed from this score because they cover just 40 of 503 intersections; they are reported as the separate nearest_traffic_volume column. This is NOT a measured traffic ranking.
178,CNV-INT-0267,LONSDALE AVE / VICTORY SHIP WAY,Lower Lonsdale,collector / local,0.6,,False,False,True,68.69,road_hierarchy_score,68.69,Derived; see DATA_SOURCES.md for each contributing layer,Road hierarchy only. Measured traffic volumes were removed from this score because they cover just 40 of 503 intersections; they are reported as the separate nearest_traffic_volume column. This is NOT a measured traffic ranking.
179,CNV-INT-0464,MACKAY AVE / W 22ND ST,Marine-Hamilton,collector / local,0.6,,False,False,True,68.69,road_hierarchy_score,68.69,Derived; see DATA_SOURCES.md for each contributing layer,Road hierarchy only. Measured traffic volumes were removed from this score because they cover just 40 of 503 intersections; they are reported as the separate nearest_traffic_volume column. This is NOT a measured traffic ranking.
180,CNV-INT-0115,E 12TH ST / W GRAND BLVD,Grand Boulevard,collector / local,0.6,,False,False,True,68.69,road_hierarchy_score,68.69,Derived; see DATA_SOURCES.md for each contributing layer,Road hierarchy only. Measured traffic volumes were removed from this score because they cover just 40 of 503 intersections; they are reported as the separate nearest_traffic_volume column. This is NOT a measured traffic ranking.
181,CNV-INT-0112,E 11TH ST / W GRAND BLVD,Grand Boulevard,collector / local,0.6,,False,False,True,68.69,road_hierarchy_score,68.69,Derived; see DATA_SOURCES.md for each contributing layer,Road hierarchy only. Measured traffic volumes were removed from this score because they cover just 40 of 503 intersections; they are reported as the separate nearest_traffic_volume column. This is NOT a measured traffic ranking.
182,CNV-INT-0110,E 10TH ST / W GRAND BLVD,Grand Boulevard,collector / local,0.6,,False,False,True,68.69,road_hierarchy_score,68.69,Derived; see DATA_SOURCES.md for each contributing layer,Road hierarchy only. Measured traffic volumes were removed from this score because they cover just 40 of 503 intersections; they are reported as the separate nearest_traffic_volume column. This is NOT a measured traffic ranking.
183,CNV-INT-0431,HAMILTON AVE / TOBRUCK AVE,Marine-Hamilton,collector / local,0.6,,False,False,True,68.69,road_hierarchy_score,68.69,Derived; see DATA_SOURCES.md for each contributing layer,Road hierarchy only. Measured traffic volumes were removed from this score because they cover just 40 of 503 intersections; they are reported as the separate nearest_traffic_volume column. This is NOT a measured traffic ranking.
184,CNV-INT-0440,HAMILTON AVE / W 17TH ST,Marine-Hamilton,collector / local,0.6,,False,False,True,68.69,road_hierarchy_score,68.69,Derived; see DATA_SOURCES.md for each contributing layer,Road hierarchy only. Measured traffic volumes were removed from this score because they cover just 40 of 503 intersections; they are reported as the separate nearest_traffic_volume column. This is NOT a measured traffic ranking.
185,CNV-INT-0221,E 23RD ST / ST. GEORGES AVE,Central Lonsdale,Minor / collector,0.6,,False,True,True,68.69,road_hierarchy_score,68.69,Derived; see DATA_SOURCES.md for each contributing layer,Road hierarchy only. Measured traffic volumes were removed from this score because they cover just 40 of 503 intersections; they are reported as the separate nearest_traffic_volume column. This is NOT a measured traffic ranking.
186,CNV-INT-0147,E 16TH ST / W GRAND BLVD,Grand Boulevard,collector / local,0.6,,False,False,True,68.69,road_hierarchy_score,68.69,Derived; see DATA_SOURCES.md for each contributing layer,Road hierarchy only. Measured traffic volumes were removed from this score because they cover just 40 of 503 intersections; they are reported as the separate nearest_traffic_volume column. This is NOT a measured traffic ranking.
187,CNV-INT-0411,JONES AVE / W 21ST ST,Mahon,collector / local,0.6,,False,False,True,68.69,road_hierarchy_score,68.69,Derived; see DATA_SOURCES.md for each contributing layer,Road hierarchy only. Measured traffic volumes were removed from this score because they cover just 40 of 503 intersections; they are reported as the separate nearest_traffic_volume column. This is NOT a measured traffic ranking.
188,CNV-INT-0243,MUNDAY PL / TEMPE GLEN DR,Tempe,collector / local,0.6,,False,False,True,68.69,road_hierarchy_score,68.69,Derived; see DATA_SOURCES.md for each contributing layer,Road hierarchy only. Measured traffic volumes were removed from this score because they cover just 40 of 503 intersections; they are reported as the separate nearest_traffic_volume column. This is NOT a measured traffic ranking.
189,CNV-INT-0413,JONES AVE / W 22ND ST,Mahon,collector / local,0.6,,False,False,True,68.69,road_hierarchy_score,68.69,Derived; see DATA_SOURCES.md for each contributing layer,Road hierarchy only. Measured traffic volumes were removed from this score because they cover just 40 of 503 intersections; they are reported as the separate nearest_traffic_volume column. This is NOT a measured traffic ranking.
190,CNV-INT-0151,E 18TH ST / W GRAND BLVD,Grand Boulevard,collector / local,0.6,,False,False,True,68.69,road_hierarchy_score,68.69,Derived; see DATA_SOURCES.md for each contributing layer,Road hierarchy only. Measured traffic volumes were removed from this score because they cover just 40 of 503 intersections; they are reported as the separate nearest_traffic_volume column. This is NOT a measured traffic ranking.
191,CNV-INT-0242,TEMPE GLEN DR / TEMPE KNOLL DR,Tempe,collector / local,0.6,,False,False,True,68.69,road_hierarchy_score,68.69,Derived; see DATA_SOURCES.md for each contributing layer,Road hierarchy only. Measured traffic volumes were removed from this score because they cover just 40 of 503 intersections; they are reported as the separate nearest_traffic_volume column. This is NOT a measured traffic ranking.
192,CNV-INT-0241,MUNDAY PL / TEMPE GLEN DR,Tempe,collector / local,0.6,,False,False,True,68.69,road_hierarchy_score,68.69,Derived; see DATA_SOURCES.md for each contributing layer,Road hierarchy only. Measured traffic volumes were removed from this score because they cover just 40 of 503 intersections; they are reported as the separate nearest_traffic_volume column. This is NOT a measured traffic ranking.
193,CNV-INT-0417,JONES AVE,Mahon,collector / local,0.6,,False,False,True,68.69,road_hierarchy_score,68.69,Derived; see DATA_SOURCES.md for each contributing layer,Road hierarchy only. Measured traffic volumes were removed from this score because they cover just 40 of 503 intersections; they are reported as the separate nearest_traffic_volume column. This is NOT a measured traffic ranking.
194,CNV-INT-0220,E 23RD ST / ST. ANDREWS AVE,Grand Boulevard,collector / local,0.6,,False,False,True,68.69,road_hierarchy_score,68.69,Derived; see DATA_SOURCES.md for each contributing layer,Road hierarchy only. Measured traffic volumes were removed from this score because they cover just 40 of 503 intersections; they are reported as the separate nearest_traffic_volume column. This is NOT a measured traffic ranking.
195,CNV-INT-0415,JONES AVE / LARSON CRES / W 23RD ST,Mahon,Minor / collector / local,0.6,,False,True,True,68.69,road_hierarchy_score,68.69,Derived; see DATA_SOURCES.md for each contributing layer,Road hierarchy only. Measured traffic volumes were removed from this score because they cover just 40 of 503 intersections; they are reported as the separate nearest_traffic_volume column. This is NOT a measured traffic ranking.
196,CNV-INT-0148,E 17TH ST / W GRAND BLVD,Grand Boulevard,collector,0.6,,False,False,True,68.69,road_hierarchy_score,68.69,Derived; see DATA_SOURCES.md for each contributing layer,Road hierarchy only. Measured traffic volumes were removed from this score because they cover just 40 of 503 intersections; they are reported as the separate nearest_traffic_volume column. This is NOT a measured traffic ranking.
197,CNV-INT-0225,E UPPER LEVELS HWY / ST. GEORGES AVE / UPPER LEVELS RAMP,Central Lonsdale,Minor / ramp,0.5,,False,False,True,60.74,road_hierarchy_score,60.74,Derived; see DATA_SOURCES.md for each contributing layer,Road hierarchy only. Measured traffic volumes were removed from this score because they cover just 40 of 503 intersections; they are reported as the separate nearest_traffic_volume column. This is NOT a measured traffic ranking.
198,CNV-INT-0248,E 25TH ST,Tempe,local / ramp,0.5,,False,False,True,60.74,road_hierarchy_score,60.74,Derived; see DATA_SOURCES.md for each contributing layer,Road hierarchy only. Measured traffic volumes were removed from this score because they cover just 40 of 503 intersections; they are reported as the separate nearest_traffic_volume column. This is NOT a measured traffic ranking.
199,CNV-INT-0472,UPPER LEVELS RAMP / W 25TH ST,Westview,local / ramp,0.5,,False,False,True,60.74,road_hierarchy_score,60.74,Derived; see DATA_SOURCES.md for each contributing layer,Road hierarchy only. Measured traffic volumes were removed from this score because they cover just 40 of 503 intersections; they are reported as the separate nearest_traffic_volume column. This is NOT a measured traffic ranking.
200,CNV-INT-0167,UPPER LEVELS RAMP,Grand Boulevard,ramp,0.5,,False,False,True,60.74,road_hierarchy_score,60.74,Derived; see DATA_SOURCES.md for each contributing layer,Road hierarchy only. Measured traffic volumes were removed from this score because they cover just 40 of 503 intersections; they are reported as the separate nearest_traffic_volume column. This is NOT a measured traffic ranking.
201,CNV-INT-0292,CHESTERFIELD AVE / W 4TH ST,Lower Lonsdale,Minor / local,0.45,,False,True,True,52.09,road_hierarchy_score,52.09,Derived; see DATA_SOURCES.md for each contributing layer,Road hierarchy only. Measured traffic volumes were removed from this score because they cover just 40 of 503 intersections; they are reported as the separate nearest_traffic_volume column. This is NOT a measured traffic ranking.
202,CNV-INT-0287,CHESTERFIELD AVE / W 2ND ST,Lower Lonsdale,Minor / local,0.45,,False,True,True,52.09,road_hierarchy_score,52.09,Derived; see DATA_SOURCES.md for each contributing layer,Road hierarchy only. Measured traffic volumes were removed from this score because they cover just 40 of 503 intersections; they are reported as the separate nearest_traffic_volume column. This is NOT a measured traffic ranking.
203,CNV-INT-0304,W KEITH RD / W VICTORIA PARK AVE,Lower Lonsdale,Minor,0.45,,False,False,True,52.09,road_hierarchy_score,52.09,Derived; see DATA_SOURCES.md for each contributing layer,Road hierarchy only. Measured traffic volumes were removed from this score because they cover just 40 of 503 intersections; they are reported as the separate nearest_traffic_volume column. This is NOT a measured traffic ranking.
204,CNV-INT-0305,W KEITH RD / W VICTORIA PARK AVE,Lower Lonsdale,Minor,0.45,,False,False,True,52.09,road_hierarchy_score,52.09,Derived; see DATA_SOURCES.md for each contributing layer,Road hierarchy only. Measured traffic volumes were removed from this score because they cover just 40 of 503 intersections; they are reported as the separate nearest_traffic_volume column. This is NOT a measured traffic ranking.
205,CNV-INT-0290,CHESTERFIELD AVE / W 3RD ST,Lower Lonsdale,Minor,0.45,,False,True,True,52.09,road_hierarchy_score,52.09,Derived; see DATA_SOURCES.md for each contributing layer,Road hierarchy only. Measured traffic volumes were removed from this score because they cover just 40 of 503 intersections; they are reported as the separate nearest_traffic_volume column. This is NOT a measured traffic ranking.
206,CNV-INT-0261,E 3RD ST / ST. GEORGES AVE,Lower Lonsdale,Minor,0.45,,False,True,True,52.09,road_hierarchy_score,52.09,Derived; see DATA_SOURCES.md for each contributing layer,Road hierarchy only. Measured traffic volumes were removed from this score because they cover just 40 of 503 intersections; they are reported as the separate nearest_traffic_volume column. This is NOT a measured traffic ranking.
207,CNV-INT-0308,CHESTERFIELD AVE / W 6TH ST,Lower Lonsdale,Minor / local,0.45,,False,False,True,52.09,road_hierarchy_score,52.09,Derived; see DATA_SOURCES.md for each contributing layer,Road hierarchy only. Measured traffic volumes were removed from this score because they cover just 40 of 503 intersections; they are reported as the separate nearest_traffic_volume column. This is NOT a measured traffic ranking.
208,CNV-INT-0100,E KEITH RD / ST. ANDREWS AVE,Central Lonsdale,Minor / local,0.45,,False,True,True,52.09,road_hierarchy_score,52.09,Derived; see DATA_SOURCES.md for each contributing layer,Road hierarchy only. Measured traffic volumes were removed from this score because they cover just 40 of 503 intersections; they are reported as the separate nearest_traffic_volume column. This is NOT a measured traffic ranking.
209,CNV-INT-0294,CHESTERFIELD AVE / W 6TH ST,Lower Lonsdale,Minor / local,0.45,,False,False,True,52.09,road_hierarchy_score,52.09,Derived; see DATA_SOURCES.md for each contributing layer,Road hierarchy only. Measured traffic volumes were removed from this score because they cover just 40 of 503 intersections; they are reported as the separate nearest_traffic_volume column. This is NOT a measured traffic ranking.
210,CNV-INT-0299,MAHON AVE / W 3RD ST,Lower Lonsdale,Minor / local,0.45,,False,True,True,52.09,road_hierarchy_score,52.09,Derived; see DATA_SOURCES.md for each contributing layer,Road hierarchy only. Measured traffic volumes were removed from this score because they cover just 40 of 503 intersections; they are reported as the separate nearest_traffic_volume column. This is NOT a measured traffic ranking.
211,CNV-INT-0284,E KEITH RD / E VICTORIA PARK AVE,Lower Lonsdale,Minor,0.45,,False,False,True,52.09,road_hierarchy_score,52.09,Derived; see DATA_SOURCES.md for each contributing layer,Road hierarchy only. Measured traffic volumes were removed from this score because they cover just 40 of 503 intersections; they are reported as the separate nearest_traffic_volume column. This is NOT a measured traffic ranking.
212,CNV-INT-0279,CHESTERFIELD AVE / W 1ST ST,Lower Lonsdale,Minor / local,0.45,,False,True,True,52.09,road_hierarchy_score,52.09,Derived; see DATA_SOURCES.md for each contributing layer,Road hierarchy only. Measured traffic volumes were removed from this score because they cover just 40 of 503 intersections; they are reported as the separate nearest_traffic_volume column. This is NOT a measured traffic ranking.
213,CNV-INT-0280,E 4TH ST / ST. GEORGES AVE,Lower Lonsdale,Minor / local,0.45,,False,True,True,52.09,road_hierarchy_score,52.09,Derived; see DATA_SOURCES.md for each contributing layer,Road hierarchy only. Measured traffic volumes were removed from this score because they cover just 40 of 503 intersections; they are reported as the separate nearest_traffic_volume column. This is NOT a measured traffic ranking.
214,CNV-INT-0295,CHESTERFIELD AVE / W 6TH ST,Lower Lonsdale,Minor / local,0.45,,False,False,True,52.09,road_hierarchy_score,52.09,Derived; see DATA_SOURCES.md for each contributing layer,Road hierarchy only. Measured traffic volumes were removed from this score because they cover just 40 of 503 intersections; they are reported as the separate nearest_traffic_volume column. This is NOT a measured traffic ranking.
215,CNV-INT-0293,CHESTERFIELD AVE / W 5TH ST,Lower Lonsdale,Minor / local,0.45,,False,False,True,52.09,road_hierarchy_score,52.09,Derived; see DATA_SOURCES.md for each contributing layer,Road hierarchy only. Measured traffic volumes were removed from this score because they cover just 40 of 503 intersections; they are reported as the separate nearest_traffic_volume column. This is NOT a measured traffic ranking.
216,CNV-INT-0303,W KEITH RD / W VICTORIA PARK AVE,Lower Lonsdale,Minor,0.45,,False,False,True,52.09,road_hierarchy_score,52.09,Derived; see DATA_SOURCES.md for each contributing layer,Road hierarchy only. Measured traffic volumes were removed from this score because they cover just 40 of 503 intersections; they are reported as the separate nearest_traffic_volume column. This is NOT a measured traffic ranking.
217,CNV-INT-0297,SEMISCH AVE / W 3RD ST,Lower Lonsdale,Minor / local,0.45,,False,False,True,52.09,road_hierarchy_score,52.09,Derived; see DATA_SOURCES.md for each contributing layer,Road hierarchy only. Measured traffic volumes were removed from this score because they cover just 40 of 503 intersections; they are reported as the separate nearest_traffic_volume column. This is NOT a measured traffic ranking.
218,CNV-INT-0070,E 3RD ST / ST. DAVIDS AVE,Moodyville,Minor / local,0.45,,False,True,True,52.09,road_hierarchy_score,52.09,Derived; see DATA_SOURCES.md for each contributing layer,Road hierarchy only. Measured traffic volumes were removed from this score because they cover just 40 of 503 intersections; they are reported as the separate nearest_traffic_volume column. This is NOT a measured traffic ranking.
219,CNV-INT-0029,E 4TH ST / QUEENSBURY AVE,Moodyville,Minor / local,0.45,,False,False,True,52.09,road_hierarchy_score,52.09,Derived; see DATA_SOURCES.md for each contributing layer,Road hierarchy only. Measured traffic volumes were removed from this score because they cover just 40 of 503 intersections; they are reported as the separate nearest_traffic_volume column. This is NOT a measured traffic ranking.
220,CNV-INT-0309,CHESTERFIELD AVE / W KEITH RD,Lower Lonsdale,Minor,0.45,,False,False,True,52.09,road_hierarchy_score,52.09,Derived; see DATA_SOURCES.md for each contributing layer,Road hierarchy only. Measured traffic volumes were removed from this score because they cover just 40 of 503 intersections; they are reported as the separate nearest_traffic_volume column. This is NOT a measured traffic ranking.
221,CNV-INT-0016,BROOKSBANK AVE / E 4TH ST,Moodyville,Minor / local,0.45,,False,False,True,52.09,road_hierarchy_score,52.09,Derived; see DATA_SOURCES.md for each contributing layer,Road hierarchy only. Measured traffic volumes were removed from this score because they cover just 40 of 503 intersections; they are reported as the separate nearest_traffic_volume column. This is NOT a measured traffic ranking.
222,CNV-INT-0419,LARSON RD / W 23RD ST,Mahon,Minor / local,0.45,,False,True,True,52.09,road_hierarchy_score,52.09,Derived; see DATA_SOURCES.md for each contributing layer,Road hierarchy only. Measured traffic volumes were removed from this score because they cover just 40 of 503 intersections; they are reported as the separate nearest_traffic_volume column. This is NOT a measured traffic ranking.
223,CNV-INT-0422,FELL AVE / W 15TH ST,Marine-Hamilton,Minor / local,0.45,613.0,True,False,True,52.09,road_hierarchy_score,52.09,Derived; see DATA_SOURCES.md for each contributing layer,Road hierarchy only. Measured traffic volumes were removed from this score because they cover just 40 of 503 intersections; they are reported as the separate nearest_traffic_volume column. This is NOT a measured traffic ranking.
224,CNV-INT-0025,E 3RD ST / MOODY AVE,Moodyville,Minor / local,0.45,,False,True,True,52.09,road_hierarchy_score,52.09,Derived; see DATA_SOURCES.md for each contributing layer,Road hierarchy only. Measured traffic volumes were removed from this score because they cover just 40 of 503 intersections; they are reported as the separate nearest_traffic_volume column. This is NOT a measured traffic ranking.
225,CNV-INT-0430,FELL AVE / TOBRUCK AVE,Marine-Hamilton,Minor / local,0.45,,False,True,True,52.09,road_hierarchy_score,52.09,Derived; see DATA_SOURCES.md for each contributing layer,Road hierarchy only. Measured traffic volumes were removed from this score because they cover just 40 of 503 intersections; they are reported as the separate nearest_traffic_volume column. This is NOT a measured traffic ranking.
226,CNV-INT-0439,FELL AVE / W 17TH ST,Marine-Hamilton,Minor / local,0.45,,False,True,True,52.09,road_hierarchy_score,52.09,Derived; see DATA_SOURCES.md for each contributing layer,Road hierarchy only. Measured traffic volumes were removed from this score because they cover just 40 of 503 intersections; they are reported as the separate nearest_traffic_volume column. This is NOT a measured traffic ranking.
227,CNV-INT-0443,FELL AVE / W 19TH ST,Marine-Hamilton,Minor / local,0.45,,False,False,True,52.09,road_hierarchy_score,52.09,Derived; see DATA_SOURCES.md for each contributing layer,Road hierarchy only. Measured traffic volumes were removed from this score because they cover just 40 of 503 intersections; they are reported as the separate nearest_traffic_volume column. This is NOT a measured traffic ranking.
228,CNV-INT-0445,LARSON RD / W 19TH ST,Mahon,Minor / local,0.45,196.0,True,False,True,52.09,road_hierarchy_score,52.09,Derived; see DATA_SOURCES.md for each contributing layer,Road hierarchy only. Measured traffic volumes were removed from this score because they cover just 40 of 503 intersections; they are reported as the separate nearest_traffic_volume column. This is NOT a measured traffic ranking.
229,CNV-INT-0447,LARSON RD / W 20TH ST,Mahon,Minor / local,0.45,196.0,True,False,True,52.09,road_hierarchy_score,52.09,Derived; see DATA_SOURCES.md for each contributing layer,Road hierarchy only. Measured traffic volumes were removed from this score because they cover just 40 of 503 intersections; they are reported as the separate nearest_traffic_volume column. This is NOT a measured traffic ranking.
230,CNV-INT-0414,MAHON AVE / W 23RD ST,Mahon,Minor / local,0.45,,False,False,True,52.09,road_hierarchy_score,52.09,Derived; see DATA_SOURCES.md for each contributing layer,Road hierarchy only. Measured traffic volumes were removed from this score because they cover just 40 of 503 intersections; they are reported as the separate nearest_traffic_volume column. This is NOT a measured traffic ranking.
231,CNV-INT-0451,LARSON RD / W 20TH ST,Mahon,Minor / local,0.45,207.0,True,False,True,52.09,road_hierarchy_score,52.09,Derived; see DATA_SOURCES.md for each contributing layer,Road hierarchy only. Measured traffic volumes were removed from this score because they cover just 40 of 503 intersections; they are reported as the separate nearest_traffic_volume column. This is NOT a measured traffic ranking.
232,CNV-INT-0452,LARSON RD / W 21ST ST,Mahon,Minor / local,0.45,207.0,True,False,True,52.09,road_hierarchy_score,52.09,Derived; see DATA_SOURCES.md for each contributing layer,Road hierarchy only. Measured traffic volumes were removed from this score because they cover just 40 of 503 intersections; they are reported as the separate nearest_traffic_volume column. This is NOT a measured traffic ranking.
233,CNV-INT-0456,FELL AVE / W 20TH ST,Marine-Hamilton,Minor / local,0.45,,False,False,True,52.09,road_hierarchy_score,52.09,Derived; see DATA_SOURCES.md for each contributing layer,Road hierarchy only. Measured traffic volumes were removed from this score because they cover just 40 of 503 intersections; they are reported as the separate nearest_traffic_volume column. This is NOT a measured traffic ranking.
234,CNV-INT-0459,FELL AVE / W 21ST ST,Marine-Hamilton,Minor / local,0.45,,False,False,True,52.09,road_hierarchy_score,52.09,Derived; see DATA_SOURCES.md for each contributing layer,Road hierarchy only. Measured traffic volumes were removed from this score because they cover just 40 of 503 intersections; they are reported as the separate nearest_traffic_volume column. This is NOT a measured traffic ranking.
235,CNV-INT-0462,EDGEMONT BLVD / W 21ST ST,Marine-Hamilton,Minor,0.45,,False,False,True,52.09,road_hierarchy_score,52.09,Derived; see DATA_SOURCES.md for each contributing layer,Road hierarchy only. Measured traffic volumes were removed from this score because they cover just 40 of 503 intersections; they are reported as the separate nearest_traffic_volume column. This is NOT a measured traffic ranking.
236,CNV-INT-0463,EDGEMONT BLVD / WESTMORELAND CRES,Marine-Hamilton,Minor / local,0.45,,False,False,True,52.09,road_hierarchy_score,52.09,Derived; see DATA_SOURCES.md for each contributing layer,Road hierarchy only. Measured traffic volumes were removed from this score because they cover just 40 of 503 intersections; they are reported as the separate nearest_traffic_volume column. This is NOT a measured traffic ranking.
237,CNV-INT-0004,BROOKSBANK AVE / E 3RD ST,Moodyville,Minor / local,0.45,,False,True,True,52.09,road_hierarchy_score,52.09,Derived; see DATA_SOURCES.md for each contributing layer,Road hierarchy only. Measured traffic volumes were removed from this score because they cover just 40 of 503 intersections; they are reported as the separate nearest_traffic_volume column. This is NOT a measured traffic ranking.
238,CNV-INT-0418,LARSON CRES / LARSON RD,Mahon,Minor / local,0.45,207.0,True,True,True,52.09,road_hierarchy_score,52.09,Derived; see DATA_SOURCES.md for each contributing layer,Road hierarchy only. Measured traffic volumes were removed from this score because they cover just 40 of 503 intersections; they are reported as the separate nearest_traffic_volume column. This is NOT a measured traffic ranking.
239,CNV-INT-0410,W 23RD ST / WESTERN AVE,Central Lonsdale,Minor / local,0.45,,False,False,True,52.09,road_hierarchy_score,52.09,Derived; see DATA_SOURCES.md for each contributing layer,Road hierarchy only. Measured traffic volumes were removed from this score because they cover just 40 of 503 intersections; they are reported as the separate nearest_traffic_volume column. This is NOT a measured traffic ranking.
240,CNV-INT-0312,CHESTERFIELD AVE / W 8TH ST,Central Lonsdale,Minor / local,0.45,,False,False,True,52.09,road_hierarchy_score,52.09,Derived; see DATA_SOURCES.md for each contributing layer,Road hierarchy only. Measured traffic volumes were removed from this score because they cover just 40 of 503 intersections; they are reported as the separate nearest_traffic_volume column. This is NOT a measured traffic ranking.
241,CNV-INT-0032,E 5TH ST / QUEENSBURY AVE,Moodyville,Minor / local,0.45,,False,False,True,52.09,road_hierarchy_score,52.09,Derived; see DATA_SOURCES.md for each contributing layer,Road hierarchy only. Measured traffic volumes were removed from this score because they cover just 40 of 503 intersections; they are reported as the separate nearest_traffic_volume column. This is NOT a measured traffic ranking.
242,CNV-INT-0313,MAHON AVE / W KEITH RD,Lower Lonsdale,Minor / local,0.45,,False,False,True,52.09,road_hierarchy_score,52.09,Derived; see DATA_SOURCES.md for each contributing layer,Road hierarchy only. Measured traffic volumes were removed from this score because they cover just 40 of 503 intersections; they are reported as the separate nearest_traffic_volume column. This is NOT a measured traffic ranking.
243,CNV-INT-0055,E KEITH RD / RIDGEWAY AVE,Grand Boulevard,Minor / local,0.45,,False,True,True,52.09,road_hierarchy_score,52.09,Derived; see DATA_SOURCES.md for each contributing layer,Road hierarchy only. Measured traffic volumes were removed from this score because they cover just 40 of 503 intersections; they are reported as the separate nearest_traffic_volume column. This is NOT a measured traffic ranking.
244,CNV-INT-0053,E KEITH RD / MOODY AVE,Grand Boulevard,Minor / local,0.45,,False,True,True,52.09,road_hierarchy_score,52.09,Derived; see DATA_SOURCES.md for each contributing layer,Road hierarchy only. Measured traffic volumes were removed from this score because they cover just 40 of 503 intersections; they are reported as the separate nearest_traffic_volume column. This is NOT a measured traffic ranking.
245,CNV-INT-0051,E 7TH ST / QUEENSBURY AVE,Moodyville,Minor / local,0.45,,False,False,True,52.09,road_hierarchy_score,52.09,Derived; see DATA_SOURCES.md for each contributing layer,Road hierarchy only. Measured traffic volumes were removed from this score because they cover just 40 of 503 intersections; they are reported as the separate nearest_traffic_volume column. This is NOT a measured traffic ranking.
246,CNV-INT-0361,HAMILTON AVE / MACKAY RD,Marine-Hamilton,Minor,0.45,,False,False,True,52.09,road_hierarchy_score,52.09,Derived; see DATA_SOURCES.md for each contributing layer,Road hierarchy only. Measured traffic volumes were removed from this score because they cover just 40 of 503 intersections; they are reported as the separate nearest_traffic_volume column. This is NOT a measured traffic ranking.
247,CNV-INT-0037,BROOKSBANK AVE / E 5TH ST,Moodyville,Minor / local,0.45,,False,False,True,52.09,road_hierarchy_score,52.09,Derived; see DATA_SOURCES.md for each contributing layer,Road hierarchy only. Measured traffic volumes were removed from this score because they cover just 40 of 503 intersections; they are reported as the separate nearest_traffic_volume column. This is NOT a measured traffic ranking.
248,CNV-INT-0035,E 6TH ST / QUEENSBURY AVE,Moodyville,Minor / local,0.45,,False,False,True,52.09,road_hierarchy_score,52.09,Derived; see DATA_SOURCES.md for each contributing layer,Road hierarchy only. Measured traffic volumes were removed from this score because they cover just 40 of 503 intersections; they are reported as the separate nearest_traffic_volume column. This is NOT a measured traffic ranking.
249,CNV-INT-0380,CHESTERFIELD AVE / W 14TH ST,Central Lonsdale,Minor / local,0.45,,False,True,True,52.09,road_hierarchy_score,52.09,Derived; see DATA_SOURCES.md for each contributing layer,Road hierarchy only. Measured traffic volumes were removed from this score because they cover just 40 of 503 intersections; they are reported as the separate nearest_traffic_volume column. This is NOT a measured traffic ranking.
250,CNV-INT-0409,CHESTERFIELD AVE / W 23RD ST,Central Lonsdale,Minor / local,0.45,,False,True,True,52.09,road_hierarchy_score,52.09,Derived; see DATA_SOURCES.md for each contributing layer,Road hierarchy only. Measured traffic volumes were removed from this score because they cover just 40 of 503 intersections; they are reported as the separate nearest_traffic_volume column. This is NOT a measured traffic ranking.
251,CNV-INT-0259,E 1ST ST / ST. GEORGES AVE,Lower Lonsdale,Minor / local,0.45,,False,True,True,52.09,road_hierarchy_score,52.09,Derived; see DATA_SOURCES.md for each contributing layer,Road hierarchy only. Measured traffic volumes were removed from this score because they cover just 40 of 503 intersections; they are reported as the separate nearest_traffic_volume column. This is NOT a measured traffic ranking.
252,CNV-INT-0388,CHESTERFIELD AVE / W 16TH ST,Central Lonsdale,Minor / local,0.45,,False,True,True,52.09,road_hierarchy_score,52.09,Derived; see DATA_SOURCES.md for each contributing layer,Road hierarchy only. Measured traffic volumes were removed from this score because they cover just 40 of 503 intersections; they are reported as the separate nearest_traffic_volume column. This is NOT a measured traffic ranking.
253,CNV-INT-0394,CHESTERFIELD AVE / W 18TH ST,Central Lonsdale,Minor / local,0.45,,False,True,True,52.09,road_hierarchy_score,52.09,Derived; see DATA_SOURCES.md for each contributing layer,Road hierarchy only. Measured traffic volumes were removed from this score because they cover just 40 of 503 intersections; they are reported as the separate nearest_traffic_volume column. This is NOT a measured traffic ranking.
254,CNV-INT-0396,CHESTERFIELD AVE / W 20TH ST,Central Lonsdale,Minor / local,0.45,,False,True,True,52.09,road_hierarchy_score,52.09,Derived; see DATA_SOURCES.md for each contributing layer,Road hierarchy only. Measured traffic volumes were removed from this score because they cover just 40 of 503 intersections; they are reported as the separate nearest_traffic_volume column. This is NOT a measured traffic ranking.
255,CNV-INT-0027,E 3RD ST / RIDGEWAY AVE,Moodyville,Minor / local,0.45,,False,True,True,52.09,road_hierarchy_score,52.09,Derived; see DATA_SOURCES.md for each contributing layer,Road hierarchy only. Measured traffic volumes were removed from this score because they cover just 40 of 503 intersections; they are reported as the separate nearest_traffic_volume column. This is NOT a measured traffic ranking.
256,CNV-INT-0406,CHESTERFIELD AVE / W 21ST ST,Central Lonsdale,Minor / local,0.45,,False,True,True,52.09,road_hierarchy_score,52.09,Derived; see DATA_SOURCES.md for each contributing layer,Road hierarchy only. Measured traffic volumes were removed from this score because they cover just 40 of 503 intersections; they are reported as the separate nearest_traffic_volume column. This is NOT a measured traffic ranking.
257,CNV-INT-0408,CHESTERFIELD AVE / W 22ND ST,Central Lonsdale,Minor / local,0.45,,False,True,True,52.09,road_hierarchy_score,52.09,Derived; see DATA_SOURCES.md for each contributing layer,Road hierarchy only. Measured traffic volumes were removed from this score because they cover just 40 of 503 intersections; they are reported as the separate nearest_traffic_volume column. This is NOT a measured traffic ranking.
258,CNV-INT-0260,E 2ND ST / ST. GEORGES AVE,Lower Lonsdale,Minor / local,0.45,,False,True,True,52.09,road_hierarchy_score,52.09,Derived; see DATA_SOURCES.md for each contributing layer,Road hierarchy only. Measured traffic volumes were removed from this score because they cover just 40 of 503 intersections; they are reported as the separate nearest_traffic_volume column. This is NOT a measured traffic ranking.
259,CNV-INT-0099,E 6TH ST / ST. GEORGES AVE,Lower Lonsdale,Minor / local,0.45,,False,True,True,52.09,road_hierarchy_score,52.09,Derived; see DATA_SOURCES.md for each contributing layer,Road hierarchy only. Measured traffic volumes were removed from this score because they cover just 40 of 503 intersections; they are reported as the separate nearest_traffic_volume column. This is NOT a measured traffic ranking.
260,CNV-INT-0076,E 3RD ST / ST. PATRICKS AVE,Lower Lonsdale,Minor / local,0.45,,False,False,True,52.09,road_hierarchy_score,52.09,Derived; see DATA_SOURCES.md for each contributing layer,Road hierarchy only. Measured traffic volumes were removed from this score because they cover just 40 of 503 intersections; they are reported as the separate nearest_traffic_volume column. This is NOT a measured traffic ranking.
261,CNV-INT-0105,E KEITH RD / E VICTORIA PARK AVE,Lower Lonsdale,Minor,0.45,,False,False,True,52.09,road_hierarchy_score,52.09,Derived; see DATA_SOURCES.md for each contributing layer,Road hierarchy only. Measured traffic volumes were removed from this score because they cover just 40 of 503 intersections; they are reported as the separate nearest_traffic_volume column. This is NOT a measured traffic ranking.
262,CNV-INT-0189,E 14TH ST / ST. GEORGES AVE,Central Lonsdale,Minor / local,0.45,,False,True,True,52.09,road_hierarchy_score,52.09,Derived; see DATA_SOURCES.md for each contributing layer,Road hierarchy only. Measured traffic volumes were removed from this score because they cover just 40 of 503 intersections; they are reported as the separate nearest_traffic_volume column. This is NOT a measured traffic ranking.
263,CNV-INT-0210,E 20TH ST / ST. GEORGES AVE,Central Lonsdale,Minor / local,0.45,,False,True,True,52.09,road_hierarchy_score,52.09,Derived; see DATA_SOURCES.md for each contributing layer,Road hierarchy only. Measured traffic volumes were removed from this score because they cover just 40 of 503 intersections; they are reported as the separate nearest_traffic_volume column. This is NOT a measured traffic ranking.
264,CNV-INT-0082,E 3RD ST / ST. ANDREWS AVE,Lower Lonsdale,Minor / local,0.45,,False,True,True,52.09,road_hierarchy_score,52.09,Derived; see DATA_SOURCES.md for each contributing layer,Road hierarchy only. Measured traffic volumes were removed from this score because they cover just 40 of 503 intersections; they are reported as the separate nearest_traffic_volume column. This is NOT a measured traffic ranking.
265,CNV-INT-0204,E 18TH ST / ST. GEORGES AVE,Central Lonsdale,Minor / local,0.45,,False,False,True,52.09,road_hierarchy_score,52.09,Derived; see DATA_SOURCES.md for each contributing layer,Road hierarchy only. Measured traffic volumes were removed from this score because they cover just 40 of 503 intersections; they are reported as the separate nearest_traffic_volume column. This is NOT a measured traffic ranking.
266,CNV-INT-0216,E 22ND ST / ST. GEORGES AVE,Central Lonsdale,Minor / local,0.45,,False,True,True,52.09,road_hierarchy_score,52.09,Derived; see DATA_SOURCES.md for each contributing layer,Road hierarchy only. Measured traffic volumes were removed from this score because they cover just 40 of 503 intersections; they are reported as the separate nearest_traffic_volume column. This is NOT a measured traffic ranking.
267,CNV-INT-0087,E KEITH RD / ST. ANDREWS AVE,Lower Lonsdale,Minor / local,0.45,,False,True,True,52.09,road_hierarchy_score,52.09,Derived; see DATA_SOURCES.md for each contributing layer,Road hierarchy only. Measured traffic volumes were removed from this score because they cover just 40 of 503 intersections; they are reported as the separate nearest_traffic_volume column. This is NOT a measured traffic ranking.
268,CNV-INT-0086,E 5TH ST / ST. GEORGES AVE,Lower Lonsdale,Minor / local,0.45,,False,True,True,52.09,road_hierarchy_score,52.09,Derived; see DATA_SOURCES.md for each contributing layer,Road hierarchy only. Measured traffic volumes were removed from this score because they cover just 40 of 503 intersections; they are reported as the separate nearest_traffic_volume column. This is NOT a measured traffic ranking.
269,CNV-INT-0193,E 16TH ST / ST. GEORGES AVE,Central Lonsdale,Minor / local,0.45,,False,False,True,52.09,road_hierarchy_score,52.09,Derived; see DATA_SOURCES.md for each contributing layer,Road hierarchy only. Measured traffic volumes were removed from this score because they cover just 40 of 503 intersections; they are reported as the separate nearest_traffic_volume column. This is NOT a measured traffic ranking.
270,CNV-INT-0183,E 13TH ST / MOODY AVE,Grand Boulevard,Minor / local,0.45,,False,True,True,52.09,road_hierarchy_score,52.09,Derived; see DATA_SOURCES.md for each contributing layer,Road hierarchy only. Measured traffic volumes were removed from this score because they cover just 40 of 503 intersections; they are reported as the separate nearest_traffic_volume column. This is NOT a measured traffic ranking.
271,CNV-INT-0089,E KEITH RD / ST. DAVIDS AVE,Central Lonsdale,Minor / local,0.45,,False,False,True,52.09,road_hierarchy_score,52.09,Derived; see DATA_SOURCES.md for each contributing layer,Road hierarchy only. Measured traffic volumes were removed from this score because they cover just 40 of 503 intersections; they are reported as the separate nearest_traffic_volume column. This is NOT a measured traffic ranking.
272,CNV-INT-0106,E 8TH ST / ST. GEORGES AVE,Central Lonsdale,Minor / local,0.45,,False,True,True,52.09,road_hierarchy_score,52.09,Derived; see DATA_SOURCES.md for each contributing layer,Road hierarchy only. Measured traffic volumes were removed from this score because they cover just 40 of 503 intersections; they are reported as the separate nearest_traffic_volume column. This is NOT a measured traffic ranking.
273,CNV-INT-0223,E 24TH ST / ST. GEORGES AVE,Central Lonsdale,Minor / local,0.45,,False,False,True,52.09,road_hierarchy_score,52.09,Derived; see DATA_SOURCES.md for each contributing layer,Road hierarchy only. Measured traffic volumes were removed from this score because they cover just 40 of 503 intersections; they are reported as the separate nearest_traffic_volume column. This is NOT a measured traffic ranking.
274,CNV-INT-0182,E 13TH ST / ST. ANDREWS AVE,Central Lonsdale,Minor / local,0.45,,False,True,True,52.09,road_hierarchy_score,52.09,Derived; see DATA_SOURCES.md for each contributing layer,Road hierarchy only. Measured traffic volumes were removed from this score because they cover just 40 of 503 intersections; they are reported as the separate nearest_traffic_volume column. This is NOT a measured traffic ranking.
275,CNV-INT-0181,E 13TH ST / RIDGEWAY AVE,Central Lonsdale,Minor / local,0.45,,False,True,True,52.09,road_hierarchy_score,52.09,Derived; see DATA_SOURCES.md for each contributing layer,Road hierarchy only. Measured traffic volumes were removed from this score because they cover just 40 of 503 intersections; they are reported as the separate nearest_traffic_volume column. This is NOT a measured traffic ranking.
276,CNV-INT-0091,E KEITH RD,Central Lonsdale,Minor,0.45,,False,False,True,52.09,road_hierarchy_score,52.09,Derived; see DATA_SOURCES.md for each contributing layer,Road hierarchy only. Measured traffic volumes were removed from this score because they cover just 40 of 503 intersections; they are reported as the separate nearest_traffic_volume column. This is NOT a measured traffic ranking.
277,CNV-INT-0090,E KEITH RD / RIDGEWAY AVE,Central Lonsdale,Minor / local,0.45,,False,True,True,52.09,road_hierarchy_score,52.09,Derived; see DATA_SOURCES.md for each contributing layer,Road hierarchy only. Measured traffic volumes were removed from this score because they cover just 40 of 503 intersections; they are reported as the separate nearest_traffic_volume column. This is NOT a measured traffic ranking.
278,CNV-INT-0102,E KEITH RD / ST. GEORGES AVE,Lower Lonsdale,Minor,0.45,,False,False,True,52.09,road_hierarchy_score,52.09,Derived; see DATA_SOURCES.md for each contributing layer,Road hierarchy only. Measured traffic volumes were removed from this score because they cover just 40 of 503 intersections; they are reported as the separate nearest_traffic_volume column. This is NOT a measured traffic ranking.
279,CNV-INT-0119,E 11TH ST / ST. GEORGES AVE,Central Lonsdale,Minor / local,0.45,,False,True,True,52.09,road_hierarchy_score,52.09,Derived; see DATA_SOURCES.md for each contributing layer,Road hierarchy only. Measured traffic volumes were removed from this score because they cover just 40 of 503 intersections; they are reported as the separate nearest_traffic_volume column. This is NOT a measured traffic ranking.
280,CNV-INT-0117,E 10TH ST / ST. GEORGES AVE,Central Lonsdale,Minor / local,0.45,,False,True,True,52.09,road_hierarchy_score,52.09,Derived; see DATA_SOURCES.md for each contributing layer,Road hierarchy only. Measured traffic volumes were removed from this score because they cover just 40 of 503 intersections; they are reported as the separate nearest_traffic_volume column. This is NOT a measured traffic ranking.
281,CNV-INT-0213,E 21ST ST / ST. GEORGES AVE,Central Lonsdale,Minor / local,0.45,,False,False,True,52.09,road_hierarchy_score,52.09,Derived; see DATA_SOURCES.md for each contributing layer,Road hierarchy only. Measured traffic volumes were removed from this score because they cover just 40 of 503 intersections; they are reported as the separate nearest_traffic_volume column. This is NOT a measured traffic ranking.
282,CNV-INT-0101,E KEITH RD / ST. GEORGES AVE,Lower Lonsdale,Minor,0.45,,False,False,True,52.09,road_hierarchy_score,52.09,Derived; see DATA_SOURCES.md for each contributing layer,Road hierarchy only. Measured traffic volumes were removed from this score because they cover just 40 of 503 intersections; they are reported as the separate nearest_traffic_volume column. This is NOT a measured traffic ranking.
283,CNV-INT-0122,E 12TH ST / ST. GEORGES AVE,Central Lonsdale,Minor / local,0.45,,False,False,True,52.09,road_hierarchy_score,52.09,Derived; see DATA_SOURCES.md for each contributing layer,Road hierarchy only. Measured traffic volumes were removed from this score because they cover just 40 of 503 intersections; they are reported as the separate nearest_traffic_volume column. This is NOT a measured traffic ranking.
284,CNV-INT-0143,E 17TH ST / WILLIAM AVE,Grand Boulevard,local,0.25,,False,False,True,22.07,road_hierarchy_score,22.07,Derived; see DATA_SOURCES.md for each contributing layer,Road hierarchy only. Measured traffic volumes were removed from this score because they cover just 40 of 503 intersections; they are reported as the separate nearest_traffic_volume column. This is NOT a measured traffic ranking.
285,CNV-INT-0420,JONES AVE / W 24TH ST,Mahon,local,0.25,,False,False,True,22.07,road_hierarchy_score,22.07,Derived; see DATA_SOURCES.md for each contributing layer,Road hierarchy only. Measured traffic volumes were removed from this score because they cover just 40 of 503 intersections; they are reported as the separate nearest_traffic_volume column. This is NOT a measured traffic ranking.
286,CNV-INT-0421,LARSON RD / W 24TH ST,Mahon,local,0.25,,False,False,True,22.07,road_hierarchy_score,22.07,Derived; see DATA_SOURCES.md for each contributing layer,Road hierarchy only. Measured traffic volumes were removed from this score because they cover just 40 of 503 intersections; they are reported as the separate nearest_traffic_volume column. This is NOT a measured traffic ranking.
287,CNV-INT-0258,E ESPLANADE / ST. ANDREWS AVE,Lower Lonsdale,local,0.25,,False,True,True,22.07,road_hierarchy_score,22.07,Derived; see DATA_SOURCES.md for each contributing layer,Road hierarchy only. Measured traffic volumes were removed from this score because they cover just 40 of 503 intersections; they are reported as the separate nearest_traffic_volume column. This is NOT a measured traffic ranking.
288,CNV-INT-0142,E 17TH ST / RUFUS AVE,Grand Boulevard,local,0.25,,False,False,True,22.07,road_hierarchy_score,22.07,Derived; see DATA_SOURCES.md for each contributing layer,Road hierarchy only. Measured traffic volumes were removed from this score because they cover just 40 of 503 intersections; they are reported as the separate nearest_traffic_volume column. This is NOT a measured traffic ranking.
289,CNV-INT-0424,CHURCHILL CRES / MACKAY RD,Marine-Hamilton,local,0.25,,False,False,True,22.07,road_hierarchy_score,22.07,Derived; see DATA_SOURCES.md for each contributing layer,Road hierarchy only. Measured traffic volumes were removed from this score because they cover just 40 of 503 intersections; they are reported as the separate nearest_traffic_volume column. This is NOT a measured traffic ranking.
290,CNV-INT-0024,E 2ND ST / RIDGEWAY AVE,Moodyville,local,0.25,,False,False,True,22.07,road_hierarchy_score,22.07,Derived; see DATA_SOURCES.md for each contributing layer,Road hierarchy only. Measured traffic volumes were removed from this score because they cover just 40 of 503 intersections; they are reported as the separate nearest_traffic_volume column. This is NOT a measured traffic ranking.
291,CNV-INT-0023,E 2ND ST / MOODY AVE,Moodyville,local,0.25,,False,False,True,22.07,road_hierarchy_score,22.07,Derived; see DATA_SOURCES.md for each contributing layer,Road hierarchy only. Measured traffic volumes were removed from this score because they cover just 40 of 503 intersections; they are reported as the separate nearest_traffic_volume column. This is NOT a measured traffic ranking.
292,CNV-INT-0022,E 1ST ST / E 2ND ST,Moodyville,local,0.25,,False,False,True,22.07,road_hierarchy_score,22.07,Derived; see DATA_SOURCES.md for each contributing layer,Road hierarchy only. Measured traffic volumes were removed from this score because they cover just 40 of 503 intersections; they are reported as the separate nearest_traffic_volume column. This is NOT a measured traffic ranking.
293,CNV-INT-0020,E 4TH ST / SUTHERLAND AVE,Moodyville,local,0.25,,False,False,True,22.07,road_hierarchy_score,22.07,Derived; see DATA_SOURCES.md for each contributing layer,Road hierarchy only. Measured traffic volumes were removed from this score because they cover just 40 of 503 intersections; they are reported as the separate nearest_traffic_volume column. This is NOT a measured traffic ranking.
294,CNV-INT-0141,E 16TH ST / WILLIAM AVE,Grand Boulevard,local,0.25,,False,False,True,22.07,road_hierarchy_score,22.07,Derived; see DATA_SOURCES.md for each contributing layer,Road hierarchy only. Measured traffic volumes were removed from this score because they cover just 40 of 503 intersections; they are reported as the separate nearest_traffic_volume column. This is NOT a measured traffic ranking.
295,CNV-INT-0140,E 16TH ST / RUFUS AVE,Grand Boulevard,local,0.25,,False,False,True,22.07,road_hierarchy_score,22.07,Derived; see DATA_SOURCES.md for each contributing layer,Road hierarchy only. Measured traffic volumes were removed from this score because they cover just 40 of 503 intersections; they are reported as the separate nearest_traffic_volume column. This is NOT a measured traffic ranking.
296,CNV-INT-0092,LYON PL / RIDGEWAY AVE,Central Lonsdale,local,0.25,,False,False,True,22.07,road_hierarchy_score,22.07,Derived; see DATA_SOURCES.md for each contributing layer,Road hierarchy only. Measured traffic volumes were removed from this score because they cover just 40 of 503 intersections; they are reported as the separate nearest_traffic_volume column. This is NOT a measured traffic ranking.
297,CNV-INT-0138,E 16TH ST / SUTHERLAND AVE,Grand Boulevard,local,0.25,,False,False,True,22.07,road_hierarchy_score,22.07,Derived; see DATA_SOURCES.md for each contributing layer,Road hierarchy only. Measured traffic volumes were removed from this score because they cover just 40 of 503 intersections; they are reported as the separate nearest_traffic_volume column. This is NOT a measured traffic ranking.
298,CNV-INT-0019,E 4TH ST / HENDRY AVE,Moodyville,local,0.25,,False,False,True,22.07,road_hierarchy_score,22.07,Derived; see DATA_SOURCES.md for each contributing layer,Road hierarchy only. Measured traffic volumes were removed from this score because they cover just 40 of 503 intersections; they are reported as the separate nearest_traffic_volume column. This is NOT a measured traffic ranking.
299,CNV-INT-0018,E 4TH ST / HEYWOOD ST,Moodyville,local,0.25,,False,False,True,22.07,road_hierarchy_score,22.07,Derived; see DATA_SOURCES.md for each contributing layer,Road hierarchy only. Measured traffic volumes were removed from this score because they cover just 40 of 503 intersections; they are reported as the separate nearest_traffic_volume column. This is NOT a measured traffic ranking.
300,CNV-INT-0436,W 17TH ST / WOLFE ST,Mahon,local,0.25,,False,False,True,22.07,road_hierarchy_score,22.07,Derived; see DATA_SOURCES.md for each contributing layer,Road hierarchy only. Measured traffic volumes were removed from this score because they cover just 40 of 503 intersections; they are reported as the separate nearest_traffic_volume column. This is NOT a measured traffic ranking.
301,CNV-INT-0021,HENDRY AVE / SHAVINGTON ST,Moodyville,local,0.25,,False,False,True,22.07,road_hierarchy_score,22.07,Derived; see DATA_SOURCES.md for each contributing layer,Road hierarchy only. Measured traffic volumes were removed from this score because they cover just 40 of 503 intersections; they are reported as the separate nearest_traffic_volume column. This is NOT a measured traffic ranking.
302,CNV-INT-0152,E 19TH ST / SUTHERLAND AVE,Grand Boulevard,local,0.25,,False,False,True,22.07,road_hierarchy_score,22.07,Derived; see DATA_SOURCES.md for each contributing layer,Road hierarchy only. Measured traffic volumes were removed from this score because they cover just 40 of 503 intersections; they are reported as the separate nearest_traffic_volume column. This is NOT a measured traffic ranking.
303,CNV-INT-0145,E 17TH ST / SUTHERLAND AVE,Grand Boulevard,local,0.25,,False,False,True,22.07,road_hierarchy_score,22.07,Derived; see DATA_SOURCES.md for each contributing layer,Road hierarchy only. Measured traffic volumes were removed from this score because they cover just 40 of 503 intersections; they are reported as the separate nearest_traffic_volume column. This is NOT a measured traffic ranking.
304,CNV-INT-0416,MAHON AVE / W 24TH ST,Mahon,local,0.25,,False,False,True,22.07,road_hierarchy_score,22.07,Derived; see DATA_SOURCES.md for each contributing layer,Road hierarchy only. Measured traffic volumes were removed from this score because they cover just 40 of 503 intersections; they are reported as the separate nearest_traffic_volume column. This is NOT a measured traffic ranking.
305,CNV-INT-0085,E 6TH ST / ST. ANDREWS AVE,Lower Lonsdale,local,0.25,,False,False,True,22.07,road_hierarchy_score,22.07,Derived; see DATA_SOURCES.md for each contributing layer,Road hierarchy only. Measured traffic volumes were removed from this score because they cover just 40 of 503 intersections; they are reported as the separate nearest_traffic_volume column. This is NOT a measured traffic ranking.
306,CNV-INT-0175,E 22ND ST / RIDGEWAY AVE,Grand Boulevard,local,0.25,,False,False,True,22.07,road_hierarchy_score,22.07,Derived; see DATA_SOURCES.md for each contributing layer,Road hierarchy only. Measured traffic volumes were removed from this score because they cover just 40 of 503 intersections; they are reported as the separate nearest_traffic_volume column. This is NOT a measured traffic ranking.
307,CNV-INT-0392,MAHON AVE / W 16TH ST,Central Lonsdale,local,0.25,,False,False,True,22.07,road_hierarchy_score,22.07,Derived; see DATA_SOURCES.md for each contributing layer,Road hierarchy only. Measured traffic volumes were removed from this score because they cover just 40 of 503 intersections; they are reported as the separate nearest_traffic_volume column. This is NOT a measured traffic ranking.
308,CNV-INT-0174,E 22ND ST / QUEENSBURY AVE,Grand Boulevard,local,0.25,,False,False,True,22.07,road_hierarchy_score,22.07,Derived; see DATA_SOURCES.md for each contributing layer,Road hierarchy only. Measured traffic volumes were removed from this score because they cover just 40 of 503 intersections; they are reported as the separate nearest_traffic_volume column. This is NOT a measured traffic ranking.
309,CNV-INT-0173,E 22ND ST / MOODY AVE,Grand Boulevard,local,0.25,,False,False,True,22.07,road_hierarchy_score,22.07,Derived; see DATA_SOURCES.md for each contributing layer,Road hierarchy only. Measured traffic volumes were removed from this score because they cover just 40 of 503 intersections; they are reported as the separate nearest_traffic_volume column. This is NOT a measured traffic ranking.
310,CNV-INT-0171,E 21ST ST / MOODY AVE,Grand Boulevard,local,0.25,,False,False,True,22.07,road_hierarchy_score,22.07,Derived; see DATA_SOURCES.md for each contributing layer,Road hierarchy only. Measured traffic volumes were removed from this score because they cover just 40 of 503 intersections; they are reported as the separate nearest_traffic_volume column. This is NOT a measured traffic ranking.
311,CNV-INT-0170,E 21ST ST / QUEENSBURY AVE,Grand Boulevard,local,0.25,,False,False,True,22.07,road_hierarchy_score,22.07,Derived; see DATA_SOURCES.md for each contributing layer,Road hierarchy only. Measured traffic volumes were removed from this score because they cover just 40 of 503 intersections; they are reported as the separate nearest_traffic_volume column. This is NOT a measured traffic ranking.
312,CNV-INT-0169,E 20TH ST / RIDGEWAY AVE,Grand Boulevard,local,0.25,,False,False,True,22.07,road_hierarchy_score,22.07,Derived; see DATA_SOURCES.md for each contributing layer,Road hierarchy only. Measured traffic volumes were removed from this score because they cover just 40 of 503 intersections; they are reported as the separate nearest_traffic_volume column. This is NOT a measured traffic ranking.
313,CNV-INT-0398,MAHON AVE / W 18TH ST,Mahon,local,0.25,,False,False,True,22.07,road_hierarchy_score,22.07,Derived; see DATA_SOURCES.md for each contributing layer,Road hierarchy only. Measured traffic volumes were removed from this score because they cover just 40 of 503 intersections; they are reported as the separate nearest_traffic_volume column. This is NOT a measured traffic ranking.
314,CNV-INT-0088,E 7TH ST / ST. DAVIDS AVE,Moodyville,local,0.25,,False,False,True,22.07,road_hierarchy_score,22.07,Derived; see DATA_SOURCES.md for each contributing layer,Road hierarchy only. Measured traffic volumes were removed from this score because they cover just 40 of 503 intersections; they are reported as the separate nearest_traffic_volume column. This is NOT a measured traffic ranking.
315,CNV-INT-0402,MAHON AVE / W 20TH ST,Mahon,local,0.25,,False,False,True,22.07,road_hierarchy_score,22.07,Derived; see DATA_SOURCES.md for each contributing layer,Road hierarchy only. Measured traffic volumes were removed from this score because they cover just 40 of 503 intersections; they are reported as the separate nearest_traffic_volume column. This is NOT a measured traffic ranking.
316,CNV-INT-0163,E 20TH ST / MOODY AVE,Grand Boulevard,local,0.25,,False,False,True,22.07,road_hierarchy_score,22.07,Derived; see DATA_SOURCES.md for each contributing layer,Road hierarchy only. Measured traffic volumes were removed from this score because they cover just 40 of 503 intersections; they are reported as the separate nearest_traffic_volume column. This is NOT a measured traffic ranking.
317,CNV-INT-0404,MAHON AVE / W 21ST ST,Mahon,local,0.25,,False,False,True,22.07,road_hierarchy_score,22.07,Derived; see DATA_SOURCES.md for each contributing layer,Road hierarchy only. Measured traffic volumes were removed from this score because they cover just 40 of 503 intersections; they are reported as the separate nearest_traffic_volume column. This is NOT a measured traffic ranking.
318,CNV-INT-0162,E 20TH ST / QUEENSBURY AVE,Grand Boulevard,local,0.25,,False,False,True,22.07,road_hierarchy_score,22.07,Derived; see DATA_SOURCES.md for each contributing layer,Road hierarchy only. Measured traffic volumes were removed from this score because they cover just 40 of 503 intersections; they are reported as the separate nearest_traffic_volume column. This is NOT a measured traffic ranking.
319,CNV-INT-0158,E 18TH ST / RIDGEWAY AVE,Grand Boulevard,local,0.25,,False,False,True,22.07,road_hierarchy_score,22.07,Derived; see DATA_SOURCES.md for each contributing layer,Road hierarchy only. Measured traffic volumes were removed from this score because they cover just 40 of 503 intersections; they are reported as the separate nearest_traffic_volume column. This is NOT a measured traffic ranking.
320,CNV-INT-0157,E 18TH ST / MOODY AVE,Grand Boulevard,local,0.25,,False,False,True,22.07,road_hierarchy_score,22.07,Derived; see DATA_SOURCES.md for each contributing layer,Road hierarchy only. Measured traffic volumes were removed from this score because they cover just 40 of 503 intersections; they are reported as the separate nearest_traffic_volume column. This is NOT a measured traffic ranking.
321,CNV-INT-0156,CASANO DR / RUFUS DR,Cedar Village,local,0.25,,False,False,True,22.07,road_hierarchy_score,22.07,Derived; see DATA_SOURCES.md for each contributing layer,Road hierarchy only. Measured traffic volumes were removed from this score because they cover just 40 of 503 intersections; they are reported as the separate nearest_traffic_volume column. This is NOT a measured traffic ranking.
322,CNV-INT-0155,CEDAR VILLAGE CL / CEDAR VILLAGE CRES,Cedar Village,local,0.25,,False,False,True,22.07,road_hierarchy_score,22.07,Derived; see DATA_SOURCES.md for each contributing layer,Road hierarchy only. Measured traffic volumes were removed from this score because they cover just 40 of 503 intersections; they are reported as the separate nearest_traffic_volume column. This is NOT a measured traffic ranking.
323,CNV-INT-0154,E 18TH ST / WILLIAM AVE,Grand Boulevard,local,0.25,,False,False,True,22.07,road_hierarchy_score,22.07,Derived; see DATA_SOURCES.md for each contributing layer,Road hierarchy only. Measured traffic volumes were removed from this score because they cover just 40 of 503 intersections; they are reported as the separate nearest_traffic_volume column. This is NOT a measured traffic ranking.
324,CNV-INT-0153,CEDAR VILLAGE CRES / RUFUS DR,Cedar Village,local,0.25,,False,False,True,22.07,road_hierarchy_score,22.07,Derived; see DATA_SOURCES.md for each contributing layer,Road hierarchy only. Measured traffic volumes were removed from this score because they cover just 40 of 503 intersections; they are reported as the separate nearest_traffic_volume column. This is NOT a measured traffic ranking.
325,CNV-INT-0412,MAHON AVE / W 22ND ST,Mahon,local,0.25,,False,False,True,22.07,road_hierarchy_score,22.07,Derived; see DATA_SOURCES.md for each contributing layer,Road hierarchy only. Measured traffic volumes were removed from this score because they cover just 40 of 503 intersections; they are reported as the separate nearest_traffic_volume column. This is NOT a measured traffic ranking.
326,CNV-INT-0017,E 4TH ST / KENNARD AVE,Moodyville,local,0.25,,False,False,True,22.07,road_hierarchy_score,22.07,Derived; see DATA_SOURCES.md for each contributing layer,Road hierarchy only. Measured traffic volumes were removed from this score because they cover just 40 of 503 intersections; they are reported as the separate nearest_traffic_volume column. This is NOT a measured traffic ranking.
327,CNV-INT-0149,E 18TH ST / SUTHERLAND AVE,Grand Boulevard,local,0.25,,False,False,True,22.07,road_hierarchy_score,22.07,Derived; see DATA_SOURCES.md for each contributing layer,Road hierarchy only. Measured traffic volumes were removed from this score because they cover just 40 of 503 intersections; they are reported as the separate nearest_traffic_volume column. This is NOT a measured traffic ranking.
328,CNV-INT-0437,FIR ST / WOLFE ST,Mahon,local,0.25,,False,False,True,22.07,road_hierarchy_score,22.07,Derived; see DATA_SOURCES.md for each contributing layer,Road hierarchy only. Measured traffic volumes were removed from this score because they cover just 40 of 503 intersections; they are reported as the separate nearest_traffic_volume column. This is NOT a measured traffic ranking.
329,CNV-INT-0096,E 8TH ST / RIDGEWAY AVE,Central Lonsdale,local,0.25,,False,False,True,22.07,road_hierarchy_score,22.07,Derived; see DATA_SOURCES.md for each contributing layer,Road hierarchy only. Measured traffic volumes were removed from this score because they cover just 40 of 503 intersections; they are reported as the separate nearest_traffic_volume column. This is NOT a measured traffic ranking.
330,CNV-INT-0093,LYON PL / MOODY AVE,Grand Boulevard,local,0.25,,False,False,True,22.07,road_hierarchy_score,22.07,Derived; see DATA_SOURCES.md for each contributing layer,Road hierarchy only. Measured traffic volumes were removed from this score because they cover just 40 of 503 intersections; they are reported as the separate nearest_traffic_volume column. This is NOT a measured traffic ranking.
331,CNV-INT-0111,E 10TH ST / MOODY AVE,Grand Boulevard,local,0.25,,False,False,True,22.07,road_hierarchy_score,22.07,Derived; see DATA_SOURCES.md for each contributing layer,Road hierarchy only. Measured traffic volumes were removed from this score because they cover just 40 of 503 intersections; they are reported as the separate nearest_traffic_volume column. This is NOT a measured traffic ranking.
332,CNV-INT-0473,CHESTERFIELD AVE / W 25TH ST,Westview,local,0.25,,False,False,True,22.07,road_hierarchy_score,22.07,Derived; see DATA_SOURCES.md for each contributing layer,Road hierarchy only. Measured traffic volumes were removed from this score because they cover just 40 of 503 intersections; they are reported as the separate nearest_traffic_volume column. This is NOT a measured traffic ranking.
333,CNV-INT-0474,MAHON AVE / W 25TH ST,Westview,local,0.25,,False,False,True,22.07,road_hierarchy_score,22.07,Derived; see DATA_SOURCES.md for each contributing layer,Road hierarchy only. Measured traffic volumes were removed from this score because they cover just 40 of 503 intersections; they are reported as the separate nearest_traffic_volume column. This is NOT a measured traffic ranking.
334,CNV-INT-0475,JONES AVE / W 25TH ST,Westview,local,0.25,,False,False,True,22.07,road_hierarchy_score,22.07,Derived; see DATA_SOURCES.md for each contributing layer,Road hierarchy only. Measured traffic volumes were removed from this score because they cover just 40 of 503 intersections; they are reported as the separate nearest_traffic_volume column. This is NOT a measured traffic ranking.
335,CNV-INT-0476,MAHON AVE / W 26TH ST,Westview,local,0.25,,False,False,True,22.07,road_hierarchy_score,22.07,Derived; see DATA_SOURCES.md for each contributing layer,Road hierarchy only. Measured traffic volumes were removed from this score because they cover just 40 of 503 intersections; they are reported as the separate nearest_traffic_volume column. This is NOT a measured traffic ranking.
336,CNV-INT-0477,CHESTERFIELD AVE / W 26TH ST,Westview,local,0.25,,False,False,True,22.07,road_hierarchy_score,22.07,Derived; see DATA_SOURCES.md for each contributing layer,Road hierarchy only. Measured traffic volumes were removed from this score because they cover just 40 of 503 intersections; they are reported as the separate nearest_traffic_volume column. This is NOT a measured traffic ranking.
337,CNV-INT-0478,JONES AVE / W 26TH ST,Westview,local,0.25,,False,False,True,22.07,road_hierarchy_score,22.07,Derived; see DATA_SOURCES.md for each contributing layer,Road hierarchy only. Measured traffic volumes were removed from this score because they cover just 40 of 503 intersections; they are reported as the separate nearest_traffic_volume column. This is NOT a measured traffic ranking.
338,CNV-INT-0479,MAHON AVE / W 27TH ST,Westview,local,0.25,,False,False,True,22.07,road_hierarchy_score,22.07,Derived; see DATA_SOURCES.md for each contributing layer,Road hierarchy only. Measured traffic volumes were removed from this score because they cover just 40 of 503 intersections; they are reported as the separate nearest_traffic_volume column. This is NOT a measured traffic ranking.
339,CNV-INT-0480,W 26TH ST / WESTERN AVE,Central Lonsdale,local,0.25,,False,False,True,22.07,road_hierarchy_score,22.07,Derived; see DATA_SOURCES.md for each contributing layer,Road hierarchy only. Measured traffic volumes were removed from this score because they cover just 40 of 503 intersections; they are reported as the separate nearest_traffic_volume column. This is NOT a measured traffic ranking.
340,CNV-INT-0108,E 10TH ST / RIDGEWAY AVE,Central Lonsdale,local,0.25,,False,False,True,22.07,road_hierarchy_score,22.07,Derived; see DATA_SOURCES.md for each contributing layer,Road hierarchy only. Measured traffic volumes were removed from this score because they cover just 40 of 503 intersections; they are reported as the separate nearest_traffic_volume column. This is NOT a measured traffic ranking.
341,CNV-INT-0482,CHESTERFIELD AVE / W 27TH ST,Central Lonsdale,local,0.25,,False,False,True,22.07,road_hierarchy_score,22.07,Derived; see DATA_SOURCES.md for each contributing layer,Road hierarchy only. Measured traffic volumes were removed from this score because they cover just 40 of 503 intersections; they are reported as the separate nearest_traffic_volume column. This is NOT a measured traffic ranking.
342,CNV-INT-0483,W 27TH ST / WESTERN AVE,Central Lonsdale,local,0.25,,False,False,True,22.07,road_hierarchy_score,22.07,Derived; see DATA_SOURCES.md for each contributing layer,Road hierarchy only. Measured traffic volumes were removed from this score because they cover just 40 of 503 intersections; they are reported as the separate nearest_traffic_volume column. This is NOT a measured traffic ranking.
343,CNV-INT-0484,CHESTERFIELD AVE / W 28TH ST,Westview,local,0.25,,False,False,True,22.07,road_hierarchy_score,22.07,Derived; see DATA_SOURCES.md for each contributing layer,Road hierarchy only. Measured traffic volumes were removed from this score because they cover just 40 of 503 intersections; they are reported as the separate nearest_traffic_volume column. This is NOT a measured traffic ranking.
344,CNV-INT-0485,JONES AVE / W 27TH ST,Westview,local,0.25,,False,False,True,22.07,road_hierarchy_score,22.07,Derived; see DATA_SOURCES.md for each contributing layer,Road hierarchy only. Measured traffic volumes were removed from this score because they cover just 40 of 503 intersections; they are reported as the separate nearest_traffic_volume column. This is NOT a measured traffic ranking.
345,CNV-INT-0486,MAHON AVE / W 28TH ST,Westview,local,0.25,,False,False,True,22.07,road_hierarchy_score,22.07,Derived; see DATA_SOURCES.md for each contributing layer,Road hierarchy only. Measured traffic volumes were removed from this score because they cover just 40 of 503 intersections; they are reported as the separate nearest_traffic_volume column. This is NOT a measured traffic ranking.
346,CNV-INT-0487,JONES AVE / W 28TH ST,Westview,local,0.25,,False,False,True,22.07,road_hierarchy_score,22.07,Derived; see DATA_SOURCES.md for each contributing layer,Road hierarchy only. Measured traffic volumes were removed from this score because they cover just 40 of 503 intersections; they are reported as the separate nearest_traffic_volume column. This is NOT a measured traffic ranking.
347,CNV-INT-0488,W 23RD ST / W 24TH CL,Mahon,local,0.25,801.0,True,True,True,22.07,road_hierarchy_score,22.07,Derived; see DATA_SOURCES.md for each contributing layer,Road hierarchy only. Measured traffic volumes were removed from this score because they cover just 40 of 503 intersections; they are reported as the separate nearest_traffic_volume column. This is NOT a measured traffic ranking.
348,CNV-INT-0107,E 9TH ST / ST. ANDREWS AVE,Central Lonsdale,local,0.25,,False,False,True,22.07,road_hierarchy_score,22.07,Derived; see DATA_SOURCES.md for each contributing layer,Road hierarchy only. Measured traffic volumes were removed from this score because they cover just 40 of 503 intersections; they are reported as the separate nearest_traffic_volume column. This is NOT a measured traffic ranking.
349,CNV-INT-0104,E 8TH ST / ST. ANDREWS AVE,Central Lonsdale,local,0.25,,False,False,True,22.07,road_hierarchy_score,22.07,Derived; see DATA_SOURCES.md for each contributing layer,Road hierarchy only. Measured traffic volumes were removed from this score because they cover just 40 of 503 intersections; they are reported as the separate nearest_traffic_volume column. This is NOT a measured traffic ranking.
350,CNV-INT-0493,LARSON RD / W 25TH ST,Westview,local,0.25,,False,False,True,22.07,road_hierarchy_score,22.07,Derived; see DATA_SOURCES.md for each contributing layer,Road hierarchy only. Measured traffic volumes were removed from this score because they cover just 40 of 503 intersections; they are reported as the separate nearest_traffic_volume column. This is NOT a measured traffic ranking.
351,CNV-INT-0494,LARSON RD / W 26TH ST,Westview,local,0.25,,False,False,True,22.07,road_hierarchy_score,22.07,Derived; see DATA_SOURCES.md for each contributing layer,Road hierarchy only. Measured traffic volumes were removed from this score because they cover just 40 of 503 intersections; they are reported as the separate nearest_traffic_volume column. This is NOT a measured traffic ranking.
352,CNV-INT-0495,LARSON RD / W 27TH ST,Westview,local,0.25,,False,False,True,22.07,road_hierarchy_score,22.07,Derived; see DATA_SOURCES.md for each contributing layer,Road hierarchy only. Measured traffic volumes were removed from this score because they cover just 40 of 503 intersections; they are reported as the separate nearest_traffic_volume column. This is NOT a measured traffic ranking.
353,CNV-INT-0103,E 8TH ST / E 9TH ST,Central Lonsdale,local,0.25,,False,False,True,22.07,road_hierarchy_score,22.07,Derived; see DATA_SOURCES.md for each contributing layer,Road hierarchy only. Measured traffic volumes were removed from this score because they cover just 40 of 503 intersections; they are reported as the separate nearest_traffic_volume column. This is NOT a measured traffic ranking.
354,CNV-INT-0499,LARSON RD / W 28TH ST,Westview,local,0.25,,False,False,True,22.07,road_hierarchy_score,22.07,Derived; see DATA_SOURCES.md for each contributing layer,Road hierarchy only. Measured traffic volumes were removed from this score because they cover just 40 of 503 intersections; they are reported as the separate nearest_traffic_volume column. This is NOT a measured traffic ranking.
355,CNV-INT-0500,W 28TH ST,Westview,local / strata,0.25,,False,False,True,22.07,road_hierarchy_score,22.07,Derived; see DATA_SOURCES.md for each contributing layer,Road hierarchy only. Measured traffic volumes were removed from this score because they cover just 40 of 503 intersections; they are reported as the separate nearest_traffic_volume column. This is NOT a measured traffic ranking.
356,CNV-INT-0501,LARSON RD / W 29TH ST,Westview,local,0.25,,False,False,True,22.07,road_hierarchy_score,22.07,Derived; see DATA_SOURCES.md for each contributing layer,Road hierarchy only. Measured traffic volumes were removed from this score because they cover just 40 of 503 intersections; they are reported as the separate nearest_traffic_volume column. This is NOT a measured traffic ranking.
357,CNV-INT-0109,E 10TH ST / ST. ANDREWS AVE,Central Lonsdale,local,0.25,,False,False,True,22.07,road_hierarchy_score,22.07,Derived; see DATA_SOURCES.md for each contributing layer,Road hierarchy only. Measured traffic volumes were removed from this score because they cover just 40 of 503 intersections; they are reported as the separate nearest_traffic_volume column. This is NOT a measured traffic ranking.
358,CNV-INT-0470,CHESTERFIELD AVE / W 24TH ST,Central Lonsdale,local,0.25,,False,False,True,22.07,road_hierarchy_score,22.07,Derived; see DATA_SOURCES.md for each contributing layer,Road hierarchy only. Measured traffic volumes were removed from this score because they cover just 40 of 503 intersections; they are reported as the separate nearest_traffic_volume column. This is NOT a measured traffic ranking.
359,CNV-INT-0135,E 15TH ST / SUTHERLAND AVE,Grand Boulevard,local,0.25,,False,False,True,22.07,road_hierarchy_score,22.07,Derived; see DATA_SOURCES.md for each contributing layer,Road hierarchy only. Measured traffic volumes were removed from this score because they cover just 40 of 503 intersections; they are reported as the separate nearest_traffic_volume column. This is NOT a measured traffic ranking.
360,CNV-INT-0469,ALDEN LANE / W 23RD ST,,local,0.25,,False,False,True,22.07,road_hierarchy_score,22.07,Derived; see DATA_SOURCES.md for each contributing layer,Road hierarchy only. Measured traffic volumes were removed from this score because they cover just 40 of 503 intersections; they are reported as the separate nearest_traffic_volume column. This is NOT a measured traffic ranking.
361,CNV-INT-0134,E 14TH ST / SUTHERLAND AVE,Grand Boulevard,local,0.25,,False,False,True,22.07,road_hierarchy_score,22.07,Derived; see DATA_SOURCES.md for each contributing layer,Road hierarchy only. Measured traffic volumes were removed from this score because they cover just 40 of 503 intersections; they are reported as the separate nearest_traffic_volume column. This is NOT a measured traffic ranking.
362,CNV-INT-0095,E 8TH ST / MOODY AVE,Grand Boulevard,local,0.25,,False,False,True,22.07,road_hierarchy_score,22.07,Derived; see DATA_SOURCES.md for each contributing layer,Road hierarchy only. Measured traffic volumes were removed from this score because they cover just 40 of 503 intersections; they are reported as the separate nearest_traffic_volume column. This is NOT a measured traffic ranking.
363,CNV-INT-0178,E 22ND ST / SUTHERLAND AVE,Grand Boulevard,local,0.25,,False,False,True,22.07,road_hierarchy_score,22.07,Derived; see DATA_SOURCES.md for each contributing layer,Road hierarchy only. Measured traffic volumes were removed from this score because they cover just 40 of 503 intersections; they are reported as the separate nearest_traffic_volume column. This is NOT a measured traffic ranking.
364,CNV-INT-0444,CUMBERLAND CRES / W 19TH ST,Marine-Hamilton,local,0.25,,False,False,True,22.07,road_hierarchy_score,22.07,Derived; see DATA_SOURCES.md for each contributing layer,Road hierarchy only. Measured traffic volumes were removed from this score because they cover just 40 of 503 intersections; they are reported as the separate nearest_traffic_volume column. This is NOT a measured traffic ranking.
365,CNV-INT-0129,E 15TH ST / WILLIAM AVE,Grand Boulevard,local,0.25,,False,False,True,22.07,road_hierarchy_score,22.07,Derived; see DATA_SOURCES.md for each contributing layer,Road hierarchy only. Measured traffic volumes were removed from this score because they cover just 40 of 503 intersections; they are reported as the separate nearest_traffic_volume column. This is NOT a measured traffic ranking.
366,CNV-INT-0128,E 15TH ST / RUFUS AVE,Grand Boulevard,local,0.25,,False,False,True,22.07,road_hierarchy_score,22.07,Derived; see DATA_SOURCES.md for each contributing layer,Road hierarchy only. Measured traffic volumes were removed from this score because they cover just 40 of 503 intersections; they are reported as the separate nearest_traffic_volume column. This is NOT a measured traffic ranking.
367,CNV-INT-0127,E 14TH ST / SUTHERLAND AVE,Grand Boulevard,local,0.25,,False,False,True,22.07,road_hierarchy_score,22.07,Derived; see DATA_SOURCES.md for each contributing layer,Road hierarchy only. Measured traffic volumes were removed from this score because they cover just 40 of 503 intersections; they are reported as the separate nearest_traffic_volume column. This is NOT a measured traffic ranking.
368,CNV-INT-0015,E 4TH ST / GLADSTONE AVE,Moodyville,local,0.25,,False,False,True,22.07,road_hierarchy_score,22.07,Derived; see DATA_SOURCES.md for each contributing layer,Road hierarchy only. Measured traffic volumes were removed from this score because they cover just 40 of 503 intersections; they are reported as the separate nearest_traffic_volume column. This is NOT a measured traffic ranking.
369,CNV-INT-0449,W 20TH ST / WOLFE ST,Mahon,local,0.25,257.0,True,False,True,22.07,road_hierarchy_score,22.07,Derived; see DATA_SOURCES.md for each contributing layer,Road hierarchy only. Measured traffic volumes were removed from this score because they cover just 40 of 503 intersections; they are reported as the separate nearest_traffic_volume column. This is NOT a measured traffic ranking.
370,CNV-INT-0450,CARSON CRT / W 20TH ST,Mahon,local,0.25,257.0,True,False,True,22.07,road_hierarchy_score,22.07,Derived; see DATA_SOURCES.md for each contributing layer,Road hierarchy only. Measured traffic volumes were removed from this score because they cover just 40 of 503 intersections; they are reported as the separate nearest_traffic_volume column. This is NOT a measured traffic ranking.
371,CNV-INT-0126,E 14TH ST / RUFUS AVE,,local,0.25,,False,False,True,22.07,road_hierarchy_score,22.07,Derived; see DATA_SOURCES.md for each contributing layer,Road hierarchy only. Measured traffic volumes were removed from this score because they cover just 40 of 503 intersections; they are reported as the separate nearest_traffic_volume column. This is NOT a measured traffic ranking.
372,CNV-INT-0125,E 14TH ST / WILLIAM AVE,,local,0.25,,False,False,True,22.07,road_hierarchy_score,22.07,Derived; see DATA_SOURCES.md for each contributing layer,Road hierarchy only. Measured traffic volumes were removed from this score because they cover just 40 of 503 intersections; they are reported as the separate nearest_traffic_volume column. This is NOT a measured traffic ranking.
373,CNV-INT-0097,E 9TH ST / MOODY AVE,Grand Boulevard,local,0.25,,False,False,True,22.07,road_hierarchy_score,22.07,Derived; see DATA_SOURCES.md for each contributing layer,Road hierarchy only. Measured traffic volumes were removed from this score because they cover just 40 of 503 intersections; they are reported as the separate nearest_traffic_volume column. This is NOT a measured traffic ranking.
374,CNV-INT-0123,E 12TH ST / ST. ANDREWS AVE,Central Lonsdale,local,0.25,,False,False,True,22.07,road_hierarchy_score,22.07,Derived; see DATA_SOURCES.md for each contributing layer,Road hierarchy only. Measured traffic volumes were removed from this score because they cover just 40 of 503 intersections; they are reported as the separate nearest_traffic_volume column. This is NOT a measured traffic ranking.
375,CNV-INT-0455,NEILSON AVE / W 19TH ST,Marine-Hamilton,local,0.25,,False,False,True,22.07,road_hierarchy_score,22.07,Derived; see DATA_SOURCES.md for each contributing layer,Road hierarchy only. Measured traffic volumes were removed from this score because they cover just 40 of 503 intersections; they are reported as the separate nearest_traffic_volume column. This is NOT a measured traffic ranking.
376,CNV-INT-0457,NEILSON AVE / W 20TH ST,Marine-Hamilton,local,0.25,,False,False,True,22.07,road_hierarchy_score,22.07,Derived; see DATA_SOURCES.md for each contributing layer,Road hierarchy only. Measured traffic volumes were removed from this score because they cover just 40 of 503 intersections; they are reported as the separate nearest_traffic_volume column. This is NOT a measured traffic ranking.
377,CNV-INT-0098,E 9TH ST / RIDGEWAY AVE,Central Lonsdale,local,0.25,,False,False,True,22.07,road_hierarchy_score,22.07,Derived; see DATA_SOURCES.md for each contributing layer,Road hierarchy only. Measured traffic volumes were removed from this score because they cover just 40 of 503 intersections; they are reported as the separate nearest_traffic_volume column. This is NOT a measured traffic ranking.
378,CNV-INT-0120,E 11TH ST / ST. ANDREWS AVE,Central Lonsdale,local,0.25,,False,False,True,22.07,road_hierarchy_score,22.07,Derived; see DATA_SOURCES.md for each contributing layer,Road hierarchy only. Measured traffic volumes were removed from this score because they cover just 40 of 503 intersections; they are reported as the separate nearest_traffic_volume column. This is NOT a measured traffic ranking.
379,CNV-INT-0460,NEILSON AVE / W 21ST ST,Marine-Hamilton,local,0.25,,False,False,True,22.07,road_hierarchy_score,22.07,Derived; see DATA_SOURCES.md for each contributing layer,Road hierarchy only. Measured traffic volumes were removed from this score because they cover just 40 of 503 intersections; they are reported as the separate nearest_traffic_volume column. This is NOT a measured traffic ranking.
380,CNV-INT-0118,E 10TH ST / E 8TH ST,Lower Lonsdale,local,0.25,,False,False,True,22.07,road_hierarchy_score,22.07,Derived; see DATA_SOURCES.md for each contributing layer,Road hierarchy only. Measured traffic volumes were removed from this score because they cover just 40 of 503 intersections; they are reported as the separate nearest_traffic_volume column. This is NOT a measured traffic ranking.
381,CNV-INT-0116,E 12TH ST / MOODY AVE,Grand Boulevard,local,0.25,,False,False,True,22.07,road_hierarchy_score,22.07,Derived; see DATA_SOURCES.md for each contributing layer,Road hierarchy only. Measured traffic volumes were removed from this score because they cover just 40 of 503 intersections; they are reported as the separate nearest_traffic_volume column. This is NOT a measured traffic ranking.
382,CNV-INT-0014,HEYWOOD ST,Moodyville,local,0.25,,False,False,True,22.07,road_hierarchy_score,22.07,Derived; see DATA_SOURCES.md for each contributing layer,Road hierarchy only. Measured traffic volumes were removed from this score because they cover just 40 of 503 intersections; they are reported as the separate nearest_traffic_volume column. This is NOT a measured traffic ranking.
383,CNV-INT-0114,E 11TH ST / RIDGEWAY AVE,Central Lonsdale,local,0.25,,False,False,True,22.07,road_hierarchy_score,22.07,Derived; see DATA_SOURCES.md for each contributing layer,Road hierarchy only. Measured traffic volumes were removed from this score because they cover just 40 of 503 intersections; they are reported as the separate nearest_traffic_volume column. This is NOT a measured traffic ranking.
384,CNV-INT-0467,ALDEN LANE / WESTMORELAND CRES,Marine-Hamilton,local,0.25,,False,False,True,22.07,road_hierarchy_score,22.07,Derived; see DATA_SOURCES.md for each contributing layer,Road hierarchy only. Measured traffic volumes were removed from this score because they cover just 40 of 503 intersections; they are reported as the separate nearest_traffic_volume column. This is NOT a measured traffic ranking.
385,CNV-INT-0113,E 11TH ST / MOODY AVE,Grand Boulevard,local,0.25,,False,False,True,22.07,road_hierarchy_score,22.07,Derived; see DATA_SOURCES.md for each contributing layer,Road hierarchy only. Measured traffic volumes were removed from this score because they cover just 40 of 503 intersections; they are reported as the separate nearest_traffic_volume column. This is NOT a measured traffic ranking.
386,CNV-INT-0028,E 4TH ST / MOODY AVE,Moodyville,local,0.25,,False,False,True,22.07,road_hierarchy_score,22.07,Derived; see DATA_SOURCES.md for each contributing layer,Road hierarchy only. Measured traffic volumes were removed from this score because they cover just 40 of 503 intersections; they are reported as the separate nearest_traffic_volume column. This is NOT a measured traffic ranking.
387,CNV-INT-0382,W 12TH ST / W 8TH ST,Central Lonsdale,local,0.25,,False,False,True,22.07,road_hierarchy_score,22.07,Derived; see DATA_SOURCES.md for each contributing layer,Road hierarchy only. Measured traffic volumes were removed from this score because they cover just 40 of 503 intersections; they are reported as the separate nearest_traffic_volume column. This is NOT a measured traffic ranking.
388,CNV-INT-0179,TEMPE KNOLL DR / WILDING WAY,Tempe,local,0.25,,False,False,True,22.07,road_hierarchy_score,22.07,Derived; see DATA_SOURCES.md for each contributing layer,Road hierarchy only. Measured traffic volumes were removed from this score because they cover just 40 of 503 intersections; they are reported as the separate nearest_traffic_volume column. This is NOT a measured traffic ranking.
389,CNV-INT-0289,MAHON AVE / W 1ST ST,Lower Lonsdale,local,0.25,,False,False,True,22.07,road_hierarchy_score,22.07,Derived; see DATA_SOURCES.md for each contributing layer,Road hierarchy only. Measured traffic volumes were removed from this score because they cover just 40 of 503 intersections; they are reported as the separate nearest_traffic_volume column. This is NOT a measured traffic ranking.
390,CNV-INT-0291,MAHON AVE / W 2ND ST,Lower Lonsdale,local,0.25,,False,False,True,22.07,road_hierarchy_score,22.07,Derived; see DATA_SOURCES.md for each contributing layer,Road hierarchy only. Measured traffic volumes were removed from this score because they cover just 40 of 503 intersections; they are reported as the separate nearest_traffic_volume column. This is NOT a measured traffic ranking.
391,CNV-INT-0236,BRAND ST / MAITLAND AVE,Tempe,local,0.25,,False,False,True,22.07,road_hierarchy_score,22.07,Derived; see DATA_SOURCES.md for each contributing layer,Road hierarchy only. Measured traffic volumes were removed from this score because they cover just 40 of 503 intersections; they are reported as the separate nearest_traffic_volume column. This is NOT a measured traffic ranking.
392,CNV-INT-0235,MAITLAND AVE / TEMPE CRES,Tempe,local,0.25,,False,False,True,22.07,road_hierarchy_score,22.07,Derived; see DATA_SOURCES.md for each contributing layer,Road hierarchy only. Measured traffic volumes were removed from this score because they cover just 40 of 503 intersections; they are reported as the separate nearest_traffic_volume column. This is NOT a measured traffic ranking.
393,CNV-INT-0234,E 26TH ST / RIDGEWAY AVE,Tempe,local,0.25,,False,False,True,22.07,road_hierarchy_score,22.07,Derived; see DATA_SOURCES.md for each contributing layer,Road hierarchy only. Measured traffic volumes were removed from this score because they cover just 40 of 503 intersections; they are reported as the separate nearest_traffic_volume column. This is NOT a measured traffic ranking.
394,CNV-INT-0232,E 25TH ST / RIDGEWAY AVE,Tempe,local,0.25,,False,False,True,22.07,road_hierarchy_score,22.07,Derived; see DATA_SOURCES.md for each contributing layer,Road hierarchy only. Measured traffic volumes were removed from this score because they cover just 40 of 503 intersections; they are reported as the separate nearest_traffic_volume column. This is NOT a measured traffic ranking.
395,CNV-INT-0231,E 24TH ST / RIDGEWAY AVE,Grand Boulevard,local,0.25,,False,False,True,22.07,road_hierarchy_score,22.07,Derived; see DATA_SOURCES.md for each contributing layer,Road hierarchy only. Measured traffic volumes were removed from this score because they cover just 40 of 503 intersections; they are reported as the separate nearest_traffic_volume column. This is NOT a measured traffic ranking.
396,CNV-INT-0230,26TH CRES / E 26TH ST / WILDING WAY,Tempe,local,0.25,,False,False,True,22.07,road_hierarchy_score,22.07,Derived; see DATA_SOURCES.md for each contributing layer,Road hierarchy only. Measured traffic volumes were removed from this score because they cover just 40 of 503 intersections; they are reported as the separate nearest_traffic_volume column. This is NOT a measured traffic ranking.
397,CNV-INT-0058,E 8TH ST / SUTHERLAND AVE,,local,0.25,,False,False,True,22.07,road_hierarchy_score,22.07,Derived; see DATA_SOURCES.md for each contributing layer,Road hierarchy only. Measured traffic volumes were removed from this score because they cover just 40 of 503 intersections; they are reported as the separate nearest_traffic_volume column. This is NOT a measured traffic ranking.
398,CNV-INT-0229,VINEDALE RD / WILDING PL / WILDING WAY,Tempe,local,0.25,,False,False,True,22.07,road_hierarchy_score,22.07,Derived; see DATA_SOURCES.md for each contributing layer,Road hierarchy only. Measured traffic volumes were removed from this score because they cover just 40 of 503 intersections; they are reported as the separate nearest_traffic_volume column. This is NOT a measured traffic ranking.
399,CNV-INT-0300,MAHON AVE / W 4TH ST,Lower Lonsdale,local,0.25,,False,False,True,22.07,road_hierarchy_score,22.07,Derived; see DATA_SOURCES.md for each contributing layer,Road hierarchy only. Measured traffic volumes were removed from this score because they cover just 40 of 503 intersections; they are reported as the separate nearest_traffic_volume column. This is NOT a measured traffic ranking.
400,CNV-INT-0077,E 2ND ST / ST. ANDREWS AVE,Lower Lonsdale,local,0.25,,False,False,True,22.07,road_hierarchy_score,22.07,Derived; see DATA_SOURCES.md for each contributing layer,Road hierarchy only. Measured traffic volumes were removed from this score because they cover just 40 of 503 intersections; they are reported as the separate nearest_traffic_volume column. This is NOT a measured traffic ranking.
401,CNV-INT-0078,E 4TH ST / ST. DAVIDS AVE,Moodyville,local,0.25,,False,False,True,22.07,road_hierarchy_score,22.07,Derived; see DATA_SOURCES.md for each contributing layer,Road hierarchy only. Measured traffic volumes were removed from this score because they cover just 40 of 503 intersections; they are reported as the separate nearest_traffic_volume column. This is NOT a measured traffic ranking.
402,CNV-INT-0224,E 24TH ST / ST. ANDREWS AVE,Central Lonsdale,local,0.25,,False,False,True,22.07,road_hierarchy_score,22.07,Derived; see DATA_SOURCES.md for each contributing layer,Road hierarchy only. Measured traffic volumes were removed from this score because they cover just 40 of 503 intersections; they are reported as the separate nearest_traffic_volume column. This is NOT a measured traffic ranking.
403,CNV-INT-0306,W 12TH ST / W 8TH ST,Central Lonsdale,local,0.25,,False,False,True,22.07,road_hierarchy_score,22.07,Derived; see DATA_SOURCES.md for each contributing layer,Road hierarchy only. Measured traffic volumes were removed from this score because they cover just 40 of 503 intersections; they are reported as the separate nearest_traffic_volume column. This is NOT a measured traffic ranking.
404,CNV-INT-0307,MAHON AVE / W 5TH ST,Squamish Nation (Mission IR 1),local,0.25,,False,False,True,22.07,road_hierarchy_score,22.07,Derived; see DATA_SOURCES.md for each contributing layer,Road hierarchy only. Measured traffic volumes were removed from this score because they cover just 40 of 503 intersections; they are reported as the separate nearest_traffic_volume column. This is NOT a measured traffic ranking.
405,CNV-INT-0079,E 4TH ST / ST. PATRICKS AVE,Lower Lonsdale,local,0.25,,False,False,True,22.07,road_hierarchy_score,22.07,Derived; see DATA_SOURCES.md for each contributing layer,Road hierarchy only. Measured traffic volumes were removed from this score because they cover just 40 of 503 intersections; they are reported as the separate nearest_traffic_volume column. This is NOT a measured traffic ranking.
406,CNV-INT-0219,E 21ST ST / RIDGEWAY AVE,Grand Boulevard,local,0.25,,False,False,True,22.07,road_hierarchy_score,22.07,Derived; see DATA_SOURCES.md for each contributing layer,Road hierarchy only. Measured traffic volumes were removed from this score because they cover just 40 of 503 intersections; they are reported as the separate nearest_traffic_volume column. This is NOT a measured traffic ranking.
407,CNV-INT-0310,MAHON AVE / W 6TH ST,Lower Lonsdale,local,0.25,,False,False,True,22.07,road_hierarchy_score,22.07,Derived; see DATA_SOURCES.md for each contributing layer,Road hierarchy only. Measured traffic volumes were removed from this score because they cover just 40 of 503 intersections; they are reported as the separate nearest_traffic_volume column. This is NOT a measured traffic ranking.
408,CNV-INT-0311,MAHON AVE / W 6TH ST,Lower Lonsdale,local,0.25,,False,False,True,22.07,road_hierarchy_score,22.07,Derived; see DATA_SOURCES.md for each contributing layer,Road hierarchy only. Measured traffic volumes were removed from this score because they cover just 40 of 503 intersections; they are reported as the separate nearest_traffic_volume column. This is NOT a measured traffic ranking.
409,CNV-INT-0218,E 22ND ST / ST. ANDREWS AVE,Grand Boulevard,local,0.25,,False,False,True,22.07,road_hierarchy_score,22.07,Derived; see DATA_SOURCES.md for each contributing layer,Road hierarchy only. Measured traffic volumes were removed from this score because they cover just 40 of 503 intersections; they are reported as the separate nearest_traffic_volume column. This is NOT a measured traffic ranking.
410,CNV-INT-0217,E 22ND ST / EASTERN AVE,Central Lonsdale,local,0.25,,False,False,True,22.07,road_hierarchy_score,22.07,Derived; see DATA_SOURCES.md for each contributing layer,Road hierarchy only. Measured traffic volumes were removed from this score because they cover just 40 of 503 intersections; they are reported as the separate nearest_traffic_volume column. This is NOT a measured traffic ranking.
411,CNV-INT-0314,FELL AVE / HARBOURSIDE PL,Marine-Hamilton,local,0.25,,False,False,True,22.07,road_hierarchy_score,22.07,Derived; see DATA_SOURCES.md for each contributing layer,Road hierarchy only. Measured traffic volumes were removed from this score because they cover just 40 of 503 intersections; they are reported as the separate nearest_traffic_volume column. This is NOT a measured traffic ranking.
412,CNV-INT-0315,FELL AVE / HARBOUR WAY,Marine-Hamilton,lane / local,0.25,,False,False,True,22.07,road_hierarchy_score,22.07,Derived; see DATA_SOURCES.md for each contributing layer,Road hierarchy only. Measured traffic volumes were removed from this score because they cover just 40 of 503 intersections; they are reported as the separate nearest_traffic_volume column. This is NOT a measured traffic ranking.
413,CNV-INT-0316,HARBOURSIDE DR / HARBOURSIDE PL,Marine-Hamilton,local,0.25,,False,False,True,22.07,road_hierarchy_score,22.07,Derived; see DATA_SOURCES.md for each contributing layer,Road hierarchy only. Measured traffic volumes were removed from this score because they cover just 40 of 503 intersections; they are reported as the separate nearest_traffic_volume column. This is NOT a measured traffic ranking.
414,CNV-INT-0317,HARBOUR WAY / HARBOURSIDE DR,Marine-Hamilton,lane / local,0.25,,False,False,True,22.07,road_hierarchy_score,22.07,Derived; see DATA_SOURCES.md for each contributing layer,Road hierarchy only. Measured traffic volumes were removed from this score because they cover just 40 of 503 intersections; they are reported as the separate nearest_traffic_volume column. This is NOT a measured traffic ranking.
415,CNV-INT-0237,E 27TH ST / TEMPE CRES,Tempe,local,0.25,,False,False,True,22.07,road_hierarchy_score,22.07,Derived; see DATA_SOURCES.md for each contributing layer,Road hierarchy only. Measured traffic volumes were removed from this score because they cover just 40 of 503 intersections; they are reported as the separate nearest_traffic_volume column. This is NOT a measured traffic ranking.
416,CNV-INT-0060,E 9TH ST / SUTHERLAND AVE,,local,0.25,,False,False,True,22.07,road_hierarchy_score,22.07,Derived; see DATA_SOURCES.md for each contributing layer,Road hierarchy only. Measured traffic volumes were removed from this score because they cover just 40 of 503 intersections; they are reported as the separate nearest_traffic_volume column. This is NOT a measured traffic ranking.
417,CNV-INT-0180,E 12TH ST / RIDGEWAY AVE,Central Lonsdale,local,0.25,,False,False,True,22.07,road_hierarchy_score,22.07,Derived; see DATA_SOURCES.md for each contributing layer,Road hierarchy only. Measured traffic volumes were removed from this score because they cover just 40 of 503 intersections; they are reported as the separate nearest_traffic_volume column. This is NOT a measured traffic ranking.
418,CNV-INT-0238,MAITLAND AVE / SOMERSET ST,Tempe,local,0.25,,False,False,True,22.07,road_hierarchy_score,22.07,Derived; see DATA_SOURCES.md for each contributing layer,Road hierarchy only. Measured traffic volumes were removed from this score because they cover just 40 of 503 intersections; they are reported as the separate nearest_traffic_volume column. This is NOT a measured traffic ranking.
419,CNV-INT-0262,ST. GEORGES AVE / VICTORY SHIP WAY,Lower Lonsdale,local,0.25,,False,False,True,22.07,road_hierarchy_score,22.07,Derived; see DATA_SOURCES.md for each contributing layer,Road hierarchy only. Measured traffic volumes were removed from this score because they cover just 40 of 503 intersections; they are reported as the separate nearest_traffic_volume column. This is NOT a measured traffic ranking.
420,CNV-INT-0072,E 1ST ST / ST. PATRICKS AVE,Lower Lonsdale,local,0.25,,False,False,True,22.07,road_hierarchy_score,22.07,Derived; see DATA_SOURCES.md for each contributing layer,Road hierarchy only. Measured traffic volumes were removed from this score because they cover just 40 of 503 intersections; they are reported as the separate nearest_traffic_volume column. This is NOT a measured traffic ranking.
421,CNV-INT-0264,VICTORY SHIP WAY / WALLACE MEWS,Lower Lonsdale,local,0.25,,False,False,True,22.07,road_hierarchy_score,22.07,Derived; see DATA_SOURCES.md for each contributing layer,Road hierarchy only. Measured traffic volumes were removed from this score because they cover just 40 of 503 intersections; they are reported as the separate nearest_traffic_volume column. This is NOT a measured traffic ranking.
422,CNV-INT-0265,VICTORY SHIP WAY / WALLACE MEWS,Lower Lonsdale,local,0.25,,False,False,True,22.07,road_hierarchy_score,22.07,Derived; see DATA_SOURCES.md for each contributing layer,Road hierarchy only. Measured traffic volumes were removed from this score because they cover just 40 of 503 intersections; they are reported as the separate nearest_traffic_volume column. This is NOT a measured traffic ranking.
423,CNV-INT-0071,ALDER ST / ST. PATRICKS AVE,Lower Lonsdale,local,0.25,,False,False,True,22.07,road_hierarchy_score,22.07,Derived; see DATA_SOURCES.md for each contributing layer,Road hierarchy only. Measured traffic volumes were removed from this score because they cover just 40 of 503 intersections; they are reported as the separate nearest_traffic_volume column. This is NOT a measured traffic ranking.
424,CNV-INT-0256,E 27TH ST / EASTERN AVE,Tempe,local,0.25,,False,False,True,22.07,road_hierarchy_score,22.07,Derived; see DATA_SOURCES.md for each contributing layer,Road hierarchy only. Measured traffic volumes were removed from this score because they cover just 40 of 503 intersections; they are reported as the separate nearest_traffic_volume column. This is NOT a measured traffic ranking.
425,CNV-INT-0255,E 28TH ST / ST. ANDREWS AVE,Tempe,local,0.25,,False,False,True,22.07,road_hierarchy_score,22.07,Derived; see DATA_SOURCES.md for each contributing layer,Road hierarchy only. Measured traffic volumes were removed from this score because they cover just 40 of 503 intersections; they are reported as the separate nearest_traffic_volume column. This is NOT a measured traffic ranking.
426,CNV-INT-0254,E 27TH ST / ST. GEORGES AVE,Tempe,local,0.25,,False,False,True,22.07,road_hierarchy_score,22.07,Derived; see DATA_SOURCES.md for each contributing layer,Road hierarchy only. Measured traffic volumes were removed from this score because they cover just 40 of 503 intersections; they are reported as the separate nearest_traffic_volume column. This is NOT a measured traffic ranking.
427,CNV-INT-0073,E ESPLANADE / ST. PATRICKS AVE,Lower Lonsdale,local,0.25,,False,False,True,22.07,road_hierarchy_score,22.07,Derived; see DATA_SOURCES.md for each contributing layer,Road hierarchy only. Measured traffic volumes were removed from this score because they cover just 40 of 503 intersections; they are reported as the separate nearest_traffic_volume column. This is NOT a measured traffic ranking.
428,CNV-INT-0074,E 2ND ST / ST. PATRICKS AVE,Lower Lonsdale,local,0.25,,False,False,True,22.07,road_hierarchy_score,22.07,Derived; see DATA_SOURCES.md for each contributing layer,Road hierarchy only. Measured traffic volumes were removed from this score because they cover just 40 of 503 intersections; they are reported as the separate nearest_traffic_volume column. This is NOT a measured traffic ranking.
429,CNV-INT-0068,E 2ND ST / ST. DAVIDS AVE,Moodyville,local,0.25,,False,False,True,22.07,road_hierarchy_score,22.07,Derived; see DATA_SOURCES.md for each contributing layer,Road hierarchy only. Measured traffic volumes were removed from this score because they cover just 40 of 503 intersections; they are reported as the separate nearest_traffic_volume column. This is NOT a measured traffic ranking.
430,CNV-INT-0067,E 1ST ST / E ST. DAVIDS AVE / ST. DAVIDS AVE,Lower Lonsdale,local,0.25,,False,False,True,22.07,road_hierarchy_score,22.07,Derived; see DATA_SOURCES.md for each contributing layer,Road hierarchy only. Measured traffic volumes were removed from this score because they cover just 40 of 503 intersections; they are reported as the separate nearest_traffic_volume column. This is NOT a measured traffic ranking.
431,CNV-INT-0251,E 26TH ST / ST. GEORGES AVE,Tempe,local,0.25,,False,False,True,22.07,road_hierarchy_score,22.07,Derived; see DATA_SOURCES.md for each contributing layer,Road hierarchy only. Measured traffic volumes were removed from this score because they cover just 40 of 503 intersections; they are reported as the separate nearest_traffic_volume column. This is NOT a measured traffic ranking.
432,CNV-INT-0275,CHADWICK CRT / CHESTERFIELD PL,Lower Lonsdale,local,0.25,,False,False,True,22.07,road_hierarchy_score,22.07,Derived; see DATA_SOURCES.md for each contributing layer,Road hierarchy only. Measured traffic volumes were removed from this score because they cover just 40 of 503 intersections; they are reported as the separate nearest_traffic_volume column. This is NOT a measured traffic ranking.
433,CNV-INT-0075,E 1ST ST / ST. ANDREWS AVE,Lower Lonsdale,local,0.25,,False,False,True,22.07,road_hierarchy_score,22.07,Derived; see DATA_SOURCES.md for each contributing layer,Road hierarchy only. Measured traffic volumes were removed from this score because they cover just 40 of 503 intersections; they are reported as the separate nearest_traffic_volume column. This is NOT a measured traffic ranking.
434,CNV-INT-0066,E 1ST ST / E ST. DAVIDS AVE,Lower Lonsdale,local,0.25,,False,False,True,22.07,road_hierarchy_score,22.07,Derived; see DATA_SOURCES.md for each contributing layer,Road hierarchy only. Measured traffic volumes were removed from this score because they cover just 40 of 503 intersections; they are reported as the separate nearest_traffic_volume column. This is NOT a measured traffic ranking.
435,CNV-INT-0065,ALDER ST / E ST. DAVIDS AVE,Lower Lonsdale,local,0.25,,False,False,True,22.07,road_hierarchy_score,22.07,Derived; see DATA_SOURCES.md for each contributing layer,Road hierarchy only. Measured traffic volumes were removed from this score because they cover just 40 of 503 intersections; they are reported as the separate nearest_traffic_volume column. This is NOT a measured traffic ranking.
436,CNV-INT-0249,E 25TH ST / ST. GEORGES AVE,Tempe,local,0.25,,False,False,True,22.07,road_hierarchy_score,22.07,Derived; see DATA_SOURCES.md for each contributing layer,Road hierarchy only. Measured traffic volumes were removed from this score because they cover just 40 of 503 intersections; they are reported as the separate nearest_traffic_volume column. This is NOT a measured traffic ranking.
437,CNV-INT-0247,E 28TH ST / ST. ANDREWS AVE,Tempe,local,0.25,,False,False,True,22.07,road_hierarchy_score,22.07,Derived; see DATA_SOURCES.md for each contributing layer,Road hierarchy only. Measured traffic volumes were removed from this score because they cover just 40 of 503 intersections; they are reported as the separate nearest_traffic_volume column. This is NOT a measured traffic ranking.
438,CNV-INT-0246,E 27TH ST / ST. ANDREWS AVE,Tempe,local,0.25,,False,False,True,22.07,road_hierarchy_score,22.07,Derived; see DATA_SOURCES.md for each contributing layer,Road hierarchy only. Measured traffic volumes were removed from this score because they cover just 40 of 503 intersections; they are reported as the separate nearest_traffic_volume column. This is NOT a measured traffic ranking.
439,CNV-INT-0245,E 26TH ST / ST. ANDREWS AVE,Tempe,local,0.25,,False,False,True,22.07,road_hierarchy_score,22.07,Derived; see DATA_SOURCES.md for each contributing layer,Road hierarchy only. Measured traffic volumes were removed from this score because they cover just 40 of 503 intersections; they are reported as the separate nearest_traffic_volume column. This is NOT a measured traffic ranking.
440,CNV-INT-0244,E 25TH ST / ST. ANDREWS AVE,Tempe,local,0.25,,False,False,True,22.07,road_hierarchy_score,22.07,Derived; see DATA_SOURCES.md for each contributing layer,Road hierarchy only. Measured traffic volumes were removed from this score because they cover just 40 of 503 intersections; they are reported as the separate nearest_traffic_volume column. This is NOT a measured traffic ranking.
441,CNV-INT-0240,26TH CRES / TEMPE KNOLL DR,Tempe,local,0.25,,False,False,True,22.07,road_hierarchy_score,22.07,Derived; see DATA_SOURCES.md for each contributing layer,Road hierarchy only. Measured traffic volumes were removed from this score because they cover just 40 of 503 intersections; they are reported as the separate nearest_traffic_volume column. This is NOT a measured traffic ranking.
442,CNV-INT-0239,WEYMOUTH DR / WILDING WAY,Tempe,local,0.25,,False,False,True,22.07,road_hierarchy_score,22.07,Derived; see DATA_SOURCES.md for each contributing layer,Road hierarchy only. Measured traffic volumes were removed from this score because they cover just 40 of 503 intersections; they are reported as the separate nearest_traffic_volume column. This is NOT a measured traffic ranking.
443,CNV-INT-0286,SEMISCH AVE / W 1ST ST,Lower Lonsdale,local,0.25,,False,False,True,22.07,road_hierarchy_score,22.07,Derived; see DATA_SOURCES.md for each contributing layer,Road hierarchy only. Measured traffic volumes were removed from this score because they cover just 40 of 503 intersections; they are reported as the separate nearest_traffic_volume column. This is NOT a measured traffic ranking.
444,CNV-INT-0319,GOSTICK PL / HARBOURSIDE DR,Marine-Hamilton,local,0.25,,False,False,True,22.07,road_hierarchy_score,22.07,Derived; see DATA_SOURCES.md for each contributing layer,Road hierarchy only. Measured traffic volumes were removed from this score because they cover just 40 of 503 intersections; they are reported as the separate nearest_traffic_volume column. This is NOT a measured traffic ranking.
445,CNV-INT-0320,FORBES AVE / W ESPLANADE,Lower Lonsdale,local,0.25,,False,False,True,22.07,road_hierarchy_score,22.07,Derived; see DATA_SOURCES.md for each contributing layer,Road hierarchy only. Measured traffic volumes were removed from this score because they cover just 40 of 503 intersections; they are reported as the separate nearest_traffic_volume column. This is NOT a measured traffic ranking.
446,CNV-INT-0215,E 21ST ST / EASTERN AVE,Central Lonsdale,local,0.25,,False,False,True,22.07,road_hierarchy_score,22.07,Derived; see DATA_SOURCES.md for each contributing layer,Road hierarchy only. Measured traffic volumes were removed from this score because they cover just 40 of 503 intersections; they are reported as the separate nearest_traffic_volume column. This is NOT a measured traffic ranking.
447,CNV-INT-0322,MISSION RD / W ESPLANADE,Squamish Nation (Mission IR 1),local,0.25,,False,False,True,22.07,road_hierarchy_score,22.07,Derived; see DATA_SOURCES.md for each contributing layer,Road hierarchy only. Measured traffic volumes were removed from this score because they cover just 40 of 503 intersections; they are reported as the separate nearest_traffic_volume column. This is NOT a measured traffic ranking.
448,CNV-INT-0356,FORBES AVE / W 14TH ST,Mahon,local,0.25,,False,False,True,22.07,road_hierarchy_score,22.07,Derived; see DATA_SOURCES.md for each contributing layer,Road hierarchy only. Measured traffic volumes were removed from this score because they cover just 40 of 503 intersections; they are reported as the separate nearest_traffic_volume column. This is NOT a measured traffic ranking.
449,CNV-INT-0194,E 16TH ST / ST. ANDREWS AVE,Central Lonsdale,local,0.25,,False,False,True,22.07,road_hierarchy_score,22.07,Derived; see DATA_SOURCES.md for each contributing layer,Road hierarchy only. Measured traffic volumes were removed from this score because they cover just 40 of 503 intersections; they are reported as the separate nearest_traffic_volume column. This is NOT a measured traffic ranking.
450,CNV-INT-0041,E 6TH ST / HENDRY AVE,Moodyville,local,0.25,,False,False,True,22.07,road_hierarchy_score,22.07,Derived; see DATA_SOURCES.md for each contributing layer,Road hierarchy only. Measured traffic volumes were removed from this score because they cover just 40 of 503 intersections; they are reported as the separate nearest_traffic_volume column. This is NOT a measured traffic ranking.
451,CNV-INT-0040,CLOVERLEY ST / HENDRY AVE,Moodyville,local,0.25,,False,False,True,22.07,road_hierarchy_score,22.07,Derived; see DATA_SOURCES.md for each contributing layer,Road hierarchy only. Measured traffic volumes were removed from this score because they cover just 40 of 503 intersections; they are reported as the separate nearest_traffic_volume column. This is NOT a measured traffic ranking.
452,CNV-INT-0362,MOSQUITO CREEK LANE / W 14TH ST,Marine-Hamilton,local,0.25,941.0,True,False,True,22.07,road_hierarchy_score,22.07,Derived; see DATA_SOURCES.md for each contributing layer,Road hierarchy only. Measured traffic volumes were removed from this score because they cover just 40 of 503 intersections; they are reported as the separate nearest_traffic_volume column. This is NOT a measured traffic ranking.
453,CNV-INT-0039,KENNARD AVE / SHAVINGTON ST,Moodyville,local,0.25,,False,False,True,22.07,road_hierarchy_score,22.07,Derived; see DATA_SOURCES.md for each contributing layer,Road hierarchy only. Measured traffic volumes were removed from this score because they cover just 40 of 503 intersections; they are reported as the separate nearest_traffic_volume column. This is NOT a measured traffic ranking.
454,CNV-INT-0038,E 5TH ST / HENDRY AVE,Moodyville,local,0.25,,False,False,True,22.07,road_hierarchy_score,22.07,Derived; see DATA_SOURCES.md for each contributing layer,Road hierarchy only. Measured traffic volumes were removed from this score because they cover just 40 of 503 intersections; they are reported as the separate nearest_traffic_volume column. This is NOT a measured traffic ranking.
455,CNV-INT-0365,MOSQUITO CREEK LANE / W 15TH ST,Marine-Hamilton,local,0.25,613.0,True,False,True,22.07,road_hierarchy_score,22.07,Derived; see DATA_SOURCES.md for each contributing layer,Road hierarchy only. Measured traffic volumes were removed from this score because they cover just 40 of 503 intersections; they are reported as the separate nearest_traffic_volume column. This is NOT a measured traffic ranking.
456,CNV-INT-0083,E 4TH ST / ST. ANDREWS AVE,Lower Lonsdale,local,0.25,,False,False,True,22.07,road_hierarchy_score,22.07,Derived; see DATA_SOURCES.md for each contributing layer,Road hierarchy only. Measured traffic volumes were removed from this score because they cover just 40 of 503 intersections; they are reported as the separate nearest_traffic_volume column. This is NOT a measured traffic ranking.
457,CNV-INT-0084,E 5TH ST / ST. ANDREWS AVE,Lower Lonsdale,local,0.25,,False,False,True,22.07,road_hierarchy_score,22.07,Derived; see DATA_SOURCES.md for each contributing layer,Road hierarchy only. Measured traffic volumes were removed from this score because they cover just 40 of 503 intersections; they are reported as the separate nearest_traffic_volume column. This is NOT a measured traffic ranking.
458,CNV-INT-0185,E 14TH ST / RIDGEWAY AVE,Central Lonsdale,local,0.25,,False,False,True,22.07,road_hierarchy_score,22.07,Derived; see DATA_SOURCES.md for each contributing layer,Road hierarchy only. Measured traffic volumes were removed from this score because they cover just 40 of 503 intersections; they are reported as the separate nearest_traffic_volume column. This is NOT a measured traffic ranking.
459,CNV-INT-0369,FORBES AVE / W 15TH ST,Mahon,local,0.25,,False,False,True,22.07,road_hierarchy_score,22.07,Derived; see DATA_SOURCES.md for each contributing layer,Road hierarchy only. Measured traffic volumes were removed from this score because they cover just 40 of 503 intersections; they are reported as the separate nearest_traffic_volume column. This is NOT a measured traffic ranking.
460,CNV-INT-0184,E 14TH ST / MOODY AVE,Grand Boulevard,local,0.25,,False,False,True,22.07,road_hierarchy_score,22.07,Derived; see DATA_SOURCES.md for each contributing layer,Road hierarchy only. Measured traffic volumes were removed from this score because they cover just 40 of 503 intersections; they are reported as the separate nearest_traffic_volume column. This is NOT a measured traffic ranking.
461,CNV-INT-0371,FORBES AVE / W 16TH ST,Mahon,local,0.25,,False,False,True,22.07,road_hierarchy_score,22.07,Derived; see DATA_SOURCES.md for each contributing layer,Road hierarchy only. Measured traffic volumes were removed from this score because they cover just 40 of 503 intersections; they are reported as the separate nearest_traffic_volume column. This is NOT a measured traffic ranking.
462,CNV-INT-0372,FORBES AVE / W 6TH ST,Squamish Nation (Mission IR 1),local,0.25,,False,False,True,22.07,road_hierarchy_score,22.07,Derived; see DATA_SOURCES.md for each contributing layer,Road hierarchy only. Measured traffic volumes were removed from this score because they cover just 40 of 503 intersections; they are reported as the separate nearest_traffic_volume column. This is NOT a measured traffic ranking.
463,CNV-INT-0373,JONES AVE / W 6TH ST,Lower Lonsdale,local,0.25,,False,False,True,22.07,road_hierarchy_score,22.07,Derived; see DATA_SOURCES.md for each contributing layer,Road hierarchy only. Measured traffic volumes were removed from this score because they cover just 40 of 503 intersections; they are reported as the separate nearest_traffic_volume column. This is NOT a measured traffic ranking.
464,CNV-INT-0374,FORBES AVE / W 6TH ST,Squamish Nation (Mission IR 1),local,0.25,,False,False,True,22.07,road_hierarchy_score,22.07,Derived; see DATA_SOURCES.md for each contributing layer,Road hierarchy only. Measured traffic volumes were removed from this score because they cover just 40 of 503 intersections; they are reported as the separate nearest_traffic_volume column. This is NOT a measured traffic ranking.
465,CNV-INT-0036,E 7TH ST / SUTHERLAND AVE,Moodyville,local,0.25,,False,False,True,22.07,road_hierarchy_score,22.07,Derived; see DATA_SOURCES.md for each contributing layer,Road hierarchy only. Measured traffic volumes were removed from this score because they cover just 40 of 503 intersections; they are reported as the separate nearest_traffic_volume column. This is NOT a measured traffic ranking.
466,CNV-INT-0034,E 6TH ST / SUTHERLAND AVE,Moodyville,local,0.25,,False,False,True,22.07,road_hierarchy_score,22.07,Derived; see DATA_SOURCES.md for each contributing layer,Road hierarchy only. Measured traffic volumes were removed from this score because they cover just 40 of 503 intersections; they are reported as the separate nearest_traffic_volume column. This is NOT a measured traffic ranking.
467,CNV-INT-0033,E 5TH ST / SUTHERLAND AVE,Moodyville,local,0.25,,False,False,True,22.07,road_hierarchy_score,22.07,Derived; see DATA_SOURCES.md for each contributing layer,Road hierarchy only. Measured traffic volumes were removed from this score because they cover just 40 of 503 intersections; they are reported as the separate nearest_traffic_volume column. This is NOT a measured traffic ranking.
468,CNV-INT-0381,MAHON AVE / W 14TH ST,Central Lonsdale,local,0.25,,False,False,True,22.07,road_hierarchy_score,22.07,Derived; see DATA_SOURCES.md for each contributing layer,Road hierarchy only. Measured traffic volumes were removed from this score because they cover just 40 of 503 intersections; they are reported as the separate nearest_traffic_volume column. This is NOT a measured traffic ranking.
469,CNV-INT-0257,E 28TH ST / ST. GEORGES AVE,Tempe,local,0.25,,False,False,True,22.07,road_hierarchy_score,22.07,Derived; see DATA_SOURCES.md for each contributing layer,Road hierarchy only. Measured traffic volumes were removed from this score because they cover just 40 of 503 intersections; they are reported as the separate nearest_traffic_volume column. This is NOT a measured traffic ranking.
470,CNV-INT-0031,E 5TH ST / MOODY AVE,Moodyville,local,0.25,,False,False,True,22.07,road_hierarchy_score,22.07,Derived; see DATA_SOURCES.md for each contributing layer,Road hierarchy only. Measured traffic volumes were removed from this score because they cover just 40 of 503 intersections; they are reported as the separate nearest_traffic_volume column. This is NOT a measured traffic ranking.
471,CNV-INT-0384,CIVIC PLACE MEWS / W 14TH ST,Central Lonsdale,local / strata,0.25,,False,False,True,22.07,road_hierarchy_score,22.07,Derived; see DATA_SOURCES.md for each contributing layer,Road hierarchy only. Measured traffic volumes were removed from this score because they cover just 40 of 503 intersections; they are reported as the separate nearest_traffic_volume column. This is NOT a measured traffic ranking.
472,CNV-INT-0030,E 4TH ST / RIDGEWAY AVE,Moodyville,local,0.25,,False,False,True,22.07,road_hierarchy_score,22.07,Derived; see DATA_SOURCES.md for each contributing layer,Road hierarchy only. Measured traffic volumes were removed from this score because they cover just 40 of 503 intersections; they are reported as the separate nearest_traffic_volume column. This is NOT a measured traffic ranking.
473,CNV-INT-0195,E 14TH ST / ST. ANDREWS AVE,Central Lonsdale,lane / local,0.25,,False,False,True,22.07,road_hierarchy_score,22.07,Derived; see DATA_SOURCES.md for each contributing layer,Road hierarchy only. Measured traffic volumes were removed from this score because they cover just 40 of 503 intersections; they are reported as the separate nearest_traffic_volume column. This is NOT a measured traffic ranking.
474,CNV-INT-0197,E 16TH ST / RIDGEWAY AVE,Grand Boulevard,local,0.25,,False,False,True,22.07,road_hierarchy_score,22.07,Derived; see DATA_SOURCES.md for each contributing layer,Road hierarchy only. Measured traffic volumes were removed from this score because they cover just 40 of 503 intersections; they are reported as the separate nearest_traffic_volume column. This is NOT a measured traffic ranking.
475,CNV-INT-0043,CLOVERLEY ST / KENNARD AVE,Moodyville,local,0.25,,False,False,True,22.07,road_hierarchy_score,22.07,Derived; see DATA_SOURCES.md for each contributing layer,Road hierarchy only. Measured traffic volumes were removed from this score because they cover just 40 of 503 intersections; they are reported as the separate nearest_traffic_volume column. This is NOT a measured traffic ranking.
476,CNV-INT-0198,E 16TH ST / MOODY AVE,Grand Boulevard,local,0.25,,False,False,True,22.07,road_hierarchy_score,22.07,Derived; see DATA_SOURCES.md for each contributing layer,Road hierarchy only. Measured traffic volumes were removed from this score because they cover just 40 of 503 intersections; they are reported as the separate nearest_traffic_volume column. This is NOT a measured traffic ranking.
477,CNV-INT-0214,E 21ST ST / ST. ANDREWS AVE,Central Lonsdale,local,0.25,,False,False,True,22.07,road_hierarchy_score,22.07,Derived; see DATA_SOURCES.md for each contributing layer,Road hierarchy only. Measured traffic volumes were removed from this score because they cover just 40 of 503 intersections; they are reported as the separate nearest_traffic_volume column. This is NOT a measured traffic ranking.
478,CNV-INT-0324,W 1ST ST / W 2ND ST,Squamish Nation (Mission IR 1),local,0.25,,False,False,True,22.07,road_hierarchy_score,22.07,Derived; see DATA_SOURCES.md for each contributing layer,Road hierarchy only. Measured traffic volumes were removed from this score because they cover just 40 of 503 intersections; they are reported as the separate nearest_traffic_volume column. This is NOT a measured traffic ranking.
479,CNV-INT-0325,COPPING ST / GOSTICK PL,Marine-Hamilton,local,0.25,83.0,True,False,True,22.07,road_hierarchy_score,22.07,Derived; see DATA_SOURCES.md for each contributing layer,Road hierarchy only. Measured traffic volumes were removed from this score because they cover just 40 of 503 intersections; they are reported as the separate nearest_traffic_volume column. This is NOT a measured traffic ranking.
480,CNV-INT-0326,MISSION RD / W 1ST ST,Squamish Nation (Mission IR 1),local,0.25,,False,False,True,22.07,road_hierarchy_score,22.07,Derived; see DATA_SOURCES.md for each contributing layer,Road hierarchy only. Measured traffic volumes were removed from this score because they cover just 40 of 503 intersections; they are reported as the separate nearest_traffic_volume column. This is NOT a measured traffic ranking.
481,CNV-INT-0328,AUTOMALL DR,Marine-Hamilton,local,0.25,365.0,True,False,True,22.07,road_hierarchy_score,22.07,Derived; see DATA_SOURCES.md for each contributing layer,Road hierarchy only. Measured traffic volumes were removed from this score because they cover just 40 of 503 intersections; they are reported as the separate nearest_traffic_volume column. This is NOT a measured traffic ranking.
482,CNV-INT-0329,AUTOMALL DR,Marine-Hamilton,local,0.25,,False,False,True,22.07,road_hierarchy_score,22.07,Derived; see DATA_SOURCES.md for each contributing layer,Road hierarchy only. Measured traffic volumes were removed from this score because they cover just 40 of 503 intersections; they are reported as the separate nearest_traffic_volume column. This is NOT a measured traffic ranking.
483,CNV-INT-0330,AUTOMALL DR,Marine-Hamilton,local,0.25,365.0,True,False,True,22.07,road_hierarchy_score,22.07,Derived; see DATA_SOURCES.md for each contributing layer,Road hierarchy only. Measured traffic volumes were removed from this score because they cover just 40 of 503 intersections; they are reported as the separate nearest_traffic_volume column. This is NOT a measured traffic ranking.
484,CNV-INT-0080,E 5TH ST / ST. DAVIDS AVE,Moodyville,local,0.25,,False,False,True,22.07,road_hierarchy_score,22.07,Derived; see DATA_SOURCES.md for each contributing layer,Road hierarchy only. Measured traffic volumes were removed from this score because they cover just 40 of 503 intersections; they are reported as the separate nearest_traffic_volume column. This is NOT a measured traffic ranking.
485,CNV-INT-0211,E 20TH ST / ST. ANDREWS AVE,Central Lonsdale,local,0.25,,False,False,True,22.07,road_hierarchy_score,22.07,Derived; see DATA_SOURCES.md for each contributing layer,Road hierarchy only. Measured traffic volumes were removed from this score because they cover just 40 of 503 intersections; they are reported as the separate nearest_traffic_volume column. This is NOT a measured traffic ranking.
486,CNV-INT-0052,E 7TH ST / RIDGEWAY AVE,Moodyville,local,0.25,,False,False,True,22.07,road_hierarchy_score,22.07,Derived; see DATA_SOURCES.md for each contributing layer,Road hierarchy only. Measured traffic volumes were removed from this score because they cover just 40 of 503 intersections; they are reported as the separate nearest_traffic_volume column. This is NOT a measured traffic ranking.
487,CNV-INT-0334,W 4TH ST / W CHIEF JOSEPH CRES,Lower Lonsdale,local,0.25,,False,False,True,22.07,road_hierarchy_score,22.07,Derived; see DATA_SOURCES.md for each contributing layer,Road hierarchy only. Measured traffic volumes were removed from this score because they cover just 40 of 503 intersections; they are reported as the separate nearest_traffic_volume column. This is NOT a measured traffic ranking.
488,CNV-INT-0335,FORBES AVE / W 4TH ST,Squamish Nation (Mission IR 1),local,0.25,,False,False,True,22.07,road_hierarchy_score,22.07,Derived; see DATA_SOURCES.md for each contributing layer,Road hierarchy only. Measured traffic volumes were removed from this score because they cover just 40 of 503 intersections; they are reported as the separate nearest_traffic_volume column. This is NOT a measured traffic ranking.
489,CNV-INT-0336,W 5TH ST / W 6TH ST,Lower Lonsdale,local,0.25,,False,False,True,22.07,road_hierarchy_score,22.07,Derived; see DATA_SOURCES.md for each contributing layer,Road hierarchy only. Measured traffic volumes were removed from this score because they cover just 40 of 503 intersections; they are reported as the separate nearest_traffic_volume column. This is NOT a measured traffic ranking.
490,CNV-INT-0337,MAHON AVE / W 6TH ST,Lower Lonsdale,local,0.25,,False,False,True,22.07,road_hierarchy_score,22.07,Derived; see DATA_SOURCES.md for each contributing layer,Road hierarchy only. Measured traffic volumes were removed from this score because they cover just 40 of 503 intersections; they are reported as the separate nearest_traffic_volume column. This is NOT a measured traffic ranking.
491,CNV-INT-0338,DELBRUCK AVE / W ESPLANADE,Squamish Nation (Mission IR 1),local,0.25,306.0,True,False,True,22.07,road_hierarchy_score,22.07,Derived; see DATA_SOURCES.md for each contributing layer,Road hierarchy only. Measured traffic volumes were removed from this score because they cover just 40 of 503 intersections; they are reported as the separate nearest_traffic_volume column. This is NOT a measured traffic ranking.
492,CNV-INT-0339,MISSION RD / W 2ND ST,Squamish Nation (Mission IR 1),local,0.25,,False,False,True,22.07,road_hierarchy_score,22.07,Derived; see DATA_SOURCES.md for each contributing layer,Road hierarchy only. Measured traffic volumes were removed from this score because they cover just 40 of 503 intersections; they are reported as the separate nearest_traffic_volume column. This is NOT a measured traffic ranking.
493,CNV-INT-0340,DELBRUCK AVE / W 1ST ST,Squamish Nation (Mission IR 1),local,0.25,956.0,True,False,True,22.07,road_hierarchy_score,22.07,Derived; see DATA_SOURCES.md for each contributing layer,Road hierarchy only. Measured traffic volumes were removed from this score because they cover just 40 of 503 intersections; they are reported as the separate nearest_traffic_volume column. This is NOT a measured traffic ranking.
494,CNV-INT-0050,E 7TH ST / MOODY AVE,Moodyville,local,0.25,,False,False,True,22.07,road_hierarchy_score,22.07,Derived; see DATA_SOURCES.md for each contributing layer,Road hierarchy only. Measured traffic volumes were removed from this score because they cover just 40 of 503 intersections; they are reported as the separate nearest_traffic_volume column. This is NOT a measured traffic ranking.
495,CNV-INT-0343,MISSION RD / W 4TH ST,Squamish Nation (Mission IR 1),local,0.25,,False,False,True,22.07,road_hierarchy_score,22.07,Derived; see DATA_SOURCES.md for each contributing layer,Road hierarchy only. Measured traffic volumes were removed from this score because they cover just 40 of 503 intersections; they are reported as the separate nearest_traffic_volume column. This is NOT a measured traffic ranking.
496,CNV-INT-0049,E 6TH ST / RIDGEWAY AVE,Moodyville,local,0.25,,False,False,True,22.07,road_hierarchy_score,22.07,Derived; see DATA_SOURCES.md for each contributing layer,Road hierarchy only. Measured traffic volumes were removed from this score because they cover just 40 of 503 intersections; they are reported as the separate nearest_traffic_volume column. This is NOT a measured traffic ranking.
497,CNV-INT-0048,E 6TH ST / MOODY AVE,Moodyville,local,0.25,,False,False,True,22.07,road_hierarchy_score,22.07,Derived; see DATA_SOURCES.md for each contributing layer,Road hierarchy only. Measured traffic volumes were removed from this score because they cover just 40 of 503 intersections; they are reported as the separate nearest_traffic_volume column. This is NOT a measured traffic ranking.
498,CNV-INT-0047,E 5TH ST / RIDGEWAY AVE,Moodyville,local,0.25,,False,False,True,22.07,road_hierarchy_score,22.07,Derived; see DATA_SOURCES.md for each contributing layer,Road hierarchy only. Measured traffic volumes were removed from this score because they cover just 40 of 503 intersections; they are reported as the separate nearest_traffic_volume column. This is NOT a measured traffic ranking.
499,CNV-INT-0081,E 6TH ST / ST. DAVIDS AVE,Moodyville,local,0.25,,False,False,True,22.07,road_hierarchy_score,22.07,Derived; see DATA_SOURCES.md for each contributing layer,Road hierarchy only. Measured traffic volumes were removed from this score because they cover just 40 of 503 intersections; they are reported as the separate nearest_traffic_volume column. This is NOT a measured traffic ranking.
500,CNV-INT-0044,ADDERLEY ST / E 7TH ST / HENDRY AVE,Moodyville,local,0.25,,False,False,True,22.07,road_hierarchy_score,22.07,Derived; see DATA_SOURCES.md for each contributing layer,Road hierarchy only. Measured traffic volumes were removed from this score because they cover just 40 of 503 intersections; they are reported as the separate nearest_traffic_volume column. This is NOT a measured traffic ranking.
501,CNV-INT-0205,E 18TH ST / ST. ANDREWS AVE,Central Lonsdale,local,0.25,,False,False,True,22.07,road_hierarchy_score,22.07,Derived; see DATA_SOURCES.md for each contributing layer,Road hierarchy only. Measured traffic volumes were removed from this score because they cover just 40 of 503 intersections; they are reported as the separate nearest_traffic_volume column. This is NOT a measured traffic ranking.
502,CNV-INT-0252,E 26TH ST / ST. GEORGES AVE,Tempe,local,0.25,,False,False,True,22.07,road_hierarchy_score,22.07,Derived; see DATA_SOURCES.md for each contributing layer,Road hierarchy only. Measured traffic volumes were removed from this score because they cover just 40 of 503 intersections; they are reported as the separate nearest_traffic_volume column. This is NOT a measured traffic ranking.
503,CNV-INT-0497,,Westview,strata,0.1,,False,False,True,0.2,road_hierarchy_score,0.2,Derived; see DATA_SOURCES.md for each contributing layer,Road hierarchy only. Measured traffic volumes were removed from this score because they cover just 40 of 503 intersections; they are reported as the separate nearest_traffic_volume column. This is NOT a measured traffic ranking.
