rank,intersection_id,street_names,neighbourhood,transit_stops_100m,transit_stops_250m,transit_stops_400m,transit_departures_250m,transit_departures_am_peak_250m,transit_score,metric,value,source,methodology_note
1,CNV-INT-0271,ROGERS AVE / W ESPLANADE,Lower Lonsdale,1,18,29,1385.0,171.0,99.95,transit_score,99.95,Derived; see DATA_SOURCES.md for each contributing layer,Scheduled weekday departures from the TransLink GTFS feed within 250 m.
2,CNV-INT-0268,CARRIE CATES CRT / LONSDALE AVE,Lower Lonsdale,0,16,22,1279.0,157.0,99.56,transit_score,99.56,Derived; see DATA_SOURCES.md for each contributing layer,Scheduled weekday departures from the TransLink GTFS feed within 250 m.
3,CNV-INT-0276,CARRIE CATES CRT / CHESTERFIELD AVE / CHESTERFIELD PL,Lower Lonsdale,4,18,23,1194.0,142.0,98.81,transit_score,98.81,Derived; see DATA_SOURCES.md for each contributing layer,Scheduled weekday departures from the TransLink GTFS feed within 250 m.
4,CNV-INT-0267,LONSDALE AVE / VICTORY SHIP WAY,Lower Lonsdale,0,13,24,1197.0,145.0,98.66,transit_score,98.66,Derived; see DATA_SOURCES.md for each contributing layer,Scheduled weekday departures from the TransLink GTFS feed within 250 m.
5,CNV-INT-0274,CARRIE CATES CRT / ROGERS AVE,Lower Lonsdale,7,16,25,1178.0,146.0,98.65,transit_score,98.65,Derived; see DATA_SOURCES.md for each contributing layer,Scheduled weekday departures from the TransLink GTFS feed within 250 m.
6,CNV-INT-0269,CARRIE CATES CRT / MUSEUM MUSE,Lower Lonsdale,0,15,23,1122.0,140.0,98.09,transit_score,98.09,Derived; see DATA_SOURCES.md for each contributing layer,Scheduled weekday departures from the TransLink GTFS feed within 250 m.
7,CNV-INT-0384,CIVIC PLACE MEWS / W 14TH ST,Central Lonsdale,0,8,11,1178.0,166.0,97.83,transit_score,97.83,Derived; see DATA_SOURCES.md for each contributing layer,Scheduled weekday departures from the TransLink GTFS feed within 250 m.
8,CNV-INT-0266,E ESPLANADE / LONSDALE AVE / W ESPLANADE,Lower Lonsdale,1,11,28,1103.0,136.0,97.6,transit_score,97.6,Derived; see DATA_SOURCES.md for each contributing layer,Scheduled weekday departures from the TransLink GTFS feed within 250 m.
9,CNV-INT-0273,E 3RD ST / LONSDALE AVE / W 3RD ST,Lower Lonsdale,5,10,18,1109.0,133.0,97.57,transit_score,97.57,Derived; see DATA_SOURCES.md for each contributing layer,Scheduled weekday departures from the TransLink GTFS feed within 250 m.
10,CNV-INT-0275,CHADWICK CRT / CHESTERFIELD PL,Lower Lonsdale,4,16,19,1088.0,128.0,97.5,transit_score,97.5,Derived; see DATA_SOURCES.md for each contributing layer,Scheduled weekday departures from the TransLink GTFS feed within 250 m.
11,CNV-INT-0277,CHESTERFIELD AVE / W ESPLANADE,Lower Lonsdale,3,16,31,1080.0,127.0,97.29,transit_score,97.29,Derived; see DATA_SOURCES.md for each contributing layer,Scheduled weekday departures from the TransLink GTFS feed within 250 m.
12,CNV-INT-0192,E 15TH ST / EASTERN AVE,Central Lonsdale,1,7,13,1071.0,153.0,96.02,transit_score,96.02,Derived; see DATA_SOURCES.md for each contributing layer,Scheduled weekday departures from the TransLink GTFS feed within 250 m.
13,CNV-INT-0383,E 14TH ST / LONSDALE AVE,Central Lonsdale,2,7,12,1072.0,141.0,95.83,transit_score,95.83,Derived; see DATA_SOURCES.md for each contributing layer,Scheduled weekday departures from the TransLink GTFS feed within 250 m.
14,CNV-INT-0385,E 15TH ST / LONSDALE AVE / W 15TH ST,Central Lonsdale,4,7,11,1033.0,146.0,95.32,transit_score,95.32,Derived; see DATA_SOURCES.md for each contributing layer,Scheduled weekday departures from the TransLink GTFS feed within 250 m.
15,CNV-INT-0147,E 16TH ST / W GRAND BLVD,Grand Boulevard,0,8,13,994.0,139.0,95.23,transit_score,95.23,Derived; see DATA_SOURCES.md for each contributing layer,Scheduled weekday departures from the TransLink GTFS feed within 250 m.
16,CNV-INT-0272,E 2ND ST / LONSDALE AVE / W 2ND ST,Lower Lonsdale,4,9,23,957.0,119.0,95.09,transit_score,95.09,Derived; see DATA_SOURCES.md for each contributing layer,Scheduled weekday departures from the TransLink GTFS feed within 250 m.
17,CNV-INT-0387,LONSDALE AVE / W 16TH ST,Central Lonsdale,2,7,13,1001.0,143.0,95.07,transit_score,95.07,Derived; see DATA_SOURCES.md for each contributing layer,Scheduled weekday departures from the TransLink GTFS feed within 250 m.
18,CNV-INT-0279,CHESTERFIELD AVE / W 1ST ST,Lower Lonsdale,2,13,33,938.0,112.0,94.77,transit_score,94.77,Derived; see DATA_SOURCES.md for each contributing layer,Scheduled weekday departures from the TransLink GTFS feed within 250 m.
19,CNV-INT-0281,E 4TH ST / LONSDALE AVE / W 4TH ST,Lower Lonsdale,2,9,19,952.0,116.0,94.74,transit_score,94.74,Derived; see DATA_SOURCES.md for each contributing layer,Scheduled weekday departures from the TransLink GTFS feed within 250 m.
20,CNV-INT-0365,MOSQUITO CREEK LANE / W 15TH ST,Marine-Hamilton,0,6,10,1088.0,145.0,94.73,transit_score,94.73,Derived; see DATA_SOURCES.md for each contributing layer,Scheduled weekday departures from the TransLink GTFS feed within 250 m.
21,CNV-INT-0137,E 15TH ST / W GRAND BLVD,Grand Boulevard,4,8,11,948.0,129.0,94.52,transit_score,94.52,Derived; see DATA_SOURCES.md for each contributing layer,Scheduled weekday departures from the TransLink GTFS feed within 250 m.
22,CNV-INT-0270,E 1ST ST / LONSDALE AVE / W 1ST ST,Lower Lonsdale,2,8,32,954.0,116.0,94.38,transit_score,94.38,Derived; see DATA_SOURCES.md for each contributing layer,Scheduled weekday departures from the TransLink GTFS feed within 250 m.
23,CNV-INT-0364,MARINE DR / W 15TH ST,Marine-Hamilton,1,5,8,1265.0,173.0,94.0,transit_score,94.0,Derived; see DATA_SOURCES.md for each contributing layer,Scheduled weekday departures from the TransLink GTFS feed within 250 m.
24,CNV-INT-0359,MARINE DR / W 14TH ST,Marine-Hamilton,3,6,11,1045.0,141.0,93.9,transit_score,93.9,Derived; see DATA_SOURCES.md for each contributing layer,Scheduled weekday departures from the TransLink GTFS feed within 250 m.
25,CNV-INT-0360,FELL AVE / MARINE DR,Marine-Hamilton,2,5,11,1204.0,161.0,93.71,transit_score,93.71,Derived; see DATA_SOURCES.md for each contributing layer,Scheduled weekday departures from the TransLink GTFS feed within 250 m.
26,CNV-INT-0422,FELL AVE / W 15TH ST,Marine-Hamilton,1,5,11,1204.0,161.0,93.71,transit_score,93.71,Derived; see DATA_SOURCES.md for each contributing layer,Scheduled weekday departures from the TransLink GTFS feed within 250 m.
27,CNV-INT-0346,BEWICKE AVE / MARINE DR / W 3RD ST / W KEITH RD,Marine-Hamilton,2,7,13,834.0,122.0,92.92,transit_score,92.92,Derived; see DATA_SOURCES.md for each contributing layer,Scheduled weekday departures from the TransLink GTFS feed within 250 m.
28,CNV-INT-0429,MACKAY RD / MARINE DR,Marine-Hamilton,2,6,12,899.0,133.0,92.18,transit_score,92.18,Derived; see DATA_SOURCES.md for each contributing layer,Scheduled weekday departures from the TransLink GTFS feed within 250 m.
29,CNV-INT-0381,MAHON AVE / W 14TH ST,Central Lonsdale,0,7,8,748.0,147.0,92.12,transit_score,92.12,Derived; see DATA_SOURCES.md for each contributing layer,Scheduled weekday departures from the TransLink GTFS feed within 250 m.
30,CNV-INT-0136,E 15TH ST / E GRAND BLVD,Grand Boulevard,4,7,10,803.0,110.0,91.98,transit_score,91.98,Derived; see DATA_SOURCES.md for each contributing layer,Scheduled weekday departures from the TransLink GTFS feed within 250 m.
31,CNV-INT-0423,HAMILTON AVE / MARINE DR / W 16TH ST,Marine-Hamilton,1,5,9,1046.0,146.0,91.92,transit_score,91.92,Derived; see DATA_SOURCES.md for each contributing layer,Scheduled weekday departures from the TransLink GTFS feed within 250 m.
32,CNV-INT-0389,E 17TH ST / LONSDALE AVE / W 17TH ST,Central Lonsdale,2,6,11,854.0,132.0,91.76,transit_score,91.76,Derived; see DATA_SOURCES.md for each contributing layer,Scheduled weekday departures from the TransLink GTFS feed within 250 m.
33,CNV-INT-0362,MOSQUITO CREEK LANE / W 14TH ST,Marine-Hamilton,1,5,12,1040.0,137.0,91.25,transit_score,91.25,Derived; see DATA_SOURCES.md for each contributing layer,Scheduled weekday departures from the TransLink GTFS feed within 250 m.
34,CNV-INT-0355,BEWICKE AVE / W 14TH ST,Marine-Hamilton,1,6,13,829.0,122.0,91.23,transit_score,91.23,Derived; see DATA_SOURCES.md for each contributing layer,Scheduled weekday departures from the TransLink GTFS feed within 250 m.
35,CNV-INT-0372,FORBES AVE / W 6TH ST,Squamish Nation (Mission IR 1),0,7,13,737.0,114.0,90.91,transit_score,90.91,Derived; see DATA_SOURCES.md for each contributing layer,Scheduled weekday departures from the TransLink GTFS feed within 250 m.
36,CNV-INT-0424,CHURCHILL CRES / MACKAY RD,Marine-Hamilton,0,5,10,1000.0,136.0,90.85,transit_score,90.85,Derived; see DATA_SOURCES.md for each contributing layer,Scheduled weekday departures from the TransLink GTFS feed within 250 m.
37,CNV-INT-0349,FELL AVE / W 3RD ST,Marine-Hamilton,0,5,9,997.0,133.0,90.66,transit_score,90.66,Derived; see DATA_SOURCES.md for each contributing layer,Scheduled weekday departures from the TransLink GTFS feed within 250 m.
38,CNV-INT-0386,CHESTERFIELD AVE / W 15TH ST,Central Lonsdale,2,6,12,768.0,119.0,90.41,transit_score,90.41,Derived; see DATA_SOURCES.md for each contributing layer,Scheduled weekday departures from the TransLink GTFS feed within 250 m.
39,CNV-INT-0335,FORBES AVE / W 4TH ST,Squamish Nation (Mission IR 1),0,7,15,736.0,102.0,90.34,transit_score,90.34,Derived; see DATA_SOURCES.md for each contributing layer,Scheduled weekday departures from the TransLink GTFS feed within 250 m.
40,CNV-INT-0388,CHESTERFIELD AVE / W 16TH ST,Central Lonsdale,0,6,12,729.0,124.0,89.5,transit_score,89.5,Derived; see DATA_SOURCES.md for each contributing layer,Scheduled weekday departures from the TransLink GTFS feed within 250 m.
41,CNV-INT-0148,E 17TH ST / W GRAND BLVD,Grand Boulevard,2,6,10,749.0,104.0,89.45,transit_score,89.45,Derived; see DATA_SOURCES.md for each contributing layer,Scheduled weekday departures from the TransLink GTFS feed within 250 m.
42,CNV-INT-0146,E 17TH ST / E GRAND BLVD,Grand Boulevard,2,6,10,749.0,104.0,89.45,transit_score,89.45,Derived; see DATA_SOURCES.md for each contributing layer,Scheduled weekday departures from the TransLink GTFS feed within 250 m.
43,CNV-INT-0059,E 8TH ST / E GRAND BLVD,Grand Boulevard,2,9,15,715.0,80.0,89.43,transit_score,89.43,Derived; see DATA_SOURCES.md for each contributing layer,Scheduled weekday departures from the TransLink GTFS feed within 250 m.
44,CNV-INT-0058,E 8TH ST / SUTHERLAND AVE,,0,8,14,710.0,80.0,88.72,transit_score,88.72,Derived; see DATA_SOURCES.md for each contributing layer,Scheduled weekday departures from the TransLink GTFS feed within 250 m.
45,CNV-INT-0363,HANES AVE / MARINE DR,Marine-Hamilton,2,4,6,1045.0,146.0,88.61,transit_score,88.61,Derived; see DATA_SOURCES.md for each contributing layer,Scheduled weekday departures from the TransLink GTFS feed within 250 m.
46,CNV-INT-0291,MAHON AVE / W 2ND ST,Lower Lonsdale,0,8,15,686.0,81.0,88.39,transit_score,88.39,Derived; see DATA_SOURCES.md for each contributing layer,Scheduled weekday departures from the TransLink GTFS feed within 250 m.
47,CNV-INT-0342,BEWICKE AVE / W 2ND ST,Marine-Hamilton,2,6,13,727.0,98.0,88.26,transit_score,88.26,Derived; see DATA_SOURCES.md for each contributing layer,Scheduled weekday departures from the TransLink GTFS feed within 250 m.
48,CNV-INT-0189,E 14TH ST / ST. GEORGES AVE,Central Lonsdale,0,5,10,809.0,106.0,88.17,transit_score,88.17,Derived; see DATA_SOURCES.md for each contributing layer,Scheduled weekday departures from the TransLink GTFS feed within 250 m.
49,CNV-INT-0188,E 13TH ST / LONSDALE AVE / W 13TH ST,Central Lonsdale,2,5,12,807.0,108.0,88.15,transit_score,88.15,Derived; see DATA_SOURCES.md for each contributing layer,Scheduled weekday departures from the TransLink GTFS feed within 250 m.
50,CNV-INT-0094,E 8TH ST / W GRAND BLVD,Grand Boulevard,0,9,14,665.0,75.0,87.97,transit_score,87.97,Derived; see DATA_SOURCES.md for each contributing layer,Scheduled weekday departures from the TransLink GTFS feed within 250 m.
51,CNV-INT-0286,SEMISCH AVE / W 1ST ST,Lower Lonsdale,0,10,25,649.0,72.0,87.62,transit_score,87.62,Derived; see DATA_SOURCES.md for each contributing layer,Scheduled weekday departures from the TransLink GTFS feed within 250 m.
52,CNV-INT-0190,E 15TH ST / ST. GEORGES AVE,Central Lonsdale,1,5,11,777.0,103.0,87.58,transit_score,87.58,Derived; see DATA_SOURCES.md for each contributing layer,Scheduled weekday departures from the TransLink GTFS feed within 250 m.
53,CNV-INT-0138,E 16TH ST / SUTHERLAND AVE,Grand Boulevard,0,6,11,704.0,98.0,87.49,transit_score,87.49,Derived; see DATA_SOURCES.md for each contributing layer,Scheduled weekday departures from the TransLink GTFS feed within 250 m.
54,CNV-INT-0139,E 16TH ST / E GRAND BLVD,Grand Boulevard,2,6,12,704.0,98.0,87.49,transit_score,87.49,Derived; see DATA_SOURCES.md for each contributing layer,Scheduled weekday departures from the TransLink GTFS feed within 250 m.
55,CNV-INT-0405,E 21ST ST / LONSDALE AVE / W 21ST ST,Central Lonsdale,2,5,6,759.0,101.0,87.18,transit_score,87.18,Derived; see DATA_SOURCES.md for each contributing layer,Scheduled weekday departures from the TransLink GTFS feed within 250 m.
56,CNV-INT-0215,E 21ST ST / EASTERN AVE,Central Lonsdale,0,5,6,759.0,101.0,87.18,transit_score,87.18,Derived; see DATA_SOURCES.md for each contributing layer,Scheduled weekday departures from the TransLink GTFS feed within 250 m.
57,CNV-INT-0056,E KEITH RD / QUEENSBURY AVE,Moodyville,5,9,13,647.0,71.0,87.13,transit_score,87.13,Derived; see DATA_SOURCES.md for each contributing layer,Scheduled weekday departures from the TransLink GTFS feed within 250 m.
58,CNV-INT-0057,E GRAND BLVD / E KEITH RD,Moodyville,4,9,14,647.0,71.0,87.13,transit_score,87.13,Derived; see DATA_SOURCES.md for each contributing layer,Scheduled weekday departures from the TransLink GTFS feed within 250 m.
59,CNV-INT-0201,E 17TH ST / EASTERN AVE,Central Lonsdale,0,5,11,748.0,107.0,86.97,transit_score,86.97,Derived; see DATA_SOURCES.md for each contributing layer,Scheduled weekday departures from the TransLink GTFS feed within 250 m.
60,CNV-INT-0356,FORBES AVE / W 14TH ST,Mahon,0,6,9,643.0,121.0,86.58,transit_score,86.58,Derived; see DATA_SOURCES.md for each contributing layer,Scheduled weekday departures from the TransLink GTFS feed within 250 m.
61,CNV-INT-0191,E 15TH ST / ST. ANDREWS AVE,Central Lonsdale,2,5,5,728.0,109.0,86.51,transit_score,86.51,Derived; see DATA_SOURCES.md for each contributing layer,Scheduled weekday departures from the TransLink GTFS feed within 250 m.
62,CNV-INT-0367,JONES AVE / W 14TH ST,Mahon,3,6,8,642.0,122.0,86.34,transit_score,86.34,Derived; see DATA_SOURCES.md for each contributing layer,Scheduled weekday departures from the TransLink GTFS feed within 250 m.
63,CNV-INT-0131,E 13TH ST / E GRAND BLVD,Grand Boulevard,2,6,10,661.0,87.0,86.2,transit_score,86.2,Derived; see DATA_SOURCES.md for each contributing layer,Scheduled weekday departures from the TransLink GTFS feed within 250 m.
64,CNV-INT-0132,E 13TH ST / W GRAND BLVD,Grand Boulevard,2,6,10,661.0,87.0,86.2,transit_score,86.2,Derived; see DATA_SOURCES.md for each contributing layer,Scheduled weekday departures from the TransLink GTFS feed within 250 m.
65,CNV-INT-0036,E 7TH ST / SUTHERLAND AVE,Moodyville,0,8,13,643.0,68.0,86.14,transit_score,86.14,Derived; see DATA_SOURCES.md for each contributing layer,Scheduled weekday departures from the TransLink GTFS feed within 250 m.
66,CNV-INT-0431,HAMILTON AVE / TOBRUCK AVE,Marine-Hamilton,0,4,7,887.0,117.0,86.11,transit_score,86.11,Derived; see DATA_SOURCES.md for each contributing layer,Scheduled weekday departures from the TransLink GTFS feed within 250 m.
67,CNV-INT-0426,HAMILTON AVE / W 16TH ST,Marine-Hamilton,2,4,8,887.0,117.0,86.11,transit_score,86.11,Derived; see DATA_SOURCES.md for each contributing layer,Scheduled weekday departures from the TransLink GTFS feed within 250 m.
68,CNV-INT-0135,E 15TH ST / SUTHERLAND AVE,Grand Boulevard,0,6,9,658.0,88.0,86.08,transit_score,86.08,Derived; see DATA_SOURCES.md for each contributing layer,Scheduled weekday departures from the TransLink GTFS feed within 250 m.
69,CNV-INT-0282,E 5TH ST / LONSDALE AVE / W 5TH ST,Lower Lonsdale,2,6,20,682.0,81.0,86.08,transit_score,86.08,Derived; see DATA_SOURCES.md for each contributing layer,Scheduled weekday departures from the TransLink GTFS feed within 250 m.
70,CNV-INT-0336,W 5TH ST / W 6TH ST,Lower Lonsdale,0,6,13,638.0,110.0,85.82,transit_score,85.82,Derived; see DATA_SOURCES.md for each contributing layer,Scheduled weekday departures from the TransLink GTFS feed within 250 m.
71,CNV-INT-0283,E 6TH ST / LONSDALE AVE / W 6TH ST,Lower Lonsdale,1,6,13,681.0,75.0,85.67,transit_score,85.67,Derived; see DATA_SOURCES.md for each contributing layer,Scheduled weekday departures from the TransLink GTFS feed within 250 m.
72,CNV-INT-0428,MACKAY AVE / MARINE DR,Marine-Hamilton,1,4,11,834.0,114.0,85.63,transit_score,85.63,Derived; see DATA_SOURCES.md for each contributing layer,Scheduled weekday departures from the TransLink GTFS feed within 250 m.
73,CNV-INT-0354,DELBRUCK AVE / W KEITH RD,Marine-Hamilton,2,6,13,636.0,100.0,85.26,transit_score,85.26,Derived; see DATA_SOURCES.md for each contributing layer,Scheduled weekday departures from the TransLink GTFS feed within 250 m.
74,CNV-INT-0357,BEWICKE AVE / W 15TH ST,Marine-Hamilton,0,5,11,705.0,93.0,85.17,transit_score,85.17,Derived; see DATA_SOURCES.md for each contributing layer,Scheduled weekday departures from the TransLink GTFS feed within 250 m.
75,CNV-INT-0343,MISSION RD / W 4TH ST,Squamish Nation (Mission IR 1),2,6,14,629.0,98.0,84.92,transit_score,84.92,Derived; see DATA_SOURCES.md for each contributing layer,Scheduled weekday departures from the TransLink GTFS feed within 250 m.
76,CNV-INT-0374,FORBES AVE / W 6TH ST,Squamish Nation (Mission IR 1),0,6,13,630.0,90.0,84.82,transit_score,84.82,Derived; see DATA_SOURCES.md for each contributing layer,Scheduled weekday departures from the TransLink GTFS feed within 250 m.
77,CNV-INT-0345,W 2ND ST / W 3RD ST / W 6TH ST,Squamish Nation (Mission IR 1),1,8,11,587.0,88.0,84.69,transit_score,84.69,Derived; see DATA_SOURCES.md for each contributing layer,Scheduled weekday departures from the TransLink GTFS feed within 250 m.
78,CNV-INT-0186,E 15TH ST / MOODY AVE,Grand Boulevard,2,5,13,678.0,99.0,84.66,transit_score,84.66,Derived; see DATA_SOURCES.md for each contributing layer,Scheduled weekday departures from the TransLink GTFS feed within 250 m.
79,CNV-INT-0124,E 12TH ST / LONSDALE AVE / W 12TH ST,Central Lonsdale,1,5,12,715.0,77.0,84.35,transit_score,84.35,Derived; see DATA_SOURCES.md for each contributing layer,Scheduled weekday departures from the TransLink GTFS feed within 250 m.
80,CNV-INT-0306,W 12TH ST / W 8TH ST,Central Lonsdale,0,5,11,715.0,77.0,84.35,transit_score,84.35,Derived; see DATA_SOURCES.md for each contributing layer,Scheduled weekday departures from the TransLink GTFS feed within 250 m.
81,CNV-INT-0054,E KEITH RD / W GRAND BLVD,Moodyville,3,9,14,594.0,66.0,83.72,transit_score,83.72,Derived; see DATA_SOURCES.md for each contributing layer,Scheduled weekday departures from the TransLink GTFS feed within 250 m.
82,CNV-INT-0134,E 14TH ST / SUTHERLAND AVE,Grand Boulevard,0,6,10,612.0,81.0,83.46,transit_score,83.46,Derived; see DATA_SOURCES.md for each contributing layer,Scheduled weekday departures from the TransLink GTFS feed within 250 m.
83,CNV-INT-0127,E 14TH ST / SUTHERLAND AVE,Grand Boulevard,0,6,10,612.0,81.0,83.46,transit_score,83.46,Derived; see DATA_SOURCES.md for each contributing layer,Scheduled weekday departures from the TransLink GTFS feed within 250 m.
84,CNV-INT-0133,E 14TH ST / E GRAND BLVD,Grand Boulevard,2,6,12,612.0,81.0,83.46,transit_score,83.46,Derived; see DATA_SOURCES.md for each contributing layer,Scheduled weekday departures from the TransLink GTFS feed within 250 m.
85,CNV-INT-0256,E 27TH ST / EASTERN AVE,Tempe,0,6,9,611.0,82.0,83.31,transit_score,83.31,Derived; see DATA_SOURCES.md for each contributing layer,Scheduled weekday departures from the TransLink GTFS feed within 250 m.
86,CNV-INT-0380,CHESTERFIELD AVE / W 14TH ST,Central Lonsdale,0,5,11,611.0,102.0,82.11,transit_score,82.11,Derived; see DATA_SOURCES.md for each contributing layer,Scheduled weekday departures from the TransLink GTFS feed within 250 m.
87,CNV-INT-0298,FORBES AVE / W 2ND ST,Squamish Nation (Mission IR 1),1,7,11,583.0,65.0,82.04,transit_score,82.04,Derived; see DATA_SOURCES.md for each contributing layer,Scheduled weekday departures from the TransLink GTFS feed within 250 m.
88,CNV-INT-0287,CHESTERFIELD AVE / W 2ND ST,Lower Lonsdale,3,8,30,570.0,70.0,81.96,transit_score,81.96,Derived; see DATA_SOURCES.md for each contributing layer,Scheduled weekday departures from the TransLink GTFS feed within 250 m.
89,CNV-INT-0432,MACKAY AVE / W 17TH ST,Marine-Hamilton,1,5,10,627.0,84.0,81.71,transit_score,81.71,Derived; see DATA_SOURCES.md for each contributing layer,Scheduled weekday departures from the TransLink GTFS feed within 250 m.
90,CNV-INT-0361,HAMILTON AVE / MACKAY RD,Marine-Hamilton,0,3,9,781.0,111.0,81.52,transit_score,81.52,Derived; see DATA_SOURCES.md for each contributing layer,Scheduled weekday departures from the TransLink GTFS feed within 250 m.
91,CNV-INT-0121,E 11TH ST / LONSDALE AVE / W 8TH ST,Lower Lonsdale,1,6,8,597.0,63.0,80.92,transit_score,80.92,Derived; see DATA_SOURCES.md for each contributing layer,Scheduled weekday departures from the TransLink GTFS feed within 250 m.
92,CNV-INT-0290,CHESTERFIELD AVE / W 3RD ST,Lower Lonsdale,4,8,21,520.0,66.0,80.32,transit_score,80.32,Derived; see DATA_SOURCES.md for each contributing layer,Scheduled weekday departures from the TransLink GTFS feed within 250 m.
93,CNV-INT-0299,MAHON AVE / W 3RD ST,Lower Lonsdale,2,6,15,571.0,72.0,80.09,transit_score,80.09,Derived; see DATA_SOURCES.md for each contributing layer,Scheduled weekday departures from the TransLink GTFS feed within 250 m.
94,CNV-INT-0289,MAHON AVE / W 1ST ST,Lower Lonsdale,1,7,16,543.0,56.0,79.8,transit_score,79.8,Derived; see DATA_SOURCES.md for each contributing layer,Scheduled weekday departures from the TransLink GTFS feed within 250 m.
95,CNV-INT-0333,FORBES AVE / W 3RD ST,Squamish Nation (Mission IR 1),1,6,12,570.0,66.0,79.51,transit_score,79.51,Derived; see DATA_SOURCES.md for each contributing layer,Scheduled weekday departures from the TransLink GTFS feed within 250 m.
96,CNV-INT-0297,SEMISCH AVE / W 3RD ST,Lower Lonsdale,2,7,17,514.0,68.0,79.32,transit_score,79.32,Derived; see DATA_SOURCES.md for each contributing layer,Scheduled weekday departures from the TransLink GTFS feed within 250 m.
97,CNV-INT-0344,DELBRUCK AVE / W 3RD ST,Squamish Nation (Mission IR 1),2,6,15,534.0,76.0,79.15,transit_score,79.15,Derived; see DATA_SOURCES.md for each contributing layer,Scheduled weekday departures from the TransLink GTFS feed within 250 m.
98,CNV-INT-0051,E 7TH ST / QUEENSBURY AVE,Moodyville,2,8,14,510.0,57.0,78.98,transit_score,78.98,Derived; see DATA_SOURCES.md for each contributing layer,Scheduled weekday departures from the TransLink GTFS feed within 250 m.
99,CNV-INT-0301,E KEITH RD / LONSDALE AVE / W KEITH RD,Lower Lonsdale,3,6,10,560.0,62.0,78.81,transit_score,78.81,Derived; see DATA_SOURCES.md for each contributing layer,Scheduled weekday departures from the TransLink GTFS feed within 250 m.
100,CNV-INT-0391,MAHON AVE / W 15TH ST,Central Lonsdale,2,5,8,534.0,107.0,78.56,transit_score,78.56,Derived; see DATA_SOURCES.md for each contributing layer,Scheduled weekday departures from the TransLink GTFS feed within 250 m.
101,CNV-INT-0368,JONES AVE / W 15TH ST,Mahon,2,5,8,534.0,106.0,78.5,transit_score,78.5,Derived; see DATA_SOURCES.md for each contributing layer,Scheduled weekday departures from the TransLink GTFS feed within 250 m.
102,CNV-INT-0353,FORBES AVE / W KEITH RD,Marine-Hamilton,2,5,12,537.0,96.0,78.4,transit_score,78.4,Derived; see DATA_SOURCES.md for each contributing layer,Scheduled weekday departures from the TransLink GTFS feed within 250 m.
103,CNV-INT-0366,JONES AVE / W KEITH RD,Lower Lonsdale,2,5,9,536.0,97.0,78.31,transit_score,78.31,Derived; see DATA_SOURCES.md for each contributing layer,Scheduled weekday departures from the TransLink GTFS feed within 250 m.
104,CNV-INT-0149,E 18TH ST / SUTHERLAND AVE,Grand Boulevard,0,4,7,603.0,85.0,77.94,transit_score,77.94,Derived; see DATA_SOURCES.md for each contributing layer,Scheduled weekday departures from the TransLink GTFS feed within 250 m.
105,CNV-INT-0150,E 18TH ST / E GRAND BLVD,Grand Boulevard,2,4,8,603.0,85.0,77.94,transit_score,77.94,Derived; see DATA_SOURCES.md for each contributing layer,Scheduled weekday departures from the TransLink GTFS feed within 250 m.
106,CNV-INT-0151,E 18TH ST / W GRAND BLVD,Grand Boulevard,0,4,10,603.0,85.0,77.94,transit_score,77.94,Derived; see DATA_SOURCES.md for each contributing layer,Scheduled weekday departures from the TransLink GTFS feed within 250 m.
107,CNV-INT-0257,E 28TH ST / ST. GEORGES AVE,Tempe,2,6,10,524.0,60.0,77.82,transit_score,77.82,Derived; see DATA_SOURCES.md for each contributing layer,Scheduled weekday departures from the TransLink GTFS feed within 250 m.
108,CNV-INT-0209,E 19TH ST / LONSDALE AVE / W 19TH ST,Central Lonsdale,2,4,7,602.0,85.0,77.46,transit_score,77.46,Derived; see DATA_SOURCES.md for each contributing layer,Scheduled weekday departures from the TransLink GTFS feed within 250 m.
109,CNV-INT-0440,HAMILTON AVE / W 17TH ST,Marine-Hamilton,0,3,7,675.0,85.0,77.42,transit_score,77.42,Derived; see DATA_SOURCES.md for each contributing layer,Scheduled weekday departures from the TransLink GTFS feed within 250 m.
110,CNV-INT-0217,E 22ND ST / EASTERN AVE,Central Lonsdale,0,4,6,602.0,84.0,77.27,transit_score,77.27,Derived; see DATA_SOURCES.md for each contributing layer,Scheduled weekday departures from the TransLink GTFS feed within 250 m.
111,CNV-INT-0206,E 18TH ST / LONSDALE AVE / W 18TH ST,Central Lonsdale,2,4,10,602.0,84.0,77.27,transit_score,77.27,Derived; see DATA_SOURCES.md for each contributing layer,Scheduled weekday departures from the TransLink GTFS feed within 250 m.
112,CNV-INT-0212,E 20TH ST / LONSDALE AVE / W 20TH ST,Central Lonsdale,2,4,8,602.0,84.0,77.27,transit_score,77.27,Derived; see DATA_SOURCES.md for each contributing layer,Scheduled weekday departures from the TransLink GTFS feed within 250 m.
113,CNV-INT-0407,LONSDALE AVE / W 22ND ST,Central Lonsdale,3,4,6,602.0,84.0,77.27,transit_score,77.27,Derived; see DATA_SOURCES.md for each contributing layer,Scheduled weekday departures from the TransLink GTFS feed within 250 m.
114,CNV-INT-0425,FELL AVE / W 16TH ST,Marine-Hamilton,0,3,10,643.0,91.0,76.65,transit_score,76.65,Derived; see DATA_SOURCES.md for each contributing layer,Scheduled weekday departures from the TransLink GTFS feed within 250 m.
115,CNV-INT-0350,DONAGHY AVE / W 3RD ST,Marine-Hamilton,0,3,8,643.0,91.0,76.65,transit_score,76.65,Derived; see DATA_SOURCES.md for each contributing layer,Scheduled weekday departures from the TransLink GTFS feed within 250 m.
116,CNV-INT-0193,E 16TH ST / ST. GEORGES AVE,Central Lonsdale,0,4,11,594.0,83.0,76.6,transit_score,76.6,Derived; see DATA_SOURCES.md for each contributing layer,Scheduled weekday departures from the TransLink GTFS feed within 250 m.
117,CNV-INT-0304,W KEITH RD / W VICTORIA PARK AVE,Lower Lonsdale,0,5,8,563.0,60.0,76.42,transit_score,76.42,Derived; see DATA_SOURCES.md for each contributing layer,Scheduled weekday departures from the TransLink GTFS feed within 250 m.
118,CNV-INT-0195,E 14TH ST / ST. ANDREWS AVE,Central Lonsdale,0,4,5,582.0,86.0,76.18,transit_score,76.18,Derived; see DATA_SOURCES.md for each contributing layer,Scheduled weekday departures from the TransLink GTFS feed within 250 m.
119,CNV-INT-0194,E 16TH ST / ST. ANDREWS AVE,Central Lonsdale,0,4,5,582.0,86.0,76.18,transit_score,76.18,Derived; see DATA_SOURCES.md for each contributing layer,Scheduled weekday departures from the TransLink GTFS feed within 250 m.
120,CNV-INT-0376,CHESTERFIELD AVE / W 13TH ST,Central Lonsdale,0,4,13,586.0,81.0,76.06,transit_score,76.06,Derived; see DATA_SOURCES.md for each contributing layer,Scheduled weekday departures from the TransLink GTFS feed within 250 m.
121,CNV-INT-0185,E 14TH ST / RIDGEWAY AVE,Central Lonsdale,0,4,6,582.0,85.0,76.03,transit_score,76.03,Derived; see DATA_SOURCES.md for each contributing layer,Scheduled weekday departures from the TransLink GTFS feed within 250 m.
122,CNV-INT-0197,E 16TH ST / RIDGEWAY AVE,Grand Boulevard,0,4,6,582.0,85.0,76.03,transit_score,76.03,Derived; see DATA_SOURCES.md for each contributing layer,Scheduled weekday departures from the TransLink GTFS feed within 250 m.
123,CNV-INT-0196,E 15TH ST / RIDGEWAY AVE,Central Lonsdale,2,4,6,582.0,85.0,76.03,transit_score,76.03,Derived; see DATA_SOURCES.md for each contributing layer,Scheduled weekday departures from the TransLink GTFS feed within 250 m.
124,CNV-INT-0296,FORBES AVE / W 1ST ST,Squamish Nation (Mission IR 1),2,6,14,479.0,55.0,75.94,transit_score,75.94,Derived; see DATA_SOURCES.md for each contributing layer,Scheduled weekday departures from the TransLink GTFS feed within 250 m.
125,CNV-INT-0184,E 14TH ST / MOODY AVE,Grand Boulevard,0,4,10,582.0,83.0,75.7,transit_score,75.7,Derived; see DATA_SOURCES.md for each contributing layer,Scheduled weekday departures from the TransLink GTFS feed within 250 m.
126,CNV-INT-0198,E 16TH ST / MOODY AVE,Grand Boulevard,0,4,10,582.0,83.0,75.7,transit_score,75.7,Derived; see DATA_SOURCES.md for each contributing layer,Scheduled weekday departures from the TransLink GTFS feed within 250 m.
127,CNV-INT-0341,MISSION RD / W 3RD ST,Squamish Nation (Mission IR 1),2,5,14,521.0,62.0,75.49,transit_score,75.49,Derived; see DATA_SOURCES.md for each contributing layer,Scheduled weekday departures from the TransLink GTFS feed within 250 m.
128,CNV-INT-0300,MAHON AVE / W 4TH ST,Lower Lonsdale,0,5,14,515.0,66.0,75.48,transit_score,75.48,Derived; see DATA_SOURCES.md for each contributing layer,Scheduled weekday departures from the TransLink GTFS feed within 250 m.
129,CNV-INT-0278,SEMISCH AVE / W ESPLANADE,Lower Lonsdale,2,8,26,439.0,48.0,75.19,transit_score,75.19,Derived; see DATA_SOURCES.md for each contributing layer,Scheduled weekday departures from the TransLink GTFS feed within 250 m.
130,CNV-INT-0061,E 9TH ST / E GRAND BLVD,Grand Boulevard,2,5,14,505.0,60.0,74.39,transit_score,74.39,Derived; see DATA_SOURCES.md for each contributing layer,Scheduled weekday departures from the TransLink GTFS feed within 250 m.
131,CNV-INT-0060,E 9TH ST / SUTHERLAND AVE,,0,5,13,502.0,61.0,74.22,transit_score,74.22,Derived; see DATA_SOURCES.md for each contributing layer,Scheduled weekday departures from the TransLink GTFS feed within 250 m.
132,CNV-INT-0334,W 4TH ST / W CHIEF JOSEPH CRES,Lower Lonsdale,1,5,14,470.0,60.0,73.79,transit_score,73.79,Derived; see DATA_SOURCES.md for each contributing layer,Scheduled weekday departures from the TransLink GTFS feed within 250 m.
133,CNV-INT-0105,E KEITH RD / E VICTORIA PARK AVE,Lower Lonsdale,2,6,10,451.0,46.0,73.68,transit_score,73.68,Derived; see DATA_SOURCES.md for each contributing layer,Scheduled weekday departures from the TransLink GTFS feed within 250 m.
134,CNV-INT-0284,E KEITH RD / E VICTORIA PARK AVE,Lower Lonsdale,1,6,10,451.0,46.0,73.68,transit_score,73.68,Derived; see DATA_SOURCES.md for each contributing layer,Scheduled weekday departures from the TransLink GTFS feed within 250 m.
135,CNV-INT-0390,CHESTERFIELD AVE / W 17TH ST,Central Lonsdale,0,4,12,515.0,83.0,73.37,transit_score,73.37,Derived; see DATA_SOURCES.md for each contributing layer,Scheduled weekday departures from the TransLink GTFS feed within 250 m.
136,CNV-INT-0254,E 27TH ST / ST. GEORGES AVE,Tempe,0,5,9,467.0,56.0,73.3,transit_score,73.3,Derived; see DATA_SOURCES.md for each contributing layer,Scheduled weekday departures from the TransLink GTFS feed within 250 m.
137,CNV-INT-0324,W 1ST ST / W 2ND ST,Squamish Nation (Mission IR 1),0,5,10,469.0,52.0,73.14,transit_score,73.14,Derived; see DATA_SOURCES.md for each contributing layer,Scheduled weekday departures from the TransLink GTFS feed within 250 m.
138,CNV-INT-0145,E 17TH ST / SUTHERLAND AVE,Grand Boulevard,0,4,8,507.0,69.0,72.17,transit_score,72.17,Derived; see DATA_SOURCES.md for each contributing layer,Scheduled weekday departures from the TransLink GTFS feed within 250 m.
139,CNV-INT-0062,E 9TH ST / W GRAND BLVD,Grand Boulevard,2,5,13,452.0,55.0,72.15,transit_score,72.15,Derived; see DATA_SOURCES.md for each contributing layer,Scheduled weekday departures from the TransLink GTFS feed within 250 m.
140,CNV-INT-0483,W 27TH ST / WESTERN AVE,Central Lonsdale,0,4,8,502.0,72.0,71.97,transit_score,71.97,Derived; see DATA_SOURCES.md for each contributing layer,Scheduled weekday departures from the TransLink GTFS feed within 250 m.
141,CNV-INT-0481,E 27TH ST / LONSDALE AVE / W 27TH ST,Central Lonsdale,2,4,9,502.0,72.0,71.97,transit_score,71.97,Derived; see DATA_SOURCES.md for each contributing layer,Scheduled weekday departures from the TransLink GTFS feed within 250 m.
142,CNV-INT-0028,E 4TH ST / MOODY AVE,Moodyville,0,6,7,416.0,53.0,71.69,transit_score,71.69,Derived; see DATA_SOURCES.md for each contributing layer,Scheduled weekday departures from the TransLink GTFS feed within 250 m.
143,CNV-INT-0292,CHESTERFIELD AVE / W 4TH ST,Lower Lonsdale,0,6,16,414.0,52.0,71.38,transit_score,71.38,Derived; see DATA_SOURCES.md for each contributing layer,Scheduled weekday departures from the TransLink GTFS feed within 250 m.
144,CNV-INT-0046,ADDERLEY ST / E KEITH RD,,2,5,8,429.0,44.0,70.21,transit_score,70.21,Derived; see DATA_SOURCES.md for each contributing layer,Scheduled weekday departures from the TransLink GTFS feed within 250 m.
145,CNV-INT-0043,CLOVERLEY ST / KENNARD AVE,Moodyville,0,5,7,429.0,44.0,70.21,transit_score,70.21,Derived; see DATA_SOURCES.md for each contributing layer,Scheduled weekday departures from the TransLink GTFS feed within 250 m.
146,CNV-INT-0503,WESTVIEW CRES / WESTVIEW DR,Westview,2,7,11,311.0,44.0,70.03,transit_score,70.03,Derived; see DATA_SOURCES.md for each contributing layer,Scheduled weekday departures from the TransLink GTFS feed within 250 m.
147,CNV-INT-0502,W 28TH ST / WESTVIEW DR,Westview,2,7,11,311.0,44.0,70.03,transit_score,70.03,Derived; see DATA_SOURCES.md for each contributing layer,Scheduled weekday departures from the TransLink GTFS feed within 250 m.
148,CNV-INT-0045,CLOVERLEY ST / E KEITH RD,,2,5,7,426.0,46.0,69.83,transit_score,69.83,Derived; see DATA_SOURCES.md for each contributing layer,Scheduled weekday departures from the TransLink GTFS feed within 250 m.
149,CNV-INT-0392,MAHON AVE / W 16TH ST,Central Lonsdale,0,4,8,428.0,82.0,69.29,transit_score,69.29,Derived; see DATA_SOURCES.md for each contributing layer,Scheduled weekday departures from the TransLink GTFS feed within 250 m.
150,CNV-INT-0379,MAHON AVE / W 13TH ST,Central Lonsdale,0,4,8,428.0,81.0,69.14,transit_score,69.14,Derived; see DATA_SOURCES.md for each contributing layer,Scheduled weekday departures from the TransLink GTFS feed within 250 m.
151,CNV-INT-0375,W 13TH ST / W KEITH RD,Lower Lonsdale,2,4,8,428.0,81.0,69.14,transit_score,69.14,Derived; see DATA_SOURCES.md for each contributing layer,Scheduled weekday departures from the TransLink GTFS feed within 250 m.
152,CNV-INT-0484,CHESTERFIELD AVE / W 28TH ST,Westview,0,5,11,406.0,54.0,68.89,transit_score,68.89,Derived; see DATA_SOURCES.md for each contributing layer,Scheduled weekday departures from the TransLink GTFS feed within 250 m.
153,CNV-INT-0187,E 13TH ST / ST. GEORGES AVE,Central Lonsdale,0,3,10,518.0,63.0,68.83,transit_score,68.83,Derived; see DATA_SOURCES.md for each contributing layer,Scheduled weekday departures from the TransLink GTFS feed within 250 m.
154,CNV-INT-0302,E KEITH RD / LONSDALE AVE / W KEITH RD,Lower Lonsdale,3,5,10,414.0,43.0,68.35,transit_score,68.35,Derived; see DATA_SOURCES.md for each contributing layer,Scheduled weekday departures from the TransLink GTFS feed within 250 m.
155,CNV-INT-0035,E 6TH ST / QUEENSBURY AVE,Moodyville,0,6,13,339.0,39.0,68.24,transit_score,68.24,Derived; see DATA_SOURCES.md for each contributing layer,Scheduled weekday departures from the TransLink GTFS feed within 250 m.
156,CNV-INT-0016,BROOKSBANK AVE / E 4TH ST,Moodyville,2,6,7,332.0,39.0,68.06,transit_score,68.06,Derived; see DATA_SOURCES.md for each contributing layer,Scheduled weekday departures from the TransLink GTFS feed within 250 m.
157,CNV-INT-0004,BROOKSBANK AVE / E 3RD ST,Moodyville,2,6,7,332.0,39.0,68.06,transit_score,68.06,Derived; see DATA_SOURCES.md for each contributing layer,Scheduled weekday departures from the TransLink GTFS feed within 250 m.
158,CNV-INT-0321,FORBES AVE / W 1ST ST,Squamish Nation (Mission IR 1),2,5,14,378.0,41.0,66.92,transit_score,66.92,Derived; see DATA_SOURCES.md for each contributing layer,Scheduled weekday departures from the TransLink GTFS feed within 250 m.
159,CNV-INT-0222,E 23RD ST / LONSDALE AVE / W 23RD ST,Central Lonsdale,2,3,5,458.0,58.0,66.63,transit_score,66.63,Derived; see DATA_SOURCES.md for each contributing layer,Scheduled weekday departures from the TransLink GTFS feed within 250 m.
160,CNV-INT-0408,CHESTERFIELD AVE / W 22ND ST,Central Lonsdale,0,3,5,458.0,58.0,66.63,transit_score,66.63,Derived; see DATA_SOURCES.md for each contributing layer,Scheduled weekday departures from the TransLink GTFS feed within 250 m.
161,CNV-INT-0410,W 23RD ST / WESTERN AVE,Central Lonsdale,0,3,4,458.0,58.0,66.63,transit_score,66.63,Derived; see DATA_SOURCES.md for each contributing layer,Scheduled weekday departures from the TransLink GTFS feed within 250 m.
162,CNV-INT-0216,E 22ND ST / ST. GEORGES AVE,Central Lonsdale,0,3,5,458.0,58.0,66.63,transit_score,66.63,Derived; see DATA_SOURCES.md for each contributing layer,Scheduled weekday departures from the TransLink GTFS feed within 250 m.
163,CNV-INT-0168,BOULEVARD CRES / SUTHERLAND AVE / UPPER LEVELS RAMP,Grand Boulevard,1,3,4,453.0,64.0,66.6,transit_score,66.6,Derived; see DATA_SOURCES.md for each contributing layer,Scheduled weekday departures from the TransLink GTFS feed within 250 m.
164,CNV-INT-0160,E 19TH ST / QUEENSBURY AVE / W GRAND BLVD,Grand Boulevard,1,3,5,453.0,64.0,66.6,transit_score,66.6,Derived; see DATA_SOURCES.md for each contributing layer,Scheduled weekday departures from the TransLink GTFS feed within 250 m.
165,CNV-INT-0164,BOULEVARD CRES / E 19TH ST / E GRAND BLVD,Grand Boulevard,2,3,5,453.0,64.0,66.6,transit_score,66.6,Derived; see DATA_SOURCES.md for each contributing layer,Scheduled weekday departures from the TransLink GTFS feed within 250 m.
166,CNV-INT-0152,E 19TH ST / SUTHERLAND AVE,Grand Boulevard,0,3,5,453.0,64.0,66.6,transit_score,66.6,Derived; see DATA_SOURCES.md for each contributing layer,Scheduled weekday departures from the TransLink GTFS feed within 250 m.
167,CNV-INT-0063,E 10TH ST / E GRAND BLVD,Grand Boulevard,2,4,11,418.0,52.0,66.49,transit_score,66.49,Derived; see DATA_SOURCES.md for each contributing layer,Scheduled weekday departures from the TransLink GTFS feed within 250 m.
168,CNV-INT-0115,E 12TH ST / W GRAND BLVD,Grand Boulevard,0,4,11,418.0,52.0,66.49,transit_score,66.49,Derived; see DATA_SOURCES.md for each contributing layer,Scheduled weekday departures from the TransLink GTFS feed within 250 m.
169,CNV-INT-0110,E 10TH ST / W GRAND BLVD,Grand Boulevard,0,4,12,418.0,52.0,66.49,transit_score,66.49,Derived; see DATA_SOURCES.md for each contributing layer,Scheduled weekday departures from the TransLink GTFS feed within 250 m.
170,CNV-INT-0130,E 12TH ST / E GRAND BLVD,Grand Boulevard,2,4,10,418.0,52.0,66.49,transit_score,66.49,Derived; see DATA_SOURCES.md for each contributing layer,Scheduled weekday departures from the TransLink GTFS feed within 250 m.
171,CNV-INT-0064,E 11TH ST / E GRAND BLVD,Grand Boulevard,2,4,6,418.0,52.0,66.49,transit_score,66.49,Derived; see DATA_SOURCES.md for each contributing layer,Scheduled weekday departures from the TransLink GTFS feed within 250 m.
172,CNV-INT-0112,E 11TH ST / W GRAND BLVD,Grand Boulevard,2,4,6,418.0,52.0,66.49,transit_score,66.49,Derived; see DATA_SOURCES.md for each contributing layer,Scheduled weekday departures from the TransLink GTFS feed within 250 m.
173,CNV-INT-0500,W 28TH ST,Westview,0,7,11,300.0,41.0,66.14,transit_score,66.14,Derived; see DATA_SOURCES.md for each contributing layer,Scheduled weekday departures from the TransLink GTFS feed within 250 m.
174,CNV-INT-0226,E UPPER LEVELS HWY / LONSDALE AVE / UPPER LEVELS RAMP,Central Lonsdale,0,3,5,445.0,68.0,65.83,transit_score,65.83,Derived; see DATA_SOURCES.md for each contributing layer,Scheduled weekday departures from the TransLink GTFS feed within 250 m.
175,CNV-INT-0253,E 26TH ST / LONSDALE AVE,Central Lonsdale,1,3,10,445.0,68.0,65.83,transit_score,65.83,Derived; see DATA_SOURCES.md for each contributing layer,Scheduled weekday departures from the TransLink GTFS feed within 250 m.
176,CNV-INT-0228,LONSDALE AVE / UPPER LEVELS HWY,Central Lonsdale,0,3,6,445.0,68.0,65.83,transit_score,65.83,Derived; see DATA_SOURCES.md for each contributing layer,Scheduled weekday departures from the TransLink GTFS feed within 250 m.
177,CNV-INT-0166,UPPER LEVELS RAMP,Grand Boulevard,0,3,5,451.0,62.0,65.82,transit_score,65.82,Derived; see DATA_SOURCES.md for each contributing layer,Scheduled weekday departures from the TransLink GTFS feed within 250 m.
178,CNV-INT-0167,UPPER LEVELS RAMP,Grand Boulevard,0,3,5,451.0,62.0,65.82,transit_score,65.82,Derived; see DATA_SOURCES.md for each contributing layer,Scheduled weekday departures from the TransLink GTFS feed within 250 m.
179,CNV-INT-0202,E 17TH ST / ST. GEORGES AVE,Central Lonsdale,0,3,11,447.0,65.0,65.81,transit_score,65.81,Derived; see DATA_SOURCES.md for each contributing layer,Scheduled weekday departures from the TransLink GTFS feed within 250 m.
180,CNV-INT-0339,MISSION RD / W 2ND ST,Squamish Nation (Mission IR 1),1,4,14,413.0,46.0,65.38,transit_score,65.38,Derived; see DATA_SOURCES.md for each contributing layer,Scheduled weekday departures from the TransLink GTFS feed within 250 m.
181,CNV-INT-0022,E 1ST ST / E 2ND ST,Moodyville,0,4,6,402.0,50.0,65.26,transit_score,65.26,Derived; see DATA_SOURCES.md for each contributing layer,Scheduled weekday departures from the TransLink GTFS feed within 250 m.
182,CNV-INT-0027,E 3RD ST / RIDGEWAY AVE,Moodyville,2,4,6,402.0,50.0,65.26,transit_score,65.26,Derived; see DATA_SOURCES.md for each contributing layer,Scheduled weekday departures from the TransLink GTFS feed within 250 m.
183,CNV-INT-0303,W KEITH RD / W VICTORIA PARK AVE,Lower Lonsdale,0,4,8,380.0,40.0,63.73,transit_score,63.73,Derived; see DATA_SOURCES.md for each contributing layer,Scheduled weekday departures from the TransLink GTFS feed within 250 m.
184,CNV-INT-0382,W 12TH ST / W 8TH ST,Central Lonsdale,0,3,10,421.0,47.0,63.27,transit_score,63.27,Derived; see DATA_SOURCES.md for each contributing layer,Scheduled weekday departures from the TransLink GTFS feed within 250 m.
185,CNV-INT-0118,E 10TH ST / E 8TH ST,Lower Lonsdale,0,5,9,305.0,28.0,63.25,transit_score,63.25,Derived; see DATA_SOURCES.md for each contributing layer,Scheduled weekday departures from the TransLink GTFS feed within 250 m.
186,CNV-INT-0498,WESTVIEW DR / WESTVIEW PL,Westview,1,6,8,263.0,36.0,62.79,transit_score,62.79,Derived; see DATA_SOURCES.md for each contributing layer,Scheduled weekday departures from the TransLink GTFS feed within 250 m.
187,CNV-INT-0497,,Westview,0,6,10,263.0,36.0,62.79,transit_score,62.79,Derived; see DATA_SOURCES.md for each contributing layer,Scheduled weekday departures from the TransLink GTFS feed within 250 m.
188,CNV-INT-0039,KENNARD AVE / SHAVINGTON ST,Moodyville,0,4,6,342.0,36.0,62.67,transit_score,62.67,Derived; see DATA_SOURCES.md for each contributing layer,Scheduled weekday departures from the TransLink GTFS feed within 250 m.
189,CNV-INT-0044,ADDERLEY ST / E 7TH ST / HENDRY AVE,Moodyville,0,4,10,342.0,34.0,62.49,transit_score,62.49,Derived; see DATA_SOURCES.md for each contributing layer,Scheduled weekday departures from the TransLink GTFS feed within 250 m.
190,CNV-INT-0438,FIR ST / LARSON RD / WESTVIEW DR,Mahon,2,6,7,241.0,37.0,61.9,transit_score,61.9,Derived; see DATA_SOURCES.md for each contributing layer,Scheduled weekday departures from the TransLink GTFS feed within 250 m.
191,CNV-INT-0340,DELBRUCK AVE / W 1ST ST,Squamish Nation (Mission IR 1),2,4,15,319.0,36.0,61.77,transit_score,61.77,Derived; see DATA_SOURCES.md for each contributing layer,Scheduled weekday departures from the TransLink GTFS feed within 250 m.
192,CNV-INT-0280,E 4TH ST / ST. GEORGES AVE,Lower Lonsdale,0,4,15,307.0,41.0,61.76,transit_score,61.76,Derived; see DATA_SOURCES.md for each contributing layer,Scheduled weekday departures from the TransLink GTFS feed within 250 m.
193,CNV-INT-0261,E 3RD ST / ST. GEORGES AVE,Lower Lonsdale,2,4,13,307.0,41.0,61.76,transit_score,61.76,Derived; see DATA_SOURCES.md for each contributing layer,Scheduled weekday departures from the TransLink GTFS feed within 250 m.
194,CNV-INT-0370,JONES AVE / W 16TH ST,Mahon,0,3,6,320.0,66.0,61.57,transit_score,61.57,Derived; see DATA_SOURCES.md for each contributing layer,Scheduled weekday departures from the TransLink GTFS feed within 250 m.
195,CNV-INT-0378,MAHON AVE / W 13TH ST,Central Lonsdale,0,3,9,320.0,65.0,61.45,transit_score,61.45,Derived; see DATA_SOURCES.md for each contributing layer,Scheduled weekday departures from the TransLink GTFS feed within 250 m.
196,CNV-INT-0023,E 2ND ST / MOODY AVE,Moodyville,0,4,7,307.0,39.0,61.43,transit_score,61.43,Derived; see DATA_SOURCES.md for each contributing layer,Scheduled weekday departures from the TransLink GTFS feed within 250 m.
197,CNV-INT-0025,E 3RD ST / MOODY AVE,Moodyville,2,4,7,307.0,39.0,61.43,transit_score,61.43,Derived; see DATA_SOURCES.md for each contributing layer,Scheduled weekday departures from the TransLink GTFS feed within 250 m.
198,CNV-INT-0053,E KEITH RD / MOODY AVE,Grand Boulevard,2,6,13,251.0,26.0,61.15,transit_score,61.15,Derived; see DATA_SOURCES.md for each contributing layer,Scheduled weekday departures from the TransLink GTFS feed within 250 m.
199,CNV-INT-0050,E 7TH ST / MOODY AVE,Moodyville,0,6,13,251.0,26.0,61.15,transit_score,61.15,Derived; see DATA_SOURCES.md for each contributing layer,Scheduled weekday departures from the TransLink GTFS feed within 250 m.
200,CNV-INT-0030,E 4TH ST / RIDGEWAY AVE,Moodyville,0,3,6,350.0,44.0,61.08,transit_score,61.08,Derived; see DATA_SOURCES.md for each contributing layer,Scheduled weekday departures from the TransLink GTFS feed within 250 m.
201,CNV-INT-0024,E 2ND ST / RIDGEWAY AVE,Moodyville,0,3,5,350.0,44.0,61.08,transit_score,61.08,Derived; see DATA_SOURCES.md for each contributing layer,Scheduled weekday departures from the TransLink GTFS feed within 250 m.
202,CNV-INT-0373,JONES AVE / W 6TH ST,Lower Lonsdale,0,3,11,322.0,56.0,60.94,transit_score,60.94,Derived; see DATA_SOURCES.md for each contributing layer,Scheduled weekday departures from the TransLink GTFS feed within 250 m.
203,CNV-INT-0026,E 3RD ST / QUEENSBURY AVE,Moodyville,1,5,6,269.0,36.0,60.61,transit_score,60.61,Derived; see DATA_SOURCES.md for each contributing layer,Scheduled weekday departures from the TransLink GTFS feed within 250 m.
204,CNV-INT-0305,W KEITH RD / W VICTORIA PARK AVE,Lower Lonsdale,0,3,8,343.0,37.0,59.59,transit_score,59.59,Derived; see DATA_SOURCES.md for each contributing layer,Scheduled weekday departures from the TransLink GTFS feed within 250 m.
205,CNV-INT-0465,W 21ST ST / WESTVIEW DR,Mahon,1,5,7,240.0,35.0,59.19,transit_score,59.19,Derived; see DATA_SOURCES.md for each contributing layer,Scheduled weekday departures from the TransLink GTFS feed within 250 m.
206,CNV-INT-0326,MISSION RD / W 1ST ST,Squamish Nation (Mission IR 1),0,3,12,307.0,34.0,57.62,transit_score,57.62,Derived; see DATA_SOURCES.md for each contributing layer,Scheduled weekday departures from the TransLink GTFS feed within 250 m.
207,CNV-INT-0034,E 6TH ST / SUTHERLAND AVE,Moodyville,0,4,11,280.0,31.0,57.29,transit_score,57.29,Derived; see DATA_SOURCES.md for each contributing layer,Scheduled weekday departures from the TransLink GTFS feed within 250 m.
208,CNV-INT-0001,BROOKSBANK AVE / COTTON RD,Moodyville,3,4,7,261.0,31.0,56.75,transit_score,56.75,Derived; see DATA_SOURCES.md for each contributing layer,Scheduled weekday departures from the TransLink GTFS feed within 250 m.
209,CNV-INT-0003,COTTON RD / GLADSTONE AVE,Moodyville,0,4,6,261.0,31.0,56.75,transit_score,56.75,Derived; see DATA_SOURCES.md for each contributing layer,Scheduled weekday departures from the TransLink GTFS feed within 250 m.
210,CNV-INT-0448,W 20TH ST / WESTVIEW DR,Mahon,2,5,8,193.0,29.0,56.24,transit_score,56.24,Derived; see DATA_SOURCES.md for each contributing layer,Scheduled weekday departures from the TransLink GTFS feed within 250 m.
211,CNV-INT-0446,W 19TH ST / WESTVIEW DR,Mahon,3,5,7,193.0,29.0,56.24,transit_score,56.24,Derived; see DATA_SOURCES.md for each contributing layer,Scheduled weekday departures from the TransLink GTFS feed within 250 m.
212,CNV-INT-0437,FIR ST / WOLFE ST,Mahon,2,5,7,193.0,29.0,56.24,transit_score,56.24,Derived; see DATA_SOURCES.md for each contributing layer,Scheduled weekday departures from the TransLink GTFS feed within 250 m.
213,CNV-INT-0093,LYON PL / MOODY AVE,Grand Boulevard,2,5,13,196.0,20.0,55.39,transit_score,55.39,Derived; see DATA_SOURCES.md for each contributing layer,Scheduled weekday departures from the TransLink GTFS feed within 250 m.
214,CNV-INT-0162,E 20TH ST / QUEENSBURY AVE,Grand Boulevard,0,2,5,302.0,42.0,54.88,transit_score,54.88,Derived; see DATA_SOURCES.md for each contributing layer,Scheduled weekday departures from the TransLink GTFS feed within 250 m.
215,CNV-INT-0031,E 5TH ST / MOODY AVE,Moodyville,0,4,13,215.0,28.0,54.69,transit_score,54.69,Derived; see DATA_SOURCES.md for each contributing layer,Scheduled weekday departures from the TransLink GTFS feed within 250 m.
216,CNV-INT-0029,E 4TH ST / QUEENSBURY AVE,Moodyville,2,4,7,215.0,28.0,54.69,transit_score,54.69,Derived; see DATA_SOURCES.md for each contributing layer,Scheduled weekday departures from the TransLink GTFS feed within 250 m.
217,CNV-INT-0338,DELBRUCK AVE / W ESPLANADE,Squamish Nation (Mission IR 1),0,4,12,216.0,24.0,54.56,transit_score,54.56,Derived; see DATA_SOURCES.md for each contributing layer,Scheduled weekday departures from the TransLink GTFS feed within 250 m.
218,CNV-INT-0265,VICTORY SHIP WAY / WALLACE MEWS,Lower Lonsdale,0,2,23,306.0,38.0,54.37,transit_score,54.37,Derived; see DATA_SOURCES.md for each contributing layer,Scheduled weekday departures from the TransLink GTFS feed within 250 m.
219,CNV-INT-0285,MAHON AVE / W ESPLANADE,Lower Lonsdale,1,4,22,230.0,18.0,54.26,transit_score,54.26,Derived; see DATA_SOURCES.md for each contributing layer,Scheduled weekday departures from the TransLink GTFS feed within 250 m.
220,CNV-INT-0288,FORBES AVE / W ESPLANADE,Squamish Nation (Mission IR 1),1,4,15,230.0,18.0,54.26,transit_score,54.26,Derived; see DATA_SOURCES.md for each contributing layer,Scheduled weekday departures from the TransLink GTFS feed within 250 m.
221,CNV-INT-0320,FORBES AVE / W ESPLANADE,Lower Lonsdale,0,4,19,230.0,18.0,54.26,transit_score,54.26,Derived; see DATA_SOURCES.md for each contributing layer,Scheduled weekday departures from the TransLink GTFS feed within 250 m.
222,CNV-INT-0396,CHESTERFIELD AVE / W 20TH ST,Central Lonsdale,0,2,7,301.0,43.0,54.19,transit_score,54.19,Derived; see DATA_SOURCES.md for each contributing layer,Scheduled weekday departures from the TransLink GTFS feed within 250 m.
223,CNV-INT-0210,E 20TH ST / ST. GEORGES AVE,Central Lonsdale,0,2,7,301.0,43.0,54.19,transit_score,54.19,Derived; see DATA_SOURCES.md for each contributing layer,Scheduled weekday departures from the TransLink GTFS feed within 250 m.
224,CNV-INT-0255,E 28TH ST / ST. ANDREWS AVE,Tempe,2,4,6,218.0,20.0,54.17,transit_score,54.17,Derived; see DATA_SOURCES.md for each contributing layer,Scheduled weekday departures from the TransLink GTFS feed within 250 m.
225,CNV-INT-0082,E 3RD ST / ST. ANDREWS AVE,Lower Lonsdale,2,4,6,212.0,30.0,54.01,transit_score,54.01,Derived; see DATA_SOURCES.md for each contributing layer,Scheduled weekday departures from the TransLink GTFS feed within 250 m.
226,CNV-INT-0406,CHESTERFIELD AVE / W 21ST ST,Central Lonsdale,0,2,6,301.0,42.0,53.87,transit_score,53.87,Derived; see DATA_SOURCES.md for each contributing layer,Scheduled weekday departures from the TransLink GTFS feed within 250 m.
227,CNV-INT-0395,CHESTERFIELD AVE / W 19TH ST,Central Lonsdale,0,2,6,301.0,42.0,53.87,transit_score,53.87,Derived; see DATA_SOURCES.md for each contributing layer,Scheduled weekday departures from the TransLink GTFS feed within 250 m.
228,CNV-INT-0178,E 22ND ST / SUTHERLAND AVE,Grand Boulevard,1,2,6,301.0,42.0,53.87,transit_score,53.87,Derived; see DATA_SOURCES.md for each contributing layer,Scheduled weekday departures from the TransLink GTFS feed within 250 m.
229,CNV-INT-0409,CHESTERFIELD AVE / W 23RD ST,Central Lonsdale,0,2,4,301.0,42.0,53.87,transit_score,53.87,Derived; see DATA_SOURCES.md for each contributing layer,Scheduled weekday departures from the TransLink GTFS feed within 250 m.
230,CNV-INT-0250,E 25TH ST / LONSDALE AVE / W 25TH ST,Central Lonsdale,0,2,7,301.0,42.0,53.87,transit_score,53.87,Derived; see DATA_SOURCES.md for each contributing layer,Scheduled weekday departures from the TransLink GTFS feed within 250 m.
231,CNV-INT-0394,CHESTERFIELD AVE / W 18TH ST,Central Lonsdale,0,2,9,301.0,42.0,53.87,transit_score,53.87,Derived; see DATA_SOURCES.md for each contributing layer,Scheduled weekday departures from the TransLink GTFS feed within 250 m.
232,CNV-INT-0480,W 26TH ST / WESTERN AVE,Central Lonsdale,0,2,8,301.0,42.0,53.87,transit_score,53.87,Derived; see DATA_SOURCES.md for each contributing layer,Scheduled weekday departures from the TransLink GTFS feed within 250 m.
233,CNV-INT-0177,BOULEVARD CRES / LYNN VALLEY RD / UPPER LEVELS HWY,Tempe,1,2,6,301.0,42.0,53.87,transit_score,53.87,Derived; see DATA_SOURCES.md for each contributing layer,Scheduled weekday departures from the TransLink GTFS feed within 250 m.
234,CNV-INT-0170,E 21ST ST / QUEENSBURY AVE,Grand Boulevard,0,2,3,301.0,42.0,53.87,transit_score,53.87,Derived; see DATA_SOURCES.md for each contributing layer,Scheduled weekday departures from the TransLink GTFS feed within 250 m.
235,CNV-INT-0165,BOULEVARD CRES / E 21ST ST / UPPER LEVELS RAMP,Grand Boulevard,1,2,4,301.0,42.0,53.87,transit_score,53.87,Derived; see DATA_SOURCES.md for each contributing layer,Scheduled weekday departures from the TransLink GTFS feed within 250 m.
236,CNV-INT-0482,CHESTERFIELD AVE / W 27TH ST,Central Lonsdale,0,2,8,301.0,42.0,53.87,transit_score,53.87,Derived; see DATA_SOURCES.md for each contributing layer,Scheduled weekday departures from the TransLink GTFS feed within 250 m.
237,CNV-INT-0221,E 23RD ST / ST. GEORGES AVE,Central Lonsdale,0,2,4,301.0,42.0,53.87,transit_score,53.87,Derived; see DATA_SOURCES.md for each contributing layer,Scheduled weekday departures from the TransLink GTFS feed within 250 m.
238,CNV-INT-0213,E 21ST ST / ST. GEORGES AVE,Central Lonsdale,0,2,6,301.0,42.0,53.87,transit_score,53.87,Derived; see DATA_SOURCES.md for each contributing layer,Scheduled weekday departures from the TransLink GTFS feed within 250 m.
239,CNV-INT-0207,E 19TH ST / ST. GEORGES AVE,Central Lonsdale,0,2,6,301.0,42.0,53.87,transit_score,53.87,Derived; see DATA_SOURCES.md for each contributing layer,Scheduled weekday departures from the TransLink GTFS feed within 250 m.
240,CNV-INT-0464,MACKAY AVE / W 22ND ST,Marine-Hamilton,1,4,8,216.0,16.0,53.6,transit_score,53.6,Derived; see DATA_SOURCES.md for each contributing layer,Scheduled weekday departures from the TransLink GTFS feed within 250 m.
241,CNV-INT-0055,E KEITH RD / RIDGEWAY AVE,Grand Boulevard,2,5,8,179.0,15.0,53.53,transit_score,53.53,Derived; see DATA_SOURCES.md for each contributing layer,Scheduled weekday departures from the TransLink GTFS feed within 250 m.
242,CNV-INT-0091,E KEITH RD,Central Lonsdale,1,5,7,179.0,15.0,53.53,transit_score,53.53,Derived; see DATA_SOURCES.md for each contributing layer,Scheduled weekday departures from the TransLink GTFS feed within 250 m.
243,CNV-INT-0089,E KEITH RD / ST. DAVIDS AVE,Central Lonsdale,1,5,7,179.0,15.0,53.53,transit_score,53.53,Derived; see DATA_SOURCES.md for each contributing layer,Scheduled weekday departures from the TransLink GTFS feed within 250 m.
244,CNV-INT-0070,E 3RD ST / ST. DAVIDS AVE,Moodyville,0,3,6,255.0,34.0,53.27,transit_score,53.27,Derived; see DATA_SOURCES.md for each contributing layer,Scheduled weekday departures from the TransLink GTFS feed within 250 m.
245,CNV-INT-0078,E 4TH ST / ST. DAVIDS AVE,Moodyville,0,3,5,255.0,34.0,53.27,transit_score,53.27,Derived; see DATA_SOURCES.md for each contributing layer,Scheduled weekday departures from the TransLink GTFS feed within 250 m.
246,CNV-INT-0260,E 2ND ST / ST. GEORGES AVE,Lower Lonsdale,1,3,13,253.0,33.0,53.01,transit_score,53.01,Derived; see DATA_SOURCES.md for each contributing layer,Scheduled weekday departures from the TransLink GTFS feed within 250 m.
247,CNV-INT-0203,E 17TH ST / ST. ANDREWS AVE,Central Lonsdale,0,2,5,291.0,43.0,52.76,transit_score,52.76,Derived; see DATA_SOURCES.md for each contributing layer,Scheduled weekday departures from the TransLink GTFS feed within 250 m.
248,CNV-INT-0200,E 17TH ST / RIDGEWAY AVE,Grand Boulevard,0,2,6,291.0,43.0,52.76,transit_score,52.76,Derived; see DATA_SOURCES.md for each contributing layer,Scheduled weekday departures from the TransLink GTFS feed within 250 m.
249,CNV-INT-0182,E 13TH ST / ST. ANDREWS AVE,Central Lonsdale,0,2,5,291.0,43.0,52.76,transit_score,52.76,Derived; see DATA_SOURCES.md for each contributing layer,Scheduled weekday departures from the TransLink GTFS feed within 250 m.
250,CNV-INT-0181,E 13TH ST / RIDGEWAY AVE,Central Lonsdale,0,2,6,291.0,43.0,52.76,transit_score,52.76,Derived; see DATA_SOURCES.md for each contributing layer,Scheduled weekday departures from the TransLink GTFS feed within 250 m.
251,CNV-INT-0496,WESTVIEW CRES / WESTVIEW DR,Westview,2,4,7,192.0,28.0,52.54,transit_score,52.54,Derived; see DATA_SOURCES.md for each contributing layer,Scheduled weekday departures from the TransLink GTFS feed within 250 m.
252,CNV-INT-0489,WESTVIEW DR,Mahon,0,4,6,192.0,28.0,52.54,transit_score,52.54,Derived; see DATA_SOURCES.md for each contributing layer,Scheduled weekday departures from the TransLink GTFS feed within 250 m.
253,CNV-INT-0490,UPPER LEVELS HWY / WESTVIEW DR,Westview,0,4,6,192.0,28.0,52.54,transit_score,52.54,Derived; see DATA_SOURCES.md for each contributing layer,Scheduled weekday departures from the TransLink GTFS feed within 250 m.
254,CNV-INT-0492,WESTVIEW DR,Westview,1,4,6,192.0,28.0,52.54,transit_score,52.54,Derived; see DATA_SOURCES.md for each contributing layer,Scheduled weekday departures from the TransLink GTFS feed within 250 m.
255,CNV-INT-0047,E 5TH ST / RIDGEWAY AVE,Moodyville,0,2,10,296.0,36.0,51.82,transit_score,51.82,Derived; see DATA_SOURCES.md for each contributing layer,Scheduled weekday departures from the TransLink GTFS feed within 250 m.
256,CNV-INT-0183,E 13TH ST / MOODY AVE,Grand Boulevard,0,2,12,290.0,41.0,51.75,transit_score,51.75,Derived; see DATA_SOURCES.md for each contributing layer,Scheduled weekday departures from the TransLink GTFS feed within 250 m.
257,CNV-INT-0199,E 17TH ST / MOODY AVE,Grand Boulevard,0,2,12,290.0,41.0,51.75,transit_score,51.75,Derived; see DATA_SOURCES.md for each contributing layer,Scheduled weekday departures from the TransLink GTFS feed within 250 m.
258,CNV-INT-0042,E KEITH RD / HEYWOOD ST,,2,3,8,205.0,24.0,49.69,transit_score,49.69,Derived; see DATA_SOURCES.md for each contributing layer,Scheduled weekday departures from the TransLink GTFS feed within 250 m.
259,CNV-INT-0369,FORBES AVE / W 15TH ST,Mahon,0,2,8,213.0,49.0,49.6,transit_score,49.6,Derived; see DATA_SOURCES.md for each contributing layer,Scheduled weekday departures from the TransLink GTFS feed within 250 m.
260,CNV-INT-0436,W 17TH ST / WOLFE ST,Mahon,0,4,6,145.0,23.0,49.06,transit_score,49.06,Derived; see DATA_SOURCES.md for each contributing layer,Scheduled weekday departures from the TransLink GTFS feed within 250 m.
261,CNV-INT-0435,LARSON RD / W 17TH ST,Mahon,2,4,6,145.0,23.0,49.06,transit_score,49.06,Derived; see DATA_SOURCES.md for each contributing layer,Scheduled weekday departures from the TransLink GTFS feed within 250 m.
262,CNV-INT-0445,LARSON RD / W 19TH ST,Mahon,0,4,6,145.0,22.0,48.89,transit_score,48.89,Derived; see DATA_SOURCES.md for each contributing layer,Scheduled weekday departures from the TransLink GTFS feed within 250 m.
263,CNV-INT-0393,MAHON AVE / W 17TH ST,Central Lonsdale,0,2,6,214.0,41.0,48.83,transit_score,48.83,Derived; see DATA_SOURCES.md for each contributing layer,Scheduled weekday departures from the TransLink GTFS feed within 250 m.
264,CNV-INT-0337,MAHON AVE / W 6TH ST,Lower Lonsdale,0,2,11,214.0,40.0,48.65,transit_score,48.65,Derived; see DATA_SOURCES.md for each contributing layer,Scheduled weekday departures from the TransLink GTFS feed within 250 m.
265,CNV-INT-0310,MAHON AVE / W 6TH ST,Lower Lonsdale,0,2,11,214.0,40.0,48.65,transit_score,48.65,Derived; see DATA_SOURCES.md for each contributing layer,Scheduled weekday departures from the TransLink GTFS feed within 250 m.
266,CNV-INT-0313,MAHON AVE / W KEITH RD,Lower Lonsdale,0,2,7,214.0,40.0,48.65,transit_score,48.65,Derived; see DATA_SOURCES.md for each contributing layer,Scheduled weekday departures from the TransLink GTFS feed within 250 m.
267,CNV-INT-0311,MAHON AVE / W 6TH ST,Lower Lonsdale,0,2,11,214.0,40.0,48.65,transit_score,48.65,Derived; see DATA_SOURCES.md for each contributing layer,Scheduled weekday departures from the TransLink GTFS feed within 250 m.
268,CNV-INT-0100,E KEITH RD / ST. ANDREWS AVE,Central Lonsdale,2,4,7,145.0,12.0,47.3,transit_score,47.3,Derived; see DATA_SOURCES.md for each contributing layer,Scheduled weekday departures from the TransLink GTFS feed within 250 m.
269,CNV-INT-0087,E KEITH RD / ST. ANDREWS AVE,Lower Lonsdale,2,4,7,145.0,12.0,47.3,transit_score,47.3,Derived; see DATA_SOURCES.md for each contributing layer,Scheduled weekday departures from the TransLink GTFS feed within 250 m.
270,CNV-INT-0032,E 5TH ST / QUEENSBURY AVE,Moodyville,2,3,13,163.0,22.0,47.3,transit_score,47.3,Derived; see DATA_SOURCES.md for each contributing layer,Scheduled weekday departures from the TransLink GTFS feed within 250 m.
271,CNV-INT-0083,E 4TH ST / ST. ANDREWS AVE,Lower Lonsdale,0,3,8,160.0,23.0,47.11,transit_score,47.11,Derived; see DATA_SOURCES.md for each contributing layer,Scheduled weekday departures from the TransLink GTFS feed within 250 m.
272,CNV-INT-0307,MAHON AVE / W 5TH ST,Squamish Nation (Mission IR 1),0,2,12,207.0,26.0,46.84,transit_score,46.84,Derived; see DATA_SOURCES.md for each contributing layer,Scheduled weekday departures from the TransLink GTFS feed within 250 m.
273,CNV-INT-0077,E 2ND ST / ST. ANDREWS AVE,Lower Lonsdale,0,3,6,158.0,22.0,46.7,transit_score,46.7,Derived; see DATA_SOURCES.md for each contributing layer,Scheduled weekday departures from the TransLink GTFS feed within 250 m.
274,CNV-INT-0076,E 3RD ST / ST. PATRICKS AVE,Lower Lonsdale,2,3,5,158.0,22.0,46.7,transit_score,46.7,Derived; see DATA_SOURCES.md for each contributing layer,Scheduled weekday departures from the TransLink GTFS feed within 250 m.
275,CNV-INT-0074,E 2ND ST / ST. PATRICKS AVE,Lower Lonsdale,0,3,5,158.0,22.0,46.7,transit_score,46.7,Derived; see DATA_SOURCES.md for each contributing layer,Scheduled weekday departures from the TransLink GTFS feed within 250 m.
276,CNV-INT-0068,E 2ND ST / ST. DAVIDS AVE,Moodyville,0,2,4,201.0,26.0,46.49,transit_score,46.49,Derived; see DATA_SOURCES.md for each contributing layer,Scheduled weekday departures from the TransLink GTFS feed within 250 m.
277,CNV-INT-0237,E 27TH ST / TEMPE CRES,Tempe,0,3,5,166.0,14.0,46.24,transit_score,46.24,Derived; see DATA_SOURCES.md for each contributing layer,Scheduled weekday departures from the TransLink GTFS feed within 250 m.
278,CNV-INT-0238,MAITLAND AVE / SOMERSET ST,Tempe,1,3,5,166.0,14.0,46.24,transit_score,46.24,Derived; see DATA_SOURCES.md for each contributing layer,Scheduled weekday departures from the TransLink GTFS feed within 250 m.
279,CNV-INT-0247,E 28TH ST / ST. ANDREWS AVE,Tempe,2,3,5,166.0,14.0,46.24,transit_score,46.24,Derived; see DATA_SOURCES.md for each contributing layer,Scheduled weekday departures from the TransLink GTFS feed within 250 m.
280,CNV-INT-0501,LARSON RD / W 29TH ST,Westview,0,4,12,142.0,16.0,46.03,transit_score,46.03,Derived; see DATA_SOURCES.md for each contributing layer,Scheduled weekday departures from the TransLink GTFS feed within 250 m.
281,CNV-INT-0037,BROOKSBANK AVE / E 5TH ST,Moodyville,2,4,9,142.0,16.0,46.03,transit_score,46.03,Derived; see DATA_SOURCES.md for each contributing layer,Scheduled weekday departures from the TransLink GTFS feed within 250 m.
282,CNV-INT-0487,JONES AVE / W 28TH ST,Westview,0,4,6,142.0,16.0,46.03,transit_score,46.03,Derived; see DATA_SOURCES.md for each contributing layer,Scheduled weekday departures from the TransLink GTFS feed within 250 m.
283,CNV-INT-0322,MISSION RD / W ESPLANADE,Squamish Nation (Mission IR 1),0,2,12,206.0,20.0,46.01,transit_score,46.01,Derived; see DATA_SOURCES.md for each contributing layer,Scheduled weekday departures from the TransLink GTFS feed within 250 m.
284,CNV-INT-0453,MACKAY AVE / W 19TH ST,Marine-Hamilton,2,3,7,161.0,11.0,45.3,transit_score,45.3,Derived; see DATA_SOURCES.md for each contributing layer,Scheduled weekday departures from the TransLink GTFS feed within 250 m.
285,CNV-INT-0442,MACKAY AVE / W KEITH RD,Marine-Hamilton,0,3,10,161.0,11.0,45.3,transit_score,45.3,Derived; see DATA_SOURCES.md for each contributing layer,Scheduled weekday departures from the TransLink GTFS feed within 250 m.
286,CNV-INT-0096,E 8TH ST / RIDGEWAY AVE,Central Lonsdale,0,4,8,142.0,12.0,45.15,transit_score,45.15,Derived; see DATA_SOURCES.md for each contributing layer,Scheduled weekday departures from the TransLink GTFS feed within 250 m.
287,CNV-INT-0095,E 8TH ST / MOODY AVE,Grand Boulevard,0,4,13,142.0,12.0,45.15,transit_score,45.15,Derived; see DATA_SOURCES.md for each contributing layer,Scheduled weekday departures from the TransLink GTFS feed within 250 m.
288,CNV-INT-0103,E 8TH ST / E 9TH ST,Central Lonsdale,0,4,6,142.0,12.0,45.15,transit_score,45.15,Derived; see DATA_SOURCES.md for each contributing layer,Scheduled weekday departures from the TransLink GTFS feed within 250 m.
289,CNV-INT-0052,E 7TH ST / RIDGEWAY AVE,Moodyville,0,4,7,142.0,12.0,45.15,transit_score,45.15,Derived; see DATA_SOURCES.md for each contributing layer,Scheduled weekday departures from the TransLink GTFS feed within 250 m.
290,CNV-INT-0090,E KEITH RD / RIDGEWAY AVE,Central Lonsdale,2,4,8,142.0,12.0,45.15,transit_score,45.15,Derived; see DATA_SOURCES.md for each contributing layer,Scheduled weekday departures from the TransLink GTFS feed within 250 m.
291,CNV-INT-0092,LYON PL / RIDGEWAY AVE,Central Lonsdale,2,4,8,142.0,12.0,45.15,transit_score,45.15,Derived; see DATA_SOURCES.md for each contributing layer,Scheduled weekday departures from the TransLink GTFS feed within 250 m.
292,CNV-INT-0102,E KEITH RD / ST. GEORGES AVE,Lower Lonsdale,2,4,8,142.0,12.0,45.15,transit_score,45.15,Derived; see DATA_SOURCES.md for each contributing layer,Scheduled weekday departures from the TransLink GTFS feed within 250 m.
293,CNV-INT-0101,E KEITH RD / ST. GEORGES AVE,Lower Lonsdale,2,4,10,142.0,12.0,45.15,transit_score,45.15,Derived; see DATA_SOURCES.md for each contributing layer,Scheduled weekday departures from the TransLink GTFS feed within 250 m.
294,CNV-INT-0434,BEWICKE AVE / LARSON RD,Mahon,2,3,6,144.0,22.0,44.74,transit_score,44.74,Derived; see DATA_SOURCES.md for each contributing layer,Scheduled weekday departures from the TransLink GTFS feed within 250 m.
295,CNV-INT-0466,W 22ND ST / WESTVIEW DR,Mahon,2,3,5,144.0,21.0,44.56,transit_score,44.56,Derived; see DATA_SOURCES.md for each contributing layer,Scheduled weekday departures from the TransLink GTFS feed within 250 m.
296,CNV-INT-0468,W 23RD ST / WESTVIEW DR,Mahon,2,3,6,144.0,21.0,44.56,transit_score,44.56,Derived; see DATA_SOURCES.md for each contributing layer,Scheduled weekday departures from the TransLink GTFS feed within 250 m.
297,CNV-INT-0488,W 23RD ST / W 24TH CL,Mahon,2,3,6,144.0,21.0,44.56,transit_score,44.56,Derived; see DATA_SOURCES.md for each contributing layer,Scheduled weekday departures from the TransLink GTFS feed within 250 m.
298,CNV-INT-0041,E 6TH ST / HENDRY AVE,Moodyville,0,2,8,171.0,17.0,43.97,transit_score,43.97,Derived; see DATA_SOURCES.md for each contributing layer,Scheduled weekday departures from the TransLink GTFS feed within 250 m.
299,CNV-INT-0084,E 5TH ST / ST. ANDREWS AVE,Lower Lonsdale,0,3,10,143.0,18.0,43.66,transit_score,43.66,Derived; see DATA_SOURCES.md for each contributing layer,Scheduled weekday departures from the TransLink GTFS feed within 250 m.
300,CNV-INT-0086,E 5TH ST / ST. GEORGES AVE,Lower Lonsdale,0,3,17,143.0,17.0,43.56,transit_score,43.56,Derived; see DATA_SOURCES.md for each contributing layer,Scheduled weekday departures from the TransLink GTFS feed within 250 m.
301,CNV-INT-0293,CHESTERFIELD AVE / W 5TH ST,Lower Lonsdale,0,2,17,151.0,20.0,42.55,transit_score,42.55,Derived; see DATA_SOURCES.md for each contributing layer,Scheduled weekday departures from the TransLink GTFS feed within 250 m.
302,CNV-INT-0312,CHESTERFIELD AVE / W 8TH ST,Central Lonsdale,0,1,11,183.0,20.0,42.21,transit_score,42.21,Derived; see DATA_SOURCES.md for each contributing layer,Scheduled weekday departures from the TransLink GTFS feed within 250 m.
303,CNV-INT-0048,E 6TH ST / MOODY AVE,Moodyville,0,3,15,125.0,14.0,41.23,transit_score,41.23,Derived; see DATA_SOURCES.md for each contributing layer,Scheduled weekday departures from the TransLink GTFS feed within 250 m.
304,CNV-INT-0239,WEYMOUTH DR / WILDING WAY,Tempe,0,1,4,152.0,22.0,40.57,transit_score,40.57,Derived; see DATA_SOURCES.md for each contributing layer,Scheduled weekday departures from the TransLink GTFS feed within 250 m.
305,CNV-INT-0179,TEMPE KNOLL DR / WILDING WAY,Tempe,0,1,4,152.0,22.0,40.57,transit_score,40.57,Derived; see DATA_SOURCES.md for each contributing layer,Scheduled weekday departures from the TransLink GTFS feed within 250 m.
306,CNV-INT-0204,E 18TH ST / ST. GEORGES AVE,Central Lonsdale,0,1,9,157.0,17.0,40.17,transit_score,40.17,Derived; see DATA_SOURCES.md for each contributing layer,Scheduled weekday departures from the TransLink GTFS feed within 250 m.
307,CNV-INT-0264,VICTORY SHIP WAY / WALLACE MEWS,Lower Lonsdale,0,1,22,149.0,21.0,40.03,transit_score,40.03,Derived; see DATA_SOURCES.md for each contributing layer,Scheduled weekday departures from the TransLink GTFS feed within 250 m.
308,CNV-INT-0174,E 22ND ST / QUEENSBURY AVE,Grand Boulevard,0,1,4,149.0,20.0,39.89,transit_score,39.89,Derived; see DATA_SOURCES.md for each contributing layer,Scheduled weekday departures from the TransLink GTFS feed within 250 m.
309,CNV-INT-0477,CHESTERFIELD AVE / W 26TH ST,Westview,0,1,5,144.0,26.0,39.41,transit_score,39.41,Derived; see DATA_SOURCES.md for each contributing layer,Scheduled weekday departures from the TransLink GTFS feed within 250 m.
310,CNV-INT-0472,UPPER LEVELS RAMP / W 25TH ST,Westview,0,1,5,144.0,26.0,39.41,transit_score,39.41,Derived; see DATA_SOURCES.md for each contributing layer,Scheduled weekday departures from the TransLink GTFS feed within 250 m.
311,CNV-INT-0252,E 26TH ST / ST. GEORGES AVE,Tempe,0,1,8,144.0,26.0,39.41,transit_score,39.41,Derived; see DATA_SOURCES.md for each contributing layer,Scheduled weekday departures from the TransLink GTFS feed within 250 m.
312,CNV-INT-0251,E 26TH ST / ST. GEORGES AVE,Tempe,0,1,8,144.0,26.0,39.41,transit_score,39.41,Derived; see DATA_SOURCES.md for each contributing layer,Scheduled weekday departures from the TransLink GTFS feed within 250 m.
313,CNV-INT-0104,E 8TH ST / ST. ANDREWS AVE,Central Lonsdale,0,3,7,108.0,9.0,38.97,transit_score,38.97,Derived; see DATA_SOURCES.md for each contributing layer,Scheduled weekday departures from the TransLink GTFS feed within 250 m.
314,CNV-INT-0085,E 6TH ST / ST. ANDREWS AVE,Lower Lonsdale,0,3,8,108.0,9.0,38.97,transit_score,38.97,Derived; see DATA_SOURCES.md for each contributing layer,Scheduled weekday departures from the TransLink GTFS feed within 250 m.
315,CNV-INT-0088,E 7TH ST / ST. DAVIDS AVE,Moodyville,0,3,8,108.0,9.0,38.97,transit_score,38.97,Derived; see DATA_SOURCES.md for each contributing layer,Scheduled weekday departures from the TransLink GTFS feed within 250 m.
316,CNV-INT-0099,E 6TH ST / ST. GEORGES AVE,Lower Lonsdale,0,3,12,108.0,9.0,38.97,transit_score,38.97,Derived; see DATA_SOURCES.md for each contributing layer,Scheduled weekday departures from the TransLink GTFS feed within 250 m.
317,CNV-INT-0081,E 6TH ST / ST. DAVIDS AVE,Moodyville,0,3,9,108.0,9.0,38.97,transit_score,38.97,Derived; see DATA_SOURCES.md for each contributing layer,Scheduled weekday departures from the TransLink GTFS feed within 250 m.
318,CNV-INT-0451,LARSON RD / W 20TH ST,Mahon,0,3,8,97.0,15.0,38.55,transit_score,38.55,Derived; see DATA_SOURCES.md for each contributing layer,Scheduled weekday departures from the TransLink GTFS feed within 250 m.
319,CNV-INT-0450,CARSON CRT / W 20TH ST,Mahon,0,3,8,97.0,15.0,38.55,transit_score,38.55,Derived; see DATA_SOURCES.md for each contributing layer,Scheduled weekday departures from the TransLink GTFS feed within 250 m.
320,CNV-INT-0447,LARSON RD / W 20TH ST,Mahon,0,3,8,97.0,15.0,38.55,transit_score,38.55,Derived; see DATA_SOURCES.md for each contributing layer,Scheduled weekday departures from the TransLink GTFS feed within 250 m.
321,CNV-INT-0486,MAHON AVE / W 28TH ST,Westview,0,3,6,105.0,12.0,38.19,transit_score,38.19,Derived; see DATA_SOURCES.md for each contributing layer,Scheduled weekday departures from the TransLink GTFS feed within 250 m.
322,CNV-INT-0119,E 11TH ST / ST. GEORGES AVE,Central Lonsdale,0,2,9,126.0,12.0,37.82,transit_score,37.82,Derived; see DATA_SOURCES.md for each contributing layer,Scheduled weekday departures from the TransLink GTFS feed within 250 m.
323,CNV-INT-0033,E 5TH ST / SUTHERLAND AVE,Moodyville,0,2,10,109.0,14.0,37.52,transit_score,37.52,Derived; see DATA_SOURCES.md for each contributing layer,Scheduled weekday departures from the TransLink GTFS feed within 250 m.
324,CNV-INT-0020,E 4TH ST / SUTHERLAND AVE,Moodyville,0,2,3,109.0,14.0,37.52,transit_score,37.52,Derived; see DATA_SOURCES.md for each contributing layer,Scheduled weekday departures from the TransLink GTFS feed within 250 m.
325,CNV-INT-0246,E 27TH ST / ST. ANDREWS AVE,Tempe,0,2,5,109.0,10.0,36.9,transit_score,36.9,Derived; see DATA_SOURCES.md for each contributing layer,Scheduled weekday departures from the TransLink GTFS feed within 250 m.
326,CNV-INT-0243,MUNDAY PL / TEMPE GLEN DR,Tempe,1,2,6,109.0,10.0,36.9,transit_score,36.9,Derived; see DATA_SOURCES.md for each contributing layer,Scheduled weekday departures from the TransLink GTFS feed within 250 m.
327,CNV-INT-0236,BRAND ST / MAITLAND AVE,Tempe,0,2,5,109.0,10.0,36.9,transit_score,36.9,Derived; see DATA_SOURCES.md for each contributing layer,Scheduled weekday departures from the TransLink GTFS feed within 250 m.
328,CNV-INT-0242,TEMPE GLEN DR / TEMPE KNOLL DR,Tempe,0,2,5,109.0,10.0,36.9,transit_score,36.9,Derived; see DATA_SOURCES.md for each contributing layer,Scheduled weekday departures from the TransLink GTFS feed within 250 m.
329,CNV-INT-0241,MUNDAY PL / TEMPE GLEN DR,Tempe,0,2,5,109.0,10.0,36.9,transit_score,36.9,Derived; see DATA_SOURCES.md for each contributing layer,Scheduled weekday departures from the TransLink GTFS feed within 250 m.
330,CNV-INT-0080,E 5TH ST / ST. DAVIDS AVE,Moodyville,0,2,10,106.0,15.0,35.91,transit_score,35.91,Derived; see DATA_SOURCES.md for each contributing layer,Scheduled weekday departures from the TransLink GTFS feed within 250 m.
331,CNV-INT-0079,E 4TH ST / ST. PATRICKS AVE,Lower Lonsdale,0,2,6,106.0,15.0,35.91,transit_score,35.91,Derived; see DATA_SOURCES.md for each contributing layer,Scheduled weekday departures from the TransLink GTFS feed within 250 m.
332,CNV-INT-0075,E 1ST ST / ST. ANDREWS AVE,Lower Lonsdale,0,2,6,106.0,15.0,35.91,transit_score,35.91,Derived; see DATA_SOURCES.md for each contributing layer,Scheduled weekday departures from the TransLink GTFS feed within 250 m.
333,CNV-INT-0072,E 1ST ST / ST. PATRICKS AVE,Lower Lonsdale,0,2,4,106.0,15.0,35.91,transit_score,35.91,Derived; see DATA_SOURCES.md for each contributing layer,Scheduled weekday departures from the TransLink GTFS feed within 250 m.
334,CNV-INT-0259,E 1ST ST / ST. GEORGES AVE,Lower Lonsdale,0,2,11,106.0,14.0,35.62,transit_score,35.62,Derived; see DATA_SOURCES.md for each contributing layer,Scheduled weekday departures from the TransLink GTFS feed within 250 m.
335,CNV-INT-0458,HAMILTON AVE / W 20TH ST,Marine-Hamilton,0,2,4,108.0,8.0,35.57,transit_score,35.57,Derived; see DATA_SOURCES.md for each contributing layer,Scheduled weekday departures from the TransLink GTFS feed within 250 m.
336,CNV-INT-0454,HAMILTON AVE / W 19TH ST,Marine-Hamilton,0,2,5,108.0,8.0,35.57,transit_score,35.57,Derived; see DATA_SOURCES.md for each contributing layer,Scheduled weekday departures from the TransLink GTFS feed within 250 m.
337,CNV-INT-0441,CUMBERLAND CRES / HAMILTON AVE,Marine-Hamilton,0,2,7,108.0,8.0,35.57,transit_score,35.57,Derived; see DATA_SOURCES.md for each contributing layer,Scheduled weekday departures from the TransLink GTFS feed within 250 m.
338,CNV-INT-0316,HARBOURSIDE DR / HARBOURSIDE PL,Marine-Hamilton,0,3,3,20.0,8.0,35.1,transit_score,35.1,Derived; see DATA_SOURCES.md for each contributing layer,Scheduled weekday departures from the TransLink GTFS feed within 250 m.
339,CNV-INT-0329,AUTOMALL DR,Marine-Hamilton,0,3,3,20.0,8.0,35.1,transit_score,35.1,Derived; see DATA_SOURCES.md for each contributing layer,Scheduled weekday departures from the TransLink GTFS feed within 250 m.
340,CNV-INT-0358,BEWICKE AVE / W 16TH ST,Marine-Hamilton,1,2,11,96.0,15.0,34.96,transit_score,34.96,Derived; see DATA_SOURCES.md for each contributing layer,Scheduled weekday departures from the TransLink GTFS feed within 250 m.
341,CNV-INT-0433,BEWICKE AVE / W 16TH ST,Marine-Hamilton,1,2,11,96.0,15.0,34.96,transit_score,34.96,Derived; see DATA_SOURCES.md for each contributing layer,Scheduled weekday departures from the TransLink GTFS feed within 250 m.
342,CNV-INT-0427,LARSON RD / W 16TH ST,Mahon,0,2,9,96.0,15.0,34.96,transit_score,34.96,Derived; see DATA_SOURCES.md for each contributing layer,Scheduled weekday departures from the TransLink GTFS feed within 250 m.
343,CNV-INT-0397,JONES AVE / W 17TH ST,Mahon,0,1,4,108.0,16.0,34.61,transit_score,34.61,Derived; see DATA_SOURCES.md for each contributing layer,Scheduled weekday departures from the TransLink GTFS feed within 250 m.
344,CNV-INT-0377,W 13TH ST / W 8TH ST,Central Lonsdale,0,1,10,108.0,16.0,34.61,transit_score,34.61,Derived; see DATA_SOURCES.md for each contributing layer,Scheduled weekday departures from the TransLink GTFS feed within 250 m.
345,CNV-INT-0499,LARSON RD / W 28TH ST,Westview,0,2,11,71.0,8.0,33.01,transit_score,33.01,Derived; see DATA_SOURCES.md for each contributing layer,Scheduled weekday departures from the TransLink GTFS feed within 250 m.
346,CNV-INT-0049,E 6TH ST / RIDGEWAY AVE,Moodyville,0,2,8,71.0,6.0,32.74,transit_score,32.74,Derived; see DATA_SOURCES.md for each contributing layer,Scheduled weekday departures from the TransLink GTFS feed within 250 m.
347,CNV-INT-0117,E 10TH ST / ST. GEORGES AVE,Central Lonsdale,0,2,9,71.0,6.0,32.74,transit_score,32.74,Derived; see DATA_SOURCES.md for each contributing layer,Scheduled weekday departures from the TransLink GTFS feed within 250 m.
348,CNV-INT-0107,E 9TH ST / ST. ANDREWS AVE,Central Lonsdale,0,2,7,71.0,6.0,32.74,transit_score,32.74,Derived; see DATA_SOURCES.md for each contributing layer,Scheduled weekday departures from the TransLink GTFS feed within 250 m.
349,CNV-INT-0106,E 8TH ST / ST. GEORGES AVE,Central Lonsdale,0,2,8,71.0,6.0,32.74,transit_score,32.74,Derived; see DATA_SOURCES.md for each contributing layer,Scheduled weekday departures from the TransLink GTFS feed within 250 m.
350,CNV-INT-0098,E 9TH ST / RIDGEWAY AVE,Central Lonsdale,0,2,7,71.0,6.0,32.74,transit_score,32.74,Derived; see DATA_SOURCES.md for each contributing layer,Scheduled weekday departures from the TransLink GTFS feed within 250 m.
351,CNV-INT-0097,E 9TH ST / MOODY AVE,Grand Boulevard,0,2,13,71.0,6.0,32.74,transit_score,32.74,Derived; see DATA_SOURCES.md for each contributing layer,Scheduled weekday departures from the TransLink GTFS feed within 250 m.
352,CNV-INT-0005,COTTON RD,Moodyville,0,1,6,95.0,12.0,31.64,transit_score,31.64,Derived; see DATA_SOURCES.md for each contributing layer,Scheduled weekday departures from the TransLink GTFS feed within 250 m.
353,CNV-INT-0325,COPPING ST / GOSTICK PL,Marine-Hamilton,0,2,4,10.0,4.0,30.68,transit_score,30.68,Derived; see DATA_SOURCES.md for each contributing layer,Scheduled weekday departures from the TransLink GTFS feed within 250 m.
354,CNV-INT-0318,FELL AVE / HARBOURSIDE DR,Marine-Hamilton,0,2,3,10.0,4.0,30.68,transit_score,30.68,Derived; see DATA_SOURCES.md for each contributing layer,Scheduled weekday departures from the TransLink GTFS feed within 250 m.
355,CNV-INT-0317,HARBOUR WAY / HARBOURSIDE DR,Marine-Hamilton,0,2,3,10.0,4.0,30.68,transit_score,30.68,Derived; see DATA_SOURCES.md for each contributing layer,Scheduled weekday departures from the TransLink GTFS feed within 250 m.
356,CNV-INT-0315,FELL AVE / HARBOUR WAY,Marine-Hamilton,0,2,3,10.0,4.0,30.68,transit_score,30.68,Derived; see DATA_SOURCES.md for each contributing layer,Scheduled weekday departures from the TransLink GTFS feed within 250 m.
357,CNV-INT-0331,FELL AVE / W 1ST ST / W 2ND ST,Marine-Hamilton,0,2,10,10.0,4.0,30.68,transit_score,30.68,Derived; see DATA_SOURCES.md for each contributing layer,Scheduled weekday departures from the TransLink GTFS feed within 250 m.
358,CNV-INT-0330,AUTOMALL DR,Marine-Hamilton,0,2,3,10.0,4.0,30.68,transit_score,30.68,Derived; see DATA_SOURCES.md for each contributing layer,Scheduled weekday departures from the TransLink GTFS feed within 250 m.
359,CNV-INT-0328,AUTOMALL DR,Marine-Hamilton,0,2,3,10.0,4.0,30.68,transit_score,30.68,Derived; see DATA_SOURCES.md for each contributing layer,Scheduled weekday departures from the TransLink GTFS feed within 250 m.
360,CNV-INT-0327,AUTOMALL DR / FELL AVE,Marine-Hamilton,2,2,3,10.0,4.0,30.68,transit_score,30.68,Derived; see DATA_SOURCES.md for each contributing layer,Scheduled weekday departures from the TransLink GTFS feed within 250 m.
361,CNV-INT-0319,GOSTICK PL / HARBOURSIDE DR,Marine-Hamilton,0,2,2,10.0,4.0,30.68,transit_score,30.68,Derived; see DATA_SOURCES.md for each contributing layer,Scheduled weekday departures from the TransLink GTFS feed within 250 m.
362,CNV-INT-0459,FELL AVE / W 21ST ST,Marine-Hamilton,0,1,6,48.0,7.0,29.67,transit_score,29.67,Derived; see DATA_SOURCES.md for each contributing layer,Scheduled weekday departures from the TransLink GTFS feed within 250 m.
363,CNV-INT-0439,FELL AVE / W 17TH ST,Marine-Hamilton,0,1,7,48.0,7.0,29.67,transit_score,29.67,Derived; see DATA_SOURCES.md for each contributing layer,Scheduled weekday departures from the TransLink GTFS feed within 250 m.
364,CNV-INT-0430,FELL AVE / TOBRUCK AVE,Marine-Hamilton,0,1,7,48.0,7.0,29.67,transit_score,29.67,Derived; see DATA_SOURCES.md for each contributing layer,Scheduled weekday departures from the TransLink GTFS feed within 250 m.
365,CNV-INT-0235,MAITLAND AVE / TEMPE CRES,Tempe,0,1,5,57.0,4.0,29.51,transit_score,29.51,Derived; see DATA_SOURCES.md for each contributing layer,Scheduled weekday departures from the TransLink GTFS feed within 250 m.
366,CNV-INT-0015,E 4TH ST / GLADSTONE AVE,Moodyville,0,1,6,37.0,4.0,29.03,transit_score,29.03,Derived; see DATA_SOURCES.md for each contributing layer,Scheduled weekday departures from the TransLink GTFS feed within 250 m.
367,CNV-INT-0314,FELL AVE / HARBOURSIDE PL,Marine-Hamilton,0,1,3,5.0,4.0,27.54,transit_score,27.54,Derived; see DATA_SOURCES.md for each contributing layer,Scheduled weekday departures from the TransLink GTFS feed within 250 m.
368,CNV-INT-0449,W 20TH ST / WOLFE ST,Mahon,0,1,8,1.0,1.0,26.21,transit_score,26.21,Derived; see DATA_SOURCES.md for each contributing layer,Scheduled weekday departures from the TransLink GTFS feed within 250 m.
369,CNV-INT-0323,BEWICKE AVE / COPPING ST,Marine-Hamilton,0,1,7,5.0,0.0,25.32,transit_score,25.32,Derived; see DATA_SOURCES.md for each contributing layer,Scheduled weekday departures from the TransLink GTFS feed within 250 m.
370,CNV-INT-0411,JONES AVE / W 21ST ST,Mahon,1,1,1,2.0,0.0,24.72,transit_score,24.72,Derived; see DATA_SOURCES.md for each contributing layer,Scheduled weekday departures from the TransLink GTFS feed within 250 m.
371,CNV-INT-0415,JONES AVE / LARSON CRES / W 23RD ST,Mahon,0,1,1,2.0,0.0,24.72,transit_score,24.72,Derived; see DATA_SOURCES.md for each contributing layer,Scheduled weekday departures from the TransLink GTFS feed within 250 m.
372,CNV-INT-0417,JONES AVE,Mahon,0,1,1,2.0,0.0,24.72,transit_score,24.72,Derived; see DATA_SOURCES.md for each contributing layer,Scheduled weekday departures from the TransLink GTFS feed within 250 m.
373,CNV-INT-0418,LARSON CRES / LARSON RD,Mahon,0,1,4,2.0,0.0,24.72,transit_score,24.72,Derived; see DATA_SOURCES.md for each contributing layer,Scheduled weekday departures from the TransLink GTFS feed within 250 m.
374,CNV-INT-0413,JONES AVE / W 22ND ST,Mahon,1,1,1,2.0,0.0,24.72,transit_score,24.72,Derived; see DATA_SOURCES.md for each contributing layer,Scheduled weekday departures from the TransLink GTFS feed within 250 m.
375,CNV-INT-0404,MAHON AVE / W 21ST ST,Mahon,0,1,1,2.0,0.0,24.72,transit_score,24.72,Derived; see DATA_SOURCES.md for each contributing layer,Scheduled weekday departures from the TransLink GTFS feed within 250 m.
376,CNV-INT-0403,JONES AVE / W 20TH ST,Mahon,0,1,1,2.0,0.0,24.72,transit_score,24.72,Derived; see DATA_SOURCES.md for each contributing layer,Scheduled weekday departures from the TransLink GTFS feed within 250 m.
377,CNV-INT-0401,JONES AVE / W 19TH ST,Mahon,0,1,1,2.0,0.0,24.72,transit_score,24.72,Derived; see DATA_SOURCES.md for each contributing layer,Scheduled weekday departures from the TransLink GTFS feed within 250 m.
378,CNV-INT-0494,LARSON RD / W 26TH ST,Westview,0,0,6,0.0,0.0,12.76,transit_score,12.76,Derived; see DATA_SOURCES.md for each contributing layer,Scheduled weekday departures from the TransLink GTFS feed within 250 m.
379,CNV-INT-0240,26TH CRES / TEMPE KNOLL DR,Tempe,0,0,2,0.0,0.0,12.76,transit_score,12.76,Derived; see DATA_SOURCES.md for each contributing layer,Scheduled weekday departures from the TransLink GTFS feed within 250 m.
380,CNV-INT-0444,CUMBERLAND CRES / W 19TH ST,Marine-Hamilton,0,0,4,0.0,0.0,12.76,transit_score,12.76,Derived; see DATA_SOURCES.md for each contributing layer,Scheduled weekday departures from the TransLink GTFS feed within 250 m.
381,CNV-INT-0493,LARSON RD / W 25TH ST,Westview,0,0,5,0.0,0.0,12.76,transit_score,12.76,Derived; see DATA_SOURCES.md for each contributing layer,Scheduled weekday departures from the TransLink GTFS feed within 250 m.
382,CNV-INT-0491,UPPER LEVELS HWY,Westview,0,0,3,0.0,0.0,12.76,transit_score,12.76,Derived; see DATA_SOURCES.md for each contributing layer,Scheduled weekday departures from the TransLink GTFS feed within 250 m.
383,CNV-INT-0443,FELL AVE / W 19TH ST,Marine-Hamilton,0,0,7,0.0,0.0,12.76,transit_score,12.76,Derived; see DATA_SOURCES.md for each contributing layer,Scheduled weekday departures from the TransLink GTFS feed within 250 m.
384,CNV-INT-0218,E 22ND ST / ST. ANDREWS AVE,Grand Boulevard,0,0,0,0.0,0.0,12.76,transit_score,12.76,Derived; see DATA_SOURCES.md for each contributing layer,Scheduled weekday departures from the TransLink GTFS feed within 250 m.
385,CNV-INT-0476,MAHON AVE / W 26TH ST,Westview,0,0,3,0.0,0.0,12.76,transit_score,12.76,Derived; see DATA_SOURCES.md for each contributing layer,Scheduled weekday departures from the TransLink GTFS feed within 250 m.
386,CNV-INT-0495,LARSON RD / W 27TH ST,Westview,0,0,9,0.0,0.0,12.76,transit_score,12.76,Derived; see DATA_SOURCES.md for each contributing layer,Scheduled weekday departures from the TransLink GTFS feed within 250 m.
387,CNV-INT-0219,E 21ST ST / RIDGEWAY AVE,Grand Boulevard,0,0,0,0.0,0.0,12.76,transit_score,12.76,Derived; see DATA_SOURCES.md for each contributing layer,Scheduled weekday departures from the TransLink GTFS feed within 250 m.
388,CNV-INT-0205,E 18TH ST / ST. ANDREWS AVE,Central Lonsdale,0,0,3,0.0,0.0,12.76,transit_score,12.76,Derived; see DATA_SOURCES.md for each contributing layer,Scheduled weekday departures from the TransLink GTFS feed within 250 m.
389,CNV-INT-0013,E 3RD ST / HEYWOOD ST,Moodyville,0,0,0,0.0,0.0,12.76,transit_score,12.76,Derived; see DATA_SOURCES.md for each contributing layer,Scheduled weekday departures from the TransLink GTFS feed within 250 m.
390,CNV-INT-0007,COTTON RD / E 3RD ST / LOW LEVEL RD,Moodyville,0,0,3,0.0,0.0,12.76,transit_score,12.76,Derived; see DATA_SOURCES.md for each contributing layer,Scheduled weekday departures from the TransLink GTFS feed within 250 m.
391,CNV-INT-0006,LOW LEVEL RD,Moodyville,0,0,0,0.0,0.0,12.76,transit_score,12.76,Derived; see DATA_SOURCES.md for each contributing layer,Scheduled weekday departures from the TransLink GTFS feed within 250 m.
392,CNV-INT-0244,E 25TH ST / ST. ANDREWS AVE,Tempe,0,0,2,0.0,0.0,12.76,transit_score,12.76,Derived; see DATA_SOURCES.md for each contributing layer,Scheduled weekday departures from the TransLink GTFS feed within 250 m.
393,CNV-INT-0214,E 21ST ST / ST. ANDREWS AVE,Central Lonsdale,0,0,0,0.0,0.0,12.76,transit_score,12.76,Derived; see DATA_SOURCES.md for each contributing layer,Scheduled weekday departures from the TransLink GTFS feed within 250 m.
394,CNV-INT-0245,E 26TH ST / ST. ANDREWS AVE,Tempe,0,0,4,0.0,0.0,12.76,transit_score,12.76,Derived; see DATA_SOURCES.md for each contributing layer,Scheduled weekday departures from the TransLink GTFS feed within 250 m.
395,CNV-INT-0211,E 20TH ST / ST. ANDREWS AVE,Central Lonsdale,0,0,0,0.0,0.0,12.76,transit_score,12.76,Derived; see DATA_SOURCES.md for each contributing layer,Scheduled weekday departures from the TransLink GTFS feed within 250 m.
396,CNV-INT-0014,HEYWOOD ST,Moodyville,0,0,0,0.0,0.0,12.76,transit_score,12.76,Derived; see DATA_SOURCES.md for each contributing layer,Scheduled weekday departures from the TransLink GTFS feed within 250 m.
397,CNV-INT-0012,E 3RD ST / HEYWOOD ST,Moodyville,0,0,0,0.0,0.0,12.76,transit_score,12.76,Derived; see DATA_SOURCES.md for each contributing layer,Scheduled weekday departures from the TransLink GTFS feed within 250 m.
398,CNV-INT-0220,E 23RD ST / ST. ANDREWS AVE,Grand Boulevard,0,0,0,0.0,0.0,12.76,transit_score,12.76,Derived; see DATA_SOURCES.md for each contributing layer,Scheduled weekday departures from the TransLink GTFS feed within 250 m.
399,CNV-INT-0229,VINEDALE RD / WILDING PL / WILDING WAY,Tempe,0,0,5,0.0,0.0,12.76,transit_score,12.76,Derived; see DATA_SOURCES.md for each contributing layer,Scheduled weekday departures from the TransLink GTFS feed within 250 m.
400,CNV-INT-0223,E 24TH ST / ST. GEORGES AVE,Central Lonsdale,0,0,4,0.0,0.0,12.76,transit_score,12.76,Derived; see DATA_SOURCES.md for each contributing layer,Scheduled weekday departures from the TransLink GTFS feed within 250 m.
401,CNV-INT-0478,JONES AVE / W 26TH ST,Westview,0,0,3,0.0,0.0,12.76,transit_score,12.76,Derived; see DATA_SOURCES.md for each contributing layer,Scheduled weekday departures from the TransLink GTFS feed within 250 m.
402,CNV-INT-0475,JONES AVE / W 25TH ST,Westview,0,0,0,0.0,0.0,12.76,transit_score,12.76,Derived; see DATA_SOURCES.md for each contributing layer,Scheduled weekday departures from the TransLink GTFS feed within 250 m.
403,CNV-INT-0474,MAHON AVE / W 25TH ST,Westview,0,0,0,0.0,0.0,12.76,transit_score,12.76,Derived; see DATA_SOURCES.md for each contributing layer,Scheduled weekday departures from the TransLink GTFS feed within 250 m.
404,CNV-INT-0473,CHESTERFIELD AVE / W 25TH ST,Westview,0,0,5,0.0,0.0,12.76,transit_score,12.76,Derived; see DATA_SOURCES.md for each contributing layer,Scheduled weekday departures from the TransLink GTFS feed within 250 m.
405,CNV-INT-0471,UPPER LEVELS HWY / UPPER LEVELS RAMP,Westview,0,0,0,0.0,0.0,12.76,transit_score,12.76,Derived; see DATA_SOURCES.md for each contributing layer,Scheduled weekday departures from the TransLink GTFS feed within 250 m.
406,CNV-INT-0479,MAHON AVE / W 27TH ST,Westview,0,0,5,0.0,0.0,12.76,transit_score,12.76,Derived; see DATA_SOURCES.md for each contributing layer,Scheduled weekday departures from the TransLink GTFS feed within 250 m.
407,CNV-INT-0470,CHESTERFIELD AVE / W 24TH ST,Central Lonsdale,0,0,4,0.0,0.0,12.76,transit_score,12.76,Derived; see DATA_SOURCES.md for each contributing layer,Scheduled weekday departures from the TransLink GTFS feed within 250 m.
408,CNV-INT-0469,ALDEN LANE / W 23RD ST,,0,0,2,0.0,0.0,12.76,transit_score,12.76,Derived; see DATA_SOURCES.md for each contributing layer,Scheduled weekday departures from the TransLink GTFS feed within 250 m.
409,CNV-INT-0227,UPPER LEVELS HWY / UPPER LEVELS RAMP,Grand Boulevard,0,0,0,0.0,0.0,12.76,transit_score,12.76,Derived; see DATA_SOURCES.md for each contributing layer,Scheduled weekday departures from the TransLink GTFS feed within 250 m.
410,CNV-INT-0010,E 3RD ST,Moodyville,0,0,0,0.0,0.0,12.76,transit_score,12.76,Derived; see DATA_SOURCES.md for each contributing layer,Scheduled weekday departures from the TransLink GTFS feed within 250 m.
411,CNV-INT-0231,E 24TH ST / RIDGEWAY AVE,Grand Boulevard,0,0,0,0.0,0.0,12.76,transit_score,12.76,Derived; see DATA_SOURCES.md for each contributing layer,Scheduled weekday departures from the TransLink GTFS feed within 250 m.
412,CNV-INT-0467,ALDEN LANE / WESTMORELAND CRES,Marine-Hamilton,0,0,5,0.0,0.0,12.76,transit_score,12.76,Derived; see DATA_SOURCES.md for each contributing layer,Scheduled weekday departures from the TransLink GTFS feed within 250 m.
413,CNV-INT-0232,E 25TH ST / RIDGEWAY AVE,Tempe,0,0,1,0.0,0.0,12.76,transit_score,12.76,Derived; see DATA_SOURCES.md for each contributing layer,Scheduled weekday departures from the TransLink GTFS feed within 250 m.
414,CNV-INT-0011,E 3RD ST / KENNARD AVE,Moodyville,0,0,0,0.0,0.0,12.76,transit_score,12.76,Derived; see DATA_SOURCES.md for each contributing layer,Scheduled weekday departures from the TransLink GTFS feed within 250 m.
415,CNV-INT-0233,TEMPE GLEN DR / TEMPE KNOLL DR,Tempe,0,0,2,0.0,0.0,12.76,transit_score,12.76,Derived; see DATA_SOURCES.md for each contributing layer,Scheduled weekday departures from the TransLink GTFS feed within 250 m.
416,CNV-INT-0463,EDGEMONT BLVD / WESTMORELAND CRES,Marine-Hamilton,0,0,1,0.0,0.0,12.76,transit_score,12.76,Derived; see DATA_SOURCES.md for each contributing layer,Scheduled weekday departures from the TransLink GTFS feed within 250 m.
417,CNV-INT-0462,EDGEMONT BLVD / W 21ST ST,Marine-Hamilton,0,0,4,0.0,0.0,12.76,transit_score,12.76,Derived; see DATA_SOURCES.md for each contributing layer,Scheduled weekday departures from the TransLink GTFS feed within 250 m.
418,CNV-INT-0461,HAMILTON AVE / W 21ST ST,Marine-Hamilton,0,0,5,0.0,0.0,12.76,transit_score,12.76,Derived; see DATA_SOURCES.md for each contributing layer,Scheduled weekday departures from the TransLink GTFS feed within 250 m.
419,CNV-INT-0460,NEILSON AVE / W 21ST ST,Marine-Hamilton,0,0,0,0.0,0.0,12.76,transit_score,12.76,Derived; see DATA_SOURCES.md for each contributing layer,Scheduled weekday departures from the TransLink GTFS feed within 250 m.
420,CNV-INT-0225,E UPPER LEVELS HWY / ST. GEORGES AVE / UPPER LEVELS RAMP,Central Lonsdale,0,0,5,0.0,0.0,12.76,transit_score,12.76,Derived; see DATA_SOURCES.md for each contributing layer,Scheduled weekday departures from the TransLink GTFS feed within 250 m.
421,CNV-INT-0009,COTTON RD / E 3RD ST,Moodyville,0,0,5,0.0,0.0,12.76,transit_score,12.76,Derived; see DATA_SOURCES.md for each contributing layer,Scheduled weekday departures from the TransLink GTFS feed within 250 m.
422,CNV-INT-0008,COTTON RD / E 3RD ST / LOW LEVEL RD,Moodyville,0,0,0,0.0,0.0,12.76,transit_score,12.76,Derived; see DATA_SOURCES.md for each contributing layer,Scheduled weekday departures from the TransLink GTFS feed within 250 m.
423,CNV-INT-0457,NEILSON AVE / W 20TH ST,Marine-Hamilton,0,0,2,0.0,0.0,12.76,transit_score,12.76,Derived; see DATA_SOURCES.md for each contributing layer,Scheduled weekday departures from the TransLink GTFS feed within 250 m.
424,CNV-INT-0456,FELL AVE / W 20TH ST,Marine-Hamilton,0,0,6,0.0,0.0,12.76,transit_score,12.76,Derived; see DATA_SOURCES.md for each contributing layer,Scheduled weekday departures from the TransLink GTFS feed within 250 m.
425,CNV-INT-0455,NEILSON AVE / W 19TH ST,Marine-Hamilton,0,0,3,0.0,0.0,12.76,transit_score,12.76,Derived; see DATA_SOURCES.md for each contributing layer,Scheduled weekday departures from the TransLink GTFS feed within 250 m.
426,CNV-INT-0485,JONES AVE / W 27TH ST,Westview,0,0,6,0.0,0.0,12.76,transit_score,12.76,Derived; see DATA_SOURCES.md for each contributing layer,Scheduled weekday departures from the TransLink GTFS feed within 250 m.
427,CNV-INT-0234,E 26TH ST / RIDGEWAY AVE,Tempe,0,0,4,0.0,0.0,12.76,transit_score,12.76,Derived; see DATA_SOURCES.md for each contributing layer,Scheduled weekday departures from the TransLink GTFS feed within 250 m.
428,CNV-INT-0224,E 24TH ST / ST. ANDREWS AVE,Central Lonsdale,0,0,0,0.0,0.0,12.76,transit_score,12.76,Derived; see DATA_SOURCES.md for each contributing layer,Scheduled weekday departures from the TransLink GTFS feed within 250 m.
429,CNV-INT-0452,LARSON RD / W 21ST ST,Mahon,0,0,7,0.0,0.0,12.76,transit_score,12.76,Derived; see DATA_SOURCES.md for each contributing layer,Scheduled weekday departures from the TransLink GTFS feed within 250 m.
430,CNV-INT-0230,26TH CRES / E 26TH ST / WILDING WAY,Tempe,0,0,6,0.0,0.0,12.76,transit_score,12.76,Derived; see DATA_SOURCES.md for each contributing layer,Scheduled weekday departures from the TransLink GTFS feed within 250 m.
431,CNV-INT-0309,CHESTERFIELD AVE / W KEITH RD,Lower Lonsdale,0,0,6,0.0,0.0,12.76,transit_score,12.76,Derived; see DATA_SOURCES.md for each contributing layer,Scheduled weekday departures from the TransLink GTFS feed within 250 m.
432,CNV-INT-0017,E 4TH ST / KENNARD AVE,Moodyville,0,0,0,0.0,0.0,12.76,transit_score,12.76,Derived; see DATA_SOURCES.md for each contributing layer,Scheduled weekday departures from the TransLink GTFS feed within 250 m.
433,CNV-INT-0018,E 4TH ST / HEYWOOD ST,Moodyville,0,0,0,0.0,0.0,12.76,transit_score,12.76,Derived; see DATA_SOURCES.md for each contributing layer,Scheduled weekday departures from the TransLink GTFS feed within 250 m.
434,CNV-INT-0295,CHESTERFIELD AVE / W 6TH ST,Lower Lonsdale,0,0,12,0.0,0.0,12.76,transit_score,12.76,Derived; see DATA_SOURCES.md for each contributing layer,Scheduled weekday departures from the TransLink GTFS feed within 250 m.
435,CNV-INT-0294,CHESTERFIELD AVE / W 6TH ST,Lower Lonsdale,0,0,9,0.0,0.0,12.76,transit_score,12.76,Derived; see DATA_SOURCES.md for each contributing layer,Scheduled weekday departures from the TransLink GTFS feed within 250 m.
436,CNV-INT-0140,E 16TH ST / RUFUS AVE,Grand Boulevard,0,0,0,0.0,0.0,12.76,transit_score,12.76,Derived; see DATA_SOURCES.md for each contributing layer,Scheduled weekday departures from the TransLink GTFS feed within 250 m.
437,CNV-INT-0141,E 16TH ST / WILLIAM AVE,Grand Boulevard,0,0,0,0.0,0.0,12.76,transit_score,12.76,Derived; see DATA_SOURCES.md for each contributing layer,Scheduled weekday departures from the TransLink GTFS feed within 250 m.
438,CNV-INT-0142,E 17TH ST / RUFUS AVE,Grand Boulevard,0,0,0,0.0,0.0,12.76,transit_score,12.76,Derived; see DATA_SOURCES.md for each contributing layer,Scheduled weekday departures from the TransLink GTFS feed within 250 m.
439,CNV-INT-0143,E 17TH ST / WILLIAM AVE,Grand Boulevard,0,0,0,0.0,0.0,12.76,transit_score,12.76,Derived; see DATA_SOURCES.md for each contributing layer,Scheduled weekday departures from the TransLink GTFS feed within 250 m.
440,CNV-INT-0144,UPPER LEVELS HWY / UPPER LEVELS RAMP,Grand Boulevard,0,0,3,0.0,0.0,12.76,transit_score,12.76,Derived; see DATA_SOURCES.md for each contributing layer,Scheduled weekday departures from the TransLink GTFS feed within 250 m.
441,CNV-INT-0153,CEDAR VILLAGE CRES / RUFUS DR,Cedar Village,0,0,0,0.0,0.0,12.76,transit_score,12.76,Derived; see DATA_SOURCES.md for each contributing layer,Scheduled weekday departures from the TransLink GTFS feed within 250 m.
442,CNV-INT-0154,E 18TH ST / WILLIAM AVE,Grand Boulevard,0,0,0,0.0,0.0,12.76,transit_score,12.76,Derived; see DATA_SOURCES.md for each contributing layer,Scheduled weekday departures from the TransLink GTFS feed within 250 m.
443,CNV-INT-0155,CEDAR VILLAGE CL / CEDAR VILLAGE CRES,Cedar Village,0,0,3,0.0,0.0,12.76,transit_score,12.76,Derived; see DATA_SOURCES.md for each contributing layer,Scheduled weekday departures from the TransLink GTFS feed within 250 m.
444,CNV-INT-0156,CASANO DR / RUFUS DR,Cedar Village,0,0,0,0.0,0.0,12.76,transit_score,12.76,Derived; see DATA_SOURCES.md for each contributing layer,Scheduled weekday departures from the TransLink GTFS feed within 250 m.
445,CNV-INT-0157,E 18TH ST / MOODY AVE,Grand Boulevard,0,0,7,0.0,0.0,12.76,transit_score,12.76,Derived; see DATA_SOURCES.md for each contributing layer,Scheduled weekday departures from the TransLink GTFS feed within 250 m.
446,CNV-INT-0371,FORBES AVE / W 16TH ST,Mahon,0,0,7,0.0,0.0,12.76,transit_score,12.76,Derived; see DATA_SOURCES.md for each contributing layer,Scheduled weekday departures from the TransLink GTFS feed within 250 m.
447,CNV-INT-0158,E 18TH ST / RIDGEWAY AVE,Grand Boulevard,0,0,4,0.0,0.0,12.76,transit_score,12.76,Derived; see DATA_SOURCES.md for each contributing layer,Scheduled weekday departures from the TransLink GTFS feed within 250 m.
448,CNV-INT-0159,E 19TH ST / GRAND BLVD / MOODY AVE,Grand Boulevard,0,0,4,0.0,0.0,12.76,transit_score,12.76,Derived; see DATA_SOURCES.md for each contributing layer,Scheduled weekday departures from the TransLink GTFS feed within 250 m.
449,CNV-INT-0352,MACKAY RD / W 3RD ST,Marine-Hamilton,0,0,2,0.0,0.0,12.76,transit_score,12.76,Derived; see DATA_SOURCES.md for each contributing layer,Scheduled weekday departures from the TransLink GTFS feed within 250 m.
450,CNV-INT-0351,HANES AVE / W 3RD ST,Marine-Hamilton,0,0,5,0.0,0.0,12.76,transit_score,12.76,Derived; see DATA_SOURCES.md for each contributing layer,Scheduled weekday departures from the TransLink GTFS feed within 250 m.
451,CNV-INT-0129,E 15TH ST / WILLIAM AVE,Grand Boulevard,0,0,0,0.0,0.0,12.76,transit_score,12.76,Derived; see DATA_SOURCES.md for each contributing layer,Scheduled weekday departures from the TransLink GTFS feed within 250 m.
452,CNV-INT-0108,E 10TH ST / RIDGEWAY AVE,Central Lonsdale,0,0,4,0.0,0.0,12.76,transit_score,12.76,Derived; see DATA_SOURCES.md for each contributing layer,Scheduled weekday departures from the TransLink GTFS feed within 250 m.
453,CNV-INT-0114,E 11TH ST / RIDGEWAY AVE,Central Lonsdale,0,0,0,0.0,0.0,12.76,transit_score,12.76,Derived; see DATA_SOURCES.md for each contributing layer,Scheduled weekday departures from the TransLink GTFS feed within 250 m.
454,CNV-INT-0113,E 11TH ST / MOODY AVE,Grand Boulevard,0,0,6,0.0,0.0,12.76,transit_score,12.76,Derived; see DATA_SOURCES.md for each contributing layer,Scheduled weekday departures from the TransLink GTFS feed within 250 m.
455,CNV-INT-0116,E 12TH ST / MOODY AVE,Grand Boulevard,0,0,7,0.0,0.0,12.76,transit_score,12.76,Derived; see DATA_SOURCES.md for each contributing layer,Scheduled weekday departures from the TransLink GTFS feed within 250 m.
456,CNV-INT-0111,E 10TH ST / MOODY AVE,Grand Boulevard,0,0,7,0.0,0.0,12.76,transit_score,12.76,Derived; see DATA_SOURCES.md for each contributing layer,Scheduled weekday departures from the TransLink GTFS feed within 250 m.
457,CNV-INT-0109,E 10TH ST / ST. ANDREWS AVE,Central Lonsdale,0,0,6,0.0,0.0,12.76,transit_score,12.76,Derived; see DATA_SOURCES.md for each contributing layer,Scheduled weekday departures from the TransLink GTFS feed within 250 m.
458,CNV-INT-0332,DONAGHY AVE / W 1ST ST,Marine-Hamilton,0,0,5,0.0,0.0,12.76,transit_score,12.76,Derived; see DATA_SOURCES.md for each contributing layer,Scheduled weekday departures from the TransLink GTFS feed within 250 m.
459,CNV-INT-0120,E 11TH ST / ST. ANDREWS AVE,Central Lonsdale,0,0,2,0.0,0.0,12.76,transit_score,12.76,Derived; see DATA_SOURCES.md for each contributing layer,Scheduled weekday departures from the TransLink GTFS feed within 250 m.
460,CNV-INT-0128,E 15TH ST / RUFUS AVE,Grand Boulevard,0,0,0,0.0,0.0,12.76,transit_score,12.76,Derived; see DATA_SOURCES.md for each contributing layer,Scheduled weekday departures from the TransLink GTFS feed within 250 m.
461,CNV-INT-0122,E 12TH ST / ST. GEORGES AVE,Central Lonsdale,0,0,9,0.0,0.0,12.76,transit_score,12.76,Derived; see DATA_SOURCES.md for each contributing layer,Scheduled weekday departures from the TransLink GTFS feed within 250 m.
462,CNV-INT-0123,E 12TH ST / ST. ANDREWS AVE,Central Lonsdale,0,0,3,0.0,0.0,12.76,transit_score,12.76,Derived; see DATA_SOURCES.md for each contributing layer,Scheduled weekday departures from the TransLink GTFS feed within 250 m.
463,CNV-INT-0125,E 14TH ST / WILLIAM AVE,,0,0,0,0.0,0.0,12.76,transit_score,12.76,Derived; see DATA_SOURCES.md for each contributing layer,Scheduled weekday departures from the TransLink GTFS feed within 250 m.
464,CNV-INT-0126,E 14TH ST / RUFUS AVE,,0,0,0,0.0,0.0,12.76,transit_score,12.76,Derived; see DATA_SOURCES.md for each contributing layer,Scheduled weekday departures from the TransLink GTFS feed within 250 m.
465,CNV-INT-0347,HANES AVE / W 1ST ST,Marine-Hamilton,0,0,2,0.0,0.0,12.76,transit_score,12.76,Derived; see DATA_SOURCES.md for each contributing layer,Scheduled weekday departures from the TransLink GTFS feed within 250 m.
466,CNV-INT-0348,MACKAY RD / W 1ST ST,Marine-Hamilton,0,0,0,0.0,0.0,12.76,transit_score,12.76,Derived; see DATA_SOURCES.md for each contributing layer,Scheduled weekday departures from the TransLink GTFS feed within 250 m.
467,CNV-INT-0073,E ESPLANADE / ST. PATRICKS AVE,Lower Lonsdale,0,0,3,0.0,0.0,12.76,transit_score,12.76,Derived; see DATA_SOURCES.md for each contributing layer,Scheduled weekday departures from the TransLink GTFS feed within 250 m.
468,CNV-INT-0071,ALDER ST / ST. PATRICKS AVE,Lower Lonsdale,0,0,3,0.0,0.0,12.76,transit_score,12.76,Derived; see DATA_SOURCES.md for each contributing layer,Scheduled weekday departures from the TransLink GTFS feed within 250 m.
469,CNV-INT-0161,E 19TH ST / RIDGEWAY AVE,Grand Boulevard,0,0,0,0.0,0.0,12.76,transit_score,12.76,Derived; see DATA_SOURCES.md for each contributing layer,Scheduled weekday departures from the TransLink GTFS feed within 250 m.
470,CNV-INT-0414,MAHON AVE / W 23RD ST,Mahon,0,0,1,0.0,0.0,12.76,transit_score,12.76,Derived; see DATA_SOURCES.md for each contributing layer,Scheduled weekday departures from the TransLink GTFS feed within 250 m.
471,CNV-INT-0038,E 5TH ST / HENDRY AVE,Moodyville,0,0,6,0.0,0.0,12.76,transit_score,12.76,Derived; see DATA_SOURCES.md for each contributing layer,Scheduled weekday departures from the TransLink GTFS feed within 250 m.
472,CNV-INT-0180,E 12TH ST / RIDGEWAY AVE,Central Lonsdale,0,0,3,0.0,0.0,12.76,transit_score,12.76,Derived; see DATA_SOURCES.md for each contributing layer,Scheduled weekday departures from the TransLink GTFS feed within 250 m.
473,CNV-INT-0002,LOW LEVEL RD,Moodyville,0,0,2,0.0,0.0,12.76,transit_score,12.76,Derived; see DATA_SOURCES.md for each contributing layer,Scheduled weekday departures from the TransLink GTFS feed within 250 m.
474,CNV-INT-0308,CHESTERFIELD AVE / W 6TH ST,Lower Lonsdale,0,0,9,0.0,0.0,12.76,transit_score,12.76,Derived; see DATA_SOURCES.md for each contributing layer,Scheduled weekday departures from the TransLink GTFS feed within 250 m.
475,CNV-INT-0249,E 25TH ST / ST. GEORGES AVE,Tempe,0,0,6,0.0,0.0,12.76,transit_score,12.76,Derived; see DATA_SOURCES.md for each contributing layer,Scheduled weekday departures from the TransLink GTFS feed within 250 m.
476,CNV-INT-0412,MAHON AVE / W 22ND ST,Mahon,0,0,1,0.0,0.0,12.76,transit_score,12.76,Derived; see DATA_SOURCES.md for each contributing layer,Scheduled weekday departures from the TransLink GTFS feed within 250 m.
477,CNV-INT-0416,MAHON AVE / W 24TH ST,Mahon,0,0,1,0.0,0.0,12.76,transit_score,12.76,Derived; see DATA_SOURCES.md for each contributing layer,Scheduled weekday departures from the TransLink GTFS feed within 250 m.
478,CNV-INT-0400,MAHON AVE / W 19TH ST,Mahon,0,0,1,0.0,0.0,12.76,transit_score,12.76,Derived; see DATA_SOURCES.md for each contributing layer,Scheduled weekday departures from the TransLink GTFS feed within 250 m.
479,CNV-INT-0419,LARSON RD / W 23RD ST,Mahon,0,0,3,0.0,0.0,12.76,transit_score,12.76,Derived; see DATA_SOURCES.md for each contributing layer,Scheduled weekday departures from the TransLink GTFS feed within 250 m.
480,CNV-INT-0420,JONES AVE / W 24TH ST,Mahon,0,0,1,0.0,0.0,12.76,transit_score,12.76,Derived; see DATA_SOURCES.md for each contributing layer,Scheduled weekday departures from the TransLink GTFS feed within 250 m.
481,CNV-INT-0421,LARSON RD / W 24TH ST,Mahon,0,0,5,0.0,0.0,12.76,transit_score,12.76,Derived; see DATA_SOURCES.md for each contributing layer,Scheduled weekday departures from the TransLink GTFS feed within 250 m.
482,CNV-INT-0248,E 25TH ST,Tempe,0,0,8,0.0,0.0,12.76,transit_score,12.76,Derived; see DATA_SOURCES.md for each contributing layer,Scheduled weekday departures from the TransLink GTFS feed within 250 m.
483,CNV-INT-0021,HENDRY AVE / SHAVINGTON ST,Moodyville,0,0,2,0.0,0.0,12.76,transit_score,12.76,Derived; see DATA_SOURCES.md for each contributing layer,Scheduled weekday departures from the TransLink GTFS feed within 250 m.
484,CNV-INT-0019,E 4TH ST / HENDRY AVE,Moodyville,0,0,2,0.0,0.0,12.76,transit_score,12.76,Derived; see DATA_SOURCES.md for each contributing layer,Scheduled weekday departures from the TransLink GTFS feed within 250 m.
485,CNV-INT-0402,MAHON AVE / W 20TH ST,Mahon,0,0,1,0.0,0.0,12.76,transit_score,12.76,Derived; see DATA_SOURCES.md for each contributing layer,Scheduled weekday departures from the TransLink GTFS feed within 250 m.
486,CNV-INT-0399,JONES AVE / W 18TH ST,Mahon,0,0,4,0.0,0.0,12.76,transit_score,12.76,Derived; see DATA_SOURCES.md for each contributing layer,Scheduled weekday departures from the TransLink GTFS feed within 250 m.
487,CNV-INT-0069,E ESPLANADE / LOW LEVEL RD,Lower Lonsdale,0,0,4,0.0,0.0,12.76,transit_score,12.76,Derived; see DATA_SOURCES.md for each contributing layer,Scheduled weekday departures from the TransLink GTFS feed within 250 m.
488,CNV-INT-0172,E 23RD ST / GRAND BLVD,Grand Boulevard,0,0,0,0.0,0.0,12.76,transit_score,12.76,Derived; see DATA_SOURCES.md for each contributing layer,Scheduled weekday departures from the TransLink GTFS feed within 250 m.
489,CNV-INT-0163,E 20TH ST / MOODY AVE,Grand Boulevard,0,0,2,0.0,0.0,12.76,transit_score,12.76,Derived; see DATA_SOURCES.md for each contributing layer,Scheduled weekday departures from the TransLink GTFS feed within 250 m.
490,CNV-INT-0067,E 1ST ST / E ST. DAVIDS AVE / ST. DAVIDS AVE,Lower Lonsdale,0,0,4,0.0,0.0,12.76,transit_score,12.76,Derived; see DATA_SOURCES.md for each contributing layer,Scheduled weekday departures from the TransLink GTFS feed within 250 m.
491,CNV-INT-0066,E 1ST ST / E ST. DAVIDS AVE,Lower Lonsdale,0,0,4,0.0,0.0,12.76,transit_score,12.76,Derived; see DATA_SOURCES.md for each contributing layer,Scheduled weekday departures from the TransLink GTFS feed within 250 m.
492,CNV-INT-0065,ALDER ST / E ST. DAVIDS AVE,Lower Lonsdale,0,0,2,0.0,0.0,12.76,transit_score,12.76,Derived; see DATA_SOURCES.md for each contributing layer,Scheduled weekday departures from the TransLink GTFS feed within 250 m.
493,CNV-INT-0169,E 20TH ST / RIDGEWAY AVE,Grand Boulevard,0,0,0,0.0,0.0,12.76,transit_score,12.76,Derived; see DATA_SOURCES.md for each contributing layer,Scheduled weekday departures from the TransLink GTFS feed within 250 m.
494,CNV-INT-0171,E 21ST ST / MOODY AVE,Grand Boulevard,0,0,2,0.0,0.0,12.76,transit_score,12.76,Derived; see DATA_SOURCES.md for each contributing layer,Scheduled weekday departures from the TransLink GTFS feed within 250 m.
495,CNV-INT-0173,E 22ND ST / MOODY AVE,Grand Boulevard,0,0,0,0.0,0.0,12.76,transit_score,12.76,Derived; see DATA_SOURCES.md for each contributing layer,Scheduled weekday departures from the TransLink GTFS feed within 250 m.
496,CNV-INT-0398,MAHON AVE / W 18TH ST,Mahon,0,0,3,0.0,0.0,12.76,transit_score,12.76,Derived; see DATA_SOURCES.md for each contributing layer,Scheduled weekday departures from the TransLink GTFS feed within 250 m.
497,CNV-INT-0175,E 22ND ST / RIDGEWAY AVE,Grand Boulevard,0,0,0,0.0,0.0,12.76,transit_score,12.76,Derived; see DATA_SOURCES.md for each contributing layer,Scheduled weekday departures from the TransLink GTFS feed within 250 m.
498,CNV-INT-0176,E 23RD ST / RIDGEWAY AVE,Grand Boulevard,0,0,0,0.0,0.0,12.76,transit_score,12.76,Derived; see DATA_SOURCES.md for each contributing layer,Scheduled weekday departures from the TransLink GTFS feed within 250 m.
499,CNV-INT-0040,CLOVERLEY ST / HENDRY AVE,Moodyville,0,0,8,0.0,0.0,12.76,transit_score,12.76,Derived; see DATA_SOURCES.md for each contributing layer,Scheduled weekday departures from the TransLink GTFS feed within 250 m.
500,CNV-INT-0263,E ESPLANADE / ST. GEORGES AVE,Lower Lonsdale,0,0,9,0.0,0.0,12.76,transit_score,12.76,Derived; see DATA_SOURCES.md for each contributing layer,Scheduled weekday departures from the TransLink GTFS feed within 250 m.
501,CNV-INT-0262,ST. GEORGES AVE / VICTORY SHIP WAY,Lower Lonsdale,0,0,4,0.0,0.0,12.76,transit_score,12.76,Derived; see DATA_SOURCES.md for each contributing layer,Scheduled weekday departures from the TransLink GTFS feed within 250 m.
502,CNV-INT-0258,E ESPLANADE / ST. ANDREWS AVE,Lower Lonsdale,0,0,4,0.0,0.0,12.76,transit_score,12.76,Derived; see DATA_SOURCES.md for each contributing layer,Scheduled weekday departures from the TransLink GTFS feed within 250 m.
503,CNV-INT-0208,E 19TH ST / ST. ANDREWS AVE,Central Lonsdale,0,0,0,0.0,0.0,12.76,transit_score,12.76,Derived; see DATA_SOURCES.md for each contributing layer,Scheduled weekday departures from the TransLink GTFS feed within 250 m.
