rank,intersection_id,street_names,neighbourhood,road_hierarchy_score,transit_score,pedestrian_proxy_score,parking_access_score,intersection_prominence_score,public_space_composite,components_available,composite_rank,safety_score,collision_count,collision_data_available,nearest_traffic_volume,traffic_volume_available,metric,value,source,methodology_note
1,CNV-INT-0385,E 15TH ST / LONSDALE AVE / W 15TH ST,Central Lonsdale,87.48,95.32,94.55,88.23,86.02,90.32,5,1.0,0.76,104.0,True,,False,public_space_composite,90.32,Derived; see DATA_SOURCES.md for each contributing layer,"Unweighted mean of full-coverage 0-100 percentile-rank components. Neutral public-space measure containing no political variable. safety_score and nearest_traffic_volume are reported as separate columns, NOT folded into the composite, because their coverage is partial."
2,CNV-INT-0273,E 3RD ST / LONSDALE AVE / W 3RD ST,Lower Lonsdale,87.48,97.57,95.88,74.61,86.02,88.31,5,2.0,1.15,102.0,True,,False,public_space_composite,88.31,Derived; see DATA_SOURCES.md for each contributing layer,"Unweighted mean of full-coverage 0-100 percentile-rank components. Neutral public-space measure containing no political variable. safety_score and nearest_traffic_volume are reported as separate columns, NOT folded into the composite, because their coverage is partial."
3,CNV-INT-0188,E 13TH ST / LONSDALE AVE / W 13TH ST,Central Lonsdale,87.48,88.15,90.72,87.17,86.02,87.91,5,3.0,1.91,85.0,True,,False,public_space_composite,87.91,Derived; see DATA_SOURCES.md for each contributing layer,"Unweighted mean of full-coverage 0-100 percentile-rank components. Neutral public-space measure containing no political variable. safety_score and nearest_traffic_volume are reported as separate columns, NOT folded into the composite, because their coverage is partial."
4,CNV-INT-0124,E 12TH ST / LONSDALE AVE / W 12TH ST,Central Lonsdale,87.48,84.35,92.12,81.9,86.02,86.37,5,4.0,19.27,22.0,True,,False,public_space_composite,86.37,Derived; see DATA_SOURCES.md for each contributing layer,"Unweighted mean of full-coverage 0-100 percentile-rank components. Neutral public-space measure containing no political variable. safety_score and nearest_traffic_volume are reported as separate columns, NOT folded into the composite, because their coverage is partial."
5,CNV-INT-0281,E 4TH ST / LONSDALE AVE / W 4TH ST,Lower Lonsdale,87.48,94.74,90.86,70.38,86.02,85.9,5,5.0,16.6,25.0,True,,False,public_space_composite,85.9,Derived; see DATA_SOURCES.md for each contributing layer,"Unweighted mean of full-coverage 0-100 percentile-rank components. Neutral public-space measure containing no political variable. safety_score and nearest_traffic_volume are reported as separate columns, NOT folded into the composite, because their coverage is partial."
6,CNV-INT-0389,E 17TH ST / LONSDALE AVE / W 17TH ST,Central Lonsdale,87.48,91.76,89.35,74.13,86.02,85.75,5,6.0,2.86,74.0,True,,False,public_space_composite,85.75,Derived; see DATA_SOURCES.md for each contributing layer,"Unweighted mean of full-coverage 0-100 percentile-rank components. Neutral public-space measure containing no political variable. safety_score and nearest_traffic_volume are reported as separate columns, NOT folded into the composite, because their coverage is partial."
7,CNV-INT-0272,E 2ND ST / LONSDALE AVE / W 2ND ST,Lower Lonsdale,87.48,95.09,95.69,69.96,75.96,84.84,5,7.0,11.64,31.0,True,,False,public_space_composite,84.84,Derived; see DATA_SOURCES.md for each contributing layer,"Unweighted mean of full-coverage 0-100 percentile-rank components. Neutral public-space measure containing no political variable. safety_score and nearest_traffic_volume are reported as separate columns, NOT folded into the composite, because their coverage is partial."
8,CNV-INT-0121,E 11TH ST / LONSDALE AVE / W 8TH ST,Lower Lonsdale,87.48,80.92,87.9,80.86,86.02,84.64,5,8.0,26.15,16.0,True,,False,public_space_composite,84.64,Derived; see DATA_SOURCES.md for each contributing layer,"Unweighted mean of full-coverage 0-100 percentile-rank components. Neutral public-space measure containing no political variable. safety_score and nearest_traffic_volume are reported as separate columns, NOT folded into the composite, because their coverage is partial."
9,CNV-INT-0277,CHESTERFIELD AVE / W ESPLANADE,Lower Lonsdale,87.48,97.29,91.65,66.02,76.4,83.77,5,9.0,15.46,27.0,True,,False,public_space_composite,83.77,Derived; see DATA_SOURCES.md for each contributing layer,"Unweighted mean of full-coverage 0-100 percentile-rank components. Neutral public-space measure containing no political variable. safety_score and nearest_traffic_volume are reported as separate columns, NOT folded into the composite, because their coverage is partial."
10,CNV-INT-0405,E 21ST ST / LONSDALE AVE / W 21ST ST,Central Lonsdale,87.48,87.18,83.16,73.51,86.02,83.47,5,10.0,2.29,76.0,True,,False,public_space_composite,83.47,Derived; see DATA_SOURCES.md for each contributing layer,"Unweighted mean of full-coverage 0-100 percentile-rank components. Neutral public-space measure containing no political variable. safety_score and nearest_traffic_volume are reported as separate columns, NOT folded into the composite, because their coverage is partial."
11,CNV-INT-0266,E ESPLANADE / LONSDALE AVE / W ESPLANADE,Lower Lonsdale,87.48,97.6,86.79,59.25,86.02,83.43,5,11.0,8.59,46.0,True,,False,public_space_composite,83.43,Derived; see DATA_SOURCES.md for each contributing layer,"Unweighted mean of full-coverage 0-100 percentile-rank components. Neutral public-space measure containing no political variable. safety_score and nearest_traffic_volume are reported as separate columns, NOT folded into the composite, because their coverage is partial."
12,CNV-INT-0383,E 14TH ST / LONSDALE AVE,Central Lonsdale,87.48,95.83,89.8,85.08,57.83,83.2,5,12.0,7.25,53.0,True,,False,public_space_composite,83.2,Derived; see DATA_SOURCES.md for each contributing layer,"Unweighted mean of full-coverage 0-100 percentile-rank components. Neutral public-space measure containing no political variable. safety_score and nearest_traffic_volume are reported as separate columns, NOT folded into the composite, because their coverage is partial."
13,CNV-INT-0376,CHESTERFIELD AVE / W 13TH ST,Central Lonsdale,87.48,76.06,86.48,89.06,76.4,83.1,5,13.0,7.82,52.0,True,,False,public_space_composite,83.1,Derived; see DATA_SOURCES.md for each contributing layer,"Unweighted mean of full-coverage 0-100 percentile-rank components. Neutral public-space measure containing no political variable. safety_score and nearest_traffic_volume are reported as separate columns, NOT folded into the composite, because their coverage is partial."
14,CNV-INT-0270,E 1ST ST / LONSDALE AVE / W 1ST ST,Lower Lonsdale,87.48,94.38,92.52,64.31,75.96,82.93,5,14.0,9.35,42.0,True,,False,public_space_composite,82.93,Derived; see DATA_SOURCES.md for each contributing layer,"Unweighted mean of full-coverage 0-100 percentile-rank components. Neutral public-space measure containing no political variable. safety_score and nearest_traffic_volume are reported as separate columns, NOT folded into the composite, because their coverage is partial."
15,CNV-INT-0387,LONSDALE AVE / W 16TH ST,Central Lonsdale,87.48,95.07,89.27,79.71,57.83,81.87,5,15.0,6.11,56.0,True,,False,public_space_composite,81.87,Derived; see DATA_SOURCES.md for each contributing layer,"Unweighted mean of full-coverage 0-100 percentile-rank components. Neutral public-space measure containing no political variable. safety_score and nearest_traffic_volume are reported as separate columns, NOT folded into the composite, because their coverage is partial."
16,CNV-INT-0209,E 19TH ST / LONSDALE AVE / W 19TH ST,Central Lonsdale,87.48,77.46,82.67,73.16,86.02,81.36,5,16.0,5.15,59.0,True,,False,public_space_composite,81.36,Derived; see DATA_SOURCES.md for each contributing layer,"Unweighted mean of full-coverage 0-100 percentile-rank components. Neutral public-space measure containing no political variable. safety_score and nearest_traffic_volume are reported as separate columns, NOT folded into the composite, because their coverage is partial."
17,CNV-INT-0301,E KEITH RD / LONSDALE AVE / W KEITH RD,Lower Lonsdale,87.48,78.81,84.22,69.82,86.02,81.27,5,17.0,9.92,41.0,True,,False,public_space_composite,81.27,Derived; see DATA_SOURCES.md for each contributing layer,"Unweighted mean of full-coverage 0-100 percentile-rank components. Neutral public-space measure containing no political variable. safety_score and nearest_traffic_volume are reported as separate columns, NOT folded into the composite, because their coverage is partial."
18,CNV-INT-0206,E 18TH ST / LONSDALE AVE / W 18TH ST,Central Lonsdale,87.48,77.27,83.9,70.61,86.02,81.06,5,18.0,8.59,46.0,True,,False,public_space_composite,81.06,Derived; see DATA_SOURCES.md for each contributing layer,"Unweighted mean of full-coverage 0-100 percentile-rank components. Neutral public-space measure containing no political variable. safety_score and nearest_traffic_volume are reported as separate columns, NOT folded into the composite, because their coverage is partial."
19,CNV-INT-0282,E 5TH ST / LONSDALE AVE / W 5TH ST,Lower Lonsdale,87.48,86.08,84.44,70.28,76.02,80.86,5,19.0,26.91,15.0,True,,False,public_space_composite,80.86,Derived; see DATA_SOURCES.md for each contributing layer,"Unweighted mean of full-coverage 0-100 percentile-rank components. Neutral public-space measure containing no political variable. safety_score and nearest_traffic_volume are reported as separate columns, NOT folded into the composite, because their coverage is partial."
20,CNV-INT-0212,E 20TH ST / LONSDALE AVE / W 20TH ST,Central Lonsdale,87.48,77.27,79.38,72.27,86.02,80.48,5,20.0,4.58,65.0,True,,False,public_space_composite,80.48,Derived; see DATA_SOURCES.md for each contributing layer,"Unweighted mean of full-coverage 0-100 percentile-rank components. Neutral public-space measure containing no political variable. safety_score and nearest_traffic_volume are reported as separate columns, NOT folded into the composite, because their coverage is partial."
21,CNV-INT-0283,E 6TH ST / LONSDALE AVE / W 6TH ST,Lower Lonsdale,87.48,85.67,84.15,67.13,76.02,80.09,5,21.0,31.3,12.0,True,,False,public_space_composite,80.09,Derived; see DATA_SOURCES.md for each contributing layer,"Unweighted mean of full-coverage 0-100 percentile-rank components. Neutral public-space measure containing no political variable. safety_score and nearest_traffic_volume are reported as separate columns, NOT folded into the composite, because their coverage is partial."
22,CNV-INT-0386,CHESTERFIELD AVE / W 15TH ST,Central Lonsdale,68.69,90.41,89.84,81.85,66.34,79.43,5,22.0,23.47,18.0,True,,False,public_space_composite,79.43,Derived; see DATA_SOURCES.md for each contributing layer,"Unweighted mean of full-coverage 0-100 percentile-rank components. Neutral public-space measure containing no political variable. safety_score and nearest_traffic_volume are reported as separate columns, NOT folded into the composite, because their coverage is partial."
23,CNV-INT-0190,E 15TH ST / ST. GEORGES AVE,Central Lonsdale,68.69,87.58,82.76,88.62,66.34,78.8,5,23.0,12.6,30.0,True,,False,public_space_composite,78.8,Derived; see DATA_SOURCES.md for each contributing layer,"Unweighted mean of full-coverage 0-100 percentile-rank components. Neutral public-space measure containing no political variable. safety_score and nearest_traffic_volume are reported as separate columns, NOT folded into the composite, because their coverage is partial."
24,CNV-INT-0302,E KEITH RD / LONSDALE AVE / W KEITH RD,Lower Lonsdale,87.48,68.35,83.4,68.58,86.02,78.77,5,24.0,,,False,,False,public_space_composite,78.77,Derived; see DATA_SOURCES.md for each contributing layer,"Unweighted mean of full-coverage 0-100 percentile-rank components. Neutral public-space measure containing no political variable. safety_score and nearest_traffic_volume are reported as separate columns, NOT folded into the composite, because their coverage is partial."
25,CNV-INT-0271,ROGERS AVE / W ESPLANADE,Lower Lonsdale,87.48,99.95,87.06,60.62,57.83,78.59,5,25.0,38.55,8.0,True,,False,public_space_composite,78.59,Derived; see DATA_SOURCES.md for each contributing layer,"Unweighted mean of full-coverage 0-100 percentile-rank components. Neutral public-space measure containing no political variable. safety_score and nearest_traffic_volume are reported as separate columns, NOT folded into the composite, because their coverage is partial."
26,CNV-INT-0187,E 13TH ST / ST. GEORGES AVE,Central Lonsdale,87.48,68.83,81.19,86.29,66.34,78.03,5,26.0,9.35,42.0,True,,False,public_space_composite,78.03,Derived; see DATA_SOURCES.md for each contributing layer,"Unweighted mean of full-coverage 0-100 percentile-rank components. Neutral public-space measure containing no political variable. safety_score and nearest_traffic_volume are reported as separate columns, NOT folded into the composite, because their coverage is partial."
27,CNV-INT-0222,E 23RD ST / LONSDALE AVE / W 23RD ST,Central Lonsdale,87.48,66.63,74.51,73.89,75.96,75.69,5,27.0,1.53,96.0,True,,False,public_space_composite,75.69,Derived; see DATA_SOURCES.md for each contributing layer,"Unweighted mean of full-coverage 0-100 percentile-rank components. Neutral public-space measure containing no political variable. safety_score and nearest_traffic_volume are reported as separate columns, NOT folded into the composite, because their coverage is partial."
28,CNV-INT-0279,CHESTERFIELD AVE / W 1ST ST,Lower Lonsdale,52.09,94.77,93.06,72.2,66.34,75.69,5,27.0,12.6,30.0,True,,False,public_space_composite,75.69,Derived; see DATA_SOURCES.md for each contributing layer,"Unweighted mean of full-coverage 0-100 percentile-rank components. Neutral public-space measure containing no political variable. safety_score and nearest_traffic_volume are reported as separate columns, NOT folded into the composite, because their coverage is partial."
29,CNV-INT-0388,CHESTERFIELD AVE / W 16TH ST,Central Lonsdale,52.09,89.5,88.4,80.67,66.34,75.4,5,29.0,17.37,24.0,True,,False,public_space_composite,75.4,Derived; see DATA_SOURCES.md for each contributing layer,"Unweighted mean of full-coverage 0-100 percentile-rank components. Neutral public-space measure containing no political variable. safety_score and nearest_traffic_volume are reported as separate columns, NOT folded into the composite, because their coverage is partial."
30,CNV-INT-0192,E 15TH ST / EASTERN AVE,Central Lonsdale,68.69,96.02,86.17,85.47,37.77,74.82,5,30.0,28.44,14.0,True,,False,public_space_composite,74.82,Derived; see DATA_SOURCES.md for each contributing layer,"Unweighted mean of full-coverage 0-100 percentile-rank components. Neutral public-space measure containing no political variable. safety_score and nearest_traffic_volume are reported as separate columns, NOT folded into the composite, because their coverage is partial."
31,CNV-INT-0191,E 15TH ST / ST. ANDREWS AVE,Central Lonsdale,68.69,86.51,71.59,79.9,66.34,74.61,5,31.0,28.44,14.0,True,,False,public_space_composite,74.61,Derived; see DATA_SOURCES.md for each contributing layer,"Unweighted mean of full-coverage 0-100 percentile-rank components. Neutral public-space measure containing no political variable. safety_score and nearest_traffic_volume are reported as separate columns, NOT folded into the composite, because their coverage is partial."
32,CNV-INT-0380,CHESTERFIELD AVE / W 14TH ST,Central Lonsdale,52.09,82.11,87.82,84.59,66.34,74.59,5,32.0,31.3,12.0,True,,False,public_space_composite,74.59,Derived; see DATA_SOURCES.md for each contributing layer,"Unweighted mean of full-coverage 0-100 percentile-rank components. Neutral public-space measure containing no political variable. safety_score and nearest_traffic_volume are reported as separate columns, NOT folded into the composite, because their coverage is partial."
33,CNV-INT-0226,E UPPER LEVELS HWY / LONSDALE AVE / UPPER LEVELS RAMP,Central Lonsdale,87.48,65.83,70.87,72.72,75.96,74.57,5,33.0,,,False,,False,public_space_composite,74.57,Derived; see DATA_SOURCES.md for each contributing layer,"Unweighted mean of full-coverage 0-100 percentile-rank components. Neutral public-space measure containing no political variable. safety_score and nearest_traffic_volume are reported as separate columns, NOT folded into the composite, because their coverage is partial."
34,CNV-INT-0346,BEWICKE AVE / MARINE DR / W 3RD ST / W KEITH RD,Marine-Hamilton,87.48,92.92,60.81,42.82,86.18,74.04,5,34.0,,,False,1084.0,True,public_space_composite,74.04,Derived; see DATA_SOURCES.md for each contributing layer,"Unweighted mean of full-coverage 0-100 percentile-rank components. Neutral public-space measure containing no political variable. safety_score and nearest_traffic_volume are reported as separate columns, NOT folded into the composite, because their coverage is partial."
35,CNV-INT-0379,MAHON AVE / W 13TH ST,Central Lonsdale,87.48,69.14,71.67,83.59,57.83,73.94,5,35.0,,,False,,False,public_space_composite,73.94,Derived; see DATA_SOURCES.md for each contributing layer,"Unweighted mean of full-coverage 0-100 percentile-rank components. Neutral public-space measure containing no political variable. safety_score and nearest_traffic_volume are reported as separate columns, NOT folded into the composite, because their coverage is partial."
36,CNV-INT-0287,CHESTERFIELD AVE / W 2ND ST,Lower Lonsdale,52.09,81.96,91.44,75.98,66.34,73.56,5,36.0,22.14,19.0,True,,False,public_space_composite,73.56,Derived; see DATA_SOURCES.md for each contributing layer,"Unweighted mean of full-coverage 0-100 percentile-rank components. Neutral public-space measure containing no political variable. safety_score and nearest_traffic_volume are reported as separate columns, NOT folded into the composite, because their coverage is partial."
37,CNV-INT-0366,JONES AVE / W KEITH RD,Lower Lonsdale,87.48,78.31,70.61,64.55,66.34,73.46,5,37.0,10.31,38.0,True,,False,public_space_composite,73.46,Derived; see DATA_SOURCES.md for each contributing layer,"Unweighted mean of full-coverage 0-100 percentile-rank components. Neutral public-space measure containing no political variable. safety_score and nearest_traffic_volume are reported as separate columns, NOT folded into the composite, because their coverage is partial."
38,CNV-INT-0423,HAMILTON AVE / MARINE DR / W 16TH ST,Marine-Hamilton,87.48,91.92,71.7,29.03,86.02,73.23,5,38.0,0.38,126.0,True,,False,public_space_composite,73.23,Derived; see DATA_SOURCES.md for each contributing layer,"Unweighted mean of full-coverage 0-100 percentile-rank components. Neutral public-space measure containing no political variable. safety_score and nearest_traffic_volume are reported as separate columns, NOT folded into the composite, because their coverage is partial."
39,CNV-INT-0290,CHESTERFIELD AVE / W 3RD ST,Lower Lonsdale,52.09,80.32,88.93,78.26,66.34,73.19,5,39.0,4.2,67.0,True,,False,public_space_composite,73.19,Derived; see DATA_SOURCES.md for each contributing layer,"Unweighted mean of full-coverage 0-100 percentile-rank components. Neutral public-space measure containing no political variable. safety_score and nearest_traffic_volume are reported as separate columns, NOT folded into the composite, because their coverage is partial."
40,CNV-INT-0276,CARRIE CATES CRT / CHESTERFIELD AVE / CHESTERFIELD PL,Lower Lonsdale,68.69,98.81,84.36,64.16,47.39,72.68,5,40.0,,,False,,False,public_space_composite,72.68,Derived; see DATA_SOURCES.md for each contributing layer,"Unweighted mean of full-coverage 0-100 percentile-rank components. Neutral public-space measure containing no political variable. safety_score and nearest_traffic_volume are reported as separate columns, NOT folded into the composite, because their coverage is partial."
41,CNV-INT-0360,FELL AVE / MARINE DR,Marine-Hamilton,87.48,93.71,72.44,42.92,66.34,72.58,5,41.0,0.0,189.0,True,613.0,True,public_space_composite,72.58,Derived; see DATA_SOURCES.md for each contributing layer,"Unweighted mean of full-coverage 0-100 percentile-rank components. Neutral public-space measure containing no political variable. safety_score and nearest_traffic_volume are reported as separate columns, NOT folded into the composite, because their coverage is partial."
42,CNV-INT-0390,CHESTERFIELD AVE / W 17TH ST,Central Lonsdale,68.69,73.37,81.7,82.17,56.34,72.45,5,42.0,25.0,17.0,True,,False,public_space_composite,72.45,Derived; see DATA_SOURCES.md for each contributing layer,"Unweighted mean of full-coverage 0-100 percentile-rank components. Neutral public-space measure containing no political variable. safety_score and nearest_traffic_volume are reported as separate columns, NOT folded into the composite, because their coverage is partial."
43,CNV-INT-0228,LONSDALE AVE / UPPER LEVELS HWY,Central Lonsdale,99.4,65.83,70.75,59.87,66.34,72.44,5,43.0,,,False,,False,public_space_composite,72.44,Derived; see DATA_SOURCES.md for each contributing layer,"Unweighted mean of full-coverage 0-100 percentile-rank components. Neutral public-space measure containing no political variable. safety_score and nearest_traffic_volume are reported as separate columns, NOT folded into the composite, because their coverage is partial."
44,CNV-INT-0407,LONSDALE AVE / W 22ND ST,Central Lonsdale,87.48,77.27,76.66,72.77,47.83,72.4,5,44.0,28.44,14.0,True,,False,public_space_composite,72.4,Derived; see DATA_SOURCES.md for each contributing layer,"Unweighted mean of full-coverage 0-100 percentile-rank components. Neutral public-space measure containing no political variable. safety_score and nearest_traffic_volume are reported as separate columns, NOT folded into the composite, because their coverage is partial."
45,CNV-INT-0189,E 14TH ST / ST. GEORGES AVE,Central Lonsdale,52.09,88.17,83.51,90.01,47.77,72.31,5,45.0,,,False,,False,public_space_composite,72.31,Derived; see DATA_SOURCES.md for each contributing layer,"Unweighted mean of full-coverage 0-100 percentile-rank components. Neutral public-space measure containing no political variable. safety_score and nearest_traffic_volume are reported as separate columns, NOT folded into the composite, because their coverage is partial."
46,CNV-INT-0278,SEMISCH AVE / W ESPLANADE,Lower Lonsdale,87.48,75.19,78.28,62.54,57.83,72.26,5,46.0,35.11,10.0,True,,False,public_space_composite,72.26,Derived; see DATA_SOURCES.md for each contributing layer,"Unweighted mean of full-coverage 0-100 percentile-rank components. Neutral public-space measure containing no political variable. safety_score and nearest_traffic_volume are reported as separate columns, NOT folded into the composite, because their coverage is partial."
47,CNV-INT-0349,FELL AVE / W 3RD ST,Marine-Hamilton,87.48,90.66,67.04,49.11,66.34,72.13,5,47.0,20.99,20.0,True,602.0,True,public_space_composite,72.13,Derived; see DATA_SOURCES.md for each contributing layer,"Unweighted mean of full-coverage 0-100 percentile-rank components. Neutral public-space measure containing no political variable. safety_score and nearest_traffic_volume are reported as separate columns, NOT folded into the composite, because their coverage is partial."
48,CNV-INT-0267,LONSDALE AVE / VICTORY SHIP WAY,Lower Lonsdale,68.69,98.66,84.02,57.2,47.83,71.28,5,48.0,29.96,13.0,True,,False,public_space_composite,71.28,Derived; see DATA_SOURCES.md for each contributing layer,"Unweighted mean of full-coverage 0-100 percentile-rank components. Neutral public-space measure containing no political variable. safety_score and nearest_traffic_volume are reported as separate columns, NOT folded into the composite, because their coverage is partial."
49,CNV-INT-0391,MAHON AVE / W 15TH ST,Central Lonsdale,68.69,78.56,65.96,86.35,56.34,71.18,5,49.0,46.37,6.0,True,,False,public_space_composite,71.18,Derived; see DATA_SOURCES.md for each contributing layer,"Unweighted mean of full-coverage 0-100 percentile-rank components. Neutral public-space measure containing no political variable. safety_score and nearest_traffic_volume are reported as separate columns, NOT folded into the composite, because their coverage is partial."
50,CNV-INT-0274,CARRIE CATES CRT / ROGERS AVE,Lower Lonsdale,68.69,98.65,81.04,59.43,47.77,71.12,5,50.0,88.93,1.0,True,,False,public_space_composite,71.12,Derived; see DATA_SOURCES.md for each contributing layer,"Unweighted mean of full-coverage 0-100 percentile-rank components. Neutral public-space measure containing no political variable. safety_score and nearest_traffic_volume are reported as separate columns, NOT folded into the composite, because their coverage is partial."
51,CNV-INT-0269,CARRIE CATES CRT / MUSEUM MUSE,Lower Lonsdale,68.69,98.09,82.6,58.3,47.77,71.09,5,51.0,,,False,,False,public_space_composite,71.09,Derived; see DATA_SOURCES.md for each contributing layer,"Unweighted mean of full-coverage 0-100 percentile-rank components. Neutral public-space measure containing no political variable. safety_score and nearest_traffic_volume are reported as separate columns, NOT folded into the composite, because their coverage is partial."
52,CNV-INT-0201,E 17TH ST / EASTERN AVE,Central Lonsdale,68.69,86.97,84.54,73.84,37.77,70.36,5,52.0,50.38,5.0,True,,False,public_space_composite,70.36,Derived; see DATA_SOURCES.md for each contributing layer,"Unweighted mean of full-coverage 0-100 percentile-rank components. Neutral public-space measure containing no political variable. safety_score and nearest_traffic_volume are reported as separate columns, NOT folded into the composite, because their coverage is partial."
53,CNV-INT-0296,FORBES AVE / W 1ST ST,Squamish Nation (Mission IR 1),87.48,75.94,72.92,56.07,56.48,69.78,5,53.0,,,False,,False,public_space_composite,69.78,Derived; see DATA_SOURCES.md for each contributing layer,"Unweighted mean of full-coverage 0-100 percentile-rank components. Neutral public-space measure containing no political variable. safety_score and nearest_traffic_volume are reported as separate columns, NOT folded into the composite, because their coverage is partial."
54,CNV-INT-0202,E 17TH ST / ST. GEORGES AVE,Central Lonsdale,68.69,65.81,79.26,76.87,56.34,69.39,5,54.0,16.03,26.0,True,,False,public_space_composite,69.39,Derived; see DATA_SOURCES.md for each contributing layer,"Unweighted mean of full-coverage 0-100 percentile-rank components. Neutral public-space measure containing no political variable. safety_score and nearest_traffic_volume are reported as separate columns, NOT folded into the composite, because their coverage is partial."
55,CNV-INT-0345,W 2ND ST / W 3RD ST / W 6TH ST,Squamish Nation (Mission IR 1),87.48,84.69,46.35,52.4,75.96,69.38,5,55.0,,,False,552.0,True,public_space_composite,69.38,Derived; see DATA_SOURCES.md for each contributing layer,"Unweighted mean of full-coverage 0-100 percentile-rank components. Neutral public-space measure containing no political variable. safety_score and nearest_traffic_volume are reported as separate columns, NOT folded into the composite, because their coverage is partial."
56,CNV-INT-0367,JONES AVE / W 14TH ST,Mahon,68.69,86.34,70.68,64.02,56.34,69.21,5,56.0,88.93,1.0,True,,False,public_space_composite,69.21,Derived; see DATA_SOURCES.md for each contributing layer,"Unweighted mean of full-coverage 0-100 percentile-rank components. Neutral public-space measure containing no political variable. safety_score and nearest_traffic_volume are reported as separate columns, NOT folded into the composite, because their coverage is partial."
57,CNV-INT-0292,CHESTERFIELD AVE / W 4TH ST,Lower Lonsdale,52.09,71.38,82.24,73.7,66.34,69.15,5,57.0,41.98,7.0,True,,False,public_space_composite,69.15,Derived; see DATA_SOURCES.md for each contributing layer,"Unweighted mean of full-coverage 0-100 percentile-rank components. Neutral public-space measure containing no political variable. safety_score and nearest_traffic_volume are reported as separate columns, NOT folded into the composite, because their coverage is partial."
58,CNV-INT-0299,MAHON AVE / W 3RD ST,Lower Lonsdale,52.09,80.09,80.48,65.79,66.34,68.96,5,58.0,22.14,19.0,True,,False,public_space_composite,68.96,Derived; see DATA_SOURCES.md for each contributing layer,"Unweighted mean of full-coverage 0-100 percentile-rank components. Neutral public-space measure containing no political variable. safety_score and nearest_traffic_volume are reported as separate columns, NOT folded into the composite, because their coverage is partial."
59,CNV-INT-0250,E 25TH ST / LONSDALE AVE / W 25TH ST,Central Lonsdale,87.48,53.87,67.97,58.84,75.96,68.82,5,59.0,,,False,,False,public_space_composite,68.82,Derived; see DATA_SOURCES.md for each contributing layer,"Unweighted mean of full-coverage 0-100 percentile-rank components. Neutral public-space measure containing no political variable. safety_score and nearest_traffic_volume are reported as separate columns, NOT folded into the composite, because their coverage is partial."
60,CNV-INT-0342,BEWICKE AVE / W 2ND ST,Marine-Hamilton,87.48,88.26,52.8,47.0,66.34,68.38,5,60.0,14.31,28.0,True,956.0,True,public_space_composite,68.38,Derived; see DATA_SOURCES.md for each contributing layer,"Unweighted mean of full-coverage 0-100 percentile-rank components. Neutral public-space measure containing no political variable. safety_score and nearest_traffic_volume are reported as separate columns, NOT folded into the composite, because their coverage is partial."
61,CNV-INT-0268,CARRIE CATES CRT / LONSDALE AVE,Lower Lonsdale,68.69,99.56,79.47,56.06,37.21,68.2,5,61.0,56.3,4.0,True,,False,public_space_composite,68.2,Derived; see DATA_SOURCES.md for each contributing layer,"Unweighted mean of full-coverage 0-100 percentile-rank components. Neutral public-space measure containing no political variable. safety_score and nearest_traffic_volume are reported as separate columns, NOT folded into the composite, because their coverage is partial."
62,CNV-INT-0363,HANES AVE / MARINE DR,Marine-Hamilton,87.48,88.61,75.49,29.03,57.83,67.69,5,62.0,,,False,806.0,True,public_space_composite,67.69,Derived; see DATA_SOURCES.md for each contributing layer,"Unweighted mean of full-coverage 0-100 percentile-rank components. Neutral public-space measure containing no political variable. safety_score and nearest_traffic_volume are reported as separate columns, NOT folded into the composite, because their coverage is partial."
63,CNV-INT-0261,E 3RD ST / ST. GEORGES AVE,Lower Lonsdale,52.09,61.76,83.8,73.78,66.34,67.55,5,63.0,11.07,34.0,True,,False,public_space_composite,67.55,Derived; see DATA_SOURCES.md for each contributing layer,"Unweighted mean of full-coverage 0-100 percentile-rank components. Neutral public-space measure containing no political variable. safety_score and nearest_traffic_volume are reported as separate columns, NOT folded into the composite, because their coverage is partial."
64,CNV-INT-0425,FELL AVE / W 16TH ST,Marine-Hamilton,87.48,76.65,71.4,35.75,66.34,67.52,5,64.0,6.87,54.0,True,613.0,True,public_space_composite,67.52,Derived; see DATA_SOURCES.md for each contributing layer,"Unweighted mean of full-coverage 0-100 percentile-rank components. Neutral public-space measure containing no political variable. safety_score and nearest_traffic_volume are reported as separate columns, NOT folded into the composite, because their coverage is partial."
65,CNV-INT-0384,CIVIC PLACE MEWS / W 14TH ST,Central Lonsdale,22.07,97.83,91.61,88.04,37.77,67.46,5,65.0,,,False,,False,public_space_composite,67.46,Derived; see DATA_SOURCES.md for each contributing layer,"Unweighted mean of full-coverage 0-100 percentile-rank components. Neutral public-space measure containing no political variable. safety_score and nearest_traffic_volume are reported as separate columns, NOT folded into the composite, because their coverage is partial."
66,CNV-INT-0321,FORBES AVE / W 1ST ST,Squamish Nation (Mission IR 1),87.48,66.92,71.92,51.92,57.83,67.21,5,66.0,,,False,,False,public_space_composite,67.21,Derived; see DATA_SOURCES.md for each contributing layer,"Unweighted mean of full-coverage 0-100 percentile-rank components. Neutral public-space measure containing no political variable. safety_score and nearest_traffic_volume are reported as separate columns, NOT folded into the composite, because their coverage is partial."
67,CNV-INT-0381,MAHON AVE / W 14TH ST,Central Lonsdale,22.07,92.12,78.8,86.23,56.34,67.11,5,67.0,63.36,3.0,True,,False,public_space_composite,67.11,Derived; see DATA_SOURCES.md for each contributing layer,"Unweighted mean of full-coverage 0-100 percentile-rank components. Neutral public-space measure containing no political variable. safety_score and nearest_traffic_volume are reported as separate columns, NOT folded into the composite, because their coverage is partial."
68,CNV-INT-0353,FORBES AVE / W KEITH RD,Marine-Hamilton,87.48,78.4,54.11,57.22,56.34,66.71,5,68.0,20.23,21.0,True,,False,public_space_composite,66.71,Derived; see DATA_SOURCES.md for each contributing layer,"Unweighted mean of full-coverage 0-100 percentile-rank components. Neutral public-space measure containing no political variable. safety_score and nearest_traffic_volume are reported as separate columns, NOT folded into the composite, because their coverage is partial."
69,CNV-INT-0216,E 22ND ST / ST. GEORGES AVE,Central Lonsdale,52.09,66.63,75.1,73.24,66.34,66.68,5,69.0,56.3,4.0,True,,False,public_space_composite,66.68,Derived; see DATA_SOURCES.md for each contributing layer,"Unweighted mean of full-coverage 0-100 percentile-rank components. Neutral public-space measure containing no political variable. safety_score and nearest_traffic_volume are reported as separate columns, NOT folded into the composite, because their coverage is partial."
70,CNV-INT-0426,HAMILTON AVE / W 16TH ST,Marine-Hamilton,87.48,86.11,72.35,29.03,57.83,66.56,5,70.0,,,False,,False,public_space_composite,66.56,Derived; see DATA_SOURCES.md for each contributing layer,"Unweighted mean of full-coverage 0-100 percentile-rank components. Neutral public-space measure containing no political variable. safety_score and nearest_traffic_volume are reported as separate columns, NOT folded into the composite, because their coverage is partial."
71,CNV-INT-0280,E 4TH ST / ST. GEORGES AVE,Lower Lonsdale,52.09,61.76,80.27,71.6,66.34,66.41,5,71.0,50.38,5.0,True,,False,public_space_composite,66.41,Derived; see DATA_SOURCES.md for each contributing layer,"Unweighted mean of full-coverage 0-100 percentile-rank components. Neutral public-space measure containing no political variable. safety_score and nearest_traffic_volume are reported as separate columns, NOT folded into the composite, because their coverage is partial."
72,CNV-INT-0368,JONES AVE / W 15TH ST,Mahon,68.69,78.5,60.9,66.29,56.34,66.14,5,72.0,56.3,4.0,True,,False,public_space_composite,66.14,Derived; see DATA_SOURCES.md for each contributing layer,"Unweighted mean of full-coverage 0-100 percentile-rank components. Neutral public-space measure containing no political variable. safety_score and nearest_traffic_volume are reported as separate columns, NOT folded into the composite, because their coverage is partial."
73,CNV-INT-0333,FORBES AVE / W 3RD ST,Squamish Nation (Mission IR 1),87.48,79.51,58.56,38.8,66.34,66.14,5,72.0,6.11,56.0,True,,False,public_space_composite,66.14,Derived; see DATA_SOURCES.md for each contributing layer,"Unweighted mean of full-coverage 0-100 percentile-rank components. Neutral public-space measure containing no political variable. safety_score and nearest_traffic_volume are reported as separate columns, NOT folded into the composite, because their coverage is partial."
74,CNV-INT-0359,MARINE DR / W 14TH ST,Marine-Hamilton,87.48,93.9,70.21,40.83,37.77,66.04,5,74.0,,,False,941.0,True,public_space_composite,66.04,Derived; see DATA_SOURCES.md for each contributing layer,"Unweighted mean of full-coverage 0-100 percentile-rank components. Neutral public-space measure containing no political variable. safety_score and nearest_traffic_volume are reported as separate columns, NOT folded into the composite, because their coverage is partial."
75,CNV-INT-0395,CHESTERFIELD AVE / W 19TH ST,Central Lonsdale,68.69,53.87,71.31,79.94,56.34,66.03,5,75.0,15.46,27.0,True,,False,public_space_composite,66.03,Derived; see DATA_SOURCES.md for each contributing layer,"Unweighted mean of full-coverage 0-100 percentile-rank components. Neutral public-space measure containing no political variable. safety_score and nearest_traffic_volume are reported as separate columns, NOT folded into the composite, because their coverage is partial."
76,CNV-INT-0221,E 23RD ST / ST. GEORGES AVE,Central Lonsdale,68.69,53.87,67.72,71.76,66.34,65.68,5,76.0,14.31,28.0,True,,False,public_space_composite,65.68,Derived; see DATA_SOURCES.md for each contributing layer,"Unweighted mean of full-coverage 0-100 percentile-rank components. Neutral public-space measure containing no political variable. safety_score and nearest_traffic_volume are reported as separate columns, NOT folded into the composite, because their coverage is partial."
77,CNV-INT-0298,FORBES AVE / W 2ND ST,Squamish Nation (Mission IR 1),87.48,82.04,67.0,52.23,37.77,65.3,5,77.0,38.55,8.0,True,,False,public_space_composite,65.3,Derived; see DATA_SOURCES.md for each contributing layer,"Unweighted mean of full-coverage 0-100 percentile-rank components. Neutral public-space measure containing no political variable. safety_score and nearest_traffic_volume are reported as separate columns, NOT folded into the composite, because their coverage is partial."
78,CNV-INT-0207,E 19TH ST / ST. GEORGES AVE,Central Lonsdale,68.69,53.87,74.98,71.65,56.34,65.11,5,78.0,19.27,22.0,True,,False,public_space_composite,65.11,Derived; see DATA_SOURCES.md for each contributing layer,"Unweighted mean of full-coverage 0-100 percentile-rank components. Neutral public-space measure containing no political variable. safety_score and nearest_traffic_volume are reported as separate columns, NOT folded into the composite, because their coverage is partial."
79,CNV-INT-0364,MARINE DR / W 15TH ST,Marine-Hamilton,87.48,94.0,77.21,29.03,37.77,65.1,5,79.0,72.33,2.0,True,806.0,True,public_space_composite,65.1,Derived; see DATA_SOURCES.md for each contributing layer,"Unweighted mean of full-coverage 0-100 percentile-rank components. Neutral public-space measure containing no political variable. safety_score and nearest_traffic_volume are reported as separate columns, NOT folded into the composite, because their coverage is partial."
80,CNV-INT-0481,E 27TH ST / LONSDALE AVE / W 27TH ST,Central Lonsdale,87.48,71.97,50.99,29.03,86.02,65.1,5,79.0,10.69,35.0,True,,False,public_space_composite,65.1,Derived; see DATA_SOURCES.md for each contributing layer,"Unweighted mean of full-coverage 0-100 percentile-rank components. Neutral public-space measure containing no political variable. safety_score and nearest_traffic_volume are reported as separate columns, NOT folded into the composite, because their coverage is partial."
81,CNV-INT-0193,E 16TH ST / ST. GEORGES AVE,Central Lonsdale,52.09,76.6,79.77,79.17,37.77,65.08,5,81.0,46.37,6.0,True,,False,public_space_composite,65.08,Derived; see DATA_SOURCES.md for each contributing layer,"Unweighted mean of full-coverage 0-100 percentile-rank components. Neutral public-space measure containing no political variable. safety_score and nearest_traffic_volume are reported as separate columns, NOT folded into the composite, because their coverage is partial."
82,CNV-INT-0355,BEWICKE AVE / W 14TH ST,Marine-Hamilton,68.69,91.23,60.51,48.33,56.34,65.02,5,82.0,46.37,6.0,True,214.0,True,public_space_composite,65.02,Derived; see DATA_SOURCES.md for each contributing layer,"Unweighted mean of full-coverage 0-100 percentile-rank components. Neutral public-space measure containing no political variable. safety_score and nearest_traffic_volume are reported as separate columns, NOT folded into the composite, because their coverage is partial."
83,CNV-INT-0438,FIR ST / LARSON RD / WESTVIEW DR,Mahon,87.48,61.9,41.64,57.62,75.96,64.92,5,83.0,6.11,56.0,True,,False,public_space_composite,64.92,Derived; see DATA_SOURCES.md for each contributing layer,"Unweighted mean of full-coverage 0-100 percentile-rank components. Neutral public-space measure containing no political variable. safety_score and nearest_traffic_volume are reported as separate columns, NOT folded into the composite, because their coverage is partial."
84,CNV-INT-0394,CHESTERFIELD AVE / W 18TH ST,Central Lonsdale,52.09,53.87,75.99,75.51,66.34,64.76,5,84.0,38.55,8.0,True,,False,public_space_composite,64.76,Derived; see DATA_SOURCES.md for each contributing layer,"Unweighted mean of full-coverage 0-100 percentile-rank components. Neutral public-space measure containing no political variable. safety_score and nearest_traffic_volume are reported as separate columns, NOT folded into the composite, because their coverage is partial."
85,CNV-INT-0260,E 2ND ST / ST. GEORGES AVE,Lower Lonsdale,52.09,53.01,83.14,68.58,66.34,64.63,5,85.0,31.3,12.0,True,,False,public_space_composite,64.63,Derived; see DATA_SOURCES.md for each contributing layer,"Unweighted mean of full-coverage 0-100 percentile-rank components. Neutral public-space measure containing no political variable. safety_score and nearest_traffic_volume are reported as separate columns, NOT folded into the composite, because their coverage is partial."
86,CNV-INT-0196,E 15TH ST / RIDGEWAY AVE,Central Lonsdale,68.69,76.03,61.52,60.32,56.34,64.58,5,86.0,50.38,5.0,True,,False,public_space_composite,64.58,Derived; see DATA_SOURCES.md for each contributing layer,"Unweighted mean of full-coverage 0-100 percentile-rank components. Neutral public-space measure containing no political variable. safety_score and nearest_traffic_volume are reported as separate columns, NOT folded into the composite, because their coverage is partial."
87,CNV-INT-0306,W 12TH ST / W 8TH ST,Central Lonsdale,22.07,84.35,88.91,89.02,37.77,64.42,5,87.0,50.38,5.0,True,,False,public_space_composite,64.42,Derived; see DATA_SOURCES.md for each contributing layer,"Unweighted mean of full-coverage 0-100 percentile-rank components. Neutral public-space measure containing no political variable. safety_score and nearest_traffic_volume are reported as separate columns, NOT folded into the composite, because their coverage is partial."
88,CNV-INT-0377,W 13TH ST / W 8TH ST,Central Lonsdale,87.48,34.61,68.07,83.69,47.83,64.34,5,88.0,63.36,3.0,True,,False,public_space_composite,64.34,Derived; see DATA_SOURCES.md for each contributing layer,"Unweighted mean of full-coverage 0-100 percentile-rank components. Neutral public-space measure containing no political variable. safety_score and nearest_traffic_volume are reported as separate columns, NOT folded into the composite, because their coverage is partial."
89,CNV-INT-0146,E 17TH ST / E GRAND BLVD,Grand Boulevard,87.48,89.45,49.14,29.03,66.34,64.29,5,89.0,,,False,,False,public_space_composite,64.29,Derived; see DATA_SOURCES.md for each contributing layer,"Unweighted mean of full-coverage 0-100 percentile-rank components. Neutral public-space measure containing no political variable. safety_score and nearest_traffic_volume are reported as separate columns, NOT folded into the composite, because their coverage is partial."
90,CNV-INT-0057,E GRAND BLVD / E KEITH RD,Moodyville,87.48,87.13,60.41,29.03,56.48,64.11,5,90.0,,,False,,False,public_space_composite,64.11,Derived; see DATA_SOURCES.md for each contributing layer,"Unweighted mean of full-coverage 0-100 percentile-rank components. Neutral public-space measure containing no political variable. safety_score and nearest_traffic_volume are reported as separate columns, NOT folded into the composite, because their coverage is partial."
91,CNV-INT-0297,SEMISCH AVE / W 3RD ST,Lower Lonsdale,52.09,79.32,77.96,72.72,37.77,63.97,5,91.0,72.33,2.0,True,,False,public_space_composite,63.97,Derived; see DATA_SOURCES.md for each contributing layer,"Unweighted mean of full-coverage 0-100 percentile-rank components. Neutral public-space measure containing no political variable. safety_score and nearest_traffic_volume are reported as separate columns, NOT folded into the composite, because their coverage is partial."
92,CNV-INT-0378,MAHON AVE / W 13TH ST,Central Lonsdale,87.48,61.45,66.8,66.14,37.77,63.93,5,92.0,41.98,7.0,True,,False,public_space_composite,63.93,Derived; see DATA_SOURCES.md for each contributing layer,"Unweighted mean of full-coverage 0-100 percentile-rank components. Neutral public-space measure containing no political variable. safety_score and nearest_traffic_volume are reported as separate columns, NOT folded into the composite, because their coverage is partial."
93,CNV-INT-0357,BEWICKE AVE / W 15TH ST,Marine-Hamilton,68.69,85.17,58.24,50.54,56.34,63.8,5,93.0,46.37,6.0,True,272.0,True,public_space_composite,63.8,Derived; see DATA_SOURCES.md for each contributing layer,"Unweighted mean of full-coverage 0-100 percentile-rank components. Neutral public-space measure containing no political variable. safety_score and nearest_traffic_volume are reported as separate columns, NOT folded into the composite, because their coverage is partial."
94,CNV-INT-0375,W 13TH ST / W KEITH RD,Lower Lonsdale,87.48,69.14,70.19,63.6,27.15,63.51,5,94.0,72.33,2.0,True,,False,public_space_composite,63.51,Derived; see DATA_SOURCES.md for each contributing layer,"Unweighted mean of full-coverage 0-100 percentile-rank components. Neutral public-space measure containing no political variable. safety_score and nearest_traffic_volume are reported as separate columns, NOT folded into the composite, because their coverage is partial."
95,CNV-INT-0210,E 20TH ST / ST. GEORGES AVE,Central Lonsdale,52.09,54.19,73.55,70.39,66.34,63.31,5,95.0,23.47,18.0,True,,False,public_space_composite,63.31,Derived; see DATA_SOURCES.md for each contributing layer,"Unweighted mean of full-coverage 0-100 percentile-rank components. Neutral public-space measure containing no political variable. safety_score and nearest_traffic_volume are reported as separate columns, NOT folded into the composite, because their coverage is partial."
96,CNV-INT-0027,E 3RD ST / RIDGEWAY AVE,Moodyville,52.09,65.26,60.09,72.63,66.34,63.28,5,96.0,35.11,10.0,True,,False,public_space_composite,63.28,Derived; see DATA_SOURCES.md for each contributing layer,"Unweighted mean of full-coverage 0-100 percentile-rank components. Neutral public-space measure containing no political variable. safety_score and nearest_traffic_volume are reported as separate columns, NOT folded into the composite, because their coverage is partial."
97,CNV-INT-0182,E 13TH ST / ST. ANDREWS AVE,Central Lonsdale,52.09,52.76,65.86,79.2,66.34,63.25,5,97.0,,,False,,False,public_space_composite,63.25,Derived; see DATA_SOURCES.md for each contributing layer,"Unweighted mean of full-coverage 0-100 percentile-rank components. Neutral public-space measure containing no political variable. safety_score and nearest_traffic_volume are reported as separate columns, NOT folded into the composite, because their coverage is partial."
98,CNV-INT-0136,E 15TH ST / E GRAND BLVD,Grand Boulevard,87.48,91.98,50.41,29.03,56.34,63.05,5,98.0,,,False,,False,public_space_composite,63.05,Derived; see DATA_SOURCES.md for each contributing layer,"Unweighted mean of full-coverage 0-100 percentile-rank components. Neutral public-space measure containing no political variable. safety_score and nearest_traffic_volume are reported as separate columns, NOT folded into the composite, because their coverage is partial."
99,CNV-INT-0291,MAHON AVE / W 2ND ST,Lower Lonsdale,22.07,88.39,84.84,62.6,56.34,62.85,5,99.0,56.3,4.0,True,,False,public_space_composite,62.85,Derived; see DATA_SOURCES.md for each contributing layer,"Unweighted mean of full-coverage 0-100 percentile-rank components. Neutral public-space measure containing no political variable. safety_score and nearest_traffic_volume are reported as separate columns, NOT folded into the composite, because their coverage is partial."
100,CNV-INT-0406,CHESTERFIELD AVE / W 21ST ST,Central Lonsdale,52.09,53.87,63.37,78.52,66.34,62.84,5,100.0,41.98,7.0,True,,False,public_space_composite,62.84,Derived; see DATA_SOURCES.md for each contributing layer,"Unweighted mean of full-coverage 0-100 percentile-rank components. Neutral public-space measure containing no political variable. safety_score and nearest_traffic_volume are reported as separate columns, NOT folded into the composite, because their coverage is partial."
101,CNV-INT-0056,E KEITH RD / QUEENSBURY AVE,Moodyville,87.48,87.13,63.05,29.03,46.48,62.63,5,101.0,11.64,31.0,True,,False,public_space_composite,62.63,Derived; see DATA_SOURCES.md for each contributing layer,"Unweighted mean of full-coverage 0-100 percentile-rank components. Neutral public-space measure containing no political variable. safety_score and nearest_traffic_volume are reported as separate columns, NOT folded into the composite, because their coverage is partial."
102,CNV-INT-0119,E 11TH ST / ST. GEORGES AVE,Central Lonsdale,52.09,37.82,73.49,82.88,66.34,62.52,5,102.0,41.98,7.0,True,,False,public_space_composite,62.52,Derived; see DATA_SOURCES.md for each contributing layer,"Unweighted mean of full-coverage 0-100 percentile-rank components. Neutral public-space measure containing no political variable. safety_score and nearest_traffic_volume are reported as separate columns, NOT folded into the composite, because their coverage is partial."
103,CNV-INT-0429,MACKAY RD / MARINE DR,Marine-Hamilton,87.48,92.18,55.96,29.03,47.77,62.48,5,103.0,23.47,18.0,True,,False,public_space_composite,62.48,Derived; see DATA_SOURCES.md for each contributing layer,"Unweighted mean of full-coverage 0-100 percentile-rank components. Neutral public-space measure containing no political variable. safety_score and nearest_traffic_volume are reported as separate columns, NOT folded into the composite, because their coverage is partial."
104,CNV-INT-0054,E KEITH RD / W GRAND BLVD,Moodyville,87.48,83.72,64.18,29.03,47.77,62.44,5,104.0,,,False,,False,public_space_composite,62.44,Derived; see DATA_SOURCES.md for each contributing layer,"Unweighted mean of full-coverage 0-100 percentile-rank components. Neutral public-space measure containing no political variable. safety_score and nearest_traffic_volume are reported as separate columns, NOT folded into the composite, because their coverage is partial."
105,CNV-INT-0304,W KEITH RD / W VICTORIA PARK AVE,Lower Lonsdale,52.09,76.42,81.69,83.23,18.51,62.39,5,105.0,,,False,,False,public_space_composite,62.39,Derived; see DATA_SOURCES.md for each contributing layer,"Unweighted mean of full-coverage 0-100 percentile-rank components. Neutral public-space measure containing no political variable. safety_score and nearest_traffic_volume are reported as separate columns, NOT folded into the composite, because their coverage is partial."
106,CNV-INT-0082,E 3RD ST / ST. ANDREWS AVE,Lower Lonsdale,52.09,54.01,72.53,66.93,66.34,62.38,5,106.0,14.31,28.0,True,,False,public_space_composite,62.38,Derived; see DATA_SOURCES.md for each contributing layer,"Unweighted mean of full-coverage 0-100 percentile-rank components. Neutral public-space measure containing no political variable. safety_score and nearest_traffic_volume are reported as separate columns, NOT folded into the composite, because their coverage is partial."
107,CNV-INT-0312,CHESTERFIELD AVE / W 8TH ST,Central Lonsdale,52.09,42.21,77.83,82.92,56.34,62.28,5,107.0,,,False,,False,public_space_composite,62.28,Derived; see DATA_SOURCES.md for each contributing layer,"Unweighted mean of full-coverage 0-100 percentile-rank components. Neutral public-space measure containing no political variable. safety_score and nearest_traffic_volume are reported as separate columns, NOT folded into the composite, because their coverage is partial."
108,CNV-INT-0409,CHESTERFIELD AVE / W 23RD ST,Central Lonsdale,52.09,53.87,63.01,74.93,66.34,62.05,5,108.0,20.99,20.0,True,,False,public_space_composite,62.05,Derived; see DATA_SOURCES.md for each contributing layer,"Unweighted mean of full-coverage 0-100 percentile-rank components. Neutral public-space measure containing no political variable. safety_score and nearest_traffic_volume are reported as separate columns, NOT folded into the composite, because their coverage is partial."
109,CNV-INT-0285,MAHON AVE / W ESPLANADE,Lower Lonsdale,87.48,54.26,66.93,53.71,47.83,62.04,5,109.0,35.11,10.0,True,,False,public_space_composite,62.04,Derived; see DATA_SOURCES.md for each contributing layer,"Unweighted mean of full-coverage 0-100 percentile-rank components. Neutral public-space measure containing no political variable. safety_score and nearest_traffic_volume are reported as separate columns, NOT folded into the composite, because their coverage is partial."
110,CNV-INT-0370,JONES AVE / W 16TH ST,Mahon,68.69,61.57,55.85,67.43,56.34,61.98,5,110.0,,,False,,False,public_space_composite,61.98,Derived; see DATA_SOURCES.md for each contributing layer,"Unweighted mean of full-coverage 0-100 percentile-rank components. Neutral public-space measure containing no political variable. safety_score and nearest_traffic_volume are reported as separate columns, NOT folded into the composite, because their coverage is partial."
111,CNV-INT-0408,CHESTERFIELD AVE / W 22ND ST,Central Lonsdale,52.09,66.63,65.8,77.1,47.77,61.88,5,111.0,41.98,7.0,True,,False,public_space_composite,61.88,Derived; see DATA_SOURCES.md for each contributing layer,"Unweighted mean of full-coverage 0-100 percentile-rank components. Neutral public-space measure containing no political variable. safety_score and nearest_traffic_volume are reported as separate columns, NOT folded into the composite, because their coverage is partial."
112,CNV-INT-0213,E 21ST ST / ST. GEORGES AVE,Central Lonsdale,52.09,53.87,73.71,71.31,56.34,61.46,5,112.0,18.13,23.0,True,,False,public_space_composite,61.46,Derived; see DATA_SOURCES.md for each contributing layer,"Unweighted mean of full-coverage 0-100 percentile-rank components. Neutral public-space measure containing no political variable. safety_score and nearest_traffic_volume are reported as separate columns, NOT folded into the composite, because their coverage is partial."
113,CNV-INT-0393,MAHON AVE / W 17TH ST,Central Lonsdale,68.69,48.83,58.77,74.56,56.34,61.44,5,113.0,56.3,4.0,True,,False,public_space_composite,61.44,Derived; see DATA_SOURCES.md for each contributing layer,"Unweighted mean of full-coverage 0-100 percentile-rank components. Neutral public-space measure containing no political variable. safety_score and nearest_traffic_volume are reported as separate columns, NOT folded into the composite, because their coverage is partial."
114,CNV-INT-0288,FORBES AVE / W ESPLANADE,Squamish Nation (Mission IR 1),87.48,54.26,64.76,52.81,47.83,61.43,5,114.0,,,False,,False,public_space_composite,61.43,Derived; see DATA_SOURCES.md for each contributing layer,"Unweighted mean of full-coverage 0-100 percentile-rank components. Neutral public-space measure containing no political variable. safety_score and nearest_traffic_volume are reported as separate columns, NOT folded into the composite, because their coverage is partial."
115,CNV-INT-0341,MISSION RD / W 3RD ST,Squamish Nation (Mission IR 1),87.48,75.49,48.27,29.03,66.34,61.32,5,115.0,26.91,15.0,True,,False,public_space_composite,61.32,Derived; see DATA_SOURCES.md for each contributing layer,"Unweighted mean of full-coverage 0-100 percentile-rank components. Neutral public-space measure containing no political variable. safety_score and nearest_traffic_volume are reported as separate columns, NOT folded into the composite, because their coverage is partial."
116,CNV-INT-0070,E 3RD ST / ST. DAVIDS AVE,Moodyville,52.09,53.27,62.41,70.84,66.34,60.99,5,116.0,37.02,9.0,True,,False,public_space_composite,60.99,Derived; see DATA_SOURCES.md for each contributing layer,"Unweighted mean of full-coverage 0-100 percentile-rank components. Neutral public-space measure containing no political variable. safety_score and nearest_traffic_volume are reported as separate columns, NOT folded into the composite, because their coverage is partial."
117,CNV-INT-0354,DELBRUCK AVE / W KEITH RD,Marine-Hamilton,87.48,85.26,49.14,44.91,37.77,60.91,5,117.0,46.37,6.0,True,1084.0,True,public_space_composite,60.91,Derived; see DATA_SOURCES.md for each contributing layer,"Unweighted mean of full-coverage 0-100 percentile-rank components. Neutral public-space measure containing no political variable. safety_score and nearest_traffic_volume are reported as separate columns, NOT folded into the composite, because their coverage is partial."
118,CNV-INT-0286,SEMISCH AVE / W 1ST ST,Lower Lonsdale,22.07,87.62,86.07,70.95,37.77,60.9,5,118.0,41.98,7.0,True,,False,public_space_composite,60.9,Derived; see DATA_SOURCES.md for each contributing layer,"Unweighted mean of full-coverage 0-100 percentile-rank components. Neutral public-space measure containing no political variable. safety_score and nearest_traffic_volume are reported as separate columns, NOT folded into the composite, because their coverage is partial."
119,CNV-INT-0428,MACKAY AVE / MARINE DR,Marine-Hamilton,87.48,85.63,63.55,29.03,37.77,60.69,5,119.0,3.63,69.0,True,,False,public_space_composite,60.69,Derived; see DATA_SOURCES.md for each contributing layer,"Unweighted mean of full-coverage 0-100 percentile-rank components. Neutral public-space measure containing no political variable. safety_score and nearest_traffic_volume are reported as separate columns, NOT folded into the composite, because their coverage is partial."
120,CNV-INT-0203,E 17TH ST / ST. ANDREWS AVE,Central Lonsdale,68.69,52.76,59.51,66.11,56.34,60.68,5,120.0,46.37,6.0,True,,False,public_space_composite,60.68,Derived; see DATA_SOURCES.md for each contributing layer,"Unweighted mean of full-coverage 0-100 percentile-rank components. Neutral public-space measure containing no political variable. safety_score and nearest_traffic_volume are reported as separate columns, NOT folded into the composite, because their coverage is partial."
121,CNV-INT-0431,HAMILTON AVE / TOBRUCK AVE,Marine-Hamilton,68.69,86.11,71.25,29.03,47.83,60.58,5,121.0,72.33,2.0,True,,False,public_space_composite,60.58,Derived; see DATA_SOURCES.md for each contributing layer,"Unweighted mean of full-coverage 0-100 percentile-rank components. Neutral public-space measure containing no political variable. safety_score and nearest_traffic_volume are reported as separate columns, NOT folded into the composite, because their coverage is partial."
122,CNV-INT-0392,MAHON AVE / W 16TH ST,Central Lonsdale,22.07,69.29,66.89,87.24,56.34,60.37,5,122.0,72.33,2.0,True,,False,public_space_composite,60.37,Derived; see DATA_SOURCES.md for each contributing layer,"Unweighted mean of full-coverage 0-100 percentile-rank components. Neutral public-space measure containing no political variable. safety_score and nearest_traffic_volume are reported as separate columns, NOT folded into the composite, because their coverage is partial."
123,CNV-INT-0131,E 13TH ST / E GRAND BLVD,Grand Boulevard,87.48,86.2,41.84,29.03,56.34,60.18,5,123.0,,,False,,False,public_space_composite,60.18,Derived; see DATA_SOURCES.md for each contributing layer,"Unweighted mean of full-coverage 0-100 percentile-rank components. Neutral public-space measure containing no political variable. safety_score and nearest_traffic_volume are reported as separate columns, NOT folded into the composite, because their coverage is partial."
124,CNV-INT-0263,E ESPLANADE / ST. GEORGES AVE,Lower Lonsdale,87.48,12.76,64.85,59.18,76.4,60.13,5,124.0,17.37,24.0,True,,False,public_space_composite,60.13,Derived; see DATA_SOURCES.md for each contributing layer,"Unweighted mean of full-coverage 0-100 percentile-rank components. Neutral public-space measure containing no political variable. safety_score and nearest_traffic_volume are reported as separate columns, NOT folded into the composite, because their coverage is partial."
125,CNV-INT-0215,E 21ST ST / EASTERN AVE,Central Lonsdale,22.07,87.18,78.47,75.06,37.77,60.11,5,125.0,,,False,,False,public_space_composite,60.11,Derived; see DATA_SOURCES.md for each contributing layer,"Unweighted mean of full-coverage 0-100 percentile-rank components. Neutral public-space measure containing no political variable. safety_score and nearest_traffic_volume are reported as separate columns, NOT folded into the composite, because their coverage is partial."
126,CNV-INT-0137,E 15TH ST / W GRAND BLVD,Grand Boulevard,68.69,94.52,51.82,29.03,56.34,60.08,5,126.0,,,False,,False,public_space_composite,60.08,Derived; see DATA_SOURCES.md for each contributing layer,"Unweighted mean of full-coverage 0-100 percentile-rank components. Neutral public-space measure containing no political variable. safety_score and nearest_traffic_volume are reported as separate columns, NOT folded into the composite, because their coverage is partial."
127,CNV-INT-0422,FELL AVE / W 15TH ST,Marine-Hamilton,52.09,93.71,75.87,40.47,37.77,59.98,5,127.0,37.02,9.0,True,613.0,True,public_space_composite,59.98,Derived; see DATA_SOURCES.md for each contributing layer,"Unweighted mean of full-coverage 0-100 percentile-rank components. Neutral public-space measure containing no political variable. safety_score and nearest_traffic_volume are reported as separate columns, NOT folded into the composite, because their coverage is partial."
128,CNV-INT-0490,UPPER LEVELS HWY / WESTVIEW DR,Westview,99.4,52.54,51.73,29.03,66.34,59.81,5,128.0,,,False,,False,public_space_composite,59.81,Derived; see DATA_SOURCES.md for each contributing layer,"Unweighted mean of full-coverage 0-100 percentile-rank components. Neutral public-space measure containing no political variable. safety_score and nearest_traffic_volume are reported as separate columns, NOT folded into the composite, because their coverage is partial."
129,CNV-INT-0410,W 23RD ST / WESTERN AVE,Central Lonsdale,52.09,66.63,68.9,73.65,37.77,59.81,5,128.0,63.36,3.0,True,,False,public_space_composite,59.81,Derived; see DATA_SOURCES.md for each contributing layer,"Unweighted mean of full-coverage 0-100 percentile-rank components. Neutral public-space measure containing no political variable. safety_score and nearest_traffic_volume are reported as separate columns, NOT folded into the composite, because their coverage is partial."
130,CNV-INT-0289,MAHON AVE / W 1ST ST,Lower Lonsdale,22.07,79.8,80.3,59.84,56.34,59.67,5,130.0,38.55,8.0,True,,False,public_space_composite,59.67,Derived; see DATA_SOURCES.md for each contributing layer,"Unweighted mean of full-coverage 0-100 percentile-rank components. Neutral public-space measure containing no political variable. safety_score and nearest_traffic_volume are reported as separate columns, NOT folded into the composite, because their coverage is partial."
131,CNV-INT-0194,E 16TH ST / ST. ANDREWS AVE,Central Lonsdale,22.07,76.18,71.52,72.2,56.34,59.66,5,131.0,88.93,1.0,True,,False,public_space_composite,59.66,Derived; see DATA_SOURCES.md for each contributing layer,"Unweighted mean of full-coverage 0-100 percentile-rank components. Neutral public-space measure containing no political variable. safety_score and nearest_traffic_volume are reported as separate columns, NOT folded into the composite, because their coverage is partial."
132,CNV-INT-0305,W KEITH RD / W VICTORIA PARK AVE,Lower Lonsdale,52.09,59.59,81.02,76.43,29.13,59.65,5,132.0,,,False,,False,public_space_composite,59.65,Derived; see DATA_SOURCES.md for each contributing layer,"Unweighted mean of full-coverage 0-100 percentile-rank components. Neutral public-space measure containing no political variable. safety_score and nearest_traffic_volume are reported as separate columns, NOT folded into the composite, because their coverage is partial."
133,CNV-INT-0181,E 13TH ST / RIDGEWAY AVE,Central Lonsdale,52.09,52.76,53.88,72.36,66.34,59.49,5,133.0,50.38,5.0,True,,False,public_space_composite,59.49,Derived; see DATA_SOURCES.md for each contributing layer,"Unweighted mean of full-coverage 0-100 percentile-rank components. Neutral public-space measure containing no political variable. safety_score and nearest_traffic_volume are reported as separate columns, NOT folded into the composite, because their coverage is partial."
134,CNV-INT-0164,BOULEVARD CRES / E 19TH ST / E GRAND BLVD,Grand Boulevard,87.48,66.6,38.16,29.03,75.96,59.45,5,134.0,,,False,,False,public_space_composite,59.45,Derived; see DATA_SOURCES.md for each contributing layer,"Unweighted mean of full-coverage 0-100 percentile-rank components. Neutral public-space measure containing no political variable. safety_score and nearest_traffic_volume are reported as separate columns, NOT folded into the composite, because their coverage is partial."
135,CNV-INT-0117,E 10TH ST / ST. GEORGES AVE,Central Lonsdale,52.09,32.74,69.17,76.52,66.34,59.37,5,135.0,72.33,2.0,True,,False,public_space_composite,59.37,Derived; see DATA_SOURCES.md for each contributing layer,"Unweighted mean of full-coverage 0-100 percentile-rank components. Neutral public-space measure containing no political variable. safety_score and nearest_traffic_volume are reported as separate columns, NOT folded into the composite, because their coverage is partial."
136,CNV-INT-0035,E 6TH ST / QUEENSBURY AVE,Moodyville,52.09,68.24,58.64,52.69,65.04,59.34,5,136.0,72.33,2.0,True,,False,public_space_composite,59.34,Derived; see DATA_SOURCES.md for each contributing layer,"Unweighted mean of full-coverage 0-100 percentile-rank components. Neutral public-space measure containing no political variable. safety_score and nearest_traffic_volume are reported as separate columns, NOT folded into the composite, because their coverage is partial."
137,CNV-INT-0061,E 9TH ST / E GRAND BLVD,Grand Boulevard,87.48,74.39,39.42,29.03,66.34,59.33,5,137.0,,,False,,False,public_space_composite,59.33,Derived; see DATA_SOURCES.md for each contributing layer,"Unweighted mean of full-coverage 0-100 percentile-rank components. Neutral public-space measure containing no political variable. safety_score and nearest_traffic_volume are reported as separate columns, NOT folded into the composite, because their coverage is partial."
138,CNV-INT-0026,E 3RD ST / QUEENSBURY AVE,Moodyville,87.48,60.61,29.87,62.17,56.48,59.32,5,138.0,22.14,19.0,True,,False,public_space_composite,59.32,Derived; see DATA_SOURCES.md for each contributing layer,"Unweighted mean of full-coverage 0-100 percentile-rank components. Neutral public-space measure containing no political variable. safety_score and nearest_traffic_volume are reported as separate columns, NOT folded into the composite, because their coverage is partial."
139,CNV-INT-0275,CHADWICK CRT / CHESTERFIELD PL,Lower Lonsdale,22.07,97.5,74.78,74.77,27.15,59.25,5,139.0,56.3,4.0,True,,False,public_space_composite,59.25,Derived; see DATA_SOURCES.md for each contributing layer,"Unweighted mean of full-coverage 0-100 percentile-rank components. Neutral public-space measure containing no political variable. safety_score and nearest_traffic_volume are reported as separate columns, NOT folded into the composite, because their coverage is partial."
140,CNV-INT-0204,E 18TH ST / ST. GEORGES AVE,Central Lonsdale,52.09,40.17,73.08,73.76,56.34,59.09,5,140.0,41.98,7.0,True,,False,public_space_composite,59.09,Derived; see DATA_SOURCES.md for each contributing layer,"Unweighted mean of full-coverage 0-100 percentile-rank components. Neutral public-space measure containing no political variable. safety_score and nearest_traffic_volume are reported as separate columns, NOT folded into the composite, because their coverage is partial."
141,CNV-INT-0059,E 8TH ST / E GRAND BLVD,Grand Boulevard,87.48,89.43,51.65,29.03,37.77,59.07,5,141.0,,,False,,False,public_space_composite,59.07,Derived; see DATA_SOURCES.md for each contributing layer,"Unweighted mean of full-coverage 0-100 percentile-rank components. Neutral public-space measure containing no political variable. safety_score and nearest_traffic_volume are reported as separate columns, NOT folded into the composite, because their coverage is partial."
142,CNV-INT-0396,CHESTERFIELD AVE / W 20TH ST,Central Lonsdale,52.09,54.19,65.04,75.78,47.77,58.97,5,142.0,46.37,6.0,True,,False,public_space_composite,58.97,Derived; see DATA_SOURCES.md for each contributing layer,"Unweighted mean of full-coverage 0-100 percentile-rank components. Neutral public-space measure containing no political variable. safety_score and nearest_traffic_volume are reported as separate columns, NOT folded into the composite, because their coverage is partial."
143,CNV-INT-0253,E 26TH ST / LONSDALE AVE,Central Lonsdale,87.48,65.83,64.36,29.03,47.83,58.91,5,143.0,35.11,10.0,True,,False,public_space_composite,58.91,Derived; see DATA_SOURCES.md for each contributing layer,"Unweighted mean of full-coverage 0-100 percentile-rank components. Neutral public-space measure containing no political variable. safety_score and nearest_traffic_volume are reported as separate columns, NOT folded into the composite, because their coverage is partial."
144,CNV-INT-0025,E 3RD ST / MOODY AVE,Moodyville,52.09,61.43,45.99,68.65,66.34,58.9,5,144.0,28.44,14.0,True,,False,public_space_composite,58.9,Derived; see DATA_SOURCES.md for each contributing layer,"Unweighted mean of full-coverage 0-100 percentile-rank components. Neutral public-space measure containing no political variable. safety_score and nearest_traffic_volume are reported as separate columns, NOT folded into the composite, because their coverage is partial."
145,CNV-INT-0259,E 1ST ST / ST. GEORGES AVE,Lower Lonsdale,52.09,35.62,75.2,65.11,66.34,58.87,5,145.0,23.47,18.0,True,,False,public_space_composite,58.87,Derived; see DATA_SOURCES.md for each contributing layer,"Unweighted mean of full-coverage 0-100 percentile-rank components. Neutral public-space measure containing no political variable. safety_score and nearest_traffic_volume are reported as separate columns, NOT folded into the composite, because their coverage is partial."
146,CNV-INT-0434,BEWICKE AVE / LARSON RD,Mahon,87.48,44.74,48.35,47.2,66.34,58.82,5,146.0,,,False,,False,public_space_composite,58.82,Derived; see DATA_SOURCES.md for each contributing layer,"Unweighted mean of full-coverage 0-100 percentile-rank components. Neutral public-space measure containing no political variable. safety_score and nearest_traffic_volume are reported as separate columns, NOT folded into the composite, because their coverage is partial."
147,CNV-INT-0105,E KEITH RD / E VICTORIA PARK AVE,Lower Lonsdale,52.09,73.68,75.83,73.34,18.51,58.69,5,147.0,,,False,,False,public_space_composite,58.69,Derived; see DATA_SOURCES.md for each contributing layer,"Unweighted mean of full-coverage 0-100 percentile-rank components. Neutral public-space measure containing no political variable. safety_score and nearest_traffic_volume are reported as separate columns, NOT folded into the composite, because their coverage is partial."
148,CNV-INT-0148,E 17TH ST / W GRAND BLVD,Grand Boulevard,68.69,89.45,49.37,29.03,56.34,58.58,5,148.0,,,False,,False,public_space_composite,58.58,Derived; see DATA_SOURCES.md for each contributing layer,"Unweighted mean of full-coverage 0-100 percentile-rank components. Neutral public-space measure containing no political variable. safety_score and nearest_traffic_volume are reported as separate columns, NOT folded into the composite, because their coverage is partial."
149,CNV-INT-0300,MAHON AVE / W 4TH ST,Lower Lonsdale,22.07,75.48,69.8,67.93,56.34,58.32,5,149.0,,,False,,False,public_space_composite,58.32,Derived; see DATA_SOURCES.md for each contributing layer,"Unweighted mean of full-coverage 0-100 percentile-rank components. Neutral public-space measure containing no political variable. safety_score and nearest_traffic_volume are reported as separate columns, NOT folded into the composite, because their coverage is partial."
150,CNV-INT-0186,E 15TH ST / MOODY AVE,Grand Boulevard,68.69,84.66,51.96,29.03,56.34,58.14,5,150.0,88.93,1.0,True,,False,public_space_composite,58.14,Derived; see DATA_SOURCES.md for each contributing layer,"Unweighted mean of full-coverage 0-100 percentile-rank components. Neutral public-space measure containing no political variable. safety_score and nearest_traffic_volume are reported as separate columns, NOT folded into the composite, because their coverage is partial."
151,CNV-INT-0440,HAMILTON AVE / W 17TH ST,Marine-Hamilton,68.69,77.42,67.13,29.03,47.83,58.02,5,151.0,,,False,,False,public_space_composite,58.02,Derived; see DATA_SOURCES.md for each contributing layer,"Unweighted mean of full-coverage 0-100 percentile-rank components. Neutral public-space measure containing no political variable. safety_score and nearest_traffic_volume are reported as separate columns, NOT folded into the composite, because their coverage is partial."
152,CNV-INT-0101,E KEITH RD / ST. GEORGES AVE,Lower Lonsdale,52.09,45.15,63.57,72.35,56.34,57.9,5,152.0,14.31,28.0,True,,False,public_space_composite,57.9,Derived; see DATA_SOURCES.md for each contributing layer,"Unweighted mean of full-coverage 0-100 percentile-rank components. Neutral public-space measure containing no political variable. safety_score and nearest_traffic_volume are reported as separate columns, NOT folded into the composite, because their coverage is partial."
153,CNV-INT-0160,E 19TH ST / QUEENSBURY AVE / W GRAND BLVD,Grand Boulevard,68.69,66.6,39.38,29.03,85.35,57.81,5,153.0,,,False,,False,public_space_composite,57.81,Derived; see DATA_SOURCES.md for each contributing layer,"Unweighted mean of full-coverage 0-100 percentile-rank components. Neutral public-space measure containing no political variable. safety_score and nearest_traffic_volume are reported as separate columns, NOT folded into the composite, because their coverage is partial."
154,CNV-INT-0139,E 16TH ST / E GRAND BLVD,Grand Boulevard,87.48,87.49,46.83,29.03,37.77,57.72,5,154.0,,,False,,False,public_space_composite,57.72,Derived; see DATA_SOURCES.md for each contributing layer,"Unweighted mean of full-coverage 0-100 percentile-rank components. Neutral public-space measure containing no political variable. safety_score and nearest_traffic_volume are reported as separate columns, NOT folded into the composite, because their coverage is partial."
155,CNV-INT-0284,E KEITH RD / E VICTORIA PARK AVE,Lower Lonsdale,52.09,73.68,71.55,72.08,18.51,57.58,5,155.0,,,False,,False,public_space_composite,57.58,Derived; see DATA_SOURCES.md for each contributing layer,"Unweighted mean of full-coverage 0-100 percentile-rank components. Neutral public-space measure containing no political variable. safety_score and nearest_traffic_volume are reported as separate columns, NOT folded into the composite, because their coverage is partial."
156,CNV-INT-0001,BROOKSBANK AVE / COTTON RD,Moodyville,87.48,56.75,37.43,29.03,76.4,57.42,5,156.0,2.86,74.0,True,,False,public_space_composite,57.42,Derived; see DATA_SOURCES.md for each contributing layer,"Unweighted mean of full-coverage 0-100 percentile-rank components. Neutral public-space measure containing no political variable. safety_score and nearest_traffic_volume are reported as separate columns, NOT folded into the composite, because their coverage is partial."
157,CNV-INT-0382,W 12TH ST / W 8TH ST,Central Lonsdale,22.07,63.27,82.61,90.67,27.15,57.15,5,157.0,,,False,,False,public_space_composite,57.15,Derived; see DATA_SOURCES.md for each contributing layer,"Unweighted mean of full-coverage 0-100 percentile-rank components. Neutral public-space measure containing no political variable. safety_score and nearest_traffic_volume are reported as separate columns, NOT folded into the composite, because their coverage is partial."
158,CNV-INT-0132,E 13TH ST / W GRAND BLVD,Grand Boulevard,68.69,86.2,45.42,29.03,56.34,57.14,5,158.0,,,False,,False,public_space_composite,57.14,Derived; see DATA_SOURCES.md for each contributing layer,"Unweighted mean of full-coverage 0-100 percentile-rank components. Neutral public-space measure containing no political variable. safety_score and nearest_traffic_volume are reported as separate columns, NOT folded into the composite, because their coverage is partial."
159,CNV-INT-0293,CHESTERFIELD AVE / W 5TH ST,Lower Lonsdale,52.09,42.55,75.0,59.47,56.34,57.09,5,159.0,50.38,5.0,True,,False,public_space_composite,57.09,Derived; see DATA_SOURCES.md for each contributing layer,"Unweighted mean of full-coverage 0-100 percentile-rank components. Neutral public-space measure containing no political variable. safety_score and nearest_traffic_volume are reported as separate columns, NOT folded into the composite, because their coverage is partial."
160,CNV-INT-0051,E 7TH ST / QUEENSBURY AVE,Moodyville,52.09,78.98,60.0,29.03,65.04,57.03,5,160.0,41.98,7.0,True,,False,public_space_composite,57.03,Derived; see DATA_SOURCES.md for each contributing layer,"Unweighted mean of full-coverage 0-100 percentile-rank components. Neutral public-space measure containing no political variable. safety_score and nearest_traffic_volume are reported as separate columns, NOT folded into the composite, because their coverage is partial."
161,CNV-INT-0102,E KEITH RD / ST. GEORGES AVE,Lower Lonsdale,52.09,45.15,63.31,68.07,56.34,56.99,5,161.0,,,False,,False,public_space_composite,56.99,Derived; see DATA_SOURCES.md for each contributing layer,"Unweighted mean of full-coverage 0-100 percentile-rank components. Neutral public-space measure containing no political variable. safety_score and nearest_traffic_volume are reported as separate columns, NOT folded into the composite, because their coverage is partial."
162,CNV-INT-0303,W KEITH RD / W VICTORIA PARK AVE,Lower Lonsdale,52.09,63.73,77.99,72.35,18.51,56.93,5,162.0,88.93,1.0,True,,False,public_space_composite,56.93,Derived; see DATA_SOURCES.md for each contributing layer,"Unweighted mean of full-coverage 0-100 percentile-rank components. Neutral public-space measure containing no political variable. safety_score and nearest_traffic_volume are reported as separate columns, NOT folded into the composite, because their coverage is partial."
163,CNV-INT-0064,E 11TH ST / E GRAND BLVD,Grand Boulevard,87.48,66.49,34.48,29.03,66.34,56.76,5,163.0,,,False,,False,public_space_composite,56.76,Derived; see DATA_SOURCES.md for each contributing layer,"Unweighted mean of full-coverage 0-100 percentile-rank components. Neutral public-space measure containing no political variable. safety_score and nearest_traffic_volume are reported as separate columns, NOT folded into the composite, because their coverage is partial."
164,CNV-INT-0086,E 5TH ST / ST. GEORGES AVE,Lower Lonsdale,52.09,43.56,67.14,54.36,66.34,56.7,5,164.0,38.55,8.0,True,,False,public_space_composite,56.7,Derived; see DATA_SOURCES.md for each contributing layer,"Unweighted mean of full-coverage 0-100 percentile-rank components. Neutral public-space measure containing no political variable. safety_score and nearest_traffic_volume are reported as separate columns, NOT folded into the composite, because their coverage is partial."
165,CNV-INT-0100,E KEITH RD / ST. ANDREWS AVE,Central Lonsdale,52.09,47.3,61.21,56.08,66.34,56.6,5,165.0,,,False,,False,public_space_composite,56.6,Derived; see DATA_SOURCES.md for each contributing layer,"Unweighted mean of full-coverage 0-100 percentile-rank components. Neutral public-space measure containing no political variable. safety_score and nearest_traffic_volume are reported as separate columns, NOT folded into the composite, because their coverage is partial."
166,CNV-INT-0435,LARSON RD / W 17TH ST,Mahon,87.48,49.06,47.44,51.15,47.77,56.58,5,166.0,,,False,,False,public_space_composite,56.58,Derived; see DATA_SOURCES.md for each contributing layer,"Unweighted mean of full-coverage 0-100 percentile-rank components. Neutral public-space measure containing no political variable. safety_score and nearest_traffic_volume are reported as separate columns, NOT folded into the composite, because their coverage is partial."
167,CNV-INT-0185,E 14TH ST / RIDGEWAY AVE,Central Lonsdale,22.07,76.03,64.3,63.85,56.34,56.52,5,167.0,88.93,1.0,True,,False,public_space_composite,56.52,Derived; see DATA_SOURCES.md for each contributing layer,"Unweighted mean of full-coverage 0-100 percentile-rank components. Neutral public-space measure containing no political variable. safety_score and nearest_traffic_volume are reported as separate columns, NOT folded into the composite, because their coverage is partial."
168,CNV-INT-0217,E 22ND ST / EASTERN AVE,Central Lonsdale,22.07,77.27,73.51,71.92,37.77,56.51,5,168.0,88.93,1.0,True,,False,public_space_composite,56.51,Derived; see DATA_SOURCES.md for each contributing layer,"Unweighted mean of full-coverage 0-100 percentile-rank components. Neutral public-space measure containing no political variable. safety_score and nearest_traffic_volume are reported as separate columns, NOT folded into the composite, because their coverage is partial."
169,CNV-INT-0415,JONES AVE / LARSON CRES / W 23RD ST,Mahon,68.69,24.72,39.36,63.63,85.35,56.35,5,169.0,16.6,25.0,True,,False,public_space_composite,56.35,Derived; see DATA_SOURCES.md for each contributing layer,"Unweighted mean of full-coverage 0-100 percentile-rank components. Neutral public-space measure containing no political variable. safety_score and nearest_traffic_volume are reported as separate columns, NOT folded into the composite, because their coverage is partial."
170,CNV-INT-0195,E 14TH ST / ST. ANDREWS AVE,Central Lonsdale,22.07,76.18,69.63,76.04,37.77,56.34,5,170.0,,,False,,False,public_space_composite,56.34,Derived; see DATA_SOURCES.md for each contributing layer,"Unweighted mean of full-coverage 0-100 percentile-rank components. Neutral public-space measure containing no political variable. safety_score and nearest_traffic_volume are reported as separate columns, NOT folded into the composite, because their coverage is partial."
171,CNV-INT-0087,E KEITH RD / ST. ANDREWS AVE,Lower Lonsdale,52.09,47.3,62.02,53.83,66.34,56.32,5,171.0,13.36,29.0,True,,False,public_space_composite,56.32,Derived; see DATA_SOURCES.md for each contributing layer,"Unweighted mean of full-coverage 0-100 percentile-rank components. Neutral public-space measure containing no political variable. safety_score and nearest_traffic_volume are reported as separate columns, NOT folded into the composite, because their coverage is partial."
172,CNV-INT-0076,E 3RD ST / ST. PATRICKS AVE,Lower Lonsdale,52.09,46.7,65.6,60.58,56.34,56.26,5,172.0,56.3,4.0,True,,False,public_space_composite,56.26,Derived; see DATA_SOURCES.md for each contributing layer,"Unweighted mean of full-coverage 0-100 percentile-rank components. Neutral public-space measure containing no political variable. safety_score and nearest_traffic_volume are reported as separate columns, NOT folded into the composite, because their coverage is partial."
173,CNV-INT-0094,E 8TH ST / W GRAND BLVD,Grand Boulevard,68.69,87.97,57.12,29.03,37.77,56.12,5,173.0,,,False,,False,public_space_composite,56.12,Derived; see DATA_SOURCES.md for each contributing layer,"Unweighted mean of full-coverage 0-100 percentile-rank components. Neutral public-space measure containing no political variable. safety_score and nearest_traffic_volume are reported as separate columns, NOT folded into the composite, because their coverage is partial."
174,CNV-INT-0446,W 19TH ST / WESTVIEW DR,Mahon,87.48,56.24,41.21,29.03,66.34,56.06,5,174.0,35.11,10.0,True,725.0,True,public_space_composite,56.06,Derived; see DATA_SOURCES.md for each contributing layer,"Unweighted mean of full-coverage 0-100 percentile-rank components. Neutral public-space measure containing no political variable. safety_score and nearest_traffic_volume are reported as separate columns, NOT folded into the composite, because their coverage is partial."
175,CNV-INT-0168,BOULEVARD CRES / SUTHERLAND AVE / UPPER LEVELS RAMP,Grand Boulevard,87.48,66.6,30.97,29.03,65.96,56.01,5,175.0,88.93,1.0,True,,False,public_space_composite,56.01,Derived; see DATA_SOURCES.md for each contributing layer,"Unweighted mean of full-coverage 0-100 percentile-rank components. Neutral public-space measure containing no political variable. safety_score and nearest_traffic_volume are reported as separate columns, NOT folded into the composite, because their coverage is partial."
176,CNV-INT-0344,DELBRUCK AVE / W 3RD ST,Squamish Nation (Mission IR 1),87.48,79.15,46.42,29.03,37.77,55.97,5,176.0,88.93,1.0,True,552.0,True,public_space_composite,55.97,Derived; see DATA_SOURCES.md for each contributing layer,"Unweighted mean of full-coverage 0-100 percentile-rank components. Neutral public-space measure containing no political variable. safety_score and nearest_traffic_volume are reported as separate columns, NOT folded into the composite, because their coverage is partial."
177,CNV-INT-0147,E 16TH ST / W GRAND BLVD,Grand Boulevard,68.69,95.23,48.39,29.03,37.77,55.82,5,177.0,,,False,,False,public_space_composite,55.82,Derived; see DATA_SOURCES.md for each contributing layer,"Unweighted mean of full-coverage 0-100 percentile-rank components. Neutral public-space measure containing no political variable. safety_score and nearest_traffic_volume are reported as separate columns, NOT folded into the composite, because their coverage is partial."
178,CNV-INT-0492,WESTVIEW DR,Westview,87.48,52.54,51.67,29.03,57.19,55.58,5,178.0,,,False,,False,public_space_composite,55.58,Derived; see DATA_SOURCES.md for each contributing layer,"Unweighted mean of full-coverage 0-100 percentile-rank components. Neutral public-space measure containing no political variable. safety_score and nearest_traffic_volume are reported as separate columns, NOT folded into the composite, because their coverage is partial."
179,CNV-INT-0133,E 14TH ST / E GRAND BLVD,Grand Boulevard,87.48,83.46,39.71,29.03,37.77,55.49,5,179.0,,,False,,False,public_space_composite,55.49,Derived; see DATA_SOURCES.md for each contributing layer,"Unweighted mean of full-coverage 0-100 percentile-rank components. Neutral public-space measure containing no political variable. safety_score and nearest_traffic_volume are reported as separate columns, NOT folded into the composite, because their coverage is partial."
180,CNV-INT-0489,WESTVIEW DR,Mahon,87.48,52.54,50.83,29.03,57.19,55.41,5,180.0,,,False,,False,public_space_composite,55.41,Derived; see DATA_SOURCES.md for each contributing layer,"Unweighted mean of full-coverage 0-100 percentile-rank components. Neutral public-space measure containing no political variable. safety_score and nearest_traffic_volume are reported as separate columns, NOT folded into the composite, because their coverage is partial."
181,CNV-INT-0165,BOULEVARD CRES / E 21ST ST / UPPER LEVELS RAMP,Grand Boulevard,87.48,53.87,29.88,29.03,75.96,55.24,5,181.0,,,False,,False,public_space_composite,55.24,Derived; see DATA_SOURCES.md for each contributing layer,"Unweighted mean of full-coverage 0-100 percentile-rank components. Neutral public-space measure containing no political variable. safety_score and nearest_traffic_volume are reported as separate columns, NOT folded into the composite, because their coverage is partial."
182,CNV-INT-0032,E 5TH ST / QUEENSBURY AVE,Moodyville,52.09,47.3,53.62,56.54,65.04,54.92,5,182.0,63.36,3.0,True,,False,public_space_composite,54.92,Derived; see DATA_SOURCES.md for each contributing layer,"Unweighted mean of full-coverage 0-100 percentile-rank components. Neutral public-space measure containing no political variable. safety_score and nearest_traffic_volume are reported as separate columns, NOT folded into the composite, because their coverage is partial."
183,CNV-INT-0350,DONAGHY AVE / W 3RD ST,Marine-Hamilton,68.69,76.65,61.96,29.03,37.77,54.82,5,183.0,56.3,4.0,True,,False,public_space_composite,54.82,Derived; see DATA_SOURCES.md for each contributing layer,"Unweighted mean of full-coverage 0-100 percentile-rank components. Neutral public-space measure containing no political variable. safety_score and nearest_traffic_volume are reported as separate columns, NOT folded into the composite, because their coverage is partial."
184,CNV-INT-0106,E 8TH ST / ST. GEORGES AVE,Central Lonsdale,52.09,32.74,67.93,73.37,47.77,54.78,5,184.0,88.93,1.0,True,,False,public_space_composite,54.78,Derived; see DATA_SOURCES.md for each contributing layer,"Unweighted mean of full-coverage 0-100 percentile-rank components. Neutral public-space measure containing no political variable. safety_score and nearest_traffic_volume are reported as separate columns, NOT folded into the composite, because their coverage is partial."
185,CNV-INT-0030,E 4TH ST / RIDGEWAY AVE,Moodyville,22.07,61.08,66.04,67.69,56.34,54.64,5,185.0,72.33,2.0,True,,False,public_space_composite,54.64,Derived; see DATA_SOURCES.md for each contributing layer,"Unweighted mean of full-coverage 0-100 percentile-rank components. Neutral public-space measure containing no political variable. safety_score and nearest_traffic_volume are reported as separate columns, NOT folded into the composite, because their coverage is partial."
186,CNV-INT-0122,E 12TH ST / ST. GEORGES AVE,Central Lonsdale,52.09,12.76,69.16,82.43,56.34,54.56,5,186.0,26.15,16.0,True,,False,public_space_composite,54.56,Derived; see DATA_SOURCES.md for each contributing layer,"Unweighted mean of full-coverage 0-100 percentile-rank components. Neutral public-space measure containing no political variable. safety_score and nearest_traffic_volume are reported as separate columns, NOT folded into the composite, because their coverage is partial."
187,CNV-INT-0200,E 17TH ST / RIDGEWAY AVE,Grand Boulevard,68.69,52.76,50.02,44.95,56.34,54.55,5,187.0,,,False,,False,public_space_composite,54.55,Derived; see DATA_SOURCES.md for each contributing layer,"Unweighted mean of full-coverage 0-100 percentile-rank components. Neutral public-space measure containing no political variable. safety_score and nearest_traffic_volume are reported as separate columns, NOT folded into the composite, because their coverage is partial."
188,CNV-INT-0502,W 28TH ST / WESTVIEW DR,Westview,87.48,70.03,38.25,29.03,47.77,54.51,5,188.0,,,False,,False,public_space_composite,54.51,Derived; see DATA_SOURCES.md for each contributing layer,"Unweighted mean of full-coverage 0-100 percentile-rank components. Neutral public-space measure containing no political variable. safety_score and nearest_traffic_volume are reported as separate columns, NOT folded into the composite, because their coverage is partial."
189,CNV-INT-0503,WESTVIEW CRES / WESTVIEW DR,Westview,87.48,70.03,37.62,29.03,47.77,54.39,5,189.0,,,False,,False,public_space_composite,54.39,Derived; see DATA_SOURCES.md for each contributing layer,"Unweighted mean of full-coverage 0-100 percentile-rank components. Neutral public-space measure containing no political variable. safety_score and nearest_traffic_volume are reported as separate columns, NOT folded into the composite, because their coverage is partial."
190,CNV-INT-0432,MACKAY AVE / W 17TH ST,Marine-Hamilton,68.69,81.71,54.03,29.03,37.77,54.25,5,190.0,63.36,3.0,True,,False,public_space_composite,54.25,Derived; see DATA_SOURCES.md for each contributing layer,"Unweighted mean of full-coverage 0-100 percentile-rank components. Neutral public-space measure containing no political variable. safety_score and nearest_traffic_volume are reported as separate columns, NOT folded into the composite, because their coverage is partial."
191,CNV-INT-0028,E 4TH ST / MOODY AVE,Moodyville,22.07,71.69,56.3,64.81,56.34,54.24,5,191.0,56.3,4.0,True,,False,public_space_composite,54.24,Derived; see DATA_SOURCES.md for each contributing layer,"Unweighted mean of full-coverage 0-100 percentile-rank components. Neutral public-space measure containing no political variable. safety_score and nearest_traffic_volume are reported as separate columns, NOT folded into the composite, because their coverage is partial."
192,CNV-INT-0150,E 18TH ST / E GRAND BLVD,Grand Boulevard,87.48,77.94,37.9,29.03,37.77,54.02,5,192.0,,,False,,False,public_space_composite,54.02,Derived; see DATA_SOURCES.md for each contributing layer,"Unweighted mean of full-coverage 0-100 percentile-rank components. Neutral public-space measure containing no political variable. safety_score and nearest_traffic_volume are reported as separate columns, NOT folded into the composite, because their coverage is partial."
193,CNV-INT-0029,E 4TH ST / QUEENSBURY AVE,Moodyville,52.09,54.69,40.0,58.01,65.04,53.97,5,193.0,46.37,6.0,True,,False,public_space_composite,53.97,Derived; see DATA_SOURCES.md for each contributing layer,"Unweighted mean of full-coverage 0-100 percentile-rank components. Neutral public-space measure containing no political variable. safety_score and nearest_traffic_volume are reported as separate columns, NOT folded into the composite, because their coverage is partial."
194,CNV-INT-0177,BOULEVARD CRES / LYNN VALLEY RD / UPPER LEVELS HWY,Tempe,99.4,53.87,21.54,29.03,65.96,53.96,5,194.0,,,False,,False,public_space_composite,53.96,Derived; see DATA_SOURCES.md for each contributing layer,"Unweighted mean of full-coverage 0-100 percentile-rank components. Neutral public-space measure containing no political variable. safety_score and nearest_traffic_volume are reported as separate columns, NOT folded into the composite, because their coverage is partial."
195,CNV-INT-0468,W 23RD ST / WESTVIEW DR,Mahon,87.48,44.56,42.4,29.03,66.34,53.96,5,194.0,,,False,801.0,True,public_space_composite,53.96,Derived; see DATA_SOURCES.md for each contributing layer,"Unweighted mean of full-coverage 0-100 percentile-rank components. Neutral public-space measure containing no political variable. safety_score and nearest_traffic_volume are reported as separate columns, NOT folded into the composite, because their coverage is partial."
196,CNV-INT-0313,MAHON AVE / W KEITH RD,Lower Lonsdale,52.09,48.65,65.81,65.11,37.77,53.89,5,196.0,41.98,7.0,True,,False,public_space_composite,53.89,Derived; see DATA_SOURCES.md for each contributing layer,"Unweighted mean of full-coverage 0-100 percentile-rank components. Neutral public-space measure containing no political variable. safety_score and nearest_traffic_volume are reported as separate columns, NOT folded into the composite, because their coverage is partial."
197,CNV-INT-0356,FORBES AVE / W 14TH ST,Mahon,22.07,86.58,48.74,55.61,56.34,53.87,5,197.0,63.36,3.0,True,,False,public_space_composite,53.87,Derived; see DATA_SOURCES.md for each contributing layer,"Unweighted mean of full-coverage 0-100 percentile-rank components. Neutral public-space measure containing no political variable. safety_score and nearest_traffic_volume are reported as separate columns, NOT folded into the composite, because their coverage is partial."
198,CNV-INT-0062,E 9TH ST / W GRAND BLVD,Grand Boulevard,68.69,72.15,42.66,29.03,56.34,53.77,5,198.0,,,False,,False,public_space_composite,53.77,Derived; see DATA_SOURCES.md for each contributing layer,"Unweighted mean of full-coverage 0-100 percentile-rank components. Neutral public-space measure containing no political variable. safety_score and nearest_traffic_volume are reported as separate columns, NOT folded into the composite, because their coverage is partial."
199,CNV-INT-0118,E 10TH ST / E 8TH ST,Lower Lonsdale,22.07,63.25,78.36,77.64,27.15,53.69,5,199.0,,,False,,False,public_space_composite,53.69,Derived; see DATA_SOURCES.md for each contributing layer,"Unweighted mean of full-coverage 0-100 percentile-rank components. Neutral public-space measure containing no political variable. safety_score and nearest_traffic_volume are reported as separate columns, NOT folded into the composite, because their coverage is partial."
200,CNV-INT-0003,COTTON RD / GLADSTONE AVE,Moodyville,87.48,56.75,37.09,29.03,57.83,53.64,5,200.0,5.15,59.0,True,,False,public_space_composite,53.64,Derived; see DATA_SOURCES.md for each contributing layer,"Unweighted mean of full-coverage 0-100 percentile-rank components. Neutral public-space measure containing no political variable. safety_score and nearest_traffic_volume are reported as separate columns, NOT folded into the composite, because their coverage is partial."
201,CNV-INT-0045,CLOVERLEY ST / E KEITH RD,,87.48,69.83,24.05,29.03,57.83,53.64,5,200.0,25.0,17.0,True,,False,public_space_composite,53.64,Derived; see DATA_SOURCES.md for each contributing layer,"Unweighted mean of full-coverage 0-100 percentile-rank components. Neutral public-space measure containing no political variable. safety_score and nearest_traffic_volume are reported as separate columns, NOT folded into the composite, because their coverage is partial."
202,CNV-INT-0053,E KEITH RD / MOODY AVE,Grand Boulevard,52.09,61.15,59.2,29.03,66.34,53.56,5,202.0,19.27,22.0,True,,False,public_space_composite,53.56,Derived; see DATA_SOURCES.md for each contributing layer,"Unweighted mean of full-coverage 0-100 percentile-rank components. Neutral public-space measure containing no political variable. safety_score and nearest_traffic_volume are reported as separate columns, NOT folded into the composite, because their coverage is partial."
203,CNV-INT-0331,FELL AVE / W 1ST ST / W 2ND ST,Marine-Hamilton,87.48,30.68,44.33,29.03,75.96,53.5,5,203.0,3.63,69.0,True,503.0,True,public_space_composite,53.5,Derived; see DATA_SOURCES.md for each contributing layer,"Unweighted mean of full-coverage 0-100 percentile-rank components. Neutral public-space measure containing no political variable. safety_score and nearest_traffic_volume are reported as separate columns, NOT folded into the composite, because their coverage is partial."
204,CNV-INT-0336,W 5TH ST / W 6TH ST,Lower Lonsdale,22.07,85.82,63.53,57.14,37.77,53.27,5,204.0,,,False,,False,public_space_composite,53.27,Derived; see DATA_SOURCES.md for each contributing layer,"Unweighted mean of full-coverage 0-100 percentile-rank components. Neutral public-space measure containing no political variable. safety_score and nearest_traffic_volume are reported as separate columns, NOT folded into the composite, because their coverage is partial."
205,CNV-INT-0099,E 6TH ST / ST. GEORGES AVE,Lower Lonsdale,52.09,38.97,60.17,48.66,66.34,53.25,5,205.0,33.02,11.0,True,,False,public_space_composite,53.25,Derived; see DATA_SOURCES.md for each contributing layer,"Unweighted mean of full-coverage 0-100 percentile-rank components. Neutral public-space measure containing no political variable. safety_score and nearest_traffic_volume are reported as separate columns, NOT folded into the composite, because their coverage is partial."
206,CNV-INT-0197,E 16TH ST / RIDGEWAY AVE,Grand Boulevard,22.07,76.03,58.19,52.14,56.34,52.95,5,206.0,,,False,,False,public_space_composite,52.95,Derived; see DATA_SOURCES.md for each contributing layer,"Unweighted mean of full-coverage 0-100 percentile-rank components. Neutral public-space measure containing no political variable. safety_score and nearest_traffic_volume are reported as separate columns, NOT folded into the composite, because their coverage is partial."
207,CNV-INT-0309,CHESTERFIELD AVE / W KEITH RD,Lower Lonsdale,52.09,12.76,65.15,77.97,56.34,52.86,5,207.0,20.99,20.0,True,,False,public_space_composite,52.86,Derived; see DATA_SOURCES.md for each contributing layer,"Unweighted mean of full-coverage 0-100 percentile-rank components. Neutral public-space measure containing no political variable. safety_score and nearest_traffic_volume are reported as separate columns, NOT folded into the composite, because their coverage is partial."
208,CNV-INT-0362,MOSQUITO CREEK LANE / W 14TH ST,Marine-Hamilton,22.07,91.25,70.16,42.88,37.77,52.83,5,208.0,72.33,2.0,True,941.0,True,public_space_composite,52.83,Derived; see DATA_SOURCES.md for each contributing layer,"Unweighted mean of full-coverage 0-100 percentile-rank components. Neutral public-space measure containing no political variable. safety_score and nearest_traffic_volume are reported as separate columns, NOT folded into the composite, because their coverage is partial."
209,CNV-INT-0471,UPPER LEVELS HWY / UPPER LEVELS RAMP,Westview,99.4,12.76,36.11,59.34,56.34,52.79,5,209.0,,,False,,False,public_space_composite,52.79,Derived; see DATA_SOURCES.md for each contributing layer,"Unweighted mean of full-coverage 0-100 percentile-rank components. Neutral public-space measure containing no political variable. safety_score and nearest_traffic_volume are reported as separate columns, NOT folded into the composite, because their coverage is partial."
210,CNV-INT-0078,E 4TH ST / ST. DAVIDS AVE,Moodyville,22.07,53.27,66.68,64.84,56.34,52.64,5,210.0,,,False,,False,public_space_composite,52.64,Derived; see DATA_SOURCES.md for each contributing layer,"Unweighted mean of full-coverage 0-100 percentile-rank components. Neutral public-space measure containing no political variable. safety_score and nearest_traffic_volume are reported as separate columns, NOT folded into the composite, because their coverage is partial."
211,CNV-INT-0183,E 13TH ST / MOODY AVE,Grand Boulevard,52.09,51.75,46.63,45.37,66.34,52.44,5,211.0,50.38,5.0,True,,False,public_space_composite,52.44,Derived; see DATA_SOURCES.md for each contributing layer,"Unweighted mean of full-coverage 0-100 percentile-rank components. Neutral public-space measure containing no political variable. safety_score and nearest_traffic_volume are reported as separate columns, NOT folded into the composite, because their coverage is partial."
212,CNV-INT-0365,MOSQUITO CREEK LANE / W 15TH ST,Marine-Hamilton,22.07,94.73,70.97,46.33,27.15,52.25,5,212.0,,,False,613.0,True,public_space_composite,52.25,Derived; see DATA_SOURCES.md for each contributing layer,"Unweighted mean of full-coverage 0-100 percentile-rank components. Neutral public-space measure containing no political variable. safety_score and nearest_traffic_volume are reported as separate columns, NOT folded into the composite, because their coverage is partial."
213,CNV-INT-0077,E 2ND ST / ST. ANDREWS AVE,Lower Lonsdale,22.07,46.7,70.79,64.17,56.34,52.01,5,213.0,41.98,7.0,True,,False,public_space_composite,52.01,Derived; see DATA_SOURCES.md for each contributing layer,"Unweighted mean of full-coverage 0-100 percentile-rank components. Neutral public-space measure containing no political variable. safety_score and nearest_traffic_volume are reported as separate columns, NOT folded into the composite, because their coverage is partial."
214,CNV-INT-0046,ADDERLEY ST / E KEITH RD,,87.48,70.21,25.18,29.03,47.83,51.95,5,214.0,33.02,11.0,True,,False,public_space_composite,51.95,Derived; see DATA_SOURCES.md for each contributing layer,"Unweighted mean of full-coverage 0-100 percentile-rank components. Neutral public-space measure containing no political variable. safety_score and nearest_traffic_volume are reported as separate columns, NOT folded into the composite, because their coverage is partial."
215,CNV-INT-0112,E 11TH ST / W GRAND BLVD,Grand Boulevard,68.69,66.49,39.08,29.03,56.34,51.93,5,215.0,,,False,,False,public_space_composite,51.93,Derived; see DATA_SOURCES.md for each contributing layer,"Unweighted mean of full-coverage 0-100 percentile-rank components. Neutral public-space measure containing no political variable. safety_score and nearest_traffic_volume are reported as separate columns, NOT folded into the composite, because their coverage is partial."
216,CNV-INT-0069,E ESPLANADE / LOW LEVEL RD,Lower Lonsdale,87.48,12.76,53.72,57.78,47.83,51.91,5,216.0,,,False,,False,public_space_composite,51.91,Derived; see DATA_SOURCES.md for each contributing layer,"Unweighted mean of full-coverage 0-100 percentile-rank components. Neutral public-space measure containing no political variable. safety_score and nearest_traffic_volume are reported as separate columns, NOT folded into the composite, because their coverage is partial."
217,CNV-INT-0042,E KEITH RD / HEYWOOD ST,,87.48,49.69,34.62,29.03,57.83,51.73,5,217.0,,,False,,False,public_space_composite,51.73,Derived; see DATA_SOURCES.md for each contributing layer,"Unweighted mean of full-coverage 0-100 percentile-rank components. Neutral public-space measure containing no political variable. safety_score and nearest_traffic_volume are reported as separate columns, NOT folded into the composite, because their coverage is partial."
218,CNV-INT-0498,WESTVIEW DR / WESTVIEW PL,Westview,87.48,62.79,41.41,29.03,37.77,51.7,5,218.0,72.33,2.0,True,,False,public_space_composite,51.7,Derived; see DATA_SOURCES.md for each contributing layer,"Unweighted mean of full-coverage 0-100 percentile-rank components. Neutral public-space measure containing no political variable. safety_score and nearest_traffic_volume are reported as separate columns, NOT folded into the composite, because their coverage is partial."
219,CNV-INT-0400,MAHON AVE / W 19TH ST,Mahon,68.69,12.76,45.97,74.57,56.34,51.67,5,219.0,63.36,3.0,True,,False,public_space_composite,51.67,Derived; see DATA_SOURCES.md for each contributing layer,"Unweighted mean of full-coverage 0-100 percentile-rank components. Neutral public-space measure containing no political variable. safety_score and nearest_traffic_volume are reported as separate columns, NOT folded into the composite, because their coverage is partial."
220,CNV-INT-0047,E 5TH ST / RIDGEWAY AVE,Moodyville,22.07,51.82,63.63,64.27,56.34,51.63,5,220.0,88.93,1.0,True,,False,public_space_composite,51.63,Derived; see DATA_SOURCES.md for each contributing layer,"Unweighted mean of full-coverage 0-100 percentile-rank components. Neutral public-space measure containing no political variable. safety_score and nearest_traffic_volume are reported as separate columns, NOT folded into the composite, because their coverage is partial."
221,CNV-INT-0227,UPPER LEVELS HWY / UPPER LEVELS RAMP,Grand Boulevard,99.4,12.76,30.45,57.92,56.34,51.37,5,221.0,,,False,,False,public_space_composite,51.37,Derived; see DATA_SOURCES.md for each contributing layer,"Unweighted mean of full-coverage 0-100 percentile-rank components. Neutral public-space measure containing no political variable. safety_score and nearest_traffic_volume are reported as separate columns, NOT folded into the composite, because their coverage is partial."
222,CNV-INT-0089,E KEITH RD / ST. DAVIDS AVE,Central Lonsdale,52.09,53.53,57.68,53.03,37.77,50.82,5,222.0,63.36,3.0,True,,False,public_space_composite,50.82,Derived; see DATA_SOURCES.md for each contributing layer,"Unweighted mean of full-coverage 0-100 percentile-rank components. Neutral public-space measure containing no political variable. safety_score and nearest_traffic_volume are reported as separate columns, NOT folded into the composite, because their coverage is partial."
223,CNV-INT-0063,E 10TH ST / E GRAND BLVD,Grand Boulevard,87.48,66.49,32.96,29.03,37.77,50.75,5,223.0,,,False,,False,public_space_composite,50.75,Derived; see DATA_SOURCES.md for each contributing layer,"Unweighted mean of full-coverage 0-100 percentile-rank components. Neutral public-space measure containing no political variable. safety_score and nearest_traffic_volume are reported as separate columns, NOT folded into the composite, because their coverage is partial."
224,CNV-INT-0130,E 12TH ST / E GRAND BLVD,Grand Boulevard,87.48,66.49,32.75,29.03,37.77,50.7,5,224.0,,,False,,False,public_space_composite,50.7,Derived; see DATA_SOURCES.md for each contributing layer,"Unweighted mean of full-coverage 0-100 percentile-rank components. Neutral public-space measure containing no political variable. safety_score and nearest_traffic_volume are reported as separate columns, NOT folded into the composite, because their coverage is partial."
225,CNV-INT-0397,JONES AVE / W 17TH ST,Mahon,68.69,34.61,42.47,69.29,37.77,50.57,5,225.0,56.3,4.0,True,,False,public_space_composite,50.57,Derived; see DATA_SOURCES.md for each contributing layer,"Unweighted mean of full-coverage 0-100 percentile-rank components. Neutral public-space measure containing no political variable. safety_score and nearest_traffic_volume are reported as separate columns, NOT folded into the composite, because their coverage is partial."
226,CNV-INT-0335,FORBES AVE / W 4TH ST,Squamish Nation (Mission IR 1),22.07,90.34,55.01,29.03,56.34,50.56,5,226.0,,,False,,False,public_space_composite,50.56,Derived; see DATA_SOURCES.md for each contributing layer,"Unweighted mean of full-coverage 0-100 percentile-rank components. Neutral public-space measure containing no political variable. safety_score and nearest_traffic_volume are reported as separate columns, NOT folded into the composite, because their coverage is partial."
227,CNV-INT-0411,JONES AVE / W 21ST ST,Mahon,68.69,24.72,35.63,67.38,56.34,50.55,5,227.0,,,False,,False,public_space_composite,50.55,Derived; see DATA_SOURCES.md for each contributing layer,"Unweighted mean of full-coverage 0-100 percentile-rank components. Neutral public-space measure containing no political variable. safety_score and nearest_traffic_volume are reported as separate columns, NOT folded into the composite, because their coverage is partial."
228,CNV-INT-0465,W 21ST ST / WESTVIEW DR,Mahon,87.48,59.19,28.01,29.03,47.77,50.3,5,228.0,56.3,4.0,True,801.0,True,public_space_composite,50.3,Derived; see DATA_SOURCES.md for each contributing layer,"Unweighted mean of full-coverage 0-100 percentile-rank components. Neutral public-space measure containing no political variable. safety_score and nearest_traffic_volume are reported as separate columns, NOT folded into the composite, because their coverage is partial."
229,CNV-INT-0151,E 18TH ST / W GRAND BLVD,Grand Boulevard,68.69,77.94,37.94,29.03,37.77,50.27,5,229.0,,,False,,False,public_space_composite,50.27,Derived; see DATA_SOURCES.md for each contributing layer,"Unweighted mean of full-coverage 0-100 percentile-rank components. Neutral public-space measure containing no political variable. safety_score and nearest_traffic_volume are reported as separate columns, NOT folded into the composite, because their coverage is partial."
230,CNV-INT-0004,BROOKSBANK AVE / E 3RD ST,Moodyville,52.09,68.06,43.38,29.03,57.83,50.08,5,230.0,25.0,17.0,True,,False,public_space_composite,50.08,Derived; see DATA_SOURCES.md for each contributing layer,"Unweighted mean of full-coverage 0-100 percentile-rank components. Neutral public-space measure containing no political variable. safety_score and nearest_traffic_volume are reported as separate columns, NOT folded into the composite, because their coverage is partial."
231,CNV-INT-0068,E 2ND ST / ST. DAVIDS AVE,Moodyville,22.07,46.49,55.47,68.64,56.34,49.8,5,231.0,88.93,1.0,True,,False,public_space_composite,49.8,Derived; see DATA_SOURCES.md for each contributing layer,"Unweighted mean of full-coverage 0-100 percentile-rank components. Neutral public-space measure containing no political variable. safety_score and nearest_traffic_volume are reported as separate columns, NOT folded into the composite, because their coverage is partial."
232,CNV-INT-0083,E 4TH ST / ST. ANDREWS AVE,Lower Lonsdale,22.07,47.11,69.45,53.84,56.34,49.76,5,232.0,50.38,5.0,True,,False,public_space_composite,49.76,Derived; see DATA_SOURCES.md for each contributing layer,"Unweighted mean of full-coverage 0-100 percentile-rank components. Neutral public-space measure containing no political variable. safety_score and nearest_traffic_volume are reported as separate columns, NOT folded into the composite, because their coverage is partial."
233,CNV-INT-0199,E 17TH ST / MOODY AVE,Grand Boulevard,68.69,51.75,42.57,29.03,56.34,49.68,5,233.0,,,False,,False,public_space_composite,49.68,Derived; see DATA_SOURCES.md for each contributing layer,"Unweighted mean of full-coverage 0-100 percentile-rank components. Neutral public-space measure containing no political variable. safety_score and nearest_traffic_volume are reported as separate columns, NOT folded into the composite, because their coverage is partial."
234,CNV-INT-0307,MAHON AVE / W 5TH ST,Squamish Nation (Mission IR 1),22.07,46.84,65.37,57.69,56.34,49.66,5,234.0,,,False,,False,public_space_composite,49.66,Derived; see DATA_SOURCES.md for each contributing layer,"Unweighted mean of full-coverage 0-100 percentile-rank components. Neutral public-space measure containing no political variable. safety_score and nearest_traffic_volume are reported as separate columns, NOT folded into the composite, because their coverage is partial."
235,CNV-INT-0466,W 22ND ST / WESTVIEW DR,Mahon,87.48,44.56,30.8,29.03,56.34,49.64,5,235.0,41.98,7.0,True,720.0,True,public_space_composite,49.64,Derived; see DATA_SOURCES.md for each contributing layer,"Unweighted mean of full-coverage 0-100 percentile-rank components. Neutral public-space measure containing no political variable. safety_score and nearest_traffic_volume are reported as separate columns, NOT folded into the composite, because their coverage is partial."
236,CNV-INT-0074,E 2ND ST / ST. PATRICKS AVE,Lower Lonsdale,22.07,46.7,62.37,60.43,56.34,49.58,5,236.0,63.36,3.0,True,,False,public_space_composite,49.58,Derived; see DATA_SOURCES.md for each contributing layer,"Unweighted mean of full-coverage 0-100 percentile-rank components. Neutral public-space measure containing no political variable. safety_score and nearest_traffic_volume are reported as separate columns, NOT folded into the composite, because their coverage is partial."
237,CNV-INT-0496,WESTVIEW CRES / WESTVIEW DR,Westview,87.48,52.54,40.77,29.03,37.77,49.52,5,237.0,12.6,30.0,True,,False,public_space_composite,49.52,Derived; see DATA_SOURCES.md for each contributing layer,"Unweighted mean of full-coverage 0-100 percentile-rank components. Neutral public-space measure containing no political variable. safety_score and nearest_traffic_volume are reported as separate columns, NOT folded into the composite, because their coverage is partial."
238,CNV-INT-0373,JONES AVE / W 6TH ST,Lower Lonsdale,22.07,60.94,66.77,60.06,37.77,49.52,5,237.0,,,False,,False,public_space_composite,49.52,Derived; see DATA_SOURCES.md for each contributing layer,"Unweighted mean of full-coverage 0-100 percentile-rank components. Neutral public-space measure containing no political variable. safety_score and nearest_traffic_volume are reported as separate columns, NOT folded into the composite, because their coverage is partial."
239,CNV-INT-0472,UPPER LEVELS RAMP / W 25TH ST,Westview,60.74,39.41,54.1,55.44,37.77,49.49,5,239.0,,,False,,False,public_space_composite,49.49,Derived; see DATA_SOURCES.md for each contributing layer,"Unweighted mean of full-coverage 0-100 percentile-rank components. Neutral public-space measure containing no political variable. safety_score and nearest_traffic_volume are reported as separate columns, NOT folded into the composite, because their coverage is partial."
240,CNV-INT-0427,LARSON RD / W 16TH ST,Mahon,87.48,34.96,49.17,47.15,27.15,49.18,5,240.0,,,False,,False,public_space_composite,49.18,Derived; see DATA_SOURCES.md for each contributing layer,"Unweighted mean of full-coverage 0-100 percentile-rank components. Neutral public-space measure containing no political variable. safety_score and nearest_traffic_volume are reported as separate columns, NOT folded into the composite, because their coverage is partial."
241,CNV-INT-0361,HAMILTON AVE / MACKAY RD,Marine-Hamilton,52.09,81.52,45.91,29.03,37.21,49.15,5,241.0,,,False,,False,public_space_composite,49.15,Derived; see DATA_SOURCES.md for each contributing layer,"Unweighted mean of full-coverage 0-100 percentile-rank components. Neutral public-space measure containing no political variable. safety_score and nearest_traffic_volume are reported as separate columns, NOT folded into the composite, because their coverage is partial."
242,CNV-INT-0265,VICTORY SHIP WAY / WALLACE MEWS,Lower Lonsdale,22.07,54.37,74.12,57.1,37.77,49.09,5,242.0,,,False,,False,public_space_composite,49.09,Derived; see DATA_SOURCES.md for each contributing layer,"Unweighted mean of full-coverage 0-100 percentile-rank components. Neutral public-space measure containing no political variable. safety_score and nearest_traffic_volume are reported as separate columns, NOT folded into the composite, because their coverage is partial."
243,CNV-INT-0225,E UPPER LEVELS HWY / ST. GEORGES AVE / UPPER LEVELS RAMP,Central Lonsdale,60.74,12.76,52.65,71.67,47.39,49.04,5,243.0,,,False,,False,public_space_composite,49.04,Derived; see DATA_SOURCES.md for each contributing layer,"Unweighted mean of full-coverage 0-100 percentile-rank components. Neutral public-space measure containing no political variable. safety_score and nearest_traffic_volume are reported as separate columns, NOT folded into the composite, because their coverage is partial."
244,CNV-INT-0138,E 16TH ST / SUTHERLAND AVE,Grand Boulevard,22.07,87.49,49.36,29.03,56.34,48.86,5,244.0,72.33,2.0,True,,False,public_space_composite,48.86,Derived; see DATA_SOURCES.md for each contributing layer,"Unweighted mean of full-coverage 0-100 percentile-rank components. Neutral public-space measure containing no political variable. safety_score and nearest_traffic_volume are reported as separate columns, NOT folded into the composite, because their coverage is partial."
245,CNV-INT-0016,BROOKSBANK AVE / E 4TH ST,Moodyville,52.09,68.06,46.29,29.03,47.83,48.66,5,245.0,46.37,6.0,True,,False,public_space_composite,48.66,Derived; see DATA_SOURCES.md for each contributing layer,"Unweighted mean of full-coverage 0-100 percentile-rank components. Neutral public-space measure containing no political variable. safety_score and nearest_traffic_volume are reported as separate columns, NOT folded into the composite, because their coverage is partial."
246,CNV-INT-0036,E 7TH ST / SUTHERLAND AVE,Moodyville,22.07,86.14,49.35,29.03,56.34,48.59,5,246.0,88.93,1.0,True,,False,public_space_composite,48.59,Derived; see DATA_SOURCES.md for each contributing layer,"Unweighted mean of full-coverage 0-100 percentile-rank components. Neutral public-space measure containing no political variable. safety_score and nearest_traffic_volume are reported as separate columns, NOT folded into the composite, because their coverage is partial."
247,CNV-INT-0091,E KEITH RD,Central Lonsdale,52.09,53.53,57.48,51.08,28.63,48.56,5,247.0,,,False,,False,public_space_composite,48.56,Derived; see DATA_SOURCES.md for each contributing layer,"Unweighted mean of full-coverage 0-100 percentile-rank components. Neutral public-space measure containing no political variable. safety_score and nearest_traffic_volume are reported as separate columns, NOT folded into the composite, because their coverage is partial."
248,CNV-INT-0055,E KEITH RD / RIDGEWAY AVE,Grand Boulevard,52.09,53.53,60.12,29.03,47.77,48.51,5,248.0,29.96,13.0,True,,False,public_space_composite,48.51,Derived; see DATA_SOURCES.md for each contributing layer,"Unweighted mean of full-coverage 0-100 percentile-rank components. Neutral public-space measure containing no political variable. safety_score and nearest_traffic_volume are reported as separate columns, NOT folded into the composite, because their coverage is partial."
249,CNV-INT-0135,E 15TH ST / SUTHERLAND AVE,Grand Boulevard,22.07,86.08,48.2,29.03,56.34,48.34,5,249.0,,,False,,False,public_space_composite,48.34,Derived; see DATA_SOURCES.md for each contributing layer,"Unweighted mean of full-coverage 0-100 percentile-rank components. Neutral public-space measure containing no political variable. safety_score and nearest_traffic_volume are reported as separate columns, NOT folded into the composite, because their coverage is partial."
250,CNV-INT-0075,E 1ST ST / ST. ANDREWS AVE,Lower Lonsdale,22.07,35.91,66.89,59.79,56.34,48.2,5,250.0,56.3,4.0,True,,False,public_space_composite,48.2,Derived; see DATA_SOURCES.md for each contributing layer,"Unweighted mean of full-coverage 0-100 percentile-rank components. Neutral public-space measure containing no political variable. safety_score and nearest_traffic_volume are reported as separate columns, NOT folded into the composite, because their coverage is partial."
251,CNV-INT-0031,E 5TH ST / MOODY AVE,Moodyville,22.07,54.69,49.46,58.37,56.34,48.19,5,251.0,,,False,,False,public_space_composite,48.19,Derived; see DATA_SOURCES.md for each contributing layer,"Unweighted mean of full-coverage 0-100 percentile-rank components. Neutral public-space measure containing no political variable. safety_score and nearest_traffic_volume are reported as separate columns, NOT folded into the composite, because their coverage is partial."
252,CNV-INT-0024,E 2ND ST / RIDGEWAY AVE,Moodyville,22.07,61.08,49.82,69.8,37.77,48.11,5,252.0,88.93,1.0,True,,False,public_space_composite,48.11,Derived; see DATA_SOURCES.md for each contributing layer,"Unweighted mean of full-coverage 0-100 percentile-rank components. Neutral public-space measure containing no political variable. safety_score and nearest_traffic_volume are reported as separate columns, NOT folded into the composite, because their coverage is partial."
253,CNV-INT-0448,W 20TH ST / WESTVIEW DR,Mahon,87.48,56.24,29.82,29.03,37.77,48.07,5,253.0,46.37,6.0,True,725.0,True,public_space_composite,48.07,Derived; see DATA_SOURCES.md for each contributing layer,"Unweighted mean of full-coverage 0-100 percentile-rank components. Neutral public-space measure containing no political variable. safety_score and nearest_traffic_volume are reported as separate columns, NOT folded into the composite, because their coverage is partial."
254,CNV-INT-0008,COTTON RD / E 3RD ST / LOW LEVEL RD,Moodyville,87.48,12.76,25.0,29.03,86.02,48.06,5,254.0,,,False,,False,public_space_composite,48.06,Derived; see DATA_SOURCES.md for each contributing layer,"Unweighted mean of full-coverage 0-100 percentile-rank components. Neutral public-space measure containing no political variable. safety_score and nearest_traffic_volume are reported as separate columns, NOT folded into the composite, because their coverage is partial."
255,CNV-INT-0110,E 10TH ST / W GRAND BLVD,Grand Boulevard,68.69,66.49,37.29,29.03,37.77,47.85,5,255.0,,,False,,False,public_space_composite,47.85,Derived; see DATA_SOURCES.md for each contributing layer,"Unweighted mean of full-coverage 0-100 percentile-rank components. Neutral public-space measure containing no political variable. safety_score and nearest_traffic_volume are reported as separate columns, NOT folded into the composite, because their coverage is partial."
256,CNV-INT-0334,W 4TH ST / W CHIEF JOSEPH CRES,Lower Lonsdale,22.07,73.79,57.05,48.25,37.77,47.79,5,256.0,,,False,,False,public_space_composite,47.79,Derived; see DATA_SOURCES.md for each contributing layer,"Unweighted mean of full-coverage 0-100 percentile-rank components. Neutral public-space measure containing no political variable. safety_score and nearest_traffic_volume are reported as separate columns, NOT folded into the composite, because their coverage is partial."
257,CNV-INT-0115,E 12TH ST / W GRAND BLVD,Grand Boulevard,68.69,66.49,36.87,29.03,37.77,47.77,5,257.0,,,False,,False,public_space_composite,47.77,Derived; see DATA_SOURCES.md for each contributing layer,"Unweighted mean of full-coverage 0-100 percentile-rank components. Neutral public-space measure containing no political variable. safety_score and nearest_traffic_volume are reported as separate columns, NOT folded into the composite, because their coverage is partial."
258,CNV-INT-0220,E 23RD ST / ST. ANDREWS AVE,Grand Boulevard,68.69,12.76,44.14,56.29,56.34,47.64,5,258.0,72.33,2.0,True,,False,public_space_composite,47.64,Derived; see DATA_SOURCES.md for each contributing layer,"Unweighted mean of full-coverage 0-100 percentile-rank components. Neutral public-space measure containing no political variable. safety_score and nearest_traffic_volume are reported as separate columns, NOT folded into the composite, because their coverage is partial."
259,CNV-INT-0104,E 8TH ST / ST. ANDREWS AVE,Central Lonsdale,22.07,38.97,61.92,57.67,56.34,47.39,5,259.0,,,False,,False,public_space_composite,47.39,Derived; see DATA_SOURCES.md for each contributing layer,"Unweighted mean of full-coverage 0-100 percentile-rank components. Neutral public-space measure containing no political variable. safety_score and nearest_traffic_volume are reported as separate columns, NOT folded into the composite, because their coverage is partial."
260,CNV-INT-0208,E 19TH ST / ST. ANDREWS AVE,Central Lonsdale,68.69,12.76,46.63,51.88,56.34,47.26,5,260.0,35.11,10.0,True,,False,public_space_composite,47.26,Derived; see DATA_SOURCES.md for each contributing layer,"Unweighted mean of full-coverage 0-100 percentile-rank components. Neutral public-space measure containing no political variable. safety_score and nearest_traffic_volume are reported as separate columns, NOT folded into the composite, because their coverage is partial."
261,CNV-INT-0358,BEWICKE AVE / W 16TH ST,Marine-Hamilton,68.69,34.96,45.37,48.91,37.77,47.14,5,261.0,7.82,52.0,True,,False,public_space_composite,47.14,Derived; see DATA_SOURCES.md for each contributing layer,"Unweighted mean of full-coverage 0-100 percentile-rank components. Neutral public-space measure containing no political variable. safety_score and nearest_traffic_volume are reported as separate columns, NOT folded into the composite, because their coverage is partial."
262,CNV-INT-0433,BEWICKE AVE / W 16TH ST,Marine-Hamilton,68.69,34.96,46.26,47.99,37.77,47.13,5,262.0,,,False,,False,public_space_composite,47.13,Derived; see DATA_SOURCES.md for each contributing layer,"Unweighted mean of full-coverage 0-100 percentile-rank components. Neutral public-space measure containing no political variable. safety_score and nearest_traffic_volume are reported as separate columns, NOT folded into the composite, because their coverage is partial."
263,CNV-INT-0022,E 1ST ST / E 2ND ST,Moodyville,22.07,65.26,40.78,69.25,37.77,47.03,5,263.0,,,False,,False,public_space_composite,47.03,Derived; see DATA_SOURCES.md for each contributing layer,"Unweighted mean of full-coverage 0-100 percentile-rank components. Neutral public-space measure containing no political variable. safety_score and nearest_traffic_volume are reported as separate columns, NOT folded into the composite, because their coverage is partial."
264,CNV-INT-0401,JONES AVE / W 19TH ST,Mahon,68.69,24.72,33.95,69.94,37.77,47.01,5,264.0,72.33,2.0,True,,False,public_space_composite,47.01,Derived; see DATA_SOURCES.md for each contributing layer,"Unweighted mean of full-coverage 0-100 percentile-rank components. Neutral public-space measure containing no political variable. safety_score and nearest_traffic_volume are reported as separate columns, NOT folded into the composite, because their coverage is partial."
265,CNV-INT-0198,E 16TH ST / MOODY AVE,Grand Boulevard,22.07,75.7,51.62,29.03,56.34,46.95,5,265.0,,,False,,False,public_space_composite,46.95,Derived; see DATA_SOURCES.md for each contributing layer,"Unweighted mean of full-coverage 0-100 percentile-rank components. Neutral public-space measure containing no political variable. safety_score and nearest_traffic_volume are reported as separate columns, NOT folded into the composite, because their coverage is partial."
266,CNV-INT-0310,MAHON AVE / W 6TH ST,Lower Lonsdale,22.07,48.65,67.3,58.69,37.77,46.9,5,266.0,72.33,2.0,True,,False,public_space_composite,46.9,Derived; see DATA_SOURCES.md for each contributing layer,"Unweighted mean of full-coverage 0-100 percentile-rank components. Neutral public-space measure containing no political variable. safety_score and nearest_traffic_volume are reported as separate columns, NOT folded into the composite, because their coverage is partial."
267,CNV-INT-0080,E 5TH ST / ST. DAVIDS AVE,Moodyville,22.07,35.91,63.07,56.15,56.34,46.71,5,267.0,,,False,,False,public_space_composite,46.71,Derived; see DATA_SOURCES.md for each contributing layer,"Unweighted mean of full-coverage 0-100 percentile-rank components. Neutral public-space measure containing no political variable. safety_score and nearest_traffic_volume are reported as separate columns, NOT folded into the composite, because their coverage is partial."
268,CNV-INT-0413,JONES AVE / W 22ND ST,Mahon,68.69,24.72,37.13,65.19,37.77,46.7,5,268.0,,,False,,False,public_space_composite,46.7,Derived; see DATA_SOURCES.md for each contributing layer,"Unweighted mean of full-coverage 0-100 percentile-rank components. Neutral public-space measure containing no political variable. safety_score and nearest_traffic_volume are reported as separate columns, NOT folded into the composite, because their coverage is partial."
269,CNV-INT-0337,MAHON AVE / W 6TH ST,Lower Lonsdale,22.07,48.65,65.99,58.52,37.77,46.6,5,269.0,,,False,,False,public_space_composite,46.6,Derived; see DATA_SOURCES.md for each contributing layer,"Unweighted mean of full-coverage 0-100 percentile-rank components. Neutral public-space measure containing no political variable. safety_score and nearest_traffic_volume are reported as separate columns, NOT folded into the composite, because their coverage is partial."
270,CNV-INT-0090,E KEITH RD / RIDGEWAY AVE,Central Lonsdale,52.09,45.15,58.72,29.03,47.77,46.55,5,270.0,,,False,,False,public_space_composite,46.55,Derived; see DATA_SOURCES.md for each contributing layer,"Unweighted mean of full-coverage 0-100 percentile-rank components. Neutral public-space measure containing no political variable. safety_score and nearest_traffic_volume are reported as separate columns, NOT folded into the composite, because their coverage is partial."
271,CNV-INT-0424,CHURCHILL CRES / MACKAY RD,Marine-Hamilton,22.07,90.85,52.62,29.03,37.77,46.47,5,271.0,,,False,,False,public_space_composite,46.47,Derived; see DATA_SOURCES.md for each contributing layer,"Unweighted mean of full-coverage 0-100 percentile-rank components. Neutral public-space measure containing no political variable. safety_score and nearest_traffic_volume are reported as separate columns, NOT folded into the composite, because their coverage is partial."
272,CNV-INT-0318,FELL AVE / HARBOURSIDE DR,Marine-Hamilton,68.69,30.68,37.48,29.03,66.34,46.44,5,272.0,50.38,5.0,True,365.0,True,public_space_composite,46.44,Derived; see DATA_SOURCES.md for each contributing layer,"Unweighted mean of full-coverage 0-100 percentile-rank components. Neutral public-space measure containing no political variable. safety_score and nearest_traffic_volume are reported as separate columns, NOT folded into the composite, because their coverage is partial."
273,CNV-INT-0311,MAHON AVE / W 6TH ST,Lower Lonsdale,22.07,48.65,65.41,58.16,37.77,46.41,5,273.0,,,False,,False,public_space_composite,46.41,Derived; see DATA_SOURCES.md for each contributing layer,"Unweighted mean of full-coverage 0-100 percentile-rank components. Neutral public-space measure containing no political variable. safety_score and nearest_traffic_volume are reported as separate columns, NOT folded into the composite, because their coverage is partial."
274,CNV-INT-0403,JONES AVE / W 20TH ST,Mahon,68.69,24.72,33.71,67.14,37.77,46.41,5,273.0,72.33,2.0,True,,False,public_space_composite,46.41,Derived; see DATA_SOURCES.md for each contributing layer,"Unweighted mean of full-coverage 0-100 percentile-rank components. Neutral public-space measure containing no political variable. safety_score and nearest_traffic_volume are reported as separate columns, NOT folded into the composite, because their coverage is partial."
275,CNV-INT-0374,FORBES AVE / W 6TH ST,Squamish Nation (Mission IR 1),22.07,84.82,58.18,29.03,37.77,46.37,5,275.0,,,False,,False,public_space_composite,46.37,Derived; see DATA_SOURCES.md for each contributing layer,"Unweighted mean of full-coverage 0-100 percentile-rank components. Neutral public-space measure containing no political variable. safety_score and nearest_traffic_volume are reported as separate columns, NOT folded into the composite, because their coverage is partial."
276,CNV-INT-0050,E 7TH ST / MOODY AVE,Moodyville,22.07,61.15,62.78,29.03,56.34,46.27,5,276.0,,,False,,False,public_space_composite,46.27,Derived; see DATA_SOURCES.md for each contributing layer,"Unweighted mean of full-coverage 0-100 percentile-rank components. Neutral public-space measure containing no political variable. safety_score and nearest_traffic_volume are reported as separate columns, NOT folded into the composite, because their coverage is partial."
277,CNV-INT-0107,E 9TH ST / ST. ANDREWS AVE,Central Lonsdale,22.07,32.74,61.75,58.16,56.34,46.21,5,277.0,,,False,,False,public_space_composite,46.21,Derived; see DATA_SOURCES.md for each contributing layer,"Unweighted mean of full-coverage 0-100 percentile-rank components. Neutral public-space measure containing no political variable. safety_score and nearest_traffic_volume are reported as separate columns, NOT folded into the composite, because their coverage is partial."
278,CNV-INT-0096,E 8TH ST / RIDGEWAY AVE,Central Lonsdale,22.07,45.15,57.87,47.6,56.34,45.81,5,278.0,88.93,1.0,True,,False,public_space_composite,45.81,Derived; see DATA_SOURCES.md for each contributing layer,"Unweighted mean of full-coverage 0-100 percentile-rank components. Neutral public-space measure containing no political variable. safety_score and nearest_traffic_volume are reported as separate columns, NOT folded into the composite, because their coverage is partial."
279,CNV-INT-0005,COTTON RD,Moodyville,87.48,31.64,31.93,29.03,48.69,45.75,5,279.0,,,False,,False,public_space_composite,45.75,Derived; see DATA_SOURCES.md for each contributing layer,"Unweighted mean of full-coverage 0-100 percentile-rank components. Neutral public-space measure containing no political variable. safety_score and nearest_traffic_volume are reported as separate columns, NOT folded into the composite, because their coverage is partial."
280,CNV-INT-0308,CHESTERFIELD AVE / W 6TH ST,Lower Lonsdale,52.09,12.76,57.44,68.43,37.77,45.7,5,280.0,,,False,,False,public_space_composite,45.7,Derived; see DATA_SOURCES.md for each contributing layer,"Unweighted mean of full-coverage 0-100 percentile-rank components. Neutral public-space measure containing no political variable. safety_score and nearest_traffic_volume are reported as separate columns, NOT folded into the composite, because their coverage is partial."
281,CNV-INT-0483,W 27TH ST / WESTERN AVE,Central Lonsdale,22.07,71.97,48.87,29.03,56.34,45.66,5,281.0,,,False,,False,public_space_composite,45.66,Derived; see DATA_SOURCES.md for each contributing layer,"Unweighted mean of full-coverage 0-100 percentile-rank components. Neutral public-space measure containing no political variable. safety_score and nearest_traffic_volume are reported as separate columns, NOT folded into the composite, because their coverage is partial."
282,CNV-INT-0084,E 5TH ST / ST. ANDREWS AVE,Lower Lonsdale,22.07,43.66,56.46,49.04,56.34,45.51,5,282.0,63.36,3.0,True,,False,public_space_composite,45.51,Derived; see DATA_SOURCES.md for each contributing layer,"Unweighted mean of full-coverage 0-100 percentile-rank components. Neutral public-space measure containing no political variable. safety_score and nearest_traffic_volume are reported as separate columns, NOT folded into the composite, because their coverage is partial."
283,CNV-INT-0295,CHESTERFIELD AVE / W 6TH ST,Lower Lonsdale,52.09,12.76,57.85,67.1,37.77,45.51,5,282.0,,,False,,False,public_space_composite,45.51,Derived; see DATA_SOURCES.md for each contributing layer,"Unweighted mean of full-coverage 0-100 percentile-rank components. Neutral public-space measure containing no political variable. safety_score and nearest_traffic_volume are reported as separate columns, NOT folded into the composite, because their coverage is partial."
284,CNV-INT-0254,E 27TH ST / ST. GEORGES AVE,Tempe,22.07,73.3,46.55,29.03,56.34,45.46,5,284.0,88.93,1.0,True,,False,public_space_composite,45.46,Derived; see DATA_SOURCES.md for each contributing layer,"Unweighted mean of full-coverage 0-100 percentile-rank components. Neutral public-space measure containing no political variable. safety_score and nearest_traffic_volume are reported as separate columns, NOT folded into the composite, because their coverage is partial."
285,CNV-INT-0294,CHESTERFIELD AVE / W 6TH ST,Lower Lonsdale,52.09,12.76,57.05,67.47,37.77,45.43,5,285.0,,,False,,False,public_space_composite,45.43,Derived; see DATA_SOURCES.md for each contributing layer,"Unweighted mean of full-coverage 0-100 percentile-rank components. Neutral public-space measure containing no political variable. safety_score and nearest_traffic_volume are reported as separate columns, NOT folded into the composite, because their coverage is partial."
286,CNV-INT-0149,E 18TH ST / SUTHERLAND AVE,Grand Boulevard,22.07,77.94,41.73,29.03,56.34,45.42,5,286.0,63.36,3.0,True,,False,public_space_composite,45.42,Derived; see DATA_SOURCES.md for each contributing layer,"Unweighted mean of full-coverage 0-100 percentile-rank components. Neutral public-space measure containing no political variable. safety_score and nearest_traffic_volume are reported as separate columns, NOT folded into the composite, because their coverage is partial."
287,CNV-INT-0417,JONES AVE,Mahon,68.69,24.72,39.94,64.17,28.63,45.23,5,287.0,,,False,,False,public_space_composite,45.23,Derived; see DATA_SOURCES.md for each contributing layer,"Unweighted mean of full-coverage 0-100 percentile-rank components. Neutral public-space measure containing no political variable. safety_score and nearest_traffic_volume are reported as separate columns, NOT folded into the composite, because their coverage is partial."
288,CNV-INT-0085,E 6TH ST / ST. ANDREWS AVE,Lower Lonsdale,22.07,38.97,60.33,48.41,56.34,45.22,5,288.0,88.93,1.0,True,,False,public_space_composite,45.22,Derived; see DATA_SOURCES.md for each contributing layer,"Unweighted mean of full-coverage 0-100 percentile-rank components. Neutral public-space measure containing no political variable. safety_score and nearest_traffic_volume are reported as separate columns, NOT folded into the composite, because their coverage is partial."
289,CNV-INT-0145,E 17TH ST / SUTHERLAND AVE,Grand Boulevard,22.07,72.17,46.07,29.03,56.34,45.14,5,289.0,88.93,1.0,True,,False,public_space_composite,45.14,Derived; see DATA_SOURCES.md for each contributing layer,"Unweighted mean of full-coverage 0-100 percentile-rank components. Neutral public-space measure containing no political variable. safety_score and nearest_traffic_volume are reported as separate columns, NOT folded into the composite, because their coverage is partial."
290,CNV-INT-0439,FELL AVE / W 17TH ST,Marine-Hamilton,52.09,29.67,48.06,29.03,66.34,45.04,5,290.0,72.33,2.0,True,,False,public_space_composite,45.04,Derived; see DATA_SOURCES.md for each contributing layer,"Unweighted mean of full-coverage 0-100 percentile-rank components. Neutral public-space measure containing no political variable. safety_score and nearest_traffic_volume are reported as separate columns, NOT folded into the composite, because their coverage is partial."
291,CNV-INT-0103,E 8TH ST / E 9TH ST,Central Lonsdale,22.07,45.15,57.28,62.74,37.77,45.0,5,291.0,,,False,,False,public_space_composite,45.0,Derived; see DATA_SOURCES.md for each contributing layer,"Unweighted mean of full-coverage 0-100 percentile-rank components. Neutral public-space measure containing no political variable. safety_score and nearest_traffic_volume are reported as separate columns, NOT folded into the composite, because their coverage is partial."
292,CNV-INT-0343,MISSION RD / W 4TH ST,Squamish Nation (Mission IR 1),22.07,84.92,51.05,29.03,37.77,44.97,5,292.0,,,False,,False,public_space_composite,44.97,Derived; see DATA_SOURCES.md for each contributing layer,"Unweighted mean of full-coverage 0-100 percentile-rank components. Neutral public-space measure containing no political variable. safety_score and nearest_traffic_volume are reported as separate columns, NOT folded into the composite, because their coverage is partial."
293,CNV-INT-0442,MACKAY AVE / W KEITH RD,Marine-Hamilton,68.69,45.3,43.79,29.03,37.77,44.92,5,293.0,88.93,1.0,True,,False,public_space_composite,44.92,Derived; see DATA_SOURCES.md for each contributing layer,"Unweighted mean of full-coverage 0-100 percentile-rank components. Neutral public-space measure containing no political variable. safety_score and nearest_traffic_volume are reported as separate columns, NOT folded into the composite, because their coverage is partial."
294,CNV-INT-0223,E 24TH ST / ST. GEORGES AVE,Central Lonsdale,52.09,12.76,53.83,68.16,37.77,44.92,5,293.0,31.3,12.0,True,,False,public_space_composite,44.92,Derived; see DATA_SOURCES.md for each contributing layer,"Unweighted mean of full-coverage 0-100 percentile-rank components. Neutral public-space measure containing no political variable. safety_score and nearest_traffic_volume are reported as separate columns, NOT folded into the composite, because their coverage is partial."
295,CNV-INT-0320,FORBES AVE / W ESPLANADE,Lower Lonsdale,22.07,54.26,60.55,49.72,37.77,44.87,5,295.0,,,False,,False,public_space_composite,44.87,Derived; see DATA_SOURCES.md for each contributing layer,"Unweighted mean of full-coverage 0-100 percentile-rank components. Neutral public-space measure containing no political variable. safety_score and nearest_traffic_volume are reported as separate columns, NOT folded into the composite, because their coverage is partial."
296,CNV-INT-0372,FORBES AVE / W 6TH ST,Squamish Nation (Mission IR 1),22.07,90.91,55.06,29.03,27.15,44.84,5,296.0,,,False,,False,public_space_composite,44.84,Derived; see DATA_SOURCES.md for each contributing layer,"Unweighted mean of full-coverage 0-100 percentile-rank components. Neutral public-space measure containing no political variable. safety_score and nearest_traffic_volume are reported as separate columns, NOT folded into the composite, because their coverage is partial."
297,CNV-INT-0166,UPPER LEVELS RAMP,Grand Boulevard,68.69,65.82,31.26,29.03,28.63,44.69,5,297.0,,,False,,False,public_space_composite,44.69,Derived; see DATA_SOURCES.md for each contributing layer,"Unweighted mean of full-coverage 0-100 percentile-rank components. Neutral public-space measure containing no political variable. safety_score and nearest_traffic_volume are reported as separate columns, NOT folded into the composite, because their coverage is partial."
298,CNV-INT-0123,E 12TH ST / ST. ANDREWS AVE,Central Lonsdale,22.07,12.76,56.82,75.29,56.34,44.66,5,298.0,56.3,4.0,True,,False,public_space_composite,44.66,Derived; see DATA_SOURCES.md for each contributing layer,"Unweighted mean of full-coverage 0-100 percentile-rank components. Neutral public-space measure containing no political variable. safety_score and nearest_traffic_volume are reported as separate columns, NOT folded into the composite, because their coverage is partial."
299,CNV-INT-0369,FORBES AVE / W 15TH ST,Mahon,22.07,49.6,36.4,58.87,56.34,44.66,5,298.0,88.93,1.0,True,,False,public_space_composite,44.66,Derived; see DATA_SOURCES.md for each contributing layer,"Unweighted mean of full-coverage 0-100 percentile-rank components. Neutral public-space measure containing no political variable. safety_score and nearest_traffic_volume are reported as separate columns, NOT folded into the composite, because their coverage is partial."
300,CNV-INT-0034,E 6TH ST / SUTHERLAND AVE,Moodyville,22.07,57.29,45.24,41.84,56.34,44.56,5,300.0,88.93,1.0,True,,False,public_space_composite,44.56,Derived; see DATA_SOURCES.md for each contributing layer,"Unweighted mean of full-coverage 0-100 percentile-rank components. Neutral public-space measure containing no political variable. safety_score and nearest_traffic_volume are reported as separate columns, NOT folded into the composite, because their coverage is partial."
301,CNV-INT-0399,JONES AVE / W 18TH ST,Mahon,68.69,12.76,32.98,70.32,37.77,44.5,5,301.0,72.33,2.0,True,,False,public_space_composite,44.5,Derived; see DATA_SOURCES.md for each contributing layer,"Unweighted mean of full-coverage 0-100 percentile-rank components. Neutral public-space measure containing no political variable. safety_score and nearest_traffic_volume are reported as separate columns, NOT folded into the composite, because their coverage is partial."
302,CNV-INT-0414,MAHON AVE / W 23RD ST,Mahon,52.09,12.76,36.61,64.02,56.34,44.36,5,302.0,50.38,5.0,True,,False,public_space_composite,44.36,Derived; see DATA_SOURCES.md for each contributing layer,"Unweighted mean of full-coverage 0-100 percentile-rank components. Neutral public-space measure containing no political variable. safety_score and nearest_traffic_volume are reported as separate columns, NOT folded into the composite, because their coverage is partial."
303,CNV-INT-0072,E 1ST ST / ST. PATRICKS AVE,Lower Lonsdale,22.07,35.91,57.18,50.2,56.34,44.34,5,303.0,72.33,2.0,True,,False,public_space_composite,44.34,Derived; see DATA_SOURCES.md for each contributing layer,"Unweighted mean of full-coverage 0-100 percentile-rank components. Neutral public-space measure containing no political variable. safety_score and nearest_traffic_volume are reported as separate columns, NOT folded into the composite, because their coverage is partial."
304,CNV-INT-0256,E 27TH ST / EASTERN AVE,Tempe,22.07,83.31,49.1,29.03,37.77,44.26,5,304.0,,,False,,False,public_space_composite,44.26,Derived; see DATA_SOURCES.md for each contributing layer,"Unweighted mean of full-coverage 0-100 percentile-rank components. Neutral public-space measure containing no political variable. safety_score and nearest_traffic_volume are reported as separate columns, NOT folded into the composite, because their coverage is partial."
305,CNV-INT-0079,E 4TH ST / ST. PATRICKS AVE,Lower Lonsdale,22.07,35.91,66.06,59.43,37.77,44.25,5,305.0,,,False,,False,public_space_composite,44.25,Derived; see DATA_SOURCES.md for each contributing layer,"Unweighted mean of full-coverage 0-100 percentile-rank components. Neutral public-space measure containing no political variable. safety_score and nearest_traffic_volume are reported as separate columns, NOT folded into the composite, because their coverage is partial."
306,CNV-INT-0048,E 6TH ST / MOODY AVE,Moodyville,22.07,41.23,57.61,43.98,56.34,44.25,5,305.0,,,False,,False,public_space_composite,44.25,Derived; see DATA_SOURCES.md for each contributing layer,"Unweighted mean of full-coverage 0-100 percentile-rank components. Neutral public-space measure containing no political variable. safety_score and nearest_traffic_volume are reported as separate columns, NOT folded into the composite, because their coverage is partial."
307,CNV-INT-0453,MACKAY AVE / W 19TH ST,Marine-Hamilton,68.69,45.3,39.63,29.03,37.77,44.08,5,307.0,,,False,,False,public_space_composite,44.08,Derived; see DATA_SOURCES.md for each contributing layer,"Unweighted mean of full-coverage 0-100 percentile-rank components. Neutral public-space measure containing no political variable. safety_score and nearest_traffic_volume are reported as separate columns, NOT folded into the composite, because their coverage is partial."
308,CNV-INT-0176,E 23RD ST / RIDGEWAY AVE,Grand Boulevard,68.69,12.76,24.7,57.92,56.34,44.08,5,307.0,88.93,1.0,True,,False,public_space_composite,44.08,Derived; see DATA_SOURCES.md for each contributing layer,"Unweighted mean of full-coverage 0-100 percentile-rank components. Neutral public-space measure containing no political variable. safety_score and nearest_traffic_volume are reported as separate columns, NOT folded into the composite, because their coverage is partial."
309,CNV-INT-0351,HANES AVE / W 3RD ST,Marine-Hamilton,68.69,12.76,42.87,29.03,66.4,43.95,5,309.0,33.02,11.0,True,,False,public_space_composite,43.95,Derived; see DATA_SOURCES.md for each contributing layer,"Unweighted mean of full-coverage 0-100 percentile-rank components. Neutral public-space measure containing no political variable. safety_score and nearest_traffic_volume are reported as separate columns, NOT folded into the composite, because their coverage is partial."
310,CNV-INT-0264,VICTORY SHIP WAY / WALLACE MEWS,Lower Lonsdale,22.07,40.03,62.18,57.31,37.77,43.87,5,310.0,28.44,14.0,True,,False,public_space_composite,43.87,Derived; see DATA_SOURCES.md for each contributing layer,"Unweighted mean of full-coverage 0-100 percentile-rank components. Neutral public-space measure containing no political variable. safety_score and nearest_traffic_volume are reported as separate columns, NOT folded into the composite, because their coverage is partial."
311,CNV-INT-0161,E 19TH ST / RIDGEWAY AVE,Grand Boulevard,68.69,12.76,34.29,46.39,56.34,43.69,5,311.0,63.36,3.0,True,,False,public_space_composite,43.69,Derived; see DATA_SOURCES.md for each contributing layer,"Unweighted mean of full-coverage 0-100 percentile-rank components. Neutral public-space measure containing no political variable. safety_score and nearest_traffic_volume are reported as separate columns, NOT folded into the composite, because their coverage is partial."
312,CNV-INT-0430,FELL AVE / TOBRUCK AVE,Marine-Hamilton,52.09,29.67,55.68,33.0,47.77,43.64,5,312.0,63.36,3.0,True,,False,public_space_composite,43.64,Derived; see DATA_SOURCES.md for each contributing layer,"Unweighted mean of full-coverage 0-100 percentile-rank components. Neutral public-space measure containing no political variable. safety_score and nearest_traffic_volume are reported as separate columns, NOT folded into the composite, because their coverage is partial."
313,CNV-INT-0058,E 8TH ST / SUTHERLAND AVE,,22.07,88.72,40.5,29.03,37.77,43.62,5,313.0,88.93,1.0,True,,False,public_space_composite,43.62,Derived; see DATA_SOURCES.md for each contributing layer,"Unweighted mean of full-coverage 0-100 percentile-rank components. Neutral public-space measure containing no political variable. safety_score and nearest_traffic_volume are reported as separate columns, NOT folded into the composite, because their coverage is partial."
314,CNV-INT-0109,E 10TH ST / ST. ANDREWS AVE,Central Lonsdale,22.07,12.76,57.15,69.58,56.34,43.58,5,314.0,,,False,,False,public_space_composite,43.58,Derived; see DATA_SOURCES.md for each contributing layer,"Unweighted mean of full-coverage 0-100 percentile-rank components. Neutral public-space measure containing no political variable. safety_score and nearest_traffic_volume are reported as separate columns, NOT folded into the composite, because their coverage is partial."
315,CNV-INT-0491,UPPER LEVELS HWY,Westview,99.4,12.76,28.42,29.03,47.19,43.36,5,315.0,,,False,,False,public_space_composite,43.36,Derived; see DATA_SOURCES.md for each contributing layer,"Unweighted mean of full-coverage 0-100 percentile-rank components. Neutral public-space measure containing no political variable. safety_score and nearest_traffic_volume are reported as separate columns, NOT folded into the composite, because their coverage is partial."
316,CNV-INT-0404,MAHON AVE / W 21ST ST,Mahon,22.07,24.72,41.31,72.18,56.34,43.32,5,316.0,63.36,3.0,True,,False,public_space_composite,43.32,Derived; see DATA_SOURCES.md for each contributing layer,"Unweighted mean of full-coverage 0-100 percentile-rank components. Neutral public-space measure containing no political variable. safety_score and nearest_traffic_volume are reported as separate columns, NOT folded into the composite, because their coverage is partial."
317,CNV-INT-0049,E 6TH ST / RIDGEWAY AVE,Moodyville,22.07,32.74,49.8,55.34,56.34,43.26,5,317.0,88.93,1.0,True,,False,public_space_composite,43.26,Derived; see DATA_SOURCES.md for each contributing layer,"Unweighted mean of full-coverage 0-100 percentile-rank components. Neutral public-space measure containing no political variable. safety_score and nearest_traffic_volume are reported as separate columns, NOT folded into the composite, because their coverage is partial."
318,CNV-INT-0120,E 11TH ST / ST. ANDREWS AVE,Central Lonsdale,22.07,12.76,50.96,74.08,56.34,43.24,5,318.0,72.33,2.0,True,,False,public_space_composite,43.24,Derived; see DATA_SOURCES.md for each contributing layer,"Unweighted mean of full-coverage 0-100 percentile-rank components. Neutral public-space measure containing no political variable. safety_score and nearest_traffic_volume are reported as separate columns, NOT folded into the composite, because their coverage is partial."
319,CNV-INT-0419,LARSON RD / W 23RD ST,Mahon,52.09,12.76,27.38,57.53,66.34,43.22,5,319.0,56.3,4.0,True,,False,public_space_composite,43.22,Derived; see DATA_SOURCES.md for each contributing layer,"Unweighted mean of full-coverage 0-100 percentile-rank components. Neutral public-space measure containing no political variable. safety_score and nearest_traffic_volume are reported as separate columns, NOT folded into the composite, because their coverage is partial."
320,CNV-INT-0037,BROOKSBANK AVE / E 5TH ST,Moodyville,52.09,46.03,41.06,29.03,47.83,43.21,5,320.0,35.11,10.0,True,,False,public_space_composite,43.21,Derived; see DATA_SOURCES.md for each contributing layer,"Unweighted mean of full-coverage 0-100 percentile-rank components. Neutral public-space measure containing no political variable. safety_score and nearest_traffic_volume are reported as separate columns, NOT folded into the composite, because their coverage is partial."
321,CNV-INT-0327,AUTOMALL DR / FELL AVE,Marine-Hamilton,68.69,30.68,39.48,29.03,47.77,43.13,5,321.0,33.02,11.0,True,791.0,True,public_space_composite,43.13,Derived; see DATA_SOURCES.md for each contributing layer,"Unweighted mean of full-coverage 0-100 percentile-rank components. Neutral public-space measure containing no political variable. safety_score and nearest_traffic_volume are reported as separate columns, NOT folded into the composite, because their coverage is partial."
322,CNV-INT-0159,E 19TH ST / GRAND BLVD / MOODY AVE,Grand Boulevard,68.69,12.76,29.59,29.03,75.35,43.08,5,322.0,19.27,22.0,True,,False,public_space_composite,43.08,Derived; see DATA_SOURCES.md for each contributing layer,"Unweighted mean of full-coverage 0-100 percentile-rank components. Neutral public-space measure containing no political variable. safety_score and nearest_traffic_volume are reported as separate columns, NOT folded into the composite, because their coverage is partial."
323,CNV-INT-0398,MAHON AVE / W 18TH ST,Mahon,22.07,12.76,49.59,74.44,56.34,43.04,5,323.0,72.33,2.0,True,,False,public_space_composite,43.04,Derived; see DATA_SOURCES.md for each contributing layer,"Unweighted mean of full-coverage 0-100 percentile-rank components. Neutral public-space measure containing no political variable. safety_score and nearest_traffic_volume are reported as separate columns, NOT folded into the composite, because their coverage is partial."
324,CNV-INT-0418,LARSON CRES / LARSON RD,Mahon,52.09,24.72,31.3,59.06,47.77,42.99,5,324.0,,,False,207.0,True,public_space_composite,42.99,Derived; see DATA_SOURCES.md for each contributing layer,"Unweighted mean of full-coverage 0-100 percentile-rank components. Neutral public-space measure containing no political variable. safety_score and nearest_traffic_volume are reported as separate columns, NOT folded into the composite, because their coverage is partial."
325,CNV-INT-0098,E 9TH ST / RIDGEWAY AVE,Central Lonsdale,22.07,32.74,46.78,56.85,56.34,42.96,5,325.0,72.33,2.0,True,,False,public_space_composite,42.96,Derived; see DATA_SOURCES.md for each contributing layer,"Unweighted mean of full-coverage 0-100 percentile-rank components. Neutral public-space measure containing no political variable. safety_score and nearest_traffic_volume are reported as separate columns, NOT folded into the composite, because their coverage is partial."
326,CNV-INT-0347,HANES AVE / W 1ST ST,Marine-Hamilton,87.48,12.76,37.41,29.03,47.83,42.9,5,326.0,18.13,23.0,True,1125.0,True,public_space_composite,42.9,Derived; see DATA_SOURCES.md for each contributing layer,"Unweighted mean of full-coverage 0-100 percentile-rank components. Neutral public-space measure containing no political variable. safety_score and nearest_traffic_volume are reported as separate columns, NOT folded into the composite, because their coverage is partial."
327,CNV-INT-0081,E 6TH ST / ST. DAVIDS AVE,Moodyville,22.07,38.97,54.64,41.84,56.34,42.77,5,327.0,,,False,,False,public_space_composite,42.77,Derived; see DATA_SOURCES.md for each contributing layer,"Unweighted mean of full-coverage 0-100 percentile-rank components. Neutral public-space measure containing no political variable. safety_score and nearest_traffic_volume are reported as separate columns, NOT folded into the composite, because their coverage is partial."
328,CNV-INT-0184,E 14TH ST / MOODY AVE,Grand Boulevard,22.07,75.7,49.3,29.03,37.77,42.77,5,327.0,88.93,1.0,True,,False,public_space_composite,42.77,Derived; see DATA_SOURCES.md for each contributing layer,"Unweighted mean of full-coverage 0-100 percentile-rank components. Neutral public-space measure containing no political variable. safety_score and nearest_traffic_volume are reported as separate columns, NOT folded into the composite, because their coverage is partial."
329,CNV-INT-0248,E 25TH ST,Tempe,60.74,12.76,53.6,58.06,28.63,42.76,5,329.0,,,False,,False,public_space_composite,42.76,Derived; see DATA_SOURCES.md for each contributing layer,"Unweighted mean of full-coverage 0-100 percentile-rank components. Neutral public-space measure containing no political variable. safety_score and nearest_traffic_volume are reported as separate columns, NOT folded into the composite, because their coverage is partial."
330,CNV-INT-0441,CUMBERLAND CRES / HAMILTON AVE,Marine-Hamilton,68.69,35.57,42.41,29.03,37.77,42.69,5,330.0,,,False,,False,public_space_composite,42.69,Derived; see DATA_SOURCES.md for each contributing layer,"Unweighted mean of full-coverage 0-100 percentile-rank components. Neutral public-space measure containing no political variable. safety_score and nearest_traffic_volume are reported as separate columns, NOT folded into the composite, because their coverage is partial."
331,CNV-INT-0007,COTTON RD / E 3RD ST / LOW LEVEL RD,Moodyville,87.48,12.76,26.11,29.03,57.45,42.57,5,331.0,56.3,4.0,True,,False,public_space_composite,42.57,Derived; see DATA_SOURCES.md for each contributing layer,"Unweighted mean of full-coverage 0-100 percentile-rank components. Neutral public-space measure containing no political variable. safety_score and nearest_traffic_volume are reported as separate columns, NOT folded into the composite, because their coverage is partial."
332,CNV-INT-0011,E 3RD ST / KENNARD AVE,Moodyville,87.48,12.76,25.54,29.03,57.83,42.53,5,332.0,37.02,9.0,True,,False,public_space_composite,42.53,Derived; see DATA_SOURCES.md for each contributing layer,"Unweighted mean of full-coverage 0-100 percentile-rank components. Neutral public-space measure containing no political variable. safety_score and nearest_traffic_volume are reported as separate columns, NOT folded into the composite, because their coverage is partial."
333,CNV-INT-0134,E 14TH ST / SUTHERLAND AVE,Grand Boulevard,22.07,83.46,39.28,29.03,37.77,42.32,5,333.0,,,False,,False,public_space_composite,42.32,Derived; see DATA_SOURCES.md for each contributing layer,"Unweighted mean of full-coverage 0-100 percentile-rank components. Neutral public-space measure containing no political variable. safety_score and nearest_traffic_volume are reported as separate columns, NOT folded into the composite, because their coverage is partial."
334,CNV-INT-0127,E 14TH ST / SUTHERLAND AVE,Grand Boulevard,22.07,83.46,39.15,29.03,37.77,42.3,5,334.0,88.93,1.0,True,,False,public_space_composite,42.3,Derived; see DATA_SOURCES.md for each contributing layer,"Unweighted mean of full-coverage 0-100 percentile-rank components. Neutral public-space measure containing no political variable. safety_score and nearest_traffic_volume are reported as separate columns, NOT folded into the composite, because their coverage is partial."
335,CNV-INT-0044,ADDERLEY ST / E 7TH ST / HENDRY AVE,Moodyville,22.07,62.49,30.71,29.03,65.96,42.05,5,335.0,56.3,4.0,True,,False,public_space_composite,42.05,Derived; see DATA_SOURCES.md for each contributing layer,"Unweighted mean of full-coverage 0-100 percentile-rank components. Neutral public-space measure containing no political variable. safety_score and nearest_traffic_volume are reported as separate columns, NOT folded into the composite, because their coverage is partial."
336,CNV-INT-0437,FIR ST / WOLFE ST,Mahon,22.07,56.24,36.56,57.31,37.77,41.99,5,336.0,,,False,,False,public_space_composite,41.99,Derived; see DATA_SOURCES.md for each contributing layer,"Unweighted mean of full-coverage 0-100 percentile-rank components. Neutral public-space measure containing no political variable. safety_score and nearest_traffic_volume are reported as separate columns, NOT folded into the composite, because their coverage is partial."
337,CNV-INT-0052,E 7TH ST / RIDGEWAY AVE,Moodyville,22.07,45.15,57.24,29.03,56.34,41.97,5,337.0,88.93,1.0,True,,False,public_space_composite,41.97,Derived; see DATA_SOURCES.md for each contributing layer,"Unweighted mean of full-coverage 0-100 percentile-rank components. Neutral public-space measure containing no political variable. safety_score and nearest_traffic_volume are reported as separate columns, NOT folded into the composite, because their coverage is partial."
338,CNV-INT-0324,W 1ST ST / W 2ND ST,Squamish Nation (Mission IR 1),22.07,73.14,46.46,29.03,37.77,41.69,5,338.0,,,False,,False,public_space_composite,41.69,Derived; see DATA_SOURCES.md for each contributing layer,"Unweighted mean of full-coverage 0-100 percentile-rank components. Neutral public-space measure containing no political variable. safety_score and nearest_traffic_volume are reported as separate columns, NOT folded into the composite, because their coverage is partial."
339,CNV-INT-0033,E 5TH ST / SUTHERLAND AVE,Moodyville,22.07,37.52,38.15,54.29,56.34,41.67,5,339.0,88.93,1.0,True,,False,public_space_composite,41.67,Derived; see DATA_SOURCES.md for each contributing layer,"Unweighted mean of full-coverage 0-100 percentile-rank components. Neutral public-space measure containing no political variable. safety_score and nearest_traffic_volume are reported as separate columns, NOT folded into the composite, because their coverage is partial."
340,CNV-INT-0023,E 2ND ST / MOODY AVE,Moodyville,22.07,61.43,29.09,68.06,27.15,41.56,5,340.0,,,False,,False,public_space_composite,41.56,Derived; see DATA_SOURCES.md for each contributing layer,"Unweighted mean of full-coverage 0-100 percentile-rank components. Neutral public-space measure containing no political variable. safety_score and nearest_traffic_volume are reported as separate columns, NOT folded into the composite, because their coverage is partial."
341,CNV-INT-0257,E 28TH ST / ST. GEORGES AVE,Tempe,22.07,77.82,40.76,29.03,37.77,41.49,5,341.0,,,False,,False,public_space_composite,41.49,Derived; see DATA_SOURCES.md for each contributing layer,"Unweighted mean of full-coverage 0-100 percentile-rank components. Neutral public-space measure containing no political variable. safety_score and nearest_traffic_volume are reported as separate columns, NOT folded into the composite, because their coverage is partial."
342,CNV-INT-0332,DONAGHY AVE / W 1ST ST,Marine-Hamilton,87.48,12.76,39.64,29.03,37.77,41.34,5,342.0,25.0,17.0,True,1125.0,True,public_space_composite,41.34,Derived; see DATA_SOURCES.md for each contributing layer,"Unweighted mean of full-coverage 0-100 percentile-rank components. Neutral public-space measure containing no political variable. safety_score and nearest_traffic_volume are reported as separate columns, NOT folded into the composite, because their coverage is partial."
343,CNV-INT-0482,CHESTERFIELD AVE / W 27TH ST,Central Lonsdale,22.07,53.87,45.18,29.03,56.34,41.3,5,343.0,88.93,1.0,True,,False,public_space_composite,41.3,Derived; see DATA_SOURCES.md for each contributing layer,"Unweighted mean of full-coverage 0-100 percentile-rank components. Neutral public-space measure containing no political variable. safety_score and nearest_traffic_volume are reported as separate columns, NOT folded into the composite, because their coverage is partial."
344,CNV-INT-0095,E 8TH ST / MOODY AVE,Grand Boulevard,22.07,45.15,53.2,29.03,56.34,41.16,5,344.0,,,False,,False,public_space_composite,41.16,Derived; see DATA_SOURCES.md for each contributing layer,"Unweighted mean of full-coverage 0-100 percentile-rank components. Neutral public-space measure containing no political variable. safety_score and nearest_traffic_volume are reported as separate columns, NOT folded into the composite, because their coverage is partial."
345,CNV-INT-0108,E 10TH ST / RIDGEWAY AVE,Central Lonsdale,22.07,12.76,42.5,71.45,56.34,41.02,5,345.0,88.93,1.0,True,,False,public_space_composite,41.02,Derived; see DATA_SOURCES.md for each contributing layer,"Unweighted mean of full-coverage 0-100 percentile-rank components. Neutral public-space measure containing no political variable. safety_score and nearest_traffic_volume are reported as separate columns, NOT folded into the composite, because their coverage is partial."
346,CNV-INT-0218,E 22ND ST / ST. ANDREWS AVE,Grand Boulevard,22.07,12.76,45.09,68.09,56.34,40.87,5,346.0,,,False,,False,public_space_composite,40.87,Derived; see DATA_SOURCES.md for each contributing layer,"Unweighted mean of full-coverage 0-100 percentile-rank components. Neutral public-space measure containing no political variable. safety_score and nearest_traffic_volume are reported as separate columns, NOT folded into the composite, because their coverage is partial."
347,CNV-INT-0093,LYON PL / MOODY AVE,Grand Boulevard,22.07,55.39,59.62,29.03,37.77,40.78,5,347.0,,,False,,False,public_space_composite,40.78,Derived; see DATA_SOURCES.md for each contributing layer,"Unweighted mean of full-coverage 0-100 percentile-rank components. Neutral public-space measure containing no political variable. safety_score and nearest_traffic_volume are reported as separate columns, NOT folded into the composite, because their coverage is partial."
348,CNV-INT-0454,HAMILTON AVE / W 19TH ST,Marine-Hamilton,68.69,35.57,32.5,29.03,37.77,40.71,5,348.0,,,False,,False,public_space_composite,40.71,Derived; see DATA_SOURCES.md for each contributing layer,"Unweighted mean of full-coverage 0-100 percentile-rank components. Neutral public-space measure containing no political variable. safety_score and nearest_traffic_volume are reported as separate columns, NOT folded into the composite, because their coverage is partial."
349,CNV-INT-0009,COTTON RD / E 3RD ST,Moodyville,87.48,12.76,26.03,29.03,47.83,40.63,5,349.0,,,False,,False,public_space_composite,40.63,Derived; see DATA_SOURCES.md for each contributing layer,"Unweighted mean of full-coverage 0-100 percentile-rank components. Neutral public-space measure containing no political variable. safety_score and nearest_traffic_volume are reported as separate columns, NOT folded into the composite, because their coverage is partial."
350,CNV-INT-0458,HAMILTON AVE / W 20TH ST,Marine-Hamilton,68.69,35.57,30.98,29.03,37.77,40.41,5,350.0,,,False,,False,public_space_composite,40.41,Derived; see DATA_SOURCES.md for each contributing layer,"Unweighted mean of full-coverage 0-100 percentile-rank components. Neutral public-space measure containing no political variable. safety_score and nearest_traffic_volume are reported as separate columns, NOT folded into the composite, because their coverage is partial."
351,CNV-INT-0012,E 3RD ST / HEYWOOD ST,Moodyville,87.48,12.76,24.96,29.03,46.48,40.14,5,351.0,41.98,7.0,True,,False,public_space_composite,40.14,Derived; see DATA_SOURCES.md for each contributing layer,"Unweighted mean of full-coverage 0-100 percentile-rank components. Neutral public-space measure containing no political variable. safety_score and nearest_traffic_volume are reported as separate columns, NOT folded into the composite, because their coverage is partial."
352,CNV-INT-0211,E 20TH ST / ST. ANDREWS AVE,Central Lonsdale,22.07,12.76,44.31,64.96,56.34,40.09,5,352.0,88.93,1.0,True,,False,public_space_composite,40.09,Derived; see DATA_SOURCES.md for each contributing layer,"Unweighted mean of full-coverage 0-100 percentile-rank components. Neutral public-space measure containing no political variable. safety_score and nearest_traffic_volume are reported as separate columns, NOT folded into the composite, because their coverage is partial."
353,CNV-INT-0167,UPPER LEVELS RAMP,Grand Boulevard,60.74,65.82,24.66,29.03,19.98,40.05,5,353.0,,,False,,False,public_space_composite,40.05,Derived; see DATA_SOURCES.md for each contributing layer,"Unweighted mean of full-coverage 0-100 percentile-rank components. Neutral public-space measure containing no political variable. safety_score and nearest_traffic_volume are reported as separate columns, NOT folded into the composite, because their coverage is partial."
354,CNV-INT-0258,E ESPLANADE / ST. ANDREWS AVE,Lower Lonsdale,22.07,12.76,54.75,54.16,56.48,40.04,5,354.0,,,False,,False,public_space_composite,40.04,Derived; see DATA_SOURCES.md for each contributing layer,"Unweighted mean of full-coverage 0-100 percentile-rank components. Neutral public-space measure containing no political variable. safety_score and nearest_traffic_volume are reported as separate columns, NOT folded into the composite, because their coverage is partial."
355,CNV-INT-0326,MISSION RD / W 1ST ST,Squamish Nation (Mission IR 1),22.07,57.62,34.71,29.03,56.34,39.95,5,355.0,,,False,,False,public_space_composite,39.95,Derived; see DATA_SOURCES.md for each contributing layer,"Unweighted mean of full-coverage 0-100 percentile-rank components. Neutral public-space measure containing no political variable. safety_score and nearest_traffic_volume are reported as separate columns, NOT folded into the composite, because their coverage is partial."
356,CNV-INT-0088,E 7TH ST / ST. DAVIDS AVE,Moodyville,22.07,38.97,52.7,47.19,37.77,39.74,5,356.0,,,False,,False,public_space_composite,39.74,Derived; see DATA_SOURCES.md for each contributing layer,"Unweighted mean of full-coverage 0-100 percentile-rank components. Neutral public-space measure containing no political variable. safety_score and nearest_traffic_volume are reported as separate columns, NOT folded into the composite, because their coverage is partial."
357,CNV-INT-0412,MAHON AVE / W 22ND ST,Mahon,22.07,12.76,38.14,69.02,56.34,39.67,5,357.0,,,False,,False,public_space_composite,39.67,Derived; see DATA_SOURCES.md for each contributing layer,"Unweighted mean of full-coverage 0-100 percentile-rank components. Neutral public-space measure containing no political variable. safety_score and nearest_traffic_volume are reported as separate columns, NOT folded into the composite, because their coverage is partial."
358,CNV-INT-0484,CHESTERFIELD AVE / W 28TH ST,Westview,22.07,68.89,40.35,29.03,37.77,39.62,5,358.0,,,False,,False,public_space_composite,39.62,Derived; see DATA_SOURCES.md for each contributing layer,"Unweighted mean of full-coverage 0-100 percentile-rank components. Neutral public-space measure containing no political variable. safety_score and nearest_traffic_volume are reported as separate columns, NOT folded into the composite, because their coverage is partial."
359,CNV-INT-0464,MACKAY AVE / W 22ND ST,Marine-Hamilton,68.69,53.6,18.24,29.03,27.15,39.34,5,359.0,,,False,,False,public_space_composite,39.34,Derived; see DATA_SOURCES.md for each contributing layer,"Unweighted mean of full-coverage 0-100 percentile-rank components. Neutral public-space measure containing no political variable. safety_score and nearest_traffic_volume are reported as separate columns, NOT folded into the composite, because their coverage is partial."
360,CNV-INT-0241,MUNDAY PL / TEMPE GLEN DR,Tempe,68.69,36.9,23.24,29.03,37.77,39.13,5,360.0,,,False,,False,public_space_composite,39.13,Derived; see DATA_SOURCES.md for each contributing layer,"Unweighted mean of full-coverage 0-100 percentile-rank components. Neutral public-space measure containing no political variable. safety_score and nearest_traffic_volume are reported as separate columns, NOT folded into the composite, because their coverage is partial."
361,CNV-INT-0114,E 11TH ST / RIDGEWAY AVE,Central Lonsdale,22.07,12.76,44.49,59.85,56.34,39.1,5,361.0,,,False,,False,public_space_composite,39.1,Derived; see DATA_SOURCES.md for each contributing layer,"Unweighted mean of full-coverage 0-100 percentile-rank components. Neutral public-space measure containing no political variable. safety_score and nearest_traffic_volume are reported as separate columns, NOT folded into the composite, because their coverage is partial."
362,CNV-INT-0339,MISSION RD / W 2ND ST,Squamish Nation (Mission IR 1),22.07,65.38,40.49,29.03,37.77,38.95,5,362.0,,,False,,False,public_space_composite,38.95,Derived; see DATA_SOURCES.md for each contributing layer,"Unweighted mean of full-coverage 0-100 percentile-rank components. Neutral public-space measure containing no political variable. safety_score and nearest_traffic_volume are reported as separate columns, NOT folded into the composite, because their coverage is partial."
363,CNV-INT-0480,W 26TH ST / WESTERN AVE,Central Lonsdale,22.07,53.87,51.83,29.03,37.77,38.91,5,363.0,88.93,1.0,True,,False,public_space_composite,38.91,Derived; see DATA_SOURCES.md for each contributing layer,"Unweighted mean of full-coverage 0-100 percentile-rank components. Neutral public-space measure containing no political variable. safety_score and nearest_traffic_volume are reported as separate columns, NOT folded into the composite, because their coverage is partial."
364,CNV-INT-0348,MACKAY RD / W 1ST ST,Marine-Hamilton,87.48,12.76,28.06,29.03,37.15,38.9,5,364.0,28.44,14.0,True,,False,public_space_composite,38.9,Derived; see DATA_SOURCES.md for each contributing layer,"Unweighted mean of full-coverage 0-100 percentile-rank components. Neutral public-space measure containing no political variable. safety_score and nearest_traffic_volume are reported as separate columns, NOT folded into the composite, because their coverage is partial."
365,CNV-INT-0445,LARSON RD / W 19TH ST,Mahon,52.09,48.89,26.41,29.03,37.77,38.84,5,365.0,,,False,196.0,True,public_space_composite,38.84,Derived; see DATA_SOURCES.md for each contributing layer,"Unweighted mean of full-coverage 0-100 percentile-rank components. Neutral public-space measure containing no political variable. safety_score and nearest_traffic_volume are reported as separate columns, NOT folded into the composite, because their coverage is partial."
366,CNV-INT-0214,E 21ST ST / ST. ANDREWS AVE,Central Lonsdale,22.07,12.76,37.48,65.57,56.34,38.84,5,365.0,88.93,1.0,True,,False,public_space_composite,38.84,Derived; see DATA_SOURCES.md for each contributing layer,"Unweighted mean of full-coverage 0-100 percentile-rank components. Neutral public-space measure containing no political variable. safety_score and nearest_traffic_volume are reported as separate columns, NOT folded into the composite, because their coverage is partial."
367,CNV-INT-0092,LYON PL / RIDGEWAY AVE,Central Lonsdale,22.07,45.15,60.12,29.03,37.77,38.83,5,367.0,,,False,,False,public_space_composite,38.83,Derived; see DATA_SOURCES.md for each contributing layer,"Unweighted mean of full-coverage 0-100 percentile-rank components. Neutral public-space measure containing no political variable. safety_score and nearest_traffic_volume are reported as separate columns, NOT folded into the composite, because their coverage is partial."
368,CNV-INT-0013,E 3RD ST / HEYWOOD ST,Moodyville,87.48,12.76,26.98,29.03,37.77,38.8,5,368.0,,,False,,False,public_space_composite,38.8,Derived; see DATA_SOURCES.md for each contributing layer,"Unweighted mean of full-coverage 0-100 percentile-rank components. Neutral public-space measure containing no political variable. safety_score and nearest_traffic_volume are reported as separate columns, NOT folded into the composite, because their coverage is partial."
369,CNV-INT-0242,TEMPE GLEN DR / TEMPE KNOLL DR,Tempe,68.69,36.9,21.33,29.03,37.77,38.74,5,369.0,,,False,,False,public_space_composite,38.74,Derived; see DATA_SOURCES.md for each contributing layer,"Unweighted mean of full-coverage 0-100 percentile-rank components. Neutral public-space measure containing no political variable. safety_score and nearest_traffic_volume are reported as separate columns, NOT folded into the composite, because their coverage is partial."
370,CNV-INT-0323,BEWICKE AVE / COPPING ST,Marine-Hamilton,68.69,25.32,32.83,29.03,37.77,38.73,5,370.0,41.98,7.0,True,306.0,True,public_space_composite,38.73,Derived; see DATA_SOURCES.md for each contributing layer,"Unweighted mean of full-coverage 0-100 percentile-rank components. Neutral public-space measure containing no political variable. safety_score and nearest_traffic_volume are reported as separate columns, NOT folded into the composite, because their coverage is partial."
371,CNV-INT-0010,E 3RD ST,Moodyville,87.48,12.76,25.19,29.03,38.69,38.63,5,371.0,,,False,,False,public_space_composite,38.63,Derived; see DATA_SOURCES.md for each contributing layer,"Unweighted mean of full-coverage 0-100 percentile-rank components. Neutral public-space measure containing no political variable. safety_score and nearest_traffic_volume are reported as separate columns, NOT folded into the composite, because their coverage is partial."
372,CNV-INT-0205,E 18TH ST / ST. ANDREWS AVE,Central Lonsdale,22.07,12.76,50.69,51.21,56.34,38.61,5,372.0,56.3,4.0,True,,False,public_space_composite,38.61,Derived; see DATA_SOURCES.md for each contributing layer,"Unweighted mean of full-coverage 0-100 percentile-rank components. Neutral public-space measure containing no political variable. safety_score and nearest_traffic_volume are reported as separate columns, NOT folded into the composite, because their coverage is partial."
373,CNV-INT-0243,MUNDAY PL / TEMPE GLEN DR,Tempe,68.69,36.9,20.48,29.03,37.77,38.57,5,373.0,,,False,,False,public_space_composite,38.57,Derived; see DATA_SOURCES.md for each contributing layer,"Unweighted mean of full-coverage 0-100 percentile-rank components. Neutral public-space measure containing no political variable. safety_score and nearest_traffic_volume are reported as separate columns, NOT folded into the composite, because their coverage is partial."
374,CNV-INT-0060,E 9TH ST / SUTHERLAND AVE,,22.07,74.22,29.45,29.03,37.77,38.51,5,374.0,88.93,1.0,True,,False,public_space_composite,38.51,Derived; see DATA_SOURCES.md for each contributing layer,"Unweighted mean of full-coverage 0-100 percentile-rank components. Neutral public-space measure containing no political variable. safety_score and nearest_traffic_volume are reported as separate columns, NOT folded into the composite, because their coverage is partial."
375,CNV-INT-0006,LOW LEVEL RD,Moodyville,87.48,12.76,24.25,29.03,38.69,38.44,5,375.0,,,False,,False,public_space_composite,38.44,Derived; see DATA_SOURCES.md for each contributing layer,"Unweighted mean of full-coverage 0-100 percentile-rank components. Neutral public-space measure containing no political variable. safety_score and nearest_traffic_volume are reported as separate columns, NOT folded into the composite, because their coverage is partial."
376,CNV-INT-0340,DELBRUCK AVE / W 1ST ST,Squamish Nation (Mission IR 1),22.07,61.77,40.52,29.03,37.77,38.23,5,376.0,,,False,956.0,True,public_space_composite,38.23,Derived; see DATA_SOURCES.md for each contributing layer,"Unweighted mean of full-coverage 0-100 percentile-rank components. Neutral public-space measure containing no political variable. safety_score and nearest_traffic_volume are reported as separate columns, NOT folded into the composite, because their coverage is partial."
377,CNV-INT-0152,E 19TH ST / SUTHERLAND AVE,Grand Boulevard,22.07,66.6,35.0,29.03,37.77,38.09,5,377.0,63.36,3.0,True,,False,public_space_composite,38.09,Derived; see DATA_SOURCES.md for each contributing layer,"Unweighted mean of full-coverage 0-100 percentile-rank components. Neutral public-space measure containing no political variable. safety_score and nearest_traffic_volume are reported as separate columns, NOT folded into the composite, because their coverage is partial."
378,CNV-INT-0233,TEMPE GLEN DR / TEMPE KNOLL DR,Tempe,68.69,12.76,23.47,29.03,56.34,38.06,5,378.0,,,False,,False,public_space_composite,38.06,Derived; see DATA_SOURCES.md for each contributing layer,"Unweighted mean of full-coverage 0-100 percentile-rank components. Neutral public-space measure containing no political variable. safety_score and nearest_traffic_volume are reported as separate columns, NOT folded into the composite, because their coverage is partial."
379,CNV-INT-0002,LOW LEVEL RD,Moodyville,87.48,12.76,11.84,29.03,48.69,37.96,5,379.0,,,False,,False,public_space_composite,37.96,Derived; see DATA_SOURCES.md for each contributing layer,"Unweighted mean of full-coverage 0-100 percentile-rank components. Neutral public-space measure containing no political variable. safety_score and nearest_traffic_volume are reported as separate columns, NOT folded into the composite, because their coverage is partial."
380,CNV-INT-0224,E 24TH ST / ST. ANDREWS AVE,Central Lonsdale,22.07,12.76,41.61,56.63,56.34,37.88,5,380.0,,,False,,False,public_space_composite,37.88,Derived; see DATA_SOURCES.md for each contributing layer,"Unweighted mean of full-coverage 0-100 percentile-rank components. Neutral public-space measure containing no political variable. safety_score and nearest_traffic_volume are reported as separate columns, NOT folded into the composite, because their coverage is partial."
381,CNV-INT-0144,UPPER LEVELS HWY / UPPER LEVELS RAMP,Grand Boulevard,99.4,12.76,10.13,29.03,37.77,37.82,5,381.0,,,False,,False,public_space_composite,37.82,Derived; see DATA_SOURCES.md for each contributing layer,"Unweighted mean of full-coverage 0-100 percentile-rank components. Neutral public-space measure containing no political variable. safety_score and nearest_traffic_volume are reported as separate columns, NOT folded into the composite, because their coverage is partial."
382,CNV-INT-0416,MAHON AVE / W 24TH ST,Mahon,22.07,12.76,34.15,63.26,56.34,37.72,5,382.0,,,False,,False,public_space_composite,37.72,Derived; see DATA_SOURCES.md for each contributing layer,"Unweighted mean of full-coverage 0-100 percentile-rank components. Neutral public-space measure containing no political variable. safety_score and nearest_traffic_volume are reported as separate columns, NOT folded into the composite, because their coverage is partial."
383,CNV-INT-0170,E 21ST ST / QUEENSBURY AVE,Grand Boulevard,22.07,53.87,26.55,29.03,56.34,37.57,5,383.0,,,False,,False,public_space_composite,37.57,Derived; see DATA_SOURCES.md for each contributing layer,"Unweighted mean of full-coverage 0-100 percentile-rank components. Neutral public-space measure containing no political variable. safety_score and nearest_traffic_volume are reported as separate columns, NOT folded into the composite, because their coverage is partial."
384,CNV-INT-0097,E 9TH ST / MOODY AVE,Grand Boulevard,22.07,32.74,47.64,29.03,56.34,37.56,5,384.0,,,False,,False,public_space_composite,37.56,Derived; see DATA_SOURCES.md for each contributing layer,"Unweighted mean of full-coverage 0-100 percentile-rank components. Neutral public-space measure containing no political variable. safety_score and nearest_traffic_volume are reported as separate columns, NOT folded into the composite, because their coverage is partial."
385,CNV-INT-0451,LARSON RD / W 20TH ST,Mahon,52.09,38.55,30.22,29.03,37.77,37.53,5,385.0,,,False,207.0,True,public_space_composite,37.53,Derived; see DATA_SOURCES.md for each contributing layer,"Unweighted mean of full-coverage 0-100 percentile-rank components. Neutral public-space measure containing no political variable. safety_score and nearest_traffic_volume are reported as separate columns, NOT folded into the composite, because their coverage is partial."
386,CNV-INT-0447,LARSON RD / W 20TH ST,Mahon,52.09,38.55,29.74,29.03,37.77,37.44,5,386.0,,,False,196.0,True,public_space_composite,37.44,Derived; see DATA_SOURCES.md for each contributing layer,"Unweighted mean of full-coverage 0-100 percentile-rank components. Neutral public-space measure containing no political variable. safety_score and nearest_traffic_volume are reported as separate columns, NOT folded into the composite, because their coverage is partial."
387,CNV-INT-0180,E 12TH ST / RIDGEWAY AVE,Central Lonsdale,22.07,12.76,41.53,54.48,56.34,37.44,5,386.0,56.3,4.0,True,,False,public_space_composite,37.44,Derived; see DATA_SOURCES.md for each contributing layer,"Unweighted mean of full-coverage 0-100 percentile-rank components. Neutral public-space measure containing no political variable. safety_score and nearest_traffic_volume are reported as separate columns, NOT folded into the composite, because their coverage is partial."
388,CNV-INT-0043,CLOVERLEY ST / KENNARD AVE,Moodyville,22.07,70.21,27.93,29.03,37.77,37.4,5,388.0,88.93,1.0,True,,False,public_space_composite,37.4,Derived; see DATA_SOURCES.md for each contributing layer,"Unweighted mean of full-coverage 0-100 percentile-rank components. Neutral public-space measure containing no political variable. safety_score and nearest_traffic_volume are reported as separate columns, NOT folded into the composite, because their coverage is partial."
389,CNV-INT-0436,W 17TH ST / WOLFE ST,Mahon,22.07,49.06,32.54,56.11,27.15,37.39,5,389.0,,,False,,False,public_space_composite,37.39,Derived; see DATA_SOURCES.md for each contributing layer,"Unweighted mean of full-coverage 0-100 percentile-rank components. Neutral public-space measure containing no political variable. safety_score and nearest_traffic_volume are reported as separate columns, NOT folded into the composite, because their coverage is partial."
390,CNV-INT-0402,MAHON AVE / W 20TH ST,Mahon,22.07,12.76,39.06,75.29,37.77,37.39,5,389.0,,,False,,False,public_space_composite,37.39,Derived; see DATA_SOURCES.md for each contributing layer,"Unweighted mean of full-coverage 0-100 percentile-rank components. Neutral public-space measure containing no political variable. safety_score and nearest_traffic_volume are reported as separate columns, NOT folded into the composite, because their coverage is partial."
391,CNV-INT-0262,ST. GEORGES AVE / VICTORY SHIP WAY,Lower Lonsdale,22.07,12.76,57.6,56.39,37.77,37.32,5,391.0,,,False,,False,public_space_composite,37.32,Derived; see DATA_SOURCES.md for each contributing layer,"Unweighted mean of full-coverage 0-100 percentile-rank components. Neutral public-space measure containing no political variable. safety_score and nearest_traffic_volume are reported as separate columns, NOT folded into the composite, because their coverage is partial."
392,CNV-INT-0488,W 23RD ST / W 24TH CL,Mahon,22.07,44.56,42.1,29.03,47.77,37.11,5,392.0,,,False,801.0,True,public_space_composite,37.11,Derived; see DATA_SOURCES.md for each contributing layer,"Unweighted mean of full-coverage 0-100 percentile-rank components. Neutral public-space measure containing no political variable. safety_score and nearest_traffic_volume are reported as separate columns, NOT folded into the composite, because their coverage is partial."
393,CNV-INT-0067,E 1ST ST / E ST. DAVIDS AVE / ST. DAVIDS AVE,Lower Lonsdale,22.07,12.76,38.54,64.66,47.39,37.08,5,393.0,,,False,,False,public_space_composite,37.08,Derived; see DATA_SOURCES.md for each contributing layer,"Unweighted mean of full-coverage 0-100 percentile-rank components. Neutral public-space measure containing no political variable. safety_score and nearest_traffic_volume are reported as separate columns, NOT folded into the composite, because their coverage is partial."
394,CNV-INT-0039,KENNARD AVE / SHAVINGTON ST,Moodyville,22.07,62.67,33.38,29.03,37.77,36.98,5,394.0,88.93,1.0,True,,False,public_space_composite,36.98,Derived; see DATA_SOURCES.md for each contributing layer,"Unweighted mean of full-coverage 0-100 percentile-rank components. Neutral public-space measure containing no political variable. safety_score and nearest_traffic_volume are reported as separate columns, NOT folded into the composite, because their coverage is partial."
395,CNV-INT-0487,JONES AVE / W 28TH ST,Westview,22.07,46.03,31.28,29.03,56.34,36.95,5,395.0,63.36,3.0,True,,False,public_space_composite,36.95,Derived; see DATA_SOURCES.md for each contributing layer,"Unweighted mean of full-coverage 0-100 percentile-rank components. Neutral public-space measure containing no political variable. safety_score and nearest_traffic_volume are reported as separate columns, NOT folded into the composite, because their coverage is partial."
396,CNV-INT-0252,E 26TH ST / ST. GEORGES AVE,Tempe,22.07,39.41,56.26,29.03,37.77,36.91,5,396.0,,,False,,False,public_space_composite,36.91,Derived; see DATA_SOURCES.md for each contributing layer,"Unweighted mean of full-coverage 0-100 percentile-rank components. Neutral public-space measure containing no political variable. safety_score and nearest_traffic_volume are reported as separate columns, NOT folded into the composite, because their coverage is partial."
397,CNV-INT-0500,W 28TH ST,Westview,22.07,66.14,38.16,29.03,28.63,36.81,5,397.0,,,False,,False,public_space_composite,36.81,Derived; see DATA_SOURCES.md for each contributing layer,"Unweighted mean of full-coverage 0-100 percentile-rank components. Neutral public-space measure containing no political variable. safety_score and nearest_traffic_volume are reported as separate columns, NOT folded into the composite, because their coverage is partial."
398,CNV-INT-0251,E 26TH ST / ST. GEORGES AVE,Tempe,22.07,39.41,55.66,29.03,37.77,36.79,5,398.0,72.33,2.0,True,,False,public_space_composite,36.79,Derived; see DATA_SOURCES.md for each contributing layer,"Unweighted mean of full-coverage 0-100 percentile-rank components. Neutral public-space measure containing no political variable. safety_score and nearest_traffic_volume are reported as separate columns, NOT folded into the composite, because their coverage is partial."
399,CNV-INT-0420,JONES AVE / W 24TH ST,Mahon,22.07,12.76,31.34,61.41,56.34,36.78,5,399.0,,,False,,False,public_space_composite,36.78,Derived; see DATA_SOURCES.md for each contributing layer,"Unweighted mean of full-coverage 0-100 percentile-rank components. Neutral public-space measure containing no political variable. safety_score and nearest_traffic_volume are reported as separate columns, NOT folded into the composite, because their coverage is partial."
400,CNV-INT-0249,E 25TH ST / ST. GEORGES AVE,Tempe,22.07,12.76,53.78,56.66,37.77,36.61,5,400.0,72.33,2.0,True,,False,public_space_composite,36.61,Derived; see DATA_SOURCES.md for each contributing layer,"Unweighted mean of full-coverage 0-100 percentile-rank components. Neutral public-space measure containing no political variable. safety_score and nearest_traffic_volume are reported as separate columns, NOT folded into the composite, because their coverage is partial."
401,CNV-INT-0470,CHESTERFIELD AVE / W 24TH ST,Central Lonsdale,22.07,12.76,47.93,60.13,37.77,36.13,5,401.0,,,False,,False,public_space_composite,36.13,Derived; see DATA_SOURCES.md for each contributing layer,"Unweighted mean of full-coverage 0-100 percentile-rank components. Neutral public-space measure containing no political variable. safety_score and nearest_traffic_volume are reported as separate columns, NOT folded into the composite, because their coverage is partial."
402,CNV-INT-0020,E 4TH ST / SUTHERLAND AVE,Moodyville,22.07,37.52,25.7,57.56,37.77,36.12,5,402.0,,,False,,False,public_space_composite,36.12,Derived; see DATA_SOURCES.md for each contributing layer,"Unweighted mean of full-coverage 0-100 percentile-rank components. Neutral public-space measure containing no political variable. safety_score and nearest_traffic_volume are reported as separate columns, NOT folded into the composite, because their coverage is partial."
403,CNV-INT-0338,DELBRUCK AVE / W ESPLANADE,Squamish Nation (Mission IR 1),22.07,54.56,36.49,29.03,37.77,35.98,5,403.0,,,False,306.0,True,public_space_composite,35.98,Derived; see DATA_SOURCES.md for each contributing layer,"Unweighted mean of full-coverage 0-100 percentile-rank components. Neutral public-space measure containing no political variable. safety_score and nearest_traffic_volume are reported as separate columns, NOT folded into the composite, because their coverage is partial."
404,CNV-INT-0352,MACKAY RD / W 3RD ST,Marine-Hamilton,68.69,12.76,29.29,29.03,37.77,35.51,5,404.0,31.3,12.0,True,,False,public_space_composite,35.51,Derived; see DATA_SOURCES.md for each contributing layer,"Unweighted mean of full-coverage 0-100 percentile-rank components. Neutral public-space measure containing no political variable. safety_score and nearest_traffic_volume are reported as separate columns, NOT folded into the composite, because their coverage is partial."
405,CNV-INT-0486,MAHON AVE / W 28TH ST,Westview,22.07,38.19,31.94,29.03,56.34,35.51,5,404.0,,,False,,False,public_space_composite,35.51,Derived; see DATA_SOURCES.md for each contributing layer,"Unweighted mean of full-coverage 0-100 percentile-rank components. Neutral public-space measure containing no political variable. safety_score and nearest_traffic_volume are reported as separate columns, NOT folded into the composite, because their coverage is partial."
406,CNV-INT-0169,E 20TH ST / RIDGEWAY AVE,Grand Boulevard,22.07,12.76,32.02,52.52,56.34,35.14,5,406.0,88.93,1.0,True,,False,public_space_composite,35.14,Derived; see DATA_SOURCES.md for each contributing layer,"Unweighted mean of full-coverage 0-100 percentile-rank components. Neutral public-space measure containing no political variable. safety_score and nearest_traffic_volume are reported as separate columns, NOT folded into the composite, because their coverage is partial."
407,CNV-INT-0246,E 27TH ST / ST. ANDREWS AVE,Tempe,22.07,36.9,31.0,29.03,56.34,35.07,5,407.0,88.93,1.0,True,,False,public_space_composite,35.07,Derived; see DATA_SOURCES.md for each contributing layer,"Unweighted mean of full-coverage 0-100 percentile-rank components. Neutral public-space measure containing no political variable. safety_score and nearest_traffic_volume are reported as separate columns, NOT folded into the composite, because their coverage is partial."
408,CNV-INT-0255,E 28TH ST / ST. ANDREWS AVE,Tempe,22.07,54.17,32.16,29.03,37.77,35.04,5,408.0,,,False,,False,public_space_composite,35.04,Derived; see DATA_SOURCES.md for each contributing layer,"Unweighted mean of full-coverage 0-100 percentile-rank components. Neutral public-space measure containing no political variable. safety_score and nearest_traffic_volume are reported as separate columns, NOT folded into the composite, because their coverage is partial."
409,CNV-INT-0322,MISSION RD / W ESPLANADE,Squamish Nation (Mission IR 1),22.07,46.01,39.96,29.03,37.77,34.97,5,409.0,,,False,,False,public_space_composite,34.97,Derived; see DATA_SOURCES.md for each contributing layer,"Unweighted mean of full-coverage 0-100 percentile-rank components. Neutral public-space measure containing no political variable. safety_score and nearest_traffic_volume are reported as separate columns, NOT folded into the composite, because their coverage is partial."
410,CNV-INT-0162,E 20TH ST / QUEENSBURY AVE,Grand Boulevard,22.07,54.88,28.74,29.03,37.77,34.5,5,410.0,,,False,,False,public_space_composite,34.5,Derived; see DATA_SOURCES.md for each contributing layer,"Unweighted mean of full-coverage 0-100 percentile-rank components. Neutral public-space measure containing no political variable. safety_score and nearest_traffic_volume are reported as separate columns, NOT folded into the composite, because their coverage is partial."
411,CNV-INT-0477,CHESTERFIELD AVE / W 26TH ST,Westview,22.07,39.41,41.99,29.03,37.77,34.05,5,411.0,,,False,,False,public_space_composite,34.05,Derived; see DATA_SOURCES.md for each contributing layer,"Unweighted mean of full-coverage 0-100 percentile-rank components. Neutral public-space measure containing no political variable. safety_score and nearest_traffic_volume are reported as separate columns, NOT folded into the composite, because their coverage is partial."
412,CNV-INT-0174,E 22ND ST / QUEENSBURY AVE,Grand Boulevard,22.07,39.89,22.63,29.03,56.34,33.99,5,412.0,,,False,,False,public_space_composite,33.99,Derived; see DATA_SOURCES.md for each contributing layer,"Unweighted mean of full-coverage 0-100 percentile-rank components. Neutral public-space measure containing no political variable. safety_score and nearest_traffic_volume are reported as separate columns, NOT folded into the composite, because their coverage is partial."
413,CNV-INT-0499,LARSON RD / W 28TH ST,Westview,22.07,33.01,28.8,29.03,56.34,33.85,5,413.0,50.38,5.0,True,,False,public_space_composite,33.85,Derived; see DATA_SOURCES.md for each contributing layer,"Unweighted mean of full-coverage 0-100 percentile-rank components. Neutral public-space measure containing no political variable. safety_score and nearest_traffic_volume are reported as separate columns, NOT folded into the composite, because their coverage is partial."
414,CNV-INT-0473,CHESTERFIELD AVE / W 25TH ST,Westview,22.07,12.76,42.71,53.79,37.77,33.82,5,414.0,,,False,,False,public_space_composite,33.82,Derived; see DATA_SOURCES.md for each contributing layer,"Unweighted mean of full-coverage 0-100 percentile-rank components. Neutral public-space measure containing no political variable. safety_score and nearest_traffic_volume are reported as separate columns, NOT folded into the composite, because their coverage is partial."
415,CNV-INT-0236,BRAND ST / MAITLAND AVE,Tempe,22.07,36.9,23.82,29.03,56.34,33.63,5,415.0,,,False,,False,public_space_composite,33.63,Derived; see DATA_SOURCES.md for each contributing layer,"Unweighted mean of full-coverage 0-100 percentile-rank components. Neutral public-space measure containing no political variable. safety_score and nearest_traffic_volume are reported as separate columns, NOT folded into the composite, because their coverage is partial."
416,CNV-INT-0474,MAHON AVE / W 25TH ST,Westview,22.07,12.76,36.18,59.34,37.77,33.62,5,416.0,,,False,,False,public_space_composite,33.62,Derived; see DATA_SOURCES.md for each contributing layer,"Unweighted mean of full-coverage 0-100 percentile-rank components. Neutral public-space measure containing no political variable. safety_score and nearest_traffic_volume are reported as separate columns, NOT folded into the composite, because their coverage is partial."
417,CNV-INT-0459,FELL AVE / W 21ST ST,Marine-Hamilton,52.09,29.67,19.28,29.03,37.77,33.57,5,417.0,63.36,3.0,True,,False,public_space_composite,33.57,Derived; see DATA_SOURCES.md for each contributing layer,"Unweighted mean of full-coverage 0-100 percentile-rank components. Neutral public-space measure containing no political variable. safety_score and nearest_traffic_volume are reported as separate columns, NOT folded into the composite, because their coverage is partial."
418,CNV-INT-0244,E 25TH ST / ST. ANDREWS AVE,Tempe,22.07,12.76,37.17,57.92,37.77,33.54,5,418.0,,,False,,False,public_space_composite,33.54,Derived; see DATA_SOURCES.md for each contributing layer,"Unweighted mean of full-coverage 0-100 percentile-rank components. Neutral public-space measure containing no political variable. safety_score and nearest_traffic_volume are reported as separate columns, NOT folded into the composite, because their coverage is partial."
419,CNV-INT-0066,E 1ST ST / E ST. DAVIDS AVE,Lower Lonsdale,22.07,12.76,33.0,60.95,37.77,33.31,5,419.0,,,False,,False,public_space_composite,33.31,Derived; see DATA_SOURCES.md for each contributing layer,"Unweighted mean of full-coverage 0-100 percentile-rank components. Neutral public-space measure containing no political variable. safety_score and nearest_traffic_volume are reported as separate columns, NOT folded into the composite, because their coverage is partial."
420,CNV-INT-0247,E 28TH ST / ST. ANDREWS AVE,Tempe,22.07,46.24,31.27,29.03,37.77,33.28,5,420.0,,,False,,False,public_space_composite,33.28,Derived; see DATA_SOURCES.md for each contributing layer,"Unweighted mean of full-coverage 0-100 percentile-rank components. Neutral public-space measure containing no political variable. safety_score and nearest_traffic_volume are reported as separate columns, NOT folded into the composite, because their coverage is partial."
421,CNV-INT-0178,E 22ND ST / SUTHERLAND AVE,Grand Boulevard,22.07,53.87,23.21,29.03,37.77,33.19,5,421.0,,,False,,False,public_space_composite,33.19,Derived; see DATA_SOURCES.md for each contributing layer,"Unweighted mean of full-coverage 0-100 percentile-rank components. Neutral public-space measure containing no political variable. safety_score and nearest_traffic_volume are reported as separate columns, NOT folded into the composite, because their coverage is partial."
422,CNV-INT-0475,JONES AVE / W 25TH ST,Westview,22.07,12.76,33.31,58.64,37.77,32.91,5,422.0,,,False,,False,public_space_composite,32.91,Derived; see DATA_SOURCES.md for each contributing layer,"Unweighted mean of full-coverage 0-100 percentile-rank components. Neutral public-space measure containing no political variable. safety_score and nearest_traffic_volume are reported as separate columns, NOT folded into the composite, because their coverage is partial."
423,CNV-INT-0071,ALDER ST / ST. PATRICKS AVE,Lower Lonsdale,22.07,12.76,46.96,44.06,37.77,32.72,5,423.0,,,False,,False,public_space_composite,32.72,Derived; see DATA_SOURCES.md for each contributing layer,"Unweighted mean of full-coverage 0-100 percentile-rank components. Neutral public-space measure containing no political variable. safety_score and nearest_traffic_volume are reported as separate columns, NOT folded into the composite, because their coverage is partial."
424,CNV-INT-0041,E 6TH ST / HENDRY AVE,Moodyville,22.07,43.97,30.31,29.03,37.77,32.63,5,424.0,,,False,,False,public_space_composite,32.63,Derived; see DATA_SOURCES.md for each contributing layer,"Unweighted mean of full-coverage 0-100 percentile-rank components. Neutral public-space measure containing no political variable. safety_score and nearest_traffic_volume are reported as separate columns, NOT folded into the composite, because their coverage is partial."
425,CNV-INT-0158,E 18TH ST / RIDGEWAY AVE,Grand Boulevard,22.07,12.76,35.03,36.17,56.34,32.47,5,425.0,72.33,2.0,True,,False,public_space_composite,32.47,Derived; see DATA_SOURCES.md for each contributing layer,"Unweighted mean of full-coverage 0-100 percentile-rank components. Neutral public-space measure containing no political variable. safety_score and nearest_traffic_volume are reported as separate columns, NOT folded into the composite, because their coverage is partial."
426,CNV-INT-0237,E 27TH ST / TEMPE CRES,Tempe,22.07,46.24,26.93,29.03,37.77,32.41,5,426.0,88.93,1.0,True,,False,public_space_composite,32.41,Derived; see DATA_SOURCES.md for each contributing layer,"Unweighted mean of full-coverage 0-100 percentile-rank components. Neutral public-space measure containing no political variable. safety_score and nearest_traffic_volume are reported as separate columns, NOT folded into the composite, because their coverage is partial."
427,CNV-INT-0316,HARBOURSIDE DR / HARBOURSIDE PL,Marine-Hamilton,22.07,35.1,37.03,29.03,37.77,32.2,5,427.0,56.3,4.0,True,,False,public_space_composite,32.2,Derived; see DATA_SOURCES.md for each contributing layer,"Unweighted mean of full-coverage 0-100 percentile-rank components. Neutral public-space measure containing no political variable. safety_score and nearest_traffic_volume are reported as separate columns, NOT folded into the composite, because their coverage is partial."
428,CNV-INT-0111,E 10TH ST / MOODY AVE,Grand Boulevard,22.07,12.76,40.47,29.03,56.34,32.13,5,428.0,72.33,2.0,True,,False,public_space_composite,32.13,Derived; see DATA_SOURCES.md for each contributing layer,"Unweighted mean of full-coverage 0-100 percentile-rank components. Neutral public-space measure containing no political variable. safety_score and nearest_traffic_volume are reported as separate columns, NOT folded into the composite, because their coverage is partial."
429,CNV-INT-0501,LARSON RD / W 29TH ST,Westview,22.07,46.03,25.2,29.03,37.77,32.02,5,429.0,,,False,,False,public_space_composite,32.02,Derived; see DATA_SOURCES.md for each contributing layer,"Unweighted mean of full-coverage 0-100 percentile-rank components. Neutral public-space measure containing no political variable. safety_score and nearest_traffic_volume are reported as separate columns, NOT folded into the composite, because their coverage is partial."
430,CNV-INT-0172,E 23RD ST / GRAND BLVD,Grand Boulevard,68.69,12.76,21.99,29.03,27.15,31.92,5,430.0,72.33,2.0,True,,False,public_space_composite,31.92,Derived; see DATA_SOURCES.md for each contributing layer,"Unweighted mean of full-coverage 0-100 percentile-rank components. Neutral public-space measure containing no political variable. safety_score and nearest_traffic_volume are reported as separate columns, NOT folded into the composite, because their coverage is partial."
431,CNV-INT-0116,E 12TH ST / MOODY AVE,Grand Boulevard,22.07,12.76,39.24,29.03,56.34,31.89,5,431.0,,,False,,False,public_space_composite,31.89,Derived; see DATA_SOURCES.md for each contributing layer,"Unweighted mean of full-coverage 0-100 percentile-rank components. Neutral public-space measure containing no political variable. safety_score and nearest_traffic_volume are reported as separate columns, NOT folded into the composite, because their coverage is partial."
432,CNV-INT-0113,E 11TH ST / MOODY AVE,Grand Boulevard,22.07,12.76,38.42,29.03,56.34,31.72,5,432.0,,,False,,False,public_space_composite,31.72,Derived; see DATA_SOURCES.md for each contributing layer,"Unweighted mean of full-coverage 0-100 percentile-rank components. Neutral public-space measure containing no political variable. safety_score and nearest_traffic_volume are reported as separate columns, NOT folded into the composite, because their coverage is partial."
433,CNV-INT-0461,HAMILTON AVE / W 21ST ST,Marine-Hamilton,68.69,12.76,20.64,29.03,27.15,31.65,5,433.0,,,False,,False,public_space_composite,31.65,Derived; see DATA_SOURCES.md for each contributing layer,"Unweighted mean of full-coverage 0-100 percentile-rank components. Neutral public-space measure containing no political variable. safety_score and nearest_traffic_volume are reported as separate columns, NOT folded into the composite, because their coverage is partial."
434,CNV-INT-0238,MAITLAND AVE / SOMERSET ST,Tempe,22.07,46.24,23.14,29.03,37.77,31.65,5,433.0,,,False,,False,public_space_composite,31.65,Derived; see DATA_SOURCES.md for each contributing layer,"Unweighted mean of full-coverage 0-100 percentile-rank components. Neutral public-space measure containing no political variable. safety_score and nearest_traffic_volume are reported as separate columns, NOT folded into the composite, because their coverage is partial."
435,CNV-INT-0443,FELL AVE / W 19TH ST,Marine-Hamilton,52.09,12.76,26.22,29.03,37.77,31.57,5,435.0,88.93,1.0,True,,False,public_space_composite,31.57,Derived; see DATA_SOURCES.md for each contributing layer,"Unweighted mean of full-coverage 0-100 percentile-rank components. Neutral public-space measure containing no political variable. safety_score and nearest_traffic_volume are reported as separate columns, NOT folded into the composite, because their coverage is partial."
436,CNV-INT-0317,HARBOUR WAY / HARBOURSIDE DR,Marine-Hamilton,22.07,30.68,38.11,29.03,37.77,31.53,5,436.0,,,False,,False,public_space_composite,31.53,Derived; see DATA_SOURCES.md for each contributing layer,"Unweighted mean of full-coverage 0-100 percentile-rank components. Neutral public-space measure containing no political variable. safety_score and nearest_traffic_volume are reported as separate columns, NOT folded into the composite, because their coverage is partial."
437,CNV-INT-0476,MAHON AVE / W 26TH ST,Westview,22.07,12.76,37.19,29.03,56.34,31.48,5,437.0,,,False,,False,public_space_composite,31.48,Derived; see DATA_SOURCES.md for each contributing layer,"Unweighted mean of full-coverage 0-100 percentile-rank components. Neutral public-space measure containing no political variable. safety_score and nearest_traffic_volume are reported as separate columns, NOT folded into the composite, because their coverage is partial."
438,CNV-INT-0497,,Westview,0.2,62.79,40.5,29.03,24.33,31.37,5,438.0,,,False,,False,public_space_composite,31.37,Derived; see DATA_SOURCES.md for each contributing layer,"Unweighted mean of full-coverage 0-100 percentile-rank components. Neutral public-space measure containing no political variable. safety_score and nearest_traffic_volume are reported as separate columns, NOT folded into the composite, because their coverage is partial."
439,CNV-INT-0315,FELL AVE / HARBOUR WAY,Marine-Hamilton,22.07,30.68,36.85,29.03,37.77,31.28,5,439.0,,,False,,False,public_space_composite,31.28,Derived; see DATA_SOURCES.md for each contributing layer,"Unweighted mean of full-coverage 0-100 percentile-rank components. Neutral public-space measure containing no political variable. safety_score and nearest_traffic_volume are reported as separate columns, NOT folded into the composite, because their coverage is partial."
440,CNV-INT-0450,CARSON CRT / W 20TH ST,Mahon,22.07,38.55,28.73,29.03,37.77,31.23,5,440.0,,,False,257.0,True,public_space_composite,31.23,Derived; see DATA_SOURCES.md for each contributing layer,"Unweighted mean of full-coverage 0-100 percentile-rank components. Neutral public-space measure containing no political variable. safety_score and nearest_traffic_volume are reported as separate columns, NOT folded into the composite, because their coverage is partial."
441,CNV-INT-0329,AUTOMALL DR,Marine-Hamilton,22.07,35.1,40.45,29.03,28.63,31.06,5,441.0,,,False,,False,public_space_composite,31.06,Derived; see DATA_SOURCES.md for each contributing layer,"Unweighted mean of full-coverage 0-100 percentile-rank components. Neutral public-space measure containing no political variable. safety_score and nearest_traffic_volume are reported as separate columns, NOT folded into the composite, because their coverage is partial."
442,CNV-INT-0479,MAHON AVE / W 27TH ST,Westview,22.07,12.76,34.61,29.03,56.34,30.96,5,442.0,,,False,,False,public_space_composite,30.96,Derived; see DATA_SOURCES.md for each contributing layer,"Unweighted mean of full-coverage 0-100 percentile-rank components. Neutral public-space measure containing no political variable. safety_score and nearest_traffic_volume are reported as separate columns, NOT folded into the composite, because their coverage is partial."
443,CNV-INT-0456,FELL AVE / W 20TH ST,Marine-Hamilton,52.09,12.76,22.96,29.03,37.77,30.92,5,443.0,88.93,1.0,True,,False,public_space_composite,30.92,Derived; see DATA_SOURCES.md for each contributing layer,"Unweighted mean of full-coverage 0-100 percentile-rank components. Neutral public-space measure containing no political variable. safety_score and nearest_traffic_volume are reported as separate columns, NOT folded into the composite, because their coverage is partial."
444,CNV-INT-0478,JONES AVE / W 26TH ST,Westview,22.07,12.76,34.28,29.03,56.34,30.9,5,444.0,88.93,1.0,True,,False,public_space_composite,30.9,Derived; see DATA_SOURCES.md for each contributing layer,"Unweighted mean of full-coverage 0-100 percentile-rank components. Neutral public-space measure containing no political variable. safety_score and nearest_traffic_volume are reported as separate columns, NOT folded into the composite, because their coverage is partial."
445,CNV-INT-0157,E 18TH ST / MOODY AVE,Grand Boulevard,22.07,12.76,33.83,29.03,56.34,30.81,5,445.0,,,False,,False,public_space_composite,30.81,Derived; see DATA_SOURCES.md for each contributing layer,"Unweighted mean of full-coverage 0-100 percentile-rank components. Neutral public-space measure containing no political variable. safety_score and nearest_traffic_volume are reported as separate columns, NOT folded into the composite, because their coverage is partial."
446,CNV-INT-0452,LARSON RD / W 21ST ST,Mahon,52.09,12.76,21.22,29.03,37.77,30.57,5,446.0,88.93,1.0,True,207.0,True,public_space_composite,30.57,Derived; see DATA_SOURCES.md for each contributing layer,"Unweighted mean of full-coverage 0-100 percentile-rank components. Neutral public-space measure containing no political variable. safety_score and nearest_traffic_volume are reported as separate columns, NOT folded into the composite, because their coverage is partial."
447,CNV-INT-0485,JONES AVE / W 27TH ST,Westview,22.07,12.76,31.63,29.03,56.34,30.37,5,447.0,88.93,1.0,True,,False,public_space_composite,30.37,Derived; see DATA_SOURCES.md for each contributing layer,"Unweighted mean of full-coverage 0-100 percentile-rank components. Neutral public-space measure containing no political variable. safety_score and nearest_traffic_volume are reported as separate columns, NOT folded into the composite, because their coverage is partial."
448,CNV-INT-0330,AUTOMALL DR,Marine-Hamilton,22.07,30.68,41.23,29.03,28.63,30.33,5,448.0,,,False,365.0,True,public_space_composite,30.33,Derived; see DATA_SOURCES.md for each contributing layer,"Unweighted mean of full-coverage 0-100 percentile-rank components. Neutral public-space measure containing no political variable. safety_score and nearest_traffic_volume are reported as separate columns, NOT folded into the composite, because their coverage is partial."
449,CNV-INT-0319,GOSTICK PL / HARBOURSIDE DR,Marine-Hamilton,22.07,30.68,31.71,29.03,37.77,30.25,5,449.0,,,False,,False,public_space_composite,30.25,Derived; see DATA_SOURCES.md for each contributing layer,"Unweighted mean of full-coverage 0-100 percentile-rank components. Neutral public-space measure containing no political variable. safety_score and nearest_traffic_volume are reported as separate columns, NOT folded into the composite, because their coverage is partial."
450,CNV-INT-0073,E ESPLANADE / ST. PATRICKS AVE,Lower Lonsdale,22.07,12.76,43.52,44.87,27.15,30.07,5,450.0,,,False,,False,public_space_composite,30.07,Derived; see DATA_SOURCES.md for each contributing layer,"Unweighted mean of full-coverage 0-100 percentile-rank components. Neutral public-space measure containing no political variable. safety_score and nearest_traffic_volume are reported as separate columns, NOT folded into the composite, because their coverage is partial."
451,CNV-INT-0175,E 22ND ST / RIDGEWAY AVE,Grand Boulevard,22.07,12.76,25.51,52.06,37.77,30.03,5,451.0,72.33,2.0,True,,False,public_space_composite,30.03,Derived; see DATA_SOURCES.md for each contributing layer,"Unweighted mean of full-coverage 0-100 percentile-rank components. Neutral public-space measure containing no political variable. safety_score and nearest_traffic_volume are reported as separate columns, NOT folded into the composite, because their coverage is partial."
452,CNV-INT-0239,WEYMOUTH DR / WILDING WAY,Tempe,22.07,40.57,20.27,29.03,37.77,29.94,5,452.0,,,False,,False,public_space_composite,29.94,Derived; see DATA_SOURCES.md for each contributing layer,"Unweighted mean of full-coverage 0-100 percentile-rank components. Neutral public-space measure containing no political variable. safety_score and nearest_traffic_volume are reported as separate columns, NOT folded into the composite, because their coverage is partial."
453,CNV-INT-0179,TEMPE KNOLL DR / WILDING WAY,Tempe,22.07,40.57,19.91,29.03,37.77,29.87,5,453.0,88.93,1.0,True,,False,public_space_composite,29.87,Derived; see DATA_SOURCES.md for each contributing layer,"Unweighted mean of full-coverage 0-100 percentile-rank components. Neutral public-space measure containing no political variable. safety_score and nearest_traffic_volume are reported as separate columns, NOT folded into the composite, because their coverage is partial."
454,CNV-INT-0245,E 26TH ST / ST. ANDREWS AVE,Tempe,22.07,12.76,28.84,29.03,56.34,29.81,5,454.0,72.33,2.0,True,,False,public_space_composite,29.81,Derived; see DATA_SOURCES.md for each contributing layer,"Unweighted mean of full-coverage 0-100 percentile-rank components. Neutral public-space measure containing no political variable. safety_score and nearest_traffic_volume are reported as separate columns, NOT folded into the composite, because their coverage is partial."
455,CNV-INT-0219,E 21ST ST / RIDGEWAY AVE,Grand Boulevard,22.07,12.76,28.96,46.6,37.77,29.63,5,455.0,,,False,,False,public_space_composite,29.63,Derived; see DATA_SOURCES.md for each contributing layer,"Unweighted mean of full-coverage 0-100 percentile-rank components. Neutral public-space measure containing no political variable. safety_score and nearest_traffic_volume are reported as separate columns, NOT folded into the composite, because their coverage is partial."
456,CNV-INT-0314,FELL AVE / HARBOURSIDE PL,Marine-Hamilton,22.07,27.54,30.76,29.03,37.77,29.43,5,456.0,88.93,1.0,True,,False,public_space_composite,29.43,Derived; see DATA_SOURCES.md for each contributing layer,"Unweighted mean of full-coverage 0-100 percentile-rank components. Neutral public-space measure containing no political variable. safety_score and nearest_traffic_volume are reported as separate columns, NOT folded into the composite, because their coverage is partial."
457,CNV-INT-0371,FORBES AVE / W 16TH ST,Mahon,22.07,12.76,25.7,59.28,27.15,29.39,5,457.0,88.93,1.0,True,,False,public_space_composite,29.39,Derived; see DATA_SOURCES.md for each contributing layer,"Unweighted mean of full-coverage 0-100 percentile-rank components. Neutral public-space measure containing no political variable. safety_score and nearest_traffic_volume are reported as separate columns, NOT folded into the composite, because their coverage is partial."
458,CNV-INT-0141,E 16TH ST / WILLIAM AVE,Grand Boulevard,22.07,12.76,26.47,29.03,56.34,29.33,5,458.0,,,False,,False,public_space_composite,29.33,Derived; see DATA_SOURCES.md for each contributing layer,"Unweighted mean of full-coverage 0-100 percentile-rank components. Neutral public-space measure containing no political variable. safety_score and nearest_traffic_volume are reported as separate columns, NOT folded into the composite, because their coverage is partial."
459,CNV-INT-0457,NEILSON AVE / W 20TH ST,Marine-Hamilton,22.07,12.76,25.77,29.03,56.34,29.19,5,459.0,,,False,,False,public_space_composite,29.19,Derived; see DATA_SOURCES.md for each contributing layer,"Unweighted mean of full-coverage 0-100 percentile-rank components. Neutral public-space measure containing no political variable. safety_score and nearest_traffic_volume are reported as separate columns, NOT folded into the composite, because their coverage is partial."
460,CNV-INT-0229,VINEDALE RD / WILDING PL / WILDING WAY,Tempe,22.07,12.76,16.04,29.03,65.96,29.17,5,460.0,,,False,,False,public_space_composite,29.17,Derived; see DATA_SOURCES.md for each contributing layer,"Unweighted mean of full-coverage 0-100 percentile-rank components. Neutral public-space measure containing no political variable. safety_score and nearest_traffic_volume are reported as separate columns, NOT folded into the composite, because their coverage is partial."
461,CNV-INT-0325,COPPING ST / GOSTICK PL,Marine-Hamilton,22.07,30.68,36.81,29.03,27.15,29.15,5,461.0,88.93,1.0,True,83.0,True,public_space_composite,29.15,Derived; see DATA_SOURCES.md for each contributing layer,"Unweighted mean of full-coverage 0-100 percentile-rank components. Neutral public-space measure containing no political variable. safety_score and nearest_traffic_volume are reported as separate columns, NOT folded into the composite, because their coverage is partial."
462,CNV-INT-0463,EDGEMONT BLVD / WESTMORELAND CRES,Marine-Hamilton,52.09,12.76,13.87,29.03,37.77,29.1,5,462.0,,,False,,False,public_space_composite,29.1,Derived; see DATA_SOURCES.md for each contributing layer,"Unweighted mean of full-coverage 0-100 percentile-rank components. Neutral public-space measure containing no political variable. safety_score and nearest_traffic_volume are reported as separate columns, NOT folded into the composite, because their coverage is partial."
463,CNV-INT-0163,E 20TH ST / MOODY AVE,Grand Boulevard,22.07,12.76,25.21,29.03,56.34,29.08,5,463.0,88.93,1.0,True,,False,public_space_composite,29.08,Derived; see DATA_SOURCES.md for each contributing layer,"Unweighted mean of full-coverage 0-100 percentile-rank components. Neutral public-space measure containing no political variable. safety_score and nearest_traffic_volume are reported as separate columns, NOT folded into the composite, because their coverage is partial."
464,CNV-INT-0421,LARSON RD / W 24TH ST,Mahon,22.07,12.76,24.95,29.03,56.34,29.03,5,464.0,,,False,,False,public_space_composite,29.03,Derived; see DATA_SOURCES.md for each contributing layer,"Unweighted mean of full-coverage 0-100 percentile-rank components. Neutral public-space measure containing no political variable. safety_score and nearest_traffic_volume are reported as separate columns, NOT folded into the composite, because their coverage is partial."
465,CNV-INT-0143,E 17TH ST / WILLIAM AVE,Grand Boulevard,22.07,12.76,24.21,29.03,56.34,28.88,5,465.0,,,False,,False,public_space_composite,28.88,Derived; see DATA_SOURCES.md for each contributing layer,"Unweighted mean of full-coverage 0-100 percentile-rank components. Neutral public-space measure containing no political variable. safety_score and nearest_traffic_volume are reported as separate columns, NOT folded into the composite, because their coverage is partial."
466,CNV-INT-0129,E 15TH ST / WILLIAM AVE,Grand Boulevard,22.07,12.76,23.67,29.03,56.34,28.77,5,466.0,88.93,1.0,True,,False,public_space_composite,28.77,Derived; see DATA_SOURCES.md for each contributing layer,"Unweighted mean of full-coverage 0-100 percentile-rank components. Neutral public-space measure containing no political variable. safety_score and nearest_traffic_volume are reported as separate columns, NOT folded into the composite, because their coverage is partial."
467,CNV-INT-0328,AUTOMALL DR,Marine-Hamilton,22.07,30.68,40.3,29.03,19.98,28.41,5,467.0,,,False,365.0,True,public_space_composite,28.41,Derived; see DATA_SOURCES.md for each contributing layer,"Unweighted mean of full-coverage 0-100 percentile-rank components. Neutral public-space measure containing no political variable. safety_score and nearest_traffic_volume are reported as separate columns, NOT folded into the composite, because their coverage is partial."
468,CNV-INT-0235,MAITLAND AVE / TEMPE CRES,Tempe,22.07,29.51,23.54,29.03,37.77,28.38,5,468.0,,,False,,False,public_space_composite,28.38,Derived; see DATA_SOURCES.md for each contributing layer,"Unweighted mean of full-coverage 0-100 percentile-rank components. Neutral public-space measure containing no political variable. safety_score and nearest_traffic_volume are reported as separate columns, NOT folded into the composite, because their coverage is partial."
469,CNV-INT-0015,E 4TH ST / GLADSTONE AVE,Moodyville,22.07,29.03,33.8,29.03,27.15,28.22,5,469.0,72.33,2.0,True,,False,public_space_composite,28.22,Derived; see DATA_SOURCES.md for each contributing layer,"Unweighted mean of full-coverage 0-100 percentile-rank components. Neutral public-space measure containing no political variable. safety_score and nearest_traffic_volume are reported as separate columns, NOT folded into the composite, because their coverage is partial."
470,CNV-INT-0171,E 21ST ST / MOODY AVE,Grand Boulevard,22.07,12.76,20.78,29.03,56.34,28.2,5,470.0,,,False,,False,public_space_composite,28.2,Derived; see DATA_SOURCES.md for each contributing layer,"Unweighted mean of full-coverage 0-100 percentile-rank components. Neutral public-space measure containing no political variable. safety_score and nearest_traffic_volume are reported as separate columns, NOT folded into the composite, because their coverage is partial."
471,CNV-INT-0462,EDGEMONT BLVD / W 21ST ST,Marine-Hamilton,52.09,12.76,15.06,29.03,27.15,27.22,5,471.0,,,False,,False,public_space_composite,27.22,Derived; see DATA_SOURCES.md for each contributing layer,"Unweighted mean of full-coverage 0-100 percentile-rank components. Neutral public-space measure containing no political variable. safety_score and nearest_traffic_volume are reported as separate columns, NOT folded into the composite, because their coverage is partial."
472,CNV-INT-0065,ALDER ST / E ST. DAVIDS AVE,Lower Lonsdale,22.07,12.76,15.42,58.27,27.15,27.13,5,472.0,,,False,,False,public_space_composite,27.13,Derived; see DATA_SOURCES.md for each contributing layer,"Unweighted mean of full-coverage 0-100 percentile-rank components. Neutral public-space measure containing no political variable. safety_score and nearest_traffic_volume are reported as separate columns, NOT folded into the composite, because their coverage is partial."
473,CNV-INT-0494,LARSON RD / W 26TH ST,Westview,22.07,12.76,30.38,29.03,37.77,26.4,5,473.0,88.93,1.0,True,,False,public_space_composite,26.4,Derived; see DATA_SOURCES.md for each contributing layer,"Unweighted mean of full-coverage 0-100 percentile-rank components. Neutral public-space measure containing no political variable. safety_score and nearest_traffic_volume are reported as separate columns, NOT folded into the composite, because their coverage is partial."
474,CNV-INT-0493,LARSON RD / W 25TH ST,Westview,22.07,12.76,29.31,29.03,37.77,26.19,5,474.0,,,False,,False,public_space_composite,26.19,Derived; see DATA_SOURCES.md for each contributing layer,"Unweighted mean of full-coverage 0-100 percentile-rank components. Neutral public-space measure containing no political variable. safety_score and nearest_traffic_volume are reported as separate columns, NOT folded into the composite, because their coverage is partial."
475,CNV-INT-0495,LARSON RD / W 27TH ST,Westview,22.07,12.76,28.68,29.03,37.77,26.06,5,475.0,88.93,1.0,True,,False,public_space_composite,26.06,Derived; see DATA_SOURCES.md for each contributing layer,"Unweighted mean of full-coverage 0-100 percentile-rank components. Neutral public-space measure containing no political variable. safety_score and nearest_traffic_volume are reported as separate columns, NOT folded into the composite, because their coverage is partial."
476,CNV-INT-0449,W 20TH ST / WOLFE ST,Mahon,22.07,26.21,25.58,29.03,27.15,26.01,5,476.0,,,False,257.0,True,public_space_composite,26.01,Derived; see DATA_SOURCES.md for each contributing layer,"Unweighted mean of full-coverage 0-100 percentile-rank components. Neutral public-space measure containing no political variable. safety_score and nearest_traffic_volume are reported as separate columns, NOT folded into the composite, because their coverage is partial."
477,CNV-INT-0018,E 4TH ST / HEYWOOD ST,Moodyville,22.07,12.76,28.17,29.03,37.77,25.96,5,477.0,88.93,1.0,True,,False,public_space_composite,25.96,Derived; see DATA_SOURCES.md for each contributing layer,"Unweighted mean of full-coverage 0-100 percentile-rank components. Neutral public-space measure containing no political variable. safety_score and nearest_traffic_volume are reported as separate columns, NOT folded into the composite, because their coverage is partial."
478,CNV-INT-0455,NEILSON AVE / W 19TH ST,Marine-Hamilton,22.07,12.76,27.41,29.03,37.77,25.81,5,478.0,88.93,1.0,True,,False,public_space_composite,25.81,Derived; see DATA_SOURCES.md for each contributing layer,"Unweighted mean of full-coverage 0-100 percentile-rank components. Neutral public-space measure containing no political variable. safety_score and nearest_traffic_volume are reported as separate columns, NOT folded into the composite, because their coverage is partial."
479,CNV-INT-0444,CUMBERLAND CRES / W 19TH ST,Marine-Hamilton,22.07,12.76,26.7,29.03,37.77,25.67,5,479.0,,,False,,False,public_space_composite,25.67,Derived; see DATA_SOURCES.md for each contributing layer,"Unweighted mean of full-coverage 0-100 percentile-rank components. Neutral public-space measure containing no political variable. safety_score and nearest_traffic_volume are reported as separate columns, NOT folded into the composite, because their coverage is partial."
480,CNV-INT-0230,26TH CRES / E 26TH ST / WILDING WAY,Tempe,22.07,12.76,15.8,29.03,47.39,25.41,5,480.0,,,False,,False,public_space_composite,25.41,Derived; see DATA_SOURCES.md for each contributing layer,"Unweighted mean of full-coverage 0-100 percentile-rank components. Neutral public-space measure containing no political variable. safety_score and nearest_traffic_volume are reported as separate columns, NOT folded into the composite, because their coverage is partial."
481,CNV-INT-0040,CLOVERLEY ST / HENDRY AVE,Moodyville,22.07,12.76,24.73,29.03,37.77,25.27,5,481.0,,,False,,False,public_space_composite,25.27,Derived; see DATA_SOURCES.md for each contributing layer,"Unweighted mean of full-coverage 0-100 percentile-rank components. Neutral public-space measure containing no political variable. safety_score and nearest_traffic_volume are reported as separate columns, NOT folded into the composite, because their coverage is partial."
482,CNV-INT-0038,E 5TH ST / HENDRY AVE,Moodyville,22.07,12.76,24.28,29.03,37.77,25.18,5,482.0,56.3,4.0,True,,False,public_space_composite,25.18,Derived; see DATA_SOURCES.md for each contributing layer,"Unweighted mean of full-coverage 0-100 percentile-rank components. Neutral public-space measure containing no political variable. safety_score and nearest_traffic_volume are reported as separate columns, NOT folded into the composite, because their coverage is partial."
483,CNV-INT-0232,E 25TH ST / RIDGEWAY AVE,Tempe,22.07,12.76,23.93,29.03,37.77,25.11,5,483.0,,,False,,False,public_space_composite,25.11,Derived; see DATA_SOURCES.md for each contributing layer,"Unweighted mean of full-coverage 0-100 percentile-rank components. Neutral public-space measure containing no political variable. safety_score and nearest_traffic_volume are reported as separate columns, NOT folded into the composite, because their coverage is partial."
484,CNV-INT-0231,E 24TH ST / RIDGEWAY AVE,Grand Boulevard,22.07,12.76,23.38,29.03,37.77,25.0,5,484.0,,,False,,False,public_space_composite,25.0,Derived; see DATA_SOURCES.md for each contributing layer,"Unweighted mean of full-coverage 0-100 percentile-rank components. Neutral public-space measure containing no political variable. safety_score and nearest_traffic_volume are reported as separate columns, NOT folded into the composite, because their coverage is partial."
485,CNV-INT-0021,HENDRY AVE / SHAVINGTON ST,Moodyville,22.07,12.76,22.21,29.03,37.77,24.77,5,485.0,,,False,,False,public_space_composite,24.77,Derived; see DATA_SOURCES.md for each contributing layer,"Unweighted mean of full-coverage 0-100 percentile-rank components. Neutral public-space measure containing no political variable. safety_score and nearest_traffic_volume are reported as separate columns, NOT folded into the composite, because their coverage is partial."
486,CNV-INT-0240,26TH CRES / TEMPE KNOLL DR,Tempe,22.07,12.76,22.06,29.03,37.77,24.74,5,486.0,,,False,,False,public_space_composite,24.74,Derived; see DATA_SOURCES.md for each contributing layer,"Unweighted mean of full-coverage 0-100 percentile-rank components. Neutral public-space measure containing no political variable. safety_score and nearest_traffic_volume are reported as separate columns, NOT folded into the composite, because their coverage is partial."
487,CNV-INT-0460,NEILSON AVE / W 21ST ST,Marine-Hamilton,22.07,12.76,20.82,29.03,37.77,24.49,5,487.0,,,False,,False,public_space_composite,24.49,Derived; see DATA_SOURCES.md for each contributing layer,"Unweighted mean of full-coverage 0-100 percentile-rank components. Neutral public-space measure containing no political variable. safety_score and nearest_traffic_volume are reported as separate columns, NOT folded into the composite, because their coverage is partial."
488,CNV-INT-0019,E 4TH ST / HENDRY AVE,Moodyville,22.07,12.76,19.61,29.03,37.77,24.25,5,488.0,72.33,2.0,True,,False,public_space_composite,24.25,Derived; see DATA_SOURCES.md for each contributing layer,"Unweighted mean of full-coverage 0-100 percentile-rank components. Neutral public-space measure containing no political variable. safety_score and nearest_traffic_volume are reported as separate columns, NOT folded into the composite, because their coverage is partial."
489,CNV-INT-0469,ALDEN LANE / W 23RD ST,,22.07,12.76,19.32,29.03,37.77,24.19,5,489.0,,,False,,False,public_space_composite,24.19,Derived; see DATA_SOURCES.md for each contributing layer,"Unweighted mean of full-coverage 0-100 percentile-rank components. Neutral public-space measure containing no political variable. safety_score and nearest_traffic_volume are reported as separate columns, NOT folded into the composite, because their coverage is partial."
490,CNV-INT-0014,HEYWOOD ST,Moodyville,22.07,12.76,26.89,29.03,28.63,23.88,5,490.0,,,False,,False,public_space_composite,23.88,Derived; see DATA_SOURCES.md for each contributing layer,"Unweighted mean of full-coverage 0-100 percentile-rank components. Neutral public-space measure containing no political variable. safety_score and nearest_traffic_volume are reported as separate columns, NOT folded into the composite, because their coverage is partial."
491,CNV-INT-0140,E 16TH ST / RUFUS AVE,Grand Boulevard,22.07,12.76,17.64,29.03,37.77,23.85,5,491.0,,,False,,False,public_space_composite,23.85,Derived; see DATA_SOURCES.md for each contributing layer,"Unweighted mean of full-coverage 0-100 percentile-rank components. Neutral public-space measure containing no political variable. safety_score and nearest_traffic_volume are reported as separate columns, NOT folded into the composite, because their coverage is partial."
492,CNV-INT-0017,E 4TH ST / KENNARD AVE,Moodyville,22.07,12.76,27.27,29.03,27.15,23.66,5,492.0,,,False,,False,public_space_composite,23.66,Derived; see DATA_SOURCES.md for each contributing layer,"Unweighted mean of full-coverage 0-100 percentile-rank components. Neutral public-space measure containing no political variable. safety_score and nearest_traffic_volume are reported as separate columns, NOT folded into the composite, because their coverage is partial."
493,CNV-INT-0125,E 14TH ST / WILLIAM AVE,,22.07,12.76,16.48,29.03,37.77,23.62,5,493.0,88.93,1.0,True,,False,public_space_composite,23.62,Derived; see DATA_SOURCES.md for each contributing layer,"Unweighted mean of full-coverage 0-100 percentile-rank components. Neutral public-space measure containing no political variable. safety_score and nearest_traffic_volume are reported as separate columns, NOT folded into the composite, because their coverage is partial."
494,CNV-INT-0153,CEDAR VILLAGE CRES / RUFUS DR,Cedar Village,22.07,12.76,16.28,29.03,37.77,23.58,5,494.0,,,False,,False,public_space_composite,23.58,Derived; see DATA_SOURCES.md for each contributing layer,"Unweighted mean of full-coverage 0-100 percentile-rank components. Neutral public-space measure containing no political variable. safety_score and nearest_traffic_volume are reported as separate columns, NOT folded into the composite, because their coverage is partial."
495,CNV-INT-0128,E 15TH ST / RUFUS AVE,Grand Boulevard,22.07,12.76,15.05,29.03,37.77,23.34,5,495.0,,,False,,False,public_space_composite,23.34,Derived; see DATA_SOURCES.md for each contributing layer,"Unweighted mean of full-coverage 0-100 percentile-rank components. Neutral public-space measure containing no political variable. safety_score and nearest_traffic_volume are reported as separate columns, NOT folded into the composite, because their coverage is partial."
496,CNV-INT-0155,CEDAR VILLAGE CL / CEDAR VILLAGE CRES,Cedar Village,22.07,12.76,14.52,29.03,37.77,23.23,5,496.0,,,False,,False,public_space_composite,23.23,Derived; see DATA_SOURCES.md for each contributing layer,"Unweighted mean of full-coverage 0-100 percentile-rank components. Neutral public-space measure containing no political variable. safety_score and nearest_traffic_volume are reported as separate columns, NOT folded into the composite, because their coverage is partial."
497,CNV-INT-0156,CASANO DR / RUFUS DR,Cedar Village,22.07,12.76,14.38,29.03,37.77,23.2,5,497.0,,,False,,False,public_space_composite,23.2,Derived; see DATA_SOURCES.md for each contributing layer,"Unweighted mean of full-coverage 0-100 percentile-rank components. Neutral public-space measure containing no political variable. safety_score and nearest_traffic_volume are reported as separate columns, NOT folded into the composite, because their coverage is partial."
498,CNV-INT-0467,ALDEN LANE / WESTMORELAND CRES,Marine-Hamilton,22.07,12.76,12.97,29.03,37.77,22.92,5,498.0,,,False,,False,public_space_composite,22.92,Derived; see DATA_SOURCES.md for each contributing layer,"Unweighted mean of full-coverage 0-100 percentile-rank components. Neutral public-space measure containing no political variable. safety_score and nearest_traffic_volume are reported as separate columns, NOT folded into the composite, because their coverage is partial."
499,CNV-INT-0234,E 26TH ST / RIDGEWAY AVE,Tempe,22.07,12.76,22.4,29.03,27.15,22.68,5,499.0,,,False,,False,public_space_composite,22.68,Derived; see DATA_SOURCES.md for each contributing layer,"Unweighted mean of full-coverage 0-100 percentile-rank components. Neutral public-space measure containing no political variable. safety_score and nearest_traffic_volume are reported as separate columns, NOT folded into the composite, because their coverage is partial."
500,CNV-INT-0142,E 17TH ST / RUFUS AVE,Grand Boulevard,22.07,12.76,18.91,29.03,27.15,21.98,5,500.0,88.93,1.0,True,,False,public_space_composite,21.98,Derived; see DATA_SOURCES.md for each contributing layer,"Unweighted mean of full-coverage 0-100 percentile-rank components. Neutral public-space measure containing no political variable. safety_score and nearest_traffic_volume are reported as separate columns, NOT folded into the composite, because their coverage is partial."
501,CNV-INT-0173,E 22ND ST / MOODY AVE,Grand Boulevard,22.07,12.76,18.13,29.03,27.15,21.83,5,501.0,,,False,,False,public_space_composite,21.83,Derived; see DATA_SOURCES.md for each contributing layer,"Unweighted mean of full-coverage 0-100 percentile-rank components. Neutral public-space measure containing no political variable. safety_score and nearest_traffic_volume are reported as separate columns, NOT folded into the composite, because their coverage is partial."
502,CNV-INT-0154,E 18TH ST / WILLIAM AVE,Grand Boulevard,22.07,12.76,16.13,29.03,27.15,21.43,5,502.0,,,False,,False,public_space_composite,21.43,Derived; see DATA_SOURCES.md for each contributing layer,"Unweighted mean of full-coverage 0-100 percentile-rank components. Neutral public-space measure containing no political variable. safety_score and nearest_traffic_volume are reported as separate columns, NOT folded into the composite, because their coverage is partial."
503,CNV-INT-0126,E 14TH ST / RUFUS AVE,,22.07,12.76,10.95,29.03,27.15,20.39,5,503.0,88.93,1.0,True,,False,public_space_composite,20.39,Derived; see DATA_SOURCES.md for each contributing layer,"Unweighted mean of full-coverage 0-100 percentile-rank components. Neutral public-space measure containing no political variable. safety_score and nearest_traffic_volume are reported as separate columns, NOT folded into the composite, because their coverage is partial."
