{"type":"FeatureCollection","features":[{"id":"0","type":"Feature","properties":{"intersection_id":"CNV-INT-0001","street_names":"BROOKSBANK AVE / COTTON RD","neighbourhood":"Moodyville","public_space_composite":57.42,"composite_rank":156.0,"transit_score":56.75,"pedestrian_proxy_score":37.43,"parking_access_score":29.03,"intersection_prominence_score":76.4,"safety_score":2.86,"signalised":true,"full_signal":true,"collision_count":74.0,"collision_data_available":true,"transit_stops_250m":4,"transit_departures_250m":261.0,"onstreet_supply_250m":0.0,"onstreet_peak_occupancy_250m":null,"population_2021_400m":310.8,"components_available":5},"geometry":{"type":"Point","coordinates":[-123.04049812563854,49.30720045522472]}},{"id":"1","type":"Feature","properties":{"intersection_id":"CNV-INT-0002","street_names":"LOW LEVEL RD","neighbourhood":"Moodyville","public_space_composite":37.96,"composite_rank":379.0,"transit_score":12.76,"pedestrian_proxy_score":11.84,"parking_access_score":29.03,"intersection_prominence_score":48.69,"safety_score":null,"signalised":true,"full_signal":true,"collision_count":null,"collision_data_available":false,"transit_stops_250m":0,"transit_departures_250m":0.0,"onstreet_supply_250m":0.0,"onstreet_peak_occupancy_250m":null,"population_2021_400m":605.3,"components_available":5},"geometry":{"type":"Point","coordinates":[-123.05254953204732,49.30800000990299]}},{"id":"2","type":"Feature","properties":{"intersection_id":"CNV-INT-0003","street_names":"COTTON RD / GLADSTONE AVE","neighbourhood":"Moodyville","public_space_composite":53.64,"composite_rank":200.0,"transit_score":56.75,"pedestrian_proxy_score":37.09,"parking_access_score":29.03,"intersection_prominence_score":57.83,"safety_score":5.15,"signalised":true,"full_signal":true,"collision_count":59.0,"collision_data_available":true,"transit_stops_250m":4,"transit_departures_250m":261.0,"onstreet_supply_250m":0.0,"onstreet_peak_occupancy_250m":null,"population_2021_400m":426.9,"components_available":5},"geometry":{"type":"Point","coordinates":[-123.04368700495809,49.308053831604475]}},{"id":"3","type":"Feature","properties":{"intersection_id":"CNV-INT-0004","street_names":"BROOKSBANK AVE / E 3RD ST","neighbourhood":"Moodyville","public_space_composite":50.08,"composite_rank":230.0,"transit_score":68.06,"pedestrian_proxy_score":43.38,"parking_access_score":29.03,"intersection_prominence_score":57.83,"safety_score":25.0,"signalised":true,"full_signal":true,"collision_count":17.0,"collision_data_available":true,"transit_stops_250m":6,"transit_departures_250m":332.0,"onstreet_supply_250m":0.0,"onstreet_peak_occupancy_250m":null,"population_2021_400m":299.3,"components_available":5},"geometry":{"type":"Point","coordinates":[-123.04044444089895,49.30831587165794]}},{"id":"4","type":"Feature","properties":{"intersection_id":"CNV-INT-0005","street_names":"COTTON RD","neighbourhood":"Moodyville","public_space_composite":45.75,"composite_rank":279.0,"transit_score":31.64,"pedestrian_proxy_score":31.93,"parking_access_score":29.03,"intersection_prominence_score":48.69,"safety_score":null,"signalised":true,"full_signal":true,"collision_count":null,"collision_data_available":false,"transit_stops_250m":1,"transit_departures_250m":95.0,"onstreet_supply_250m":0.0,"onstreet_peak_occupancy_250m":null,"population_2021_400m":440.0,"components_available":5},"geometry":{"type":"Point","coordinates":[-123.0440624119963,49.30816612826473]}},{"id":"5","type":"Feature","properties":{"intersection_id":"CNV-INT-0006","street_names":"LOW LEVEL RD","neighbourhood":"Moodyville","public_space_composite":38.44,"composite_rank":375.0,"transit_score":12.76,"pedestrian_proxy_score":24.25,"parking_access_score":29.03,"intersection_prominence_score":38.69,"safety_score":null,"signalised":false,"full_signal":true,"collision_count":null,"collision_data_available":false,"transit_stops_250m":0,"transit_departures_250m":0.0,"onstreet_supply_250m":0.0,"onstreet_peak_occupancy_250m":null,"population_2021_400m":544.1,"components_available":5},"geometry":{"type":"Point","coordinates":[-123.04836145034122,49.30824709789747]}},{"id":"6","type":"Feature","properties":{"intersection_id":"CNV-INT-0007","street_names":"COTTON RD / E 3RD ST / LOW LEVEL RD","neighbourhood":"Moodyville","public_space_composite":42.57,"composite_rank":331.0,"transit_score":12.76,"pedestrian_proxy_score":26.11,"parking_access_score":29.03,"intersection_prominence_score":57.45,"safety_score":56.3,"signalised":false,"full_signal":true,"collision_count":4.0,"collision_data_available":true,"transit_stops_250m":0,"transit_departures_250m":0.0,"onstreet_supply_250m":0.0,"onstreet_peak_occupancy_250m":null,"population_2021_400m":465.5,"components_available":5},"geometry":{"type":"Point","coordinates":[-123.04583571456642,49.30823890676837]}},{"id":"7","type":"Feature","properties":{"intersection_id":"CNV-INT-0008","street_names":"COTTON RD / E 3RD ST / LOW LEVEL RD","neighbourhood":"Moodyville","public_space_composite":48.06,"composite_rank":254.0,"transit_score":12.76,"pedestrian_proxy_score":25.0,"parking_access_score":29.03,"intersection_prominence_score":86.02,"safety_score":null,"signalised":true,"full_signal":true,"collision_count":null,"collision_data_available":false,"transit_stops_250m":0,"transit_departures_250m":0.0,"onstreet_supply_250m":0.0,"onstreet_peak_occupancy_250m":null,"population_2021_400m":503.4,"components_available":5},"geometry":{"type":"Point","coordinates":[-123.04693439498797,49.30830087673772]}},{"id":"8","type":"Feature","properties":{"intersection_id":"CNV-INT-0009","street_names":"COTTON RD / E 3RD ST","neighbourhood":"Moodyville","public_space_composite":40.63,"composite_rank":349.0,"transit_score":12.76,"pedestrian_proxy_score":26.03,"parking_access_score":29.03,"intersection_prominence_score":47.83,"safety_score":null,"signalised":false,"full_signal":true,"collision_count":null,"collision_data_available":false,"transit_stops_250m":0,"transit_departures_250m":0.0,"onstreet_supply_250m":0.0,"onstreet_peak_occupancy_250m":null,"population_2021_400m":464.6,"components_available":5},"geometry":{"type":"Point","coordinates":[-123.04530653976727,49.30838010201787]}},{"id":"9","type":"Feature","properties":{"intersection_id":"CNV-INT-0010","street_names":"E 3RD ST","neighbourhood":"Moodyville","public_space_composite":38.63,"composite_rank":371.0,"transit_score":12.76,"pedestrian_proxy_score":25.19,"parking_access_score":29.03,"intersection_prominence_score":38.69,"safety_score":null,"signalised":false,"full_signal":true,"collision_count":null,"collision_data_available":false,"transit_stops_250m":0,"transit_departures_250m":0.0,"onstreet_supply_250m":0.0,"onstreet_peak_occupancy_250m":null,"population_2021_400m":560.6,"components_available":5},"geometry":{"type":"Point","coordinates":[-123.04822734088212,49.30842427352901]}},{"id":"10","type":"Feature","properties":{"intersection_id":"CNV-INT-0011","street_names":"E 3RD ST / KENNARD AVE","neighbourhood":"Moodyville","public_space_composite":42.53,"composite_rank":332.0,"transit_score":12.76,"pedestrian_proxy_score":25.54,"parking_access_score":29.03,"intersection_prominence_score":57.83,"safety_score":37.02,"signalised":true,"full_signal":true,"collision_count":9.0,"collision_data_available":true,"transit_stops_250m":0,"transit_departures_250m":0.0,"onstreet_supply_250m":0.0,"onstreet_peak_occupancy_250m":null,"population_2021_400m":514.8,"components_available":5},"geometry":{"type":"Point","coordinates":[-123.0468848083629,49.30842624540823]}},{"id":"11","type":"Feature","properties":{"intersection_id":"CNV-INT-0012","street_names":"E 3RD ST / HEYWOOD ST","neighbourhood":"Moodyville","public_space_composite":40.14,"composite_rank":351.0,"transit_score":12.76,"pedestrian_proxy_score":24.96,"parking_access_score":29.03,"intersection_prominence_score":46.48,"safety_score":41.98,"signalised":false,"full_signal":true,"collision_count":7.0,"collision_data_available":true,"transit_stops_250m":0,"transit_departures_250m":0.0,"onstreet_supply_250m":0.0,"onstreet_peak_occupancy_250m":null,"population_2021_400m":602.2,"components_available":5},"geometry":{"type":"Point","coordinates":[-123.05012302435998,49.308421073748605]}},{"id":"12","type":"Feature","properties":{"intersection_id":"CNV-INT-0013","street_names":"E 3RD ST / HEYWOOD ST","neighbourhood":"Moodyville","public_space_composite":38.8,"composite_rank":368.0,"transit_score":12.76,"pedestrian_proxy_score":26.98,"parking_access_score":29.03,"intersection_prominence_score":37.77,"safety_score":null,"signalised":false,"full_signal":true,"collision_count":null,"collision_data_available":false,"transit_stops_250m":0,"transit_departures_250m":0.0,"onstreet_supply_250m":0.0,"onstreet_peak_occupancy_250m":null,"population_2021_400m":579.4,"components_available":5},"geometry":{"type":"Point","coordinates":[-123.04885171464976,49.308423223164695]}},{"id":"13","type":"Feature","properties":{"intersection_id":"CNV-INT-0014","street_names":"HEYWOOD ST","neighbourhood":"Moodyville","public_space_composite":23.88,"composite_rank":490.0,"transit_score":12.76,"pedestrian_proxy_score":26.89,"parking_access_score":29.03,"intersection_prominence_score":28.63,"safety_score":null,"signalised":false,"full_signal":true,"collision_count":null,"collision_data_available":false,"transit_stops_250m":0,"transit_departures_250m":0.0,"onstreet_supply_250m":0.0,"onstreet_peak_occupancy_250m":null,"population_2021_400m":629.9,"components_available":5},"geometry":{"type":"Point","coordinates":[-123.04969894295282,49.30868218504285]}},{"id":"14","type":"Feature","properties":{"intersection_id":"CNV-INT-0015","street_names":"E 4TH ST / GLADSTONE AVE","neighbourhood":"Moodyville","public_space_composite":28.22,"composite_rank":469.0,"transit_score":29.03,"pedestrian_proxy_score":33.8,"parking_access_score":29.03,"intersection_prominence_score":27.15,"safety_score":72.33,"signalised":false,"full_signal":true,"collision_count":2.0,"collision_data_available":true,"transit_stops_250m":1,"transit_departures_250m":37.0,"onstreet_supply_250m":0.0,"onstreet_peak_occupancy_250m":null,"population_2021_400m":497.8,"components_available":5},"geometry":{"type":"Point","coordinates":[-123.04384883136426,49.309227635256015]}},{"id":"15","type":"Feature","properties":{"intersection_id":"CNV-INT-0016","street_names":"BROOKSBANK AVE / E 4TH ST","neighbourhood":"Moodyville","public_space_composite":48.66,"composite_rank":245.0,"transit_score":68.06,"pedestrian_proxy_score":46.29,"parking_access_score":29.03,"intersection_prominence_score":47.83,"safety_score":46.37,"signalised":false,"full_signal":true,"collision_count":6.0,"collision_data_available":true,"transit_stops_250m":6,"transit_departures_250m":332.0,"onstreet_supply_250m":0.0,"onstreet_peak_occupancy_250m":null,"population_2021_400m":297.4,"components_available":5},"geometry":{"type":"Point","coordinates":[-123.04043278628214,49.30930983706593]}},{"id":"16","type":"Feature","properties":{"intersection_id":"CNV-INT-0017","street_names":"E 4TH ST / KENNARD AVE","neighbourhood":"Moodyville","public_space_composite":23.66,"composite_rank":492.0,"transit_score":12.76,"pedestrian_proxy_score":27.27,"parking_access_score":29.03,"intersection_prominence_score":27.15,"safety_score":null,"signalised":false,"full_signal":true,"collision_count":null,"collision_data_available":false,"transit_stops_250m":0,"transit_departures_250m":0.0,"onstreet_supply_250m":0.0,"onstreet_peak_occupancy_250m":null,"population_2021_400m":620.2,"components_available":5},"geometry":{"type":"Point","coordinates":[-123.04683341236586,49.309338904376816]}},{"id":"17","type":"Feature","properties":{"intersection_id":"CNV-INT-0018","street_names":"E 4TH ST / HEYWOOD ST","neighbourhood":"Moodyville","public_space_composite":25.96,"composite_rank":477.0,"transit_score":12.76,"pedestrian_proxy_score":28.17,"parking_access_score":29.03,"intersection_prominence_score":37.77,"safety_score":88.93,"signalised":false,"full_signal":true,"collision_count":1.0,"collision_data_available":true,"transit_stops_250m":0,"transit_departures_250m":0.0,"onstreet_supply_250m":0.0,"onstreet_peak_occupancy_250m":null,"population_2021_400m":690.6,"components_available":5},"geometry":{"type":"Point","coordinates":[-123.04866720362094,49.3093174183167]}},{"id":"18","type":"Feature","properties":{"intersection_id":"CNV-INT-0019","street_names":"E 4TH ST / HENDRY AVE","neighbourhood":"Moodyville","public_space_composite":24.25,"composite_rank":488.0,"transit_score":12.76,"pedestrian_proxy_score":19.61,"parking_access_score":29.03,"intersection_prominence_score":37.77,"safety_score":72.33,"signalised":false,"full_signal":true,"collision_count":2.0,"collision_data_available":true,"transit_stops_250m":0,"transit_departures_250m":0.0,"onstreet_supply_250m":0.0,"onstreet_peak_occupancy_250m":null,"population_2021_400m":815.4,"components_available":5},"geometry":{"type":"Point","coordinates":[-123.05205570794404,49.30943111808939]}},{"id":"19","type":"Feature","properties":{"intersection_id":"CNV-INT-0020","street_names":"E 4TH ST / SUTHERLAND AVE","neighbourhood":"Moodyville","public_space_composite":36.12,"composite_rank":402.0,"transit_score":37.52,"pedestrian_proxy_score":25.7,"parking_access_score":57.56,"intersection_prominence_score":37.77,"safety_score":null,"signalised":false,"full_signal":true,"collision_count":null,"collision_data_available":false,"transit_stops_250m":2,"transit_departures_250m":109.0,"onstreet_supply_250m":111.0,"onstreet_peak_occupancy_250m":0.578,"population_2021_400m":1044.9,"components_available":5},"geometry":{"type":"Point","coordinates":[-123.05445338256992,49.309452501967485]}},{"id":"20","type":"Feature","properties":{"intersection_id":"CNV-INT-0021","street_names":"HENDRY AVE / SHAVINGTON ST","neighbourhood":"Moodyville","public_space_composite":24.77,"composite_rank":485.0,"transit_score":12.76,"pedestrian_proxy_score":22.21,"parking_access_score":29.03,"intersection_prominence_score":37.77,"safety_score":null,"signalised":false,"full_signal":true,"collision_count":null,"collision_data_available":false,"transit_stops_250m":0,"transit_departures_250m":0.0,"onstreet_supply_250m":0.0,"onstreet_peak_occupancy_250m":null,"population_2021_400m":841.6,"components_available":5},"geometry":{"type":"Point","coordinates":[-123.05205498690623,49.309561548734166]}},{"id":"21","type":"Feature","properties":{"intersection_id":"CNV-INT-0022","street_names":"E 1ST ST / E 2ND ST","neighbourhood":"Moodyville","public_space_composite":47.03,"composite_rank":263.0,"transit_score":65.26,"pedestrian_proxy_score":40.78,"parking_access_score":69.25,"intersection_prominence_score":37.77,"safety_score":null,"signalised":false,"full_signal":true,"collision_count":null,"collision_data_available":false,"transit_stops_250m":4,"transit_departures_250m":402.0,"onstreet_supply_250m":497.0,"onstreet_peak_occupancy_250m":0.524,"population_2021_400m":1055.6,"components_available":5},"geometry":{"type":"Point","coordinates":[-123.0614629592578,49.3075375197305]}},{"id":"22","type":"Feature","properties":{"intersection_id":"CNV-INT-0023","street_names":"E 2ND ST / MOODY AVE","neighbourhood":"Moodyville","public_space_composite":41.56,"composite_rank":340.0,"transit_score":61.43,"pedestrian_proxy_score":29.09,"parking_access_score":68.06,"intersection_prominence_score":27.15,"safety_score":null,"signalised":false,"full_signal":true,"collision_count":null,"collision_data_available":false,"transit_stops_250m":4,"transit_departures_250m":307.0,"onstreet_supply_250m":475.0,"onstreet_peak_occupancy_250m":0.532,"population_2021_400m":895.5,"components_available":5},"geometry":{"type":"Point","coordinates":[-123.06033750082726,49.30755610307793]}},{"id":"23","type":"Feature","properties":{"intersection_id":"CNV-INT-0024","street_names":"E 2ND ST / RIDGEWAY AVE","neighbourhood":"Moodyville","public_space_composite":48.11,"composite_rank":252.0,"transit_score":61.08,"pedestrian_proxy_score":49.82,"parking_access_score":69.8,"intersection_prominence_score":37.77,"safety_score":88.93,"signalised":false,"full_signal":true,"collision_count":1.0,"collision_data_available":true,"transit_stops_250m":3,"transit_departures_250m":350.0,"onstreet_supply_250m":551.0,"onstreet_peak_occupancy_250m":0.539,"population_2021_400m":1346.9,"components_available":5},"geometry":{"type":"Point","coordinates":[-123.06325009796241,49.307568038427746]}},{"id":"24","type":"Feature","properties":{"intersection_id":"CNV-INT-0025","street_names":"E 3RD ST / MOODY AVE","neighbourhood":"Moodyville","public_space_composite":58.9,"composite_rank":144.0,"transit_score":61.43,"pedestrian_proxy_score":45.99,"parking_access_score":68.65,"intersection_prominence_score":66.34,"safety_score":28.44,"signalised":true,"full_signal":true,"collision_count":14.0,"collision_data_available":true,"transit_stops_250m":4,"transit_departures_250m":307.0,"onstreet_supply_250m":487.0,"onstreet_peak_occupancy_250m":0.529,"population_2021_400m":1159.2,"components_available":5},"geometry":{"type":"Point","coordinates":[-123.0602573897247,49.308491638909395]}},{"id":"25","type":"Feature","properties":{"intersection_id":"CNV-INT-0026","street_names":"E 3RD ST / QUEENSBURY AVE","neighbourhood":"Moodyville","public_space_composite":59.32,"composite_rank":138.0,"transit_score":60.61,"pedestrian_proxy_score":29.87,"parking_access_score":62.17,"intersection_prominence_score":56.48,"safety_score":22.14,"signalised":true,"full_signal":true,"collision_count":19.0,"collision_data_available":true,"transit_stops_250m":5,"transit_departures_250m":269.0,"onstreet_supply_250m":265.0,"onstreet_peak_occupancy_250m":0.545,"population_2021_400m":991.3,"components_available":5},"geometry":{"type":"Point","coordinates":[-123.05721316058997,49.30845720553583]}},{"id":"26","type":"Feature","properties":{"intersection_id":"CNV-INT-0027","street_names":"E 3RD ST / RIDGEWAY AVE","neighbourhood":"Moodyville","public_space_composite":63.28,"composite_rank":96.0,"transit_score":65.26,"pedestrian_proxy_score":60.09,"parking_access_score":72.63,"intersection_prominence_score":66.34,"safety_score":35.11,"signalised":true,"full_signal":true,"collision_count":10.0,"collision_data_available":true,"transit_stops_250m":4,"transit_departures_250m":402.0,"onstreet_supply_250m":618.0,"onstreet_peak_occupancy_250m":0.516,"population_2021_400m":1715.8,"components_available":5},"geometry":{"type":"Point","coordinates":[-123.0632465946195,49.30852602222021]}},{"id":"27","type":"Feature","properties":{"intersection_id":"CNV-INT-0028","street_names":"E 4TH ST / MOODY AVE","neighbourhood":"Moodyville","public_space_composite":54.24,"composite_rank":191.0,"transit_score":71.69,"pedestrian_proxy_score":56.3,"parking_access_score":64.81,"intersection_prominence_score":56.34,"safety_score":56.3,"signalised":false,"full_signal":true,"collision_count":4.0,"collision_data_available":true,"transit_stops_250m":6,"transit_departures_250m":416.0,"onstreet_supply_250m":410.0,"onstreet_peak_occupancy_250m":0.577,"population_2021_400m":1437.6,"components_available":5},"geometry":{"type":"Point","coordinates":[-123.06022165644943,49.309508107610604]}},{"id":"28","type":"Feature","properties":{"intersection_id":"CNV-INT-0029","street_names":"E 4TH ST / QUEENSBURY AVE","neighbourhood":"Moodyville","public_space_composite":53.97,"composite_rank":193.0,"transit_score":54.69,"pedestrian_proxy_score":40.0,"parking_access_score":58.01,"intersection_prominence_score":65.04,"safety_score":46.37,"signalised":false,"full_signal":true,"collision_count":6.0,"collision_data_available":true,"transit_stops_250m":4,"transit_departures_250m":215.0,"onstreet_supply_250m":232.0,"onstreet_peak_occupancy_250m":0.637,"population_2021_400m":1260.9,"components_available":5},"geometry":{"type":"Point","coordinates":[-123.05720661611232,49.30948715244733]}},{"id":"29","type":"Feature","properties":{"intersection_id":"CNV-INT-0030","street_names":"E 4TH ST / RIDGEWAY AVE","neighbourhood":"Moodyville","public_space_composite":54.64,"composite_rank":185.0,"transit_score":61.08,"pedestrian_proxy_score":66.04,"parking_access_score":67.69,"intersection_prominence_score":56.34,"safety_score":72.33,"signalised":false,"full_signal":true,"collision_count":2.0,"collision_data_available":true,"transit_stops_250m":3,"transit_departures_250m":350.0,"onstreet_supply_250m":490.0,"onstreet_peak_occupancy_250m":0.564,"population_2021_400m":1930.3,"components_available":5},"geometry":{"type":"Point","coordinates":[-123.06322424521866,49.30953798786016]}},{"id":"30","type":"Feature","properties":{"intersection_id":"CNV-INT-0031","street_names":"E 5TH ST / MOODY AVE","neighbourhood":"Moodyville","public_space_composite":48.19,"composite_rank":251.0,"transit_score":54.69,"pedestrian_proxy_score":49.46,"parking_access_score":58.37,"intersection_prominence_score":56.34,"safety_score":null,"signalised":false,"full_signal":true,"collision_count":null,"collision_data_available":false,"transit_stops_250m":4,"transit_departures_250m":215.0,"onstreet_supply_250m":276.0,"onstreet_peak_occupancy_250m":0.65,"population_2021_400m":1673.5,"components_available":5},"geometry":{"type":"Point","coordinates":[-123.06021386217436,49.31052006490156]}},{"id":"31","type":"Feature","properties":{"intersection_id":"CNV-INT-0032","street_names":"E 5TH ST / QUEENSBURY AVE","neighbourhood":"Moodyville","public_space_composite":54.92,"composite_rank":182.0,"transit_score":47.3,"pedestrian_proxy_score":53.62,"parking_access_score":56.54,"intersection_prominence_score":65.04,"safety_score":63.36,"signalised":false,"full_signal":true,"collision_count":3.0,"collision_data_available":true,"transit_stops_250m":3,"transit_departures_250m":163.0,"onstreet_supply_250m":162.0,"onstreet_peak_occupancy_250m":0.636,"population_2021_400m":1464.1,"components_available":5},"geometry":{"type":"Point","coordinates":[-123.05718068617088,49.310485624009424]}},{"id":"32","type":"Feature","properties":{"intersection_id":"CNV-INT-0033","street_names":"E 5TH ST / SUTHERLAND AVE","neighbourhood":"Moodyville","public_space_composite":41.67,"composite_rank":339.0,"transit_score":37.52,"pedestrian_proxy_score":38.15,"parking_access_score":54.29,"intersection_prominence_score":56.34,"safety_score":88.93,"signalised":false,"full_signal":true,"collision_count":1.0,"collision_data_available":true,"transit_stops_250m":2,"transit_departures_250m":109.0,"onstreet_supply_250m":80.0,"onstreet_peak_occupancy_250m":0.626,"population_2021_400m":1200.1,"components_available":5},"geometry":{"type":"Point","coordinates":[-123.05441064542777,49.31046447352152]}},{"id":"33","type":"Feature","properties":{"intersection_id":"CNV-INT-0034","street_names":"E 6TH ST / SUTHERLAND AVE","neighbourhood":"Moodyville","public_space_composite":44.56,"composite_rank":300.0,"transit_score":57.29,"pedestrian_proxy_score":45.24,"parking_access_score":41.84,"intersection_prominence_score":56.34,"safety_score":88.93,"signalised":false,"full_signal":true,"collision_count":1.0,"collision_data_available":true,"transit_stops_250m":4,"transit_departures_250m":280.0,"onstreet_supply_250m":27.0,"onstreet_peak_occupancy_250m":0.788,"population_2021_400m":1217.1,"components_available":5},"geometry":{"type":"Point","coordinates":[-123.05438464362977,49.311449452518616]}},{"id":"34","type":"Feature","properties":{"intersection_id":"CNV-INT-0035","street_names":"E 6TH ST / QUEENSBURY AVE","neighbourhood":"Moodyville","public_space_composite":59.34,"composite_rank":136.0,"transit_score":68.24,"pedestrian_proxy_score":58.64,"parking_access_score":52.69,"intersection_prominence_score":65.04,"safety_score":72.33,"signalised":false,"full_signal":true,"collision_count":2.0,"collision_data_available":true,"transit_stops_250m":6,"transit_departures_250m":339.0,"onstreet_supply_250m":108.0,"onstreet_peak_occupancy_250m":0.676,"population_2021_400m":1554.5,"components_available":5},"geometry":{"type":"Point","coordinates":[-123.05716378452695,49.31148409182643]}},{"id":"35","type":"Feature","properties":{"intersection_id":"CNV-INT-0036","street_names":"E 7TH ST / SUTHERLAND AVE","neighbourhood":"Moodyville","public_space_composite":48.59,"composite_rank":246.0,"transit_score":86.14,"pedestrian_proxy_score":49.35,"parking_access_score":29.03,"intersection_prominence_score":56.34,"safety_score":88.93,"signalised":false,"full_signal":true,"collision_count":1.0,"collision_data_available":true,"transit_stops_250m":8,"transit_departures_250m":643.0,"onstreet_supply_250m":0.0,"onstreet_peak_occupancy_250m":null,"population_2021_400m":1177.1,"components_available":5},"geometry":{"type":"Point","coordinates":[-123.05436510687551,49.312447920991836]}},{"id":"36","type":"Feature","properties":{"intersection_id":"CNV-INT-0037","street_names":"BROOKSBANK AVE / E 5TH ST","neighbourhood":"Moodyville","public_space_composite":43.21,"composite_rank":320.0,"transit_score":46.03,"pedestrian_proxy_score":41.06,"parking_access_score":29.03,"intersection_prominence_score":47.83,"safety_score":35.11,"signalised":false,"full_signal":true,"collision_count":10.0,"collision_data_available":true,"transit_stops_250m":4,"transit_departures_250m":142.0,"onstreet_supply_250m":0.0,"onstreet_peak_occupancy_250m":null,"population_2021_400m":329.0,"components_available":5},"geometry":{"type":"Point","coordinates":[-123.04039706046005,49.31030830918237]}},{"id":"37","type":"Feature","properties":{"intersection_id":"CNV-INT-0038","street_names":"E 5TH ST / HENDRY AVE","neighbourhood":"Moodyville","public_space_composite":25.18,"composite_rank":482.0,"transit_score":12.76,"pedestrian_proxy_score":24.28,"parking_access_score":29.03,"intersection_prominence_score":37.77,"safety_score":56.3,"signalised":false,"full_signal":true,"collision_count":4.0,"collision_data_available":true,"transit_stops_250m":0,"transit_departures_250m":0.0,"onstreet_supply_250m":0.0,"onstreet_peak_occupancy_250m":null,"population_2021_400m":953.9,"components_available":5},"geometry":{"type":"Point","coordinates":[-123.05206322712407,49.31044756459057]}},{"id":"38","type":"Feature","properties":{"intersection_id":"CNV-INT-0039","street_names":"KENNARD AVE / SHAVINGTON ST","neighbourhood":"Moodyville","public_space_composite":36.98,"composite_rank":394.0,"transit_score":62.67,"pedestrian_proxy_score":33.38,"parking_access_score":29.03,"intersection_prominence_score":37.77,"safety_score":88.93,"signalised":false,"full_signal":true,"collision_count":1.0,"collision_data_available":true,"transit_stops_250m":4,"transit_departures_250m":342.0,"onstreet_supply_250m":0.0,"onstreet_peak_occupancy_250m":null,"population_2021_400m":722.6,"components_available":5},"geometry":{"type":"Point","coordinates":[-123.04766826473168,49.311519881388364]}},{"id":"39","type":"Feature","properties":{"intersection_id":"CNV-INT-0040","street_names":"CLOVERLEY ST / HENDRY AVE","neighbourhood":"Moodyville","public_space_composite":25.27,"composite_rank":481.0,"transit_score":12.76,"pedestrian_proxy_score":24.73,"parking_access_score":29.03,"intersection_prominence_score":37.77,"safety_score":null,"signalised":false,"full_signal":true,"collision_count":null,"collision_data_available":false,"transit_stops_250m":0,"transit_departures_250m":0.0,"onstreet_supply_250m":0.0,"onstreet_peak_occupancy_250m":null,"population_2021_400m":964.0,"components_available":5},"geometry":{"type":"Point","coordinates":[-123.05203996560238,49.31081187785962]}},{"id":"40","type":"Feature","properties":{"intersection_id":"CNV-INT-0041","street_names":"E 6TH ST / HENDRY AVE","neighbourhood":"Moodyville","public_space_composite":32.63,"composite_rank":424.0,"transit_score":43.97,"pedestrian_proxy_score":30.31,"parking_access_score":29.03,"intersection_prominence_score":37.77,"safety_score":null,"signalised":false,"full_signal":true,"collision_count":null,"collision_data_available":false,"transit_stops_250m":2,"transit_departures_250m":171.0,"onstreet_supply_250m":0.0,"onstreet_peak_occupancy_250m":null,"population_2021_400m":966.9,"components_available":5},"geometry":{"type":"Point","coordinates":[-123.05202987170517,49.311432546367676]}},{"id":"41","type":"Feature","properties":{"intersection_id":"CNV-INT-0042","street_names":"E KEITH RD / HEYWOOD ST","neighbourhood":null,"public_space_composite":51.73,"composite_rank":217.0,"transit_score":49.69,"pedestrian_proxy_score":34.62,"parking_access_score":29.03,"intersection_prominence_score":57.83,"safety_score":null,"signalised":true,"full_signal":true,"collision_count":null,"collision_data_available":false,"transit_stops_250m":3,"transit_departures_250m":205.0,"onstreet_supply_250m":0.0,"onstreet_peak_occupancy_250m":null,"population_2021_400m":264.6,"components_available":5},"geometry":{"type":"Point","coordinates":[-123.04111236888671,49.31330343566723]}},{"id":"42","type":"Feature","properties":{"intersection_id":"CNV-INT-0043","street_names":"CLOVERLEY ST / KENNARD AVE","neighbourhood":"Moodyville","public_space_composite":37.4,"composite_rank":388.0,"transit_score":70.21,"pedestrian_proxy_score":27.93,"parking_access_score":29.03,"intersection_prominence_score":37.77,"safety_score":88.93,"signalised":false,"full_signal":true,"collision_count":1.0,"collision_data_available":true,"transit_stops_250m":5,"transit_departures_250m":429.0,"onstreet_supply_250m":0.0,"onstreet_peak_occupancy_250m":null,"population_2021_400m":716.7,"components_available":5},"geometry":{"type":"Point","coordinates":[-123.0485173277863,49.31233358720068]}},{"id":"43","type":"Feature","properties":{"intersection_id":"CNV-INT-0044","street_names":"ADDERLEY ST / E 7TH ST / HENDRY AVE","neighbourhood":"Moodyville","public_space_composite":42.05,"composite_rank":335.0,"transit_score":62.49,"pedestrian_proxy_score":30.71,"parking_access_score":29.03,"intersection_prominence_score":65.96,"safety_score":56.3,"signalised":false,"full_signal":true,"collision_count":4.0,"collision_data_available":true,"transit_stops_250m":4,"transit_departures_250m":342.0,"onstreet_supply_250m":0.0,"onstreet_peak_occupancy_250m":null,"population_2021_400m":940.0,"components_available":5},"geometry":{"type":"Point","coordinates":[-123.05200726760259,49.3124220206926]}},{"id":"44","type":"Feature","properties":{"intersection_id":"CNV-INT-0045","street_names":"CLOVERLEY ST / E KEITH RD","neighbourhood":null,"public_space_composite":53.64,"composite_rank":200.0,"transit_score":69.83,"pedestrian_proxy_score":24.05,"parking_access_score":29.03,"intersection_prominence_score":57.83,"safety_score":25.0,"signalised":true,"full_signal":true,"collision_count":17.0,"collision_data_available":true,"transit_stops_250m":5,"transit_departures_250m":426.0,"onstreet_supply_250m":0.0,"onstreet_peak_occupancy_250m":null,"population_2021_400m":497.7,"components_available":5},"geometry":{"type":"Point","coordinates":[-123.04631096340428,49.31335993687078]}},{"id":"45","type":"Feature","properties":{"intersection_id":"CNV-INT-0046","street_names":"ADDERLEY ST / E KEITH RD","neighbourhood":null,"public_space_composite":51.95,"composite_rank":214.0,"transit_score":70.21,"pedestrian_proxy_score":25.18,"parking_access_score":29.03,"intersection_prominence_score":47.83,"safety_score":33.02,"signalised":false,"full_signal":true,"collision_count":11.0,"collision_data_available":true,"transit_stops_250m":5,"transit_departures_250m":429.0,"onstreet_supply_250m":0.0,"onstreet_peak_occupancy_250m":null,"population_2021_400m":625.2,"components_available":5},"geometry":{"type":"Point","coordinates":[-123.04901496399086,49.31339480221883]}},{"id":"46","type":"Feature","properties":{"intersection_id":"CNV-INT-0047","street_names":"E 5TH ST / RIDGEWAY AVE","neighbourhood":"Moodyville","public_space_composite":51.63,"composite_rank":220.0,"transit_score":51.82,"pedestrian_proxy_score":63.63,"parking_access_score":64.27,"intersection_prominence_score":56.34,"safety_score":88.93,"signalised":false,"full_signal":true,"collision_count":1.0,"collision_data_available":true,"transit_stops_250m":2,"transit_departures_250m":296.0,"onstreet_supply_250m":257.0,"onstreet_peak_occupancy_250m":0.491,"population_2021_400m":2091.4,"components_available":5},"geometry":{"type":"Point","coordinates":[-123.06319458547225,49.3105499555161]}},{"id":"47","type":"Feature","properties":{"intersection_id":"CNV-INT-0048","street_names":"E 6TH ST / MOODY AVE","neighbourhood":"Moodyville","public_space_composite":44.25,"composite_rank":305.0,"transit_score":41.23,"pedestrian_proxy_score":57.61,"parking_access_score":43.98,"intersection_prominence_score":56.34,"safety_score":null,"signalised":false,"full_signal":true,"collision_count":null,"collision_data_available":false,"transit_stops_250m":3,"transit_departures_250m":125.0,"onstreet_supply_250m":108.0,"onstreet_peak_occupancy_250m":0.823,"population_2021_400m":1840.8,"components_available":5},"geometry":{"type":"Point","coordinates":[-123.06017895357292,49.311509546513065]}},{"id":"48","type":"Feature","properties":{"intersection_id":"CNV-INT-0049","street_names":"E 6TH ST / RIDGEWAY AVE","neighbourhood":"Moodyville","public_space_composite":43.26,"composite_rank":317.0,"transit_score":32.74,"pedestrian_proxy_score":49.8,"parking_access_score":55.34,"intersection_prominence_score":56.34,"safety_score":88.93,"signalised":false,"full_signal":true,"collision_count":1.0,"collision_data_available":true,"transit_stops_250m":2,"transit_departures_250m":71.0,"onstreet_supply_250m":95.0,"onstreet_peak_occupancy_250m":0.619,"population_2021_400m":2208.8,"components_available":5},"geometry":{"type":"Point","coordinates":[-123.06318251094892,49.31153043131991]}},{"id":"49","type":"Feature","properties":{"intersection_id":"CNV-INT-0050","street_names":"E 7TH ST / MOODY AVE","neighbourhood":"Moodyville","public_space_composite":46.27,"composite_rank":276.0,"transit_score":61.15,"pedestrian_proxy_score":62.78,"parking_access_score":29.03,"intersection_prominence_score":56.34,"safety_score":null,"signalised":false,"full_signal":true,"collision_count":null,"collision_data_available":false,"transit_stops_250m":6,"transit_departures_250m":251.0,"onstreet_supply_250m":0.0,"onstreet_peak_occupancy_250m":null,"population_2021_400m":1868.9,"components_available":5},"geometry":{"type":"Point","coordinates":[-123.06015566372169,49.31250801792393]}},{"id":"50","type":"Feature","properties":{"intersection_id":"CNV-INT-0051","street_names":"E 7TH ST / QUEENSBURY AVE","neighbourhood":"Moodyville","public_space_composite":57.03,"composite_rank":160.0,"transit_score":78.98,"pedestrian_proxy_score":60.0,"parking_access_score":29.03,"intersection_prominence_score":65.04,"safety_score":41.98,"signalised":false,"full_signal":true,"collision_count":7.0,"collision_data_available":true,"transit_stops_250m":8,"transit_departures_250m":510.0,"onstreet_supply_250m":0.0,"onstreet_peak_occupancy_250m":null,"population_2021_400m":1514.0,"components_available":5},"geometry":{"type":"Point","coordinates":[-123.05714301861337,49.31248705984165]}},{"id":"51","type":"Feature","properties":{"intersection_id":"CNV-INT-0052","street_names":"E 7TH ST / RIDGEWAY AVE","neighbourhood":"Moodyville","public_space_composite":41.97,"composite_rank":337.0,"transit_score":45.15,"pedestrian_proxy_score":57.24,"parking_access_score":29.03,"intersection_prominence_score":56.34,"safety_score":88.93,"signalised":false,"full_signal":true,"collision_count":1.0,"collision_data_available":true,"transit_stops_250m":4,"transit_departures_250m":142.0,"onstreet_supply_250m":0.0,"onstreet_peak_occupancy_250m":null,"population_2021_400m":2203.3,"components_available":5},"geometry":{"type":"Point","coordinates":[-123.06316916982553,49.312528898802945]}},{"id":"52","type":"Feature","properties":{"intersection_id":"CNV-INT-0053","street_names":"E KEITH RD / MOODY AVE","neighbourhood":"Grand Boulevard","public_space_composite":53.56,"composite_rank":202.0,"transit_score":61.15,"pedestrian_proxy_score":59.2,"parking_access_score":29.03,"intersection_prominence_score":66.34,"safety_score":19.27,"signalised":true,"full_signal":true,"collision_count":22.0,"collision_data_available":true,"transit_stops_250m":6,"transit_departures_250m":251.0,"onstreet_supply_250m":0.0,"onstreet_peak_occupancy_250m":null,"population_2021_400m":1800.2,"components_available":5},"geometry":{"type":"Point","coordinates":[-123.06016596814524,49.31355594576679]}},{"id":"53","type":"Feature","properties":{"intersection_id":"CNV-INT-0054","street_names":"E KEITH RD / W GRAND BLVD","neighbourhood":"Moodyville","public_space_composite":62.44,"composite_rank":104.0,"transit_score":83.72,"pedestrian_proxy_score":64.18,"parking_access_score":29.03,"intersection_prominence_score":47.77,"safety_score":null,"signalised":true,"full_signal":true,"collision_count":null,"collision_data_available":false,"transit_stops_250m":9,"transit_departures_250m":594.0,"onstreet_supply_250m":0.0,"onstreet_peak_occupancy_250m":null,"population_2021_400m":1484.6,"components_available":5},"geometry":{"type":"Point","coordinates":[-123.05773366558317,49.31350771231892]}},{"id":"54","type":"Feature","properties":{"intersection_id":"CNV-INT-0055","street_names":"E KEITH RD / RIDGEWAY AVE","neighbourhood":"Grand Boulevard","public_space_composite":48.51,"composite_rank":248.0,"transit_score":53.53,"pedestrian_proxy_score":60.12,"parking_access_score":29.03,"intersection_prominence_score":47.77,"safety_score":29.96,"signalised":true,"full_signal":true,"collision_count":13.0,"collision_data_available":true,"transit_stops_250m":5,"transit_departures_250m":179.0,"onstreet_supply_250m":0.0,"onstreet_peak_occupancy_250m":null,"population_2021_400m":2207.7,"components_available":5},"geometry":{"type":"Point","coordinates":[-123.0631146260222,49.31358585514168]}},{"id":"55","type":"Feature","properties":{"intersection_id":"CNV-INT-0056","street_names":"E KEITH RD / QUEENSBURY AVE","neighbourhood":"Moodyville","public_space_composite":62.63,"composite_rank":101.0,"transit_score":87.13,"pedestrian_proxy_score":63.05,"parking_access_score":29.03,"intersection_prominence_score":46.48,"safety_score":11.64,"signalised":false,"full_signal":true,"collision_count":31.0,"collision_data_available":true,"transit_stops_250m":9,"transit_departures_250m":647.0,"onstreet_supply_250m":0.0,"onstreet_peak_occupancy_250m":null,"population_2021_400m":1408.4,"components_available":5},"geometry":{"type":"Point","coordinates":[-123.05709903824962,49.31349453401426]}},{"id":"56","type":"Feature","properties":{"intersection_id":"CNV-INT-0057","street_names":"E GRAND BLVD / E KEITH RD","neighbourhood":"Moodyville","public_space_composite":64.11,"composite_rank":90.0,"transit_score":87.13,"pedestrian_proxy_score":60.41,"parking_access_score":29.03,"intersection_prominence_score":56.48,"safety_score":null,"signalised":true,"full_signal":true,"collision_count":null,"collision_data_available":false,"transit_stops_250m":9,"transit_departures_250m":647.0,"onstreet_supply_250m":0.0,"onstreet_peak_occupancy_250m":null,"population_2021_400m":1337.7,"components_available":5},"geometry":{"type":"Point","coordinates":[-123.0565491331968,49.31349930285294]}},{"id":"57","type":"Feature","properties":{"intersection_id":"CNV-INT-0058","street_names":"E 8TH ST / SUTHERLAND AVE","neighbourhood":null,"public_space_composite":43.62,"composite_rank":313.0,"transit_score":88.72,"pedestrian_proxy_score":40.5,"parking_access_score":29.03,"intersection_prominence_score":37.77,"safety_score":88.93,"signalised":false,"full_signal":true,"collision_count":1.0,"collision_data_available":true,"transit_stops_250m":8,"transit_departures_250m":710.0,"onstreet_supply_250m":0.0,"onstreet_peak_occupancy_250m":null,"population_2021_400m":950.9,"components_available":5},"geometry":{"type":"Point","coordinates":[-123.05477936540825,49.31458856541975]}},{"id":"58","type":"Feature","properties":{"intersection_id":"CNV-INT-0059","street_names":"E 8TH ST / E GRAND BLVD","neighbourhood":"Grand Boulevard","public_space_composite":59.07,"composite_rank":141.0,"transit_score":89.43,"pedestrian_proxy_score":51.65,"parking_access_score":29.03,"intersection_prominence_score":37.77,"safety_score":null,"signalised":false,"full_signal":true,"collision_count":null,"collision_data_available":false,"transit_stops_250m":9,"transit_departures_250m":715.0,"onstreet_supply_250m":0.0,"onstreet_peak_occupancy_250m":null,"population_2021_400m":1172.2,"components_available":5},"geometry":{"type":"Point","coordinates":[-123.05651944899115,49.31461021626177]}},{"id":"59","type":"Feature","properties":{"intersection_id":"CNV-INT-0060","street_names":"E 9TH ST / SUTHERLAND AVE","neighbourhood":null,"public_space_composite":38.51,"composite_rank":374.0,"transit_score":74.22,"pedestrian_proxy_score":29.45,"parking_access_score":29.03,"intersection_prominence_score":37.77,"safety_score":88.93,"signalised":false,"full_signal":true,"collision_count":1.0,"collision_data_available":true,"transit_stops_250m":5,"transit_departures_250m":502.0,"onstreet_supply_250m":0.0,"onstreet_peak_occupancy_250m":null,"population_2021_400m":755.4,"components_available":5},"geometry":{"type":"Point","coordinates":[-123.05475469997036,49.315641120820956]}},{"id":"60","type":"Feature","properties":{"intersection_id":"CNV-INT-0061","street_names":"E 9TH ST / E GRAND BLVD","neighbourhood":"Grand Boulevard","public_space_composite":59.33,"composite_rank":137.0,"transit_score":74.39,"pedestrian_proxy_score":39.42,"parking_access_score":29.03,"intersection_prominence_score":66.34,"safety_score":null,"signalised":true,"full_signal":true,"collision_count":null,"collision_data_available":false,"transit_stops_250m":5,"transit_departures_250m":505.0,"onstreet_supply_250m":0.0,"onstreet_peak_occupancy_250m":null,"population_2021_400m":995.3,"components_available":5},"geometry":{"type":"Point","coordinates":[-123.0565111835168,49.31565365375668]}},{"id":"61","type":"Feature","properties":{"intersection_id":"CNV-INT-0062","street_names":"E 9TH ST / W GRAND BLVD","neighbourhood":"Grand Boulevard","public_space_composite":53.77,"composite_rank":198.0,"transit_score":72.15,"pedestrian_proxy_score":42.66,"parking_access_score":29.03,"intersection_prominence_score":56.34,"safety_score":null,"signalised":false,"full_signal":true,"collision_count":null,"collision_data_available":false,"transit_stops_250m":5,"transit_departures_250m":452.0,"onstreet_supply_250m":0.0,"onstreet_peak_occupancy_250m":null,"population_2021_400m":1152.0,"components_available":5},"geometry":{"type":"Point","coordinates":[-123.05768244162826,49.31566656780249]}},{"id":"62","type":"Feature","properties":{"intersection_id":"CNV-INT-0063","street_names":"E 10TH ST / E GRAND BLVD","neighbourhood":"Grand Boulevard","public_space_composite":50.75,"composite_rank":223.0,"transit_score":66.49,"pedestrian_proxy_score":32.96,"parking_access_score":29.03,"intersection_prominence_score":37.77,"safety_score":null,"signalised":false,"full_signal":true,"collision_count":null,"collision_data_available":false,"transit_stops_250m":4,"transit_departures_250m":418.0,"onstreet_supply_250m":0.0,"onstreet_peak_occupancy_250m":null,"population_2021_400m":851.6,"components_available":5},"geometry":{"type":"Point","coordinates":[-123.05645904941149,49.316688118278435]}},{"id":"63","type":"Feature","properties":{"intersection_id":"CNV-INT-0064","street_names":"E 11TH ST / E GRAND BLVD","neighbourhood":"Grand Boulevard","public_space_composite":56.76,"composite_rank":163.0,"transit_score":66.49,"pedestrian_proxy_score":34.48,"parking_access_score":29.03,"intersection_prominence_score":66.34,"safety_score":null,"signalised":true,"full_signal":true,"collision_count":null,"collision_data_available":false,"transit_stops_250m":4,"transit_departures_250m":418.0,"onstreet_supply_250m":0.0,"onstreet_peak_occupancy_250m":null,"population_2021_400m":843.6,"components_available":5},"geometry":{"type":"Point","coordinates":[-123.05646024212275,49.31773155167113]}},{"id":"64","type":"Feature","properties":{"intersection_id":"CNV-INT-0065","street_names":"ALDER ST / E ST. DAVIDS AVE","neighbourhood":"Lower Lonsdale","public_space_composite":27.13,"composite_rank":472.0,"transit_score":12.76,"pedestrian_proxy_score":15.42,"parking_access_score":58.27,"intersection_prominence_score":27.15,"safety_score":null,"signalised":false,"full_signal":true,"collision_count":null,"collision_data_available":false,"transit_stops_250m":0,"transit_departures_250m":0.0,"onstreet_supply_250m":278.0,"onstreet_peak_occupancy_250m":0.654,"population_2021_400m":955.8,"components_available":5},"geometry":{"type":"Point","coordinates":[-123.06629020211508,49.305848263405004]}},{"id":"65","type":"Feature","properties":{"intersection_id":"CNV-INT-0066","street_names":"E 1ST ST / E ST. DAVIDS AVE","neighbourhood":"Lower Lonsdale","public_space_composite":33.31,"composite_rank":419.0,"transit_score":12.76,"pedestrian_proxy_score":33.0,"parking_access_score":60.95,"intersection_prominence_score":37.77,"safety_score":null,"signalised":false,"full_signal":true,"collision_count":null,"collision_data_available":false,"transit_stops_250m":0,"transit_departures_250m":0.0,"onstreet_supply_250m":352.0,"onstreet_peak_occupancy_250m":0.631,"population_2021_400m":1367.8,"components_available":5},"geometry":{"type":"Point","coordinates":[-123.06612794074994,49.30657792276828]}},{"id":"66","type":"Feature","properties":{"intersection_id":"CNV-INT-0067","street_names":"E 1ST ST / E ST. DAVIDS AVE / ST. DAVIDS AVE","neighbourhood":"Lower Lonsdale","public_space_composite":37.08,"composite_rank":393.0,"transit_score":12.76,"pedestrian_proxy_score":38.54,"parking_access_score":64.66,"intersection_prominence_score":47.39,"safety_score":null,"signalised":false,"full_signal":true,"collision_count":null,"collision_data_available":false,"transit_stops_250m":0,"transit_departures_250m":0.0,"onstreet_supply_250m":411.0,"onstreet_peak_occupancy_250m":0.582,"population_2021_400m":1475.9,"components_available":5},"geometry":{"type":"Point","coordinates":[-123.0661190207368,49.30674787524823]}},{"id":"67","type":"Feature","properties":{"intersection_id":"CNV-INT-0068","street_names":"E 2ND ST / ST. DAVIDS AVE","neighbourhood":"Moodyville","public_space_composite":49.8,"composite_rank":231.0,"transit_score":46.49,"pedestrian_proxy_score":55.47,"parking_access_score":68.64,"intersection_prominence_score":56.34,"safety_score":88.93,"signalised":false,"full_signal":true,"collision_count":1.0,"collision_data_available":true,"transit_stops_250m":2,"transit_departures_250m":201.0,"onstreet_supply_250m":530.0,"onstreet_peak_occupancy_250m":0.556,"population_2021_400m":1975.8,"components_available":5},"geometry":{"type":"Point","coordinates":[-123.06607628560909,49.307579949810275]}},{"id":"68","type":"Feature","properties":{"intersection_id":"CNV-INT-0069","street_names":"E ESPLANADE / LOW LEVEL RD","neighbourhood":"Lower Lonsdale","public_space_composite":51.91,"composite_rank":216.0,"transit_score":12.76,"pedestrian_proxy_score":53.72,"parking_access_score":57.78,"intersection_prominence_score":47.83,"safety_score":null,"signalised":false,"full_signal":true,"collision_count":null,"collision_data_available":false,"transit_stops_250m":0,"transit_departures_250m":0.0,"onstreet_supply_250m":231.0,"onstreet_peak_occupancy_250m":0.921,"population_2021_400m":3409.4,"components_available":5},"geometry":{"type":"Point","coordinates":[-123.07497665209809,49.30916523411239]}},{"id":"69","type":"Feature","properties":{"intersection_id":"CNV-INT-0070","street_names":"E 3RD ST / ST. DAVIDS AVE","neighbourhood":"Moodyville","public_space_composite":60.99,"composite_rank":116.0,"transit_score":53.27,"pedestrian_proxy_score":62.41,"parking_access_score":70.84,"intersection_prominence_score":66.34,"safety_score":37.02,"signalised":true,"full_signal":true,"collision_count":9.0,"collision_data_available":true,"transit_stops_250m":3,"transit_departures_250m":255.0,"onstreet_supply_250m":704.0,"onstreet_peak_occupancy_250m":0.639,"population_2021_400m":2495.8,"components_available":5},"geometry":{"type":"Point","coordinates":[-123.06604635702415,49.308668378244754]}},{"id":"70","type":"Feature","properties":{"intersection_id":"CNV-INT-0071","street_names":"ALDER ST / ST. PATRICKS AVE","neighbourhood":"Lower Lonsdale","public_space_composite":32.72,"composite_rank":423.0,"transit_score":12.76,"pedestrian_proxy_score":46.96,"parking_access_score":44.06,"intersection_prominence_score":37.77,"safety_score":null,"signalised":false,"full_signal":true,"collision_count":null,"collision_data_available":false,"transit_stops_250m":0,"transit_departures_250m":0.0,"onstreet_supply_250m":279.0,"onstreet_peak_occupancy_250m":0.895,"population_2021_400m":2255.9,"components_available":5},"geometry":{"type":"Point","coordinates":[-123.07005185052694,49.30746516919384]}},{"id":"71","type":"Feature","properties":{"intersection_id":"CNV-INT-0072","street_names":"E 1ST ST / ST. PATRICKS AVE","neighbourhood":"Lower Lonsdale","public_space_composite":44.34,"composite_rank":303.0,"transit_score":35.91,"pedestrian_proxy_score":57.18,"parking_access_score":50.2,"intersection_prominence_score":56.34,"safety_score":72.33,"signalised":false,"full_signal":true,"collision_count":2.0,"collision_data_available":true,"transit_stops_250m":2,"transit_departures_250m":106.0,"onstreet_supply_250m":387.0,"onstreet_peak_occupancy_250m":0.823,"population_2021_400m":2551.5,"components_available":5},"geometry":{"type":"Point","coordinates":[-123.06956071594306,49.307942208043976]}},{"id":"72","type":"Feature","properties":{"intersection_id":"CNV-INT-0073","street_names":"E ESPLANADE / ST. PATRICKS AVE","neighbourhood":"Lower Lonsdale","public_space_composite":30.07,"composite_rank":450.0,"transit_score":12.76,"pedestrian_proxy_score":43.52,"parking_access_score":44.87,"intersection_prominence_score":27.15,"safety_score":null,"signalised":false,"full_signal":true,"collision_count":null,"collision_data_available":false,"transit_stops_250m":0,"transit_departures_250m":0.0,"onstreet_supply_250m":247.0,"onstreet_peak_occupancy_250m":0.87,"population_2021_400m":2037.3,"components_available":5},"geometry":{"type":"Point","coordinates":[-123.0703386332565,49.30719064334694]}},{"id":"73","type":"Feature","properties":{"intersection_id":"CNV-INT-0074","street_names":"E 2ND ST / ST. PATRICKS AVE","neighbourhood":"Lower Lonsdale","public_space_composite":49.58,"composite_rank":236.0,"transit_score":46.7,"pedestrian_proxy_score":62.37,"parking_access_score":60.43,"intersection_prominence_score":56.34,"safety_score":63.36,"signalised":false,"full_signal":true,"collision_count":3.0,"collision_data_available":true,"transit_stops_250m":3,"transit_departures_250m":158.0,"onstreet_supply_250m":606.0,"onstreet_peak_occupancy_250m":0.763,"population_2021_400m":2950.3,"components_available":5},"geometry":{"type":"Point","coordinates":[-123.06878281879989,49.308725251259574]}},{"id":"74","type":"Feature","properties":{"intersection_id":"CNV-INT-0075","street_names":"E 1ST ST / ST. ANDREWS AVE","neighbourhood":"Lower Lonsdale","public_space_composite":48.2,"composite_rank":250.0,"transit_score":35.91,"pedestrian_proxy_score":66.89,"parking_access_score":59.79,"intersection_prominence_score":56.34,"safety_score":56.3,"signalised":false,"full_signal":true,"collision_count":4.0,"collision_data_available":true,"transit_stops_250m":2,"transit_departures_250m":106.0,"onstreet_supply_250m":389.0,"onstreet_peak_occupancy_250m":0.882,"population_2021_400m":3619.6,"components_available":5},"geometry":{"type":"Point","coordinates":[-123.07254961252309,49.309249162425466]}},{"id":"75","type":"Feature","properties":{"intersection_id":"CNV-INT-0076","street_names":"E 3RD ST / ST. PATRICKS AVE","neighbourhood":"Lower Lonsdale","public_space_composite":56.26,"composite_rank":172.0,"transit_score":46.7,"pedestrian_proxy_score":65.6,"parking_access_score":60.58,"intersection_prominence_score":56.34,"safety_score":56.3,"signalised":false,"full_signal":true,"collision_count":4.0,"collision_data_available":true,"transit_stops_250m":3,"transit_departures_250m":158.0,"onstreet_supply_250m":602.0,"onstreet_peak_occupancy_250m":0.752,"population_2021_400m":3286.7,"components_available":5},"geometry":{"type":"Point","coordinates":[-123.06798639265475,49.30949480553202]}},{"id":"76","type":"Feature","properties":{"intersection_id":"CNV-INT-0077","street_names":"E 2ND ST / ST. ANDREWS AVE","neighbourhood":"Lower Lonsdale","public_space_composite":52.01,"composite_rank":213.0,"transit_score":46.7,"pedestrian_proxy_score":70.79,"parking_access_score":64.17,"intersection_prominence_score":56.34,"safety_score":41.98,"signalised":false,"full_signal":true,"collision_count":7.0,"collision_data_available":true,"transit_stops_250m":3,"transit_departures_250m":158.0,"onstreet_supply_250m":533.0,"onstreet_peak_occupancy_250m":0.882,"population_2021_400m":4065.1,"components_available":5},"geometry":{"type":"Point","coordinates":[-123.0717691692142,49.310036723833385]}},{"id":"77","type":"Feature","properties":{"intersection_id":"CNV-INT-0078","street_names":"E 4TH ST / ST. DAVIDS AVE","neighbourhood":"Moodyville","public_space_composite":52.64,"composite_rank":210.0,"transit_score":53.27,"pedestrian_proxy_score":66.68,"parking_access_score":64.84,"intersection_prominence_score":56.34,"safety_score":null,"signalised":false,"full_signal":true,"collision_count":null,"collision_data_available":false,"transit_stops_250m":3,"transit_departures_250m":255.0,"onstreet_supply_250m":545.0,"onstreet_peak_occupancy_250m":0.657,"population_2021_400m":2857.3,"components_available":5},"geometry":{"type":"Point","coordinates":[-123.06599834045885,49.30973432806567]}},{"id":"78","type":"Feature","properties":{"intersection_id":"CNV-INT-0079","street_names":"E 4TH ST / ST. PATRICKS AVE","neighbourhood":"Lower Lonsdale","public_space_composite":44.25,"composite_rank":305.0,"transit_score":35.91,"pedestrian_proxy_score":66.06,"parking_access_score":59.43,"intersection_prominence_score":37.77,"safety_score":null,"signalised":false,"full_signal":true,"collision_count":null,"collision_data_available":false,"transit_stops_250m":2,"transit_departures_250m":106.0,"onstreet_supply_250m":444.0,"onstreet_peak_occupancy_250m":0.712,"population_2021_400m":3447.7,"components_available":5},"geometry":{"type":"Point","coordinates":[-123.0671994061637,49.310268847186144]}},{"id":"79","type":"Feature","properties":{"intersection_id":"CNV-INT-0080","street_names":"E 5TH ST / ST. DAVIDS AVE","neighbourhood":"Moodyville","public_space_composite":46.71,"composite_rank":267.0,"transit_score":35.91,"pedestrian_proxy_score":63.07,"parking_access_score":56.15,"intersection_prominence_score":56.34,"safety_score":null,"signalised":false,"full_signal":true,"collision_count":null,"collision_data_available":false,"transit_stops_250m":2,"transit_departures_250m":106.0,"onstreet_supply_250m":274.0,"onstreet_peak_occupancy_250m":0.694,"population_2021_400m":3064.7,"components_available":5},"geometry":{"type":"Point","coordinates":[-123.06599058229384,49.31100714449057]}},{"id":"80","type":"Feature","properties":{"intersection_id":"CNV-INT-0081","street_names":"E 6TH ST / ST. DAVIDS AVE","neighbourhood":"Moodyville","public_space_composite":42.77,"composite_rank":327.0,"transit_score":38.97,"pedestrian_proxy_score":54.64,"parking_access_score":41.84,"intersection_prominence_score":56.34,"safety_score":null,"signalised":false,"full_signal":true,"collision_count":null,"collision_data_available":false,"transit_stops_250m":3,"transit_departures_250m":108.0,"onstreet_supply_250m":193.0,"onstreet_peak_occupancy_250m":0.889,"population_2021_400m":3014.0,"components_available":5},"geometry":{"type":"Point","coordinates":[-123.06595481216536,49.312230503415975]}},{"id":"81","type":"Feature","properties":{"intersection_id":"CNV-INT-0082","street_names":"E 3RD ST / ST. ANDREWS AVE","neighbourhood":"Lower Lonsdale","public_space_composite":62.38,"composite_rank":106.0,"transit_score":54.01,"pedestrian_proxy_score":72.53,"parking_access_score":66.93,"intersection_prominence_score":66.34,"safety_score":14.31,"signalised":true,"full_signal":true,"collision_count":28.0,"collision_data_available":true,"transit_stops_250m":4,"transit_departures_250m":212.0,"onstreet_supply_250m":583.0,"onstreet_peak_occupancy_250m":0.856,"population_2021_400m":4478.5,"components_available":5},"geometry":{"type":"Point","coordinates":[-123.07100457032145,49.310797284733]}},{"id":"82","type":"Feature","properties":{"intersection_id":"CNV-INT-0083","street_names":"E 4TH ST / ST. ANDREWS AVE","neighbourhood":"Lower Lonsdale","public_space_composite":49.76,"composite_rank":232.0,"transit_score":47.11,"pedestrian_proxy_score":69.45,"parking_access_score":53.84,"intersection_prominence_score":56.34,"safety_score":50.38,"signalised":false,"full_signal":true,"collision_count":5.0,"collision_data_available":true,"transit_stops_250m":3,"transit_departures_250m":160.0,"onstreet_supply_250m":580.0,"onstreet_peak_occupancy_250m":0.856,"population_2021_400m":4706.6,"components_available":5},"geometry":{"type":"Point","coordinates":[-123.07021246259092,49.31158034500958]}},{"id":"83","type":"Feature","properties":{"intersection_id":"CNV-INT-0084","street_names":"E 5TH ST / ST. ANDREWS AVE","neighbourhood":"Lower Lonsdale","public_space_composite":45.51,"composite_rank":282.0,"transit_score":43.66,"pedestrian_proxy_score":56.46,"parking_access_score":49.04,"intersection_prominence_score":56.34,"safety_score":63.36,"signalised":false,"full_signal":true,"collision_count":3.0,"collision_data_available":true,"transit_stops_250m":3,"transit_departures_250m":143.0,"onstreet_supply_250m":472.0,"onstreet_peak_occupancy_250m":0.889,"population_2021_400m":4598.0,"components_available":5},"geometry":{"type":"Point","coordinates":[-123.069294895094,49.31243993362946]}},{"id":"84","type":"Feature","properties":{"intersection_id":"CNV-INT-0085","street_names":"E 6TH ST / ST. ANDREWS AVE","neighbourhood":"Lower Lonsdale","public_space_composite":45.22,"composite_rank":288.0,"transit_score":38.97,"pedestrian_proxy_score":60.33,"parking_access_score":48.41,"intersection_prominence_score":56.34,"safety_score":88.93,"signalised":false,"full_signal":true,"collision_count":1.0,"collision_data_available":true,"transit_stops_250m":3,"transit_departures_250m":108.0,"onstreet_supply_250m":400.0,"onstreet_peak_occupancy_250m":0.868,"population_2021_400m":4114.2,"components_available":5},"geometry":{"type":"Point","coordinates":[-123.06844181946644,49.313321964473886]}},{"id":"85","type":"Feature","properties":{"intersection_id":"CNV-INT-0086","street_names":"E 5TH ST / ST. GEORGES AVE","neighbourhood":"Lower Lonsdale","public_space_composite":56.7,"composite_rank":164.0,"transit_score":43.56,"pedestrian_proxy_score":67.14,"parking_access_score":54.36,"intersection_prominence_score":66.34,"safety_score":38.55,"signalised":true,"full_signal":true,"collision_count":8.0,"collision_data_available":true,"transit_stops_250m":3,"transit_departures_250m":143.0,"onstreet_supply_250m":553.0,"onstreet_peak_occupancy_250m":0.837,"population_2021_400m":6439.0,"components_available":5},"geometry":{"type":"Point","coordinates":[-123.07232275803621,49.31375136709066]}},{"id":"86","type":"Feature","properties":{"intersection_id":"CNV-INT-0087","street_names":"E KEITH RD / ST. ANDREWS AVE","neighbourhood":"Lower Lonsdale","public_space_composite":56.32,"composite_rank":171.0,"transit_score":47.3,"pedestrian_proxy_score":62.02,"parking_access_score":53.83,"intersection_prominence_score":66.34,"safety_score":13.36,"signalised":true,"full_signal":true,"collision_count":29.0,"collision_data_available":true,"transit_stops_250m":4,"transit_departures_250m":145.0,"onstreet_supply_250m":361.0,"onstreet_peak_occupancy_250m":0.751,"population_2021_400m":3581.7,"components_available":5},"geometry":{"type":"Point","coordinates":[-123.06756628033182,49.31415003126334]}},{"id":"87","type":"Feature","properties":{"intersection_id":"CNV-INT-0088","street_names":"E 7TH ST / ST. DAVIDS AVE","neighbourhood":"Moodyville","public_space_composite":39.74,"composite_rank":356.0,"transit_score":38.97,"pedestrian_proxy_score":52.7,"parking_access_score":47.19,"intersection_prominence_score":37.77,"safety_score":null,"signalised":false,"full_signal":true,"collision_count":null,"collision_data_available":false,"transit_stops_250m":3,"transit_departures_250m":108.0,"onstreet_supply_250m":143.0,"onstreet_peak_occupancy_250m":0.792,"population_2021_400m":2952.6,"components_available":5},"geometry":{"type":"Point","coordinates":[-123.0659363389458,49.31256333370192]}},{"id":"88","type":"Feature","properties":{"intersection_id":"CNV-INT-0089","street_names":"E KEITH RD / ST. DAVIDS AVE","neighbourhood":"Central Lonsdale","public_space_composite":50.82,"composite_rank":222.0,"transit_score":53.53,"pedestrian_proxy_score":57.68,"parking_access_score":53.03,"intersection_prominence_score":37.77,"safety_score":63.36,"signalised":false,"full_signal":true,"collision_count":3.0,"collision_data_available":true,"transit_stops_250m":5,"transit_departures_250m":179.0,"onstreet_supply_250m":273.0,"onstreet_peak_occupancy_250m":0.738,"population_2021_400m":2766.3,"components_available":5},"geometry":{"type":"Point","coordinates":[-123.06591064989868,49.31361127977022]}},{"id":"89","type":"Feature","properties":{"intersection_id":"CNV-INT-0090","street_names":"E KEITH RD / RIDGEWAY AVE","neighbourhood":"Central Lonsdale","public_space_composite":46.55,"composite_rank":270.0,"transit_score":45.15,"pedestrian_proxy_score":58.72,"parking_access_score":29.03,"intersection_prominence_score":47.77,"safety_score":null,"signalised":true,"full_signal":true,"collision_count":null,"collision_data_available":false,"transit_stops_250m":4,"transit_departures_250m":142.0,"onstreet_supply_250m":0.0,"onstreet_peak_occupancy_250m":null,"population_2021_400m":2220.2,"components_available":5},"geometry":{"type":"Point","coordinates":[-123.06320621254888,49.313590301752974]}},{"id":"90","type":"Feature","properties":{"intersection_id":"CNV-INT-0091","street_names":"E KEITH RD","neighbourhood":"Central Lonsdale","public_space_composite":48.56,"composite_rank":247.0,"transit_score":53.53,"pedestrian_proxy_score":57.48,"parking_access_score":51.08,"intersection_prominence_score":28.63,"safety_score":null,"signalised":false,"full_signal":true,"collision_count":null,"collision_data_available":false,"transit_stops_250m":5,"transit_departures_250m":179.0,"onstreet_supply_250m":242.0,"onstreet_peak_occupancy_250m":0.764,"population_2021_400m":2653.9,"components_available":5},"geometry":{"type":"Point","coordinates":[-123.0655490535978,49.313606988759254]}},{"id":"91","type":"Feature","properties":{"intersection_id":"CNV-INT-0092","street_names":"LYON PL / RIDGEWAY AVE","neighbourhood":"Central Lonsdale","public_space_composite":38.83,"composite_rank":367.0,"transit_score":45.15,"pedestrian_proxy_score":60.12,"parking_access_score":29.03,"intersection_prominence_score":37.77,"safety_score":null,"signalised":false,"full_signal":true,"collision_count":null,"collision_data_available":false,"transit_stops_250m":4,"transit_departures_250m":142.0,"onstreet_supply_250m":0.0,"onstreet_peak_occupancy_250m":null,"population_2021_400m":2255.3,"components_available":5},"geometry":{"type":"Point","coordinates":[-123.063201331604,49.31414350556288]}},{"id":"92","type":"Feature","properties":{"intersection_id":"CNV-INT-0093","street_names":"LYON PL / MOODY AVE","neighbourhood":"Grand Boulevard","public_space_composite":40.78,"composite_rank":347.0,"transit_score":55.39,"pedestrian_proxy_score":59.62,"parking_access_score":29.03,"intersection_prominence_score":37.77,"safety_score":null,"signalised":false,"full_signal":true,"collision_count":null,"collision_data_available":false,"transit_stops_250m":5,"transit_departures_250m":196.0,"onstreet_supply_250m":0.0,"onstreet_peak_occupancy_250m":null,"population_2021_400m":1754.4,"components_available":5},"geometry":{"type":"Point","coordinates":[-123.06017222520876,49.31410464428672]}},{"id":"93","type":"Feature","properties":{"intersection_id":"CNV-INT-0094","street_names":"E 8TH ST / W GRAND BLVD","neighbourhood":"Grand Boulevard","public_space_composite":56.12,"composite_rank":173.0,"transit_score":87.97,"pedestrian_proxy_score":57.12,"parking_access_score":29.03,"intersection_prominence_score":37.77,"safety_score":null,"signalised":false,"full_signal":true,"collision_count":null,"collision_data_available":false,"transit_stops_250m":9,"transit_departures_250m":665.0,"onstreet_supply_250m":0.0,"onstreet_peak_occupancy_250m":null,"population_2021_400m":1314.1,"components_available":5},"geometry":{"type":"Point","coordinates":[-123.05771045926274,49.31462311946205]}},{"id":"94","type":"Feature","properties":{"intersection_id":"CNV-INT-0095","street_names":"E 8TH ST / MOODY AVE","neighbourhood":"Grand Boulevard","public_space_composite":41.16,"composite_rank":344.0,"transit_score":45.15,"pedestrian_proxy_score":53.2,"parking_access_score":29.03,"intersection_prominence_score":56.34,"safety_score":null,"signalised":false,"full_signal":true,"collision_count":null,"collision_data_available":false,"transit_stops_250m":4,"transit_departures_250m":142.0,"onstreet_supply_250m":0.0,"onstreet_peak_occupancy_250m":null,"population_2021_400m":1727.7,"components_available":5},"geometry":{"type":"Point","coordinates":[-123.0601690246129,49.3146533485777]}},{"id":"95","type":"Feature","properties":{"intersection_id":"CNV-INT-0096","street_names":"E 8TH ST / RIDGEWAY AVE","neighbourhood":"Central Lonsdale","public_space_composite":45.81,"composite_rank":278.0,"transit_score":45.15,"pedestrian_proxy_score":57.87,"parking_access_score":47.6,"intersection_prominence_score":56.34,"safety_score":88.93,"signalised":false,"full_signal":true,"collision_count":1.0,"collision_data_available":true,"transit_stops_250m":4,"transit_departures_250m":142.0,"onstreet_supply_250m":21.0,"onstreet_peak_occupancy_250m":0.673,"population_2021_400m":2304.3,"components_available":5},"geometry":{"type":"Point","coordinates":[-123.06319041956526,49.31468771749246]}},{"id":"96","type":"Feature","properties":{"intersection_id":"CNV-INT-0097","street_names":"E 9TH ST / MOODY AVE","neighbourhood":"Grand Boulevard","public_space_composite":37.56,"composite_rank":384.0,"transit_score":32.74,"pedestrian_proxy_score":47.64,"parking_access_score":29.03,"intersection_prominence_score":56.34,"safety_score":null,"signalised":false,"full_signal":true,"collision_count":null,"collision_data_available":false,"transit_stops_250m":2,"transit_departures_250m":71.0,"onstreet_supply_250m":0.0,"onstreet_peak_occupancy_250m":null,"population_2021_400m":1701.3,"components_available":5},"geometry":{"type":"Point","coordinates":[-123.06014147585324,49.31568780214859]}},{"id":"97","type":"Feature","properties":{"intersection_id":"CNV-INT-0098","street_names":"E 9TH ST / RIDGEWAY AVE","neighbourhood":"Central Lonsdale","public_space_composite":42.96,"composite_rank":325.0,"transit_score":32.74,"pedestrian_proxy_score":46.78,"parking_access_score":56.85,"intersection_prominence_score":56.34,"safety_score":72.33,"signalised":false,"full_signal":true,"collision_count":2.0,"collision_data_available":true,"transit_stops_250m":2,"transit_departures_250m":71.0,"onstreet_supply_250m":56.0,"onstreet_peak_occupancy_250m":0.511,"population_2021_400m":2351.6,"components_available":5},"geometry":{"type":"Point","coordinates":[-123.06315906362417,49.315722172967234]}},{"id":"98","type":"Feature","properties":{"intersection_id":"CNV-INT-0099","street_names":"E 6TH ST / ST. GEORGES AVE","neighbourhood":"Lower Lonsdale","public_space_composite":53.25,"composite_rank":205.0,"transit_score":38.97,"pedestrian_proxy_score":60.17,"parking_access_score":48.66,"intersection_prominence_score":66.34,"safety_score":33.02,"signalised":true,"full_signal":true,"collision_count":11.0,"collision_data_available":true,"transit_stops_250m":3,"transit_departures_250m":108.0,"onstreet_supply_250m":474.0,"onstreet_peak_occupancy_250m":0.9,"population_2021_400m":5987.8,"components_available":5},"geometry":{"type":"Point","coordinates":[-123.07143271758753,49.31461995025423]}},{"id":"99","type":"Feature","properties":{"intersection_id":"CNV-INT-0100","street_names":"E KEITH RD / ST. ANDREWS AVE","neighbourhood":"Central Lonsdale","public_space_composite":56.6,"composite_rank":165.0,"transit_score":47.3,"pedestrian_proxy_score":61.21,"parking_access_score":56.08,"intersection_prominence_score":66.34,"safety_score":null,"signalised":true,"full_signal":true,"collision_count":null,"collision_data_available":false,"transit_stops_250m":4,"transit_departures_250m":145.0,"onstreet_supply_250m":303.0,"onstreet_peak_occupancy_250m":0.7,"population_2021_400m":3440.9,"components_available":5},"geometry":{"type":"Point","coordinates":[-123.06726037046015,49.314312121958054]}},{"id":"100","type":"Feature","properties":{"intersection_id":"CNV-INT-0101","street_names":"E KEITH RD / ST. GEORGES AVE","neighbourhood":"Lower Lonsdale","public_space_composite":57.9,"composite_rank":152.0,"transit_score":45.15,"pedestrian_proxy_score":63.57,"parking_access_score":72.35,"intersection_prominence_score":56.34,"safety_score":14.31,"signalised":false,"full_signal":true,"collision_count":28.0,"collision_data_available":true,"transit_stops_250m":4,"transit_departures_250m":142.0,"onstreet_supply_250m":565.0,"onstreet_peak_occupancy_250m":0.784,"population_2021_400m":5539.1,"components_available":5},"geometry":{"type":"Point","coordinates":[-123.07054174094755,49.31545704406621]}},{"id":"101","type":"Feature","properties":{"intersection_id":"CNV-INT-0102","street_names":"E KEITH RD / ST. GEORGES AVE","neighbourhood":"Lower Lonsdale","public_space_composite":56.99,"composite_rank":161.0,"transit_score":45.15,"pedestrian_proxy_score":63.31,"parking_access_score":68.07,"intersection_prominence_score":56.34,"safety_score":null,"signalised":false,"full_signal":true,"collision_count":null,"collision_data_available":false,"transit_stops_250m":4,"transit_departures_250m":142.0,"onstreet_supply_250m":472.0,"onstreet_peak_occupancy_250m":0.811,"population_2021_400m":5460.2,"components_available":5},"geometry":{"type":"Point","coordinates":[-123.07033477734078,49.315655062919554]}},{"id":"102","type":"Feature","properties":{"intersection_id":"CNV-INT-0103","street_names":"E 8TH ST / E 9TH ST","neighbourhood":"Central Lonsdale","public_space_composite":45.0,"composite_rank":291.0,"transit_score":45.15,"pedestrian_proxy_score":57.28,"parking_access_score":62.74,"intersection_prominence_score":37.77,"safety_score":null,"signalised":false,"full_signal":true,"collision_count":null,"collision_data_available":false,"transit_stops_250m":4,"transit_departures_250m":142.0,"onstreet_supply_250m":483.0,"onstreet_peak_occupancy_250m":0.666,"population_2021_400m":4057.2,"components_available":5},"geometry":{"type":"Point","coordinates":[-123.06775853049822,49.31576004595748]}},{"id":"103","type":"Feature","properties":{"intersection_id":"CNV-INT-0104","street_names":"E 8TH ST / ST. ANDREWS AVE","neighbourhood":"Central Lonsdale","public_space_composite":47.39,"composite_rank":259.0,"transit_score":38.97,"pedestrian_proxy_score":61.92,"parking_access_score":57.67,"intersection_prominence_score":56.34,"safety_score":null,"signalised":false,"full_signal":true,"collision_count":null,"collision_data_available":false,"transit_stops_250m":3,"transit_departures_250m":108.0,"onstreet_supply_250m":326.0,"onstreet_peak_occupancy_250m":0.672,"population_2021_400m":3236.9,"components_available":5},"geometry":{"type":"Point","coordinates":[-123.06637492960017,49.31515817558398]}},{"id":"104","type":"Feature","properties":{"intersection_id":"CNV-INT-0105","street_names":"E KEITH RD / E VICTORIA PARK AVE","neighbourhood":"Lower Lonsdale","public_space_composite":58.69,"composite_rank":147.0,"transit_score":73.68,"pedestrian_proxy_score":75.83,"parking_access_score":73.34,"intersection_prominence_score":18.51,"safety_score":null,"signalised":false,"full_signal":true,"collision_count":null,"collision_data_available":false,"transit_stops_250m":6,"transit_departures_250m":451.0,"onstreet_supply_250m":634.0,"onstreet_peak_occupancy_250m":0.798,"population_2021_400m":6012.5,"components_available":5},"geometry":{"type":"Point","coordinates":[-123.07118965121867,49.31571750536692]}},{"id":"105","type":"Feature","properties":{"intersection_id":"CNV-INT-0106","street_names":"E 8TH ST / ST. GEORGES AVE","neighbourhood":"Central Lonsdale","public_space_composite":54.78,"composite_rank":184.0,"transit_score":32.74,"pedestrian_proxy_score":67.93,"parking_access_score":73.37,"intersection_prominence_score":47.77,"safety_score":88.93,"signalised":true,"full_signal":true,"collision_count":1.0,"collision_data_available":true,"transit_stops_250m":2,"transit_departures_250m":71.0,"onstreet_supply_250m":511.0,"onstreet_peak_occupancy_250m":0.753,"population_2021_400m":5173.9,"components_available":5},"geometry":{"type":"Point","coordinates":[-123.06947472189886,49.31649212952719]}},{"id":"106","type":"Feature","properties":{"intersection_id":"CNV-INT-0107","street_names":"E 9TH ST / ST. ANDREWS AVE","neighbourhood":"Central Lonsdale","public_space_composite":46.21,"composite_rank":277.0,"transit_score":32.74,"pedestrian_proxy_score":61.75,"parking_access_score":58.16,"intersection_prominence_score":56.34,"safety_score":null,"signalised":false,"full_signal":true,"collision_count":null,"collision_data_available":false,"transit_stops_250m":2,"transit_departures_250m":71.0,"onstreet_supply_250m":383.0,"onstreet_peak_occupancy_250m":0.696,"population_2021_400m":3321.6,"components_available":5},"geometry":{"type":"Point","coordinates":[-123.06624372654126,49.315751929009885]}},{"id":"107","type":"Feature","properties":{"intersection_id":"CNV-INT-0108","street_names":"E 10TH ST / RIDGEWAY AVE","neighbourhood":"Central Lonsdale","public_space_composite":41.02,"composite_rank":345.0,"transit_score":12.76,"pedestrian_proxy_score":42.5,"parking_access_score":71.45,"intersection_prominence_score":56.34,"safety_score":88.93,"signalised":false,"full_signal":true,"collision_count":1.0,"collision_data_available":true,"transit_stops_250m":0,"transit_departures_250m":0.0,"onstreet_supply_250m":73.0,"onstreet_peak_occupancy_250m":0.478,"population_2021_400m":2376.4,"components_available":5},"geometry":{"type":"Point","coordinates":[-123.06314363500394,49.31677011402745]}},{"id":"108","type":"Feature","properties":{"intersection_id":"CNV-INT-0109","street_names":"E 10TH ST / ST. ANDREWS AVE","neighbourhood":"Central Lonsdale","public_space_composite":43.58,"composite_rank":314.0,"transit_score":12.76,"pedestrian_proxy_score":57.15,"parking_access_score":69.58,"intersection_prominence_score":56.34,"safety_score":null,"signalised":false,"full_signal":true,"collision_count":null,"collision_data_available":false,"transit_stops_250m":0,"transit_departures_250m":0.0,"onstreet_supply_250m":424.0,"onstreet_peak_occupancy_250m":0.738,"population_2021_400m":3476.0,"components_available":5},"geometry":{"type":"Point","coordinates":[-123.0662156479928,49.31679452383791]}},{"id":"109","type":"Feature","properties":{"intersection_id":"CNV-INT-0110","street_names":"E 10TH ST / W GRAND BLVD","neighbourhood":"Grand Boulevard","public_space_composite":47.85,"composite_rank":255.0,"transit_score":66.49,"pedestrian_proxy_score":37.29,"parking_access_score":29.03,"intersection_prominence_score":37.77,"safety_score":null,"signalised":false,"full_signal":true,"collision_count":null,"collision_data_available":false,"transit_stops_250m":4,"transit_departures_250m":418.0,"onstreet_supply_250m":0.0,"onstreet_peak_occupancy_250m":null,"population_2021_400m":1057.2,"components_available":5},"geometry":{"type":"Point","coordinates":[-123.05765527616481,49.31670551796086]}},{"id":"110","type":"Feature","properties":{"intersection_id":"CNV-INT-0111","street_names":"E 10TH ST / MOODY AVE","neighbourhood":"Grand Boulevard","public_space_composite":32.13,"composite_rank":428.0,"transit_score":12.76,"pedestrian_proxy_score":40.47,"parking_access_score":29.03,"intersection_prominence_score":56.34,"safety_score":72.33,"signalised":false,"full_signal":true,"collision_count":2.0,"collision_data_available":true,"transit_stops_250m":0,"transit_departures_250m":0.0,"onstreet_supply_250m":0.0,"onstreet_peak_occupancy_250m":null,"population_2021_400m":1702.1,"components_available":5},"geometry":{"type":"Point","coordinates":[-123.0601040480348,49.31673125578599]}},{"id":"111","type":"Feature","properties":{"intersection_id":"CNV-INT-0112","street_names":"E 11TH ST / W GRAND BLVD","neighbourhood":"Grand Boulevard","public_space_composite":51.93,"composite_rank":215.0,"transit_score":66.49,"pedestrian_proxy_score":39.08,"parking_access_score":29.03,"intersection_prominence_score":56.34,"safety_score":null,"signalised":false,"full_signal":true,"collision_count":null,"collision_data_available":false,"transit_stops_250m":4,"transit_departures_250m":418.0,"onstreet_supply_250m":0.0,"onstreet_peak_occupancy_250m":null,"population_2021_400m":1061.0,"components_available":5},"geometry":{"type":"Point","coordinates":[-123.05764057859166,49.317744462607024]}},{"id":"112","type":"Feature","properties":{"intersection_id":"CNV-INT-0113","street_names":"E 11TH ST / MOODY AVE","neighbourhood":"Grand Boulevard","public_space_composite":31.72,"composite_rank":432.0,"transit_score":12.76,"pedestrian_proxy_score":38.42,"parking_access_score":29.03,"intersection_prominence_score":56.34,"safety_score":null,"signalised":false,"full_signal":true,"collision_count":null,"collision_data_available":false,"transit_stops_250m":0,"transit_departures_250m":0.0,"onstreet_supply_250m":0.0,"onstreet_peak_occupancy_250m":null,"population_2021_400m":1717.3,"components_available":5},"geometry":{"type":"Point","coordinates":[-123.06008597436148,49.31777919672112]}},{"id":"113","type":"Feature","properties":{"intersection_id":"CNV-INT-0114","street_names":"E 11TH ST / RIDGEWAY AVE","neighbourhood":"Central Lonsdale","public_space_composite":39.1,"composite_rank":361.0,"transit_score":12.76,"pedestrian_proxy_score":44.49,"parking_access_score":59.85,"intersection_prominence_score":56.34,"safety_score":null,"signalised":false,"full_signal":true,"collision_count":null,"collision_data_available":false,"transit_stops_250m":0,"transit_departures_250m":0.0,"onstreet_supply_250m":67.0,"onstreet_peak_occupancy_250m":0.745,"population_2021_400m":2450.7,"components_available":5},"geometry":{"type":"Point","coordinates":[-123.06316173211184,49.31780903965877]}},{"id":"114","type":"Feature","properties":{"intersection_id":"CNV-INT-0115","street_names":"E 12TH ST / W GRAND BLVD","neighbourhood":"Grand Boulevard","public_space_composite":47.77,"composite_rank":257.0,"transit_score":66.49,"pedestrian_proxy_score":36.87,"parking_access_score":29.03,"intersection_prominence_score":37.77,"safety_score":null,"signalised":false,"full_signal":true,"collision_count":null,"collision_data_available":false,"transit_stops_250m":4,"transit_departures_250m":418.0,"onstreet_supply_250m":0.0,"onstreet_peak_occupancy_250m":null,"population_2021_400m":1128.9,"components_available":5},"geometry":{"type":"Point","coordinates":[-123.0575932071332,49.31878791911012]}},{"id":"115","type":"Feature","properties":{"intersection_id":"CNV-INT-0116","street_names":"E 12TH ST / MOODY AVE","neighbourhood":"Grand Boulevard","public_space_composite":31.89,"composite_rank":431.0,"transit_score":12.76,"pedestrian_proxy_score":39.24,"parking_access_score":29.03,"intersection_prominence_score":56.34,"safety_score":null,"signalised":false,"full_signal":true,"collision_count":null,"collision_data_available":false,"transit_stops_250m":0,"transit_departures_250m":0.0,"onstreet_supply_250m":0.0,"onstreet_peak_occupancy_250m":null,"population_2021_400m":1711.0,"components_available":5},"geometry":{"type":"Point","coordinates":[-123.06004810357837,49.318813655072724]}},{"id":"116","type":"Feature","properties":{"intersection_id":"CNV-INT-0117","street_names":"E 10TH ST / ST. GEORGES AVE","neighbourhood":"Central Lonsdale","public_space_composite":59.37,"composite_rank":135.0,"transit_score":32.74,"pedestrian_proxy_score":69.17,"parking_access_score":76.52,"intersection_prominence_score":66.34,"safety_score":72.33,"signalised":true,"full_signal":true,"collision_count":2.0,"collision_data_available":true,"transit_stops_250m":2,"transit_departures_250m":71.0,"onstreet_supply_250m":622.0,"onstreet_peak_occupancy_250m":0.781,"population_2021_400m":5195.6,"components_available":5},"geometry":{"type":"Point","coordinates":[-123.06928685177718,49.316820565149264]}},{"id":"117","type":"Feature","properties":{"intersection_id":"CNV-INT-0118","street_names":"E 10TH ST / E 8TH ST","neighbourhood":"Lower Lonsdale","public_space_composite":53.69,"composite_rank":199.0,"transit_score":63.25,"pedestrian_proxy_score":78.36,"parking_access_score":77.64,"intersection_prominence_score":27.15,"safety_score":null,"signalised":false,"full_signal":true,"collision_count":null,"collision_data_available":false,"transit_stops_250m":5,"transit_departures_250m":305.0,"onstreet_supply_250m":631.0,"onstreet_peak_occupancy_250m":0.755,"population_2021_400m":5773.7,"components_available":5},"geometry":{"type":"Point","coordinates":[-123.07021045715965,49.316824504416154]}},{"id":"118","type":"Feature","properties":{"intersection_id":"CNV-INT-0119","street_names":"E 11TH ST / ST. GEORGES AVE","neighbourhood":"Central Lonsdale","public_space_composite":62.52,"composite_rank":102.0,"transit_score":37.82,"pedestrian_proxy_score":73.49,"parking_access_score":82.88,"intersection_prominence_score":66.34,"safety_score":41.98,"signalised":true,"full_signal":true,"collision_count":7.0,"collision_data_available":true,"transit_stops_250m":2,"transit_departures_250m":126.0,"onstreet_supply_250m":692.0,"onstreet_peak_occupancy_250m":0.715,"population_2021_400m":5722.5,"components_available":5},"geometry":{"type":"Point","coordinates":[-123.06932100602141,49.31787297287852]}},{"id":"119","type":"Feature","properties":{"intersection_id":"CNV-INT-0120","street_names":"E 11TH ST / ST. ANDREWS AVE","neighbourhood":"Central Lonsdale","public_space_composite":43.24,"composite_rank":318.0,"transit_score":12.76,"pedestrian_proxy_score":50.96,"parking_access_score":74.08,"intersection_prominence_score":56.34,"safety_score":72.33,"signalised":false,"full_signal":true,"collision_count":2.0,"collision_data_available":true,"transit_stops_250m":0,"transit_departures_250m":0.0,"onstreet_supply_250m":451.0,"onstreet_peak_occupancy_250m":0.72,"population_2021_400m":3623.0,"components_available":5},"geometry":{"type":"Point","coordinates":[-123.06619536183614,49.317843322438726]}},{"id":"120","type":"Feature","properties":{"intersection_id":"CNV-INT-0121","street_names":"E 11TH ST / LONSDALE AVE / W 8TH ST","neighbourhood":"Lower Lonsdale","public_space_composite":84.64,"composite_rank":8.0,"transit_score":80.92,"pedestrian_proxy_score":87.9,"parking_access_score":80.86,"intersection_prominence_score":86.02,"safety_score":26.15,"signalised":true,"full_signal":true,"collision_count":16.0,"collision_data_available":true,"transit_stops_250m":6,"transit_departures_250m":597.0,"onstreet_supply_250m":564.0,"onstreet_peak_occupancy_250m":0.694,"population_2021_400m":7260.9,"components_available":5},"geometry":{"type":"Point","coordinates":[-123.07253856762037,49.31783052017456]}},{"id":"121","type":"Feature","properties":{"intersection_id":"CNV-INT-0122","street_names":"E 12TH ST / ST. GEORGES AVE","neighbourhood":"Central Lonsdale","public_space_composite":54.56,"composite_rank":186.0,"transit_score":12.76,"pedestrian_proxy_score":69.16,"parking_access_score":82.43,"intersection_prominence_score":56.34,"safety_score":26.15,"signalised":false,"full_signal":true,"collision_count":16.0,"collision_data_available":true,"transit_stops_250m":0,"transit_departures_250m":0.0,"onstreet_supply_250m":661.0,"onstreet_peak_occupancy_250m":0.734,"population_2021_400m":6227.7,"components_available":5},"geometry":{"type":"Point","coordinates":[-123.06926696968154,49.31889395127965]}},{"id":"122","type":"Feature","properties":{"intersection_id":"CNV-INT-0123","street_names":"E 12TH ST / ST. ANDREWS AVE","neighbourhood":"Central Lonsdale","public_space_composite":44.66,"composite_rank":298.0,"transit_score":12.76,"pedestrian_proxy_score":56.82,"parking_access_score":75.29,"intersection_prominence_score":56.34,"safety_score":56.3,"signalised":false,"full_signal":true,"collision_count":4.0,"collision_data_available":true,"transit_stops_250m":0,"transit_departures_250m":0.0,"onstreet_supply_250m":432.0,"onstreet_peak_occupancy_250m":0.744,"population_2021_400m":3998.8,"components_available":5},"geometry":{"type":"Point","coordinates":[-123.0661967482303,49.31887776032052]}},{"id":"123","type":"Feature","properties":{"intersection_id":"CNV-INT-0124","street_names":"E 12TH ST / LONSDALE AVE / W 12TH ST","neighbourhood":"Central Lonsdale","public_space_composite":86.37,"composite_rank":4.0,"transit_score":84.35,"pedestrian_proxy_score":92.12,"parking_access_score":81.9,"intersection_prominence_score":86.02,"safety_score":19.27,"signalised":true,"full_signal":true,"collision_count":22.0,"collision_data_available":true,"transit_stops_250m":5,"transit_departures_250m":715.0,"onstreet_supply_250m":629.0,"onstreet_peak_occupancy_250m":0.703,"population_2021_400m":7442.7,"components_available":5},"geometry":{"type":"Point","coordinates":[-123.07243441256787,49.3189369851434]}},{"id":"124","type":"Feature","properties":{"intersection_id":"CNV-INT-0125","street_names":"E 14TH ST / WILLIAM AVE","neighbourhood":null,"public_space_composite":23.62,"composite_rank":493.0,"transit_score":12.76,"pedestrian_proxy_score":16.48,"parking_access_score":29.03,"intersection_prominence_score":37.77,"safety_score":88.93,"signalised":false,"full_signal":true,"collision_count":1.0,"collision_data_available":true,"transit_stops_250m":0,"transit_departures_250m":0.0,"onstreet_supply_250m":0.0,"onstreet_peak_occupancy_250m":null,"population_2021_400m":673.9,"components_available":5},"geometry":{"type":"Point","coordinates":[-123.05072292906665,49.320702601626564]}},{"id":"125","type":"Feature","properties":{"intersection_id":"CNV-INT-0126","street_names":"E 14TH ST / RUFUS AVE","neighbourhood":null,"public_space_composite":20.39,"composite_rank":503.0,"transit_score":12.76,"pedestrian_proxy_score":10.95,"parking_access_score":29.03,"intersection_prominence_score":27.15,"safety_score":88.93,"signalised":false,"full_signal":true,"collision_count":1.0,"collision_data_available":true,"transit_stops_250m":0,"transit_departures_250m":0.0,"onstreet_supply_250m":0.0,"onstreet_peak_occupancy_250m":null,"population_2021_400m":410.0,"components_available":5},"geometry":{"type":"Point","coordinates":[-123.04626922812672,49.32067298660727]}},{"id":"126","type":"Feature","properties":{"intersection_id":"CNV-INT-0127","street_names":"E 14TH ST / SUTHERLAND AVE","neighbourhood":"Grand Boulevard","public_space_composite":42.3,"composite_rank":334.0,"transit_score":83.46,"pedestrian_proxy_score":39.15,"parking_access_score":29.03,"intersection_prominence_score":37.77,"safety_score":88.93,"signalised":false,"full_signal":true,"collision_count":1.0,"collision_data_available":true,"transit_stops_250m":6,"transit_departures_250m":612.0,"onstreet_supply_250m":0.0,"onstreet_peak_occupancy_250m":null,"population_2021_400m":1012.7,"components_available":5},"geometry":{"type":"Point","coordinates":[-123.0546877016509,49.3207277789494]}},{"id":"127","type":"Feature","properties":{"intersection_id":"CNV-INT-0128","street_names":"E 15TH ST / RUFUS AVE","neighbourhood":"Grand Boulevard","public_space_composite":23.34,"composite_rank":495.0,"transit_score":12.76,"pedestrian_proxy_score":15.05,"parking_access_score":29.03,"intersection_prominence_score":37.77,"safety_score":null,"signalised":false,"full_signal":true,"collision_count":null,"collision_data_available":false,"transit_stops_250m":0,"transit_departures_250m":0.0,"onstreet_supply_250m":0.0,"onstreet_peak_occupancy_250m":null,"population_2021_400m":635.8,"components_available":5},"geometry":{"type":"Point","coordinates":[-123.04627933247498,49.321819860489654]}},{"id":"128","type":"Feature","properties":{"intersection_id":"CNV-INT-0129","street_names":"E 15TH ST / WILLIAM AVE","neighbourhood":"Grand Boulevard","public_space_composite":28.77,"composite_rank":466.0,"transit_score":12.76,"pedestrian_proxy_score":23.67,"parking_access_score":29.03,"intersection_prominence_score":56.34,"safety_score":88.93,"signalised":false,"full_signal":true,"collision_count":1.0,"collision_data_available":true,"transit_stops_250m":0,"transit_departures_250m":0.0,"onstreet_supply_250m":0.0,"onstreet_peak_occupancy_250m":null,"population_2021_400m":885.1,"components_available":5},"geometry":{"type":"Point","coordinates":[-123.05070217039453,49.32184498931265]}},{"id":"129","type":"Feature","properties":{"intersection_id":"CNV-INT-0130","street_names":"E 12TH ST / E GRAND BLVD","neighbourhood":"Grand Boulevard","public_space_composite":50.7,"composite_rank":224.0,"transit_score":66.49,"pedestrian_proxy_score":32.75,"parking_access_score":29.03,"intersection_prominence_score":37.77,"safety_score":null,"signalised":false,"full_signal":true,"collision_count":null,"collision_data_available":false,"transit_stops_250m":4,"transit_departures_250m":418.0,"onstreet_supply_250m":0.0,"onstreet_peak_occupancy_250m":null,"population_2021_400m":931.3,"components_available":5},"geometry":{"type":"Point","coordinates":[-123.0564373395595,49.31876150396603]}},{"id":"130","type":"Feature","properties":{"intersection_id":"CNV-INT-0131","street_names":"E 13TH ST / E GRAND BLVD","neighbourhood":"Grand Boulevard","public_space_composite":60.18,"composite_rank":123.0,"transit_score":86.2,"pedestrian_proxy_score":41.84,"parking_access_score":29.03,"intersection_prominence_score":56.34,"safety_score":null,"signalised":false,"full_signal":true,"collision_count":null,"collision_data_available":false,"transit_stops_250m":6,"transit_departures_250m":661.0,"onstreet_supply_250m":0.0,"onstreet_peak_occupancy_250m":null,"population_2021_400m":1087.5,"components_available":5},"geometry":{"type":"Point","coordinates":[-123.0564191962817,49.31981843999737]}},{"id":"131","type":"Feature","properties":{"intersection_id":"CNV-INT-0132","street_names":"E 13TH ST / W GRAND BLVD","neighbourhood":"Grand Boulevard","public_space_composite":57.14,"composite_rank":158.0,"transit_score":86.2,"pedestrian_proxy_score":45.42,"parking_access_score":29.03,"intersection_prominence_score":56.34,"safety_score":null,"signalised":false,"full_signal":true,"collision_count":null,"collision_data_available":false,"transit_stops_250m":6,"transit_departures_250m":661.0,"onstreet_supply_250m":0.0,"onstreet_peak_occupancy_250m":null,"population_2021_400m":1250.4,"components_available":5},"geometry":{"type":"Point","coordinates":[-123.0575806636422,49.31983135895739]}},{"id":"132","type":"Feature","properties":{"intersection_id":"CNV-INT-0133","street_names":"E 14TH ST / E GRAND BLVD","neighbourhood":"Grand Boulevard","public_space_composite":55.49,"composite_rank":179.0,"transit_score":83.46,"pedestrian_proxy_score":39.71,"parking_access_score":29.03,"intersection_prominence_score":37.77,"safety_score":null,"signalised":false,"full_signal":true,"collision_count":null,"collision_data_available":false,"transit_stops_250m":6,"transit_departures_250m":612.0,"onstreet_supply_250m":0.0,"onstreet_peak_occupancy_250m":null,"population_2021_400m":1237.7,"components_available":5},"geometry":{"type":"Point","coordinates":[-123.056371781665,49.3208484029688]}},{"id":"133","type":"Feature","properties":{"intersection_id":"CNV-INT-0134","street_names":"E 14TH ST / SUTHERLAND AVE","neighbourhood":"Grand Boulevard","public_space_composite":42.32,"composite_rank":333.0,"transit_score":83.46,"pedestrian_proxy_score":39.28,"parking_access_score":29.03,"intersection_prominence_score":37.77,"safety_score":null,"signalised":false,"full_signal":true,"collision_count":null,"collision_data_available":false,"transit_stops_250m":6,"transit_departures_250m":612.0,"onstreet_supply_250m":0.0,"onstreet_peak_occupancy_250m":null,"population_2021_400m":1032.1,"components_available":5},"geometry":{"type":"Point","coordinates":[-123.05467751073729,49.320844720263956]}},{"id":"134","type":"Feature","properties":{"intersection_id":"CNV-INT-0135","street_names":"E 15TH ST / SUTHERLAND AVE","neighbourhood":"Grand Boulevard","public_space_composite":48.34,"composite_rank":249.0,"transit_score":86.08,"pedestrian_proxy_score":48.2,"parking_access_score":29.03,"intersection_prominence_score":56.34,"safety_score":null,"signalised":false,"full_signal":true,"collision_count":null,"collision_data_available":false,"transit_stops_250m":6,"transit_departures_250m":658.0,"onstreet_supply_250m":0.0,"onstreet_peak_occupancy_250m":null,"population_2021_400m":1183.3,"components_available":5},"geometry":{"type":"Point","coordinates":[-123.05467005550776,49.32187916099435]}},{"id":"135","type":"Feature","properties":{"intersection_id":"CNV-INT-0136","street_names":"E 15TH ST / E GRAND BLVD","neighbourhood":"Grand Boulevard","public_space_composite":63.05,"composite_rank":98.0,"transit_score":91.98,"pedestrian_proxy_score":50.41,"parking_access_score":29.03,"intersection_prominence_score":56.34,"safety_score":null,"signalised":false,"full_signal":true,"collision_count":null,"collision_data_available":false,"transit_stops_250m":7,"transit_departures_250m":803.0,"onstreet_supply_250m":0.0,"onstreet_peak_occupancy_250m":null,"population_2021_400m":1338.5,"components_available":5},"geometry":{"type":"Point","coordinates":[-123.05635896463912,49.32189465071392]}},{"id":"136","type":"Feature","properties":{"intersection_id":"CNV-INT-0137","street_names":"E 15TH ST / W GRAND BLVD","neighbourhood":"Grand Boulevard","public_space_composite":60.08,"composite_rank":126.0,"transit_score":94.52,"pedestrian_proxy_score":51.82,"parking_access_score":29.03,"intersection_prominence_score":56.34,"safety_score":null,"signalised":false,"full_signal":true,"collision_count":null,"collision_data_available":false,"transit_stops_250m":8,"transit_departures_250m":948.0,"onstreet_supply_250m":0.0,"onstreet_peak_occupancy_250m":null,"population_2021_400m":1409.8,"components_available":5},"geometry":{"type":"Point","coordinates":[-123.05752503735283,49.32191375662656]}},{"id":"137","type":"Feature","properties":{"intersection_id":"CNV-INT-0138","street_names":"E 16TH ST / SUTHERLAND AVE","neighbourhood":"Grand Boulevard","public_space_composite":48.86,"composite_rank":244.0,"transit_score":87.49,"pedestrian_proxy_score":49.36,"parking_access_score":29.03,"intersection_prominence_score":56.34,"safety_score":72.33,"signalised":false,"full_signal":true,"collision_count":2.0,"collision_data_available":true,"transit_stops_250m":6,"transit_departures_250m":704.0,"onstreet_supply_250m":0.0,"onstreet_peak_occupancy_250m":null,"population_2021_400m":1255.8,"components_available":5},"geometry":{"type":"Point","coordinates":[-123.05464670294256,49.32292710262244]}},{"id":"138","type":"Feature","properties":{"intersection_id":"CNV-INT-0139","street_names":"E 16TH ST / E GRAND BLVD","neighbourhood":"Grand Boulevard","public_space_composite":57.72,"composite_rank":154.0,"transit_score":87.49,"pedestrian_proxy_score":46.83,"parking_access_score":29.03,"intersection_prominence_score":37.77,"safety_score":null,"signalised":false,"full_signal":true,"collision_count":null,"collision_data_available":false,"transit_stops_250m":6,"transit_departures_250m":704.0,"onstreet_supply_250m":0.0,"onstreet_peak_occupancy_250m":null,"population_2021_400m":1358.4,"components_available":5},"geometry":{"type":"Point","coordinates":[-123.05633205152184,49.3229372391807]}},{"id":"139","type":"Feature","properties":{"intersection_id":"CNV-INT-0140","street_names":"E 16TH ST / RUFUS AVE","neighbourhood":"Grand Boulevard","public_space_composite":23.85,"composite_rank":491.0,"transit_score":12.76,"pedestrian_proxy_score":17.64,"parking_access_score":29.03,"intersection_prominence_score":37.77,"safety_score":null,"signalised":false,"full_signal":true,"collision_count":null,"collision_data_available":false,"transit_stops_250m":0,"transit_departures_250m":0.0,"onstreet_supply_250m":0.0,"onstreet_peak_occupancy_250m":null,"population_2021_400m":927.7,"components_available":5},"geometry":{"type":"Point","coordinates":[-123.04623902701651,49.3228633087414]}},{"id":"140","type":"Feature","properties":{"intersection_id":"CNV-INT-0141","street_names":"E 16TH ST / WILLIAM AVE","neighbourhood":"Grand Boulevard","public_space_composite":29.33,"composite_rank":458.0,"transit_score":12.76,"pedestrian_proxy_score":26.47,"parking_access_score":29.03,"intersection_prominence_score":56.34,"safety_score":null,"signalised":false,"full_signal":true,"collision_count":null,"collision_data_available":false,"transit_stops_250m":0,"transit_departures_250m":0.0,"onstreet_supply_250m":0.0,"onstreet_peak_occupancy_250m":null,"population_2021_400m":1020.2,"components_available":5},"geometry":{"type":"Point","coordinates":[-123.0507006660954,49.32289292055317]}},{"id":"141","type":"Feature","properties":{"intersection_id":"CNV-INT-0142","street_names":"E 17TH ST / RUFUS AVE","neighbourhood":"Grand Boulevard","public_space_composite":21.98,"composite_rank":500.0,"transit_score":12.76,"pedestrian_proxy_score":18.91,"parking_access_score":29.03,"intersection_prominence_score":27.15,"safety_score":88.93,"signalised":false,"full_signal":true,"collision_count":1.0,"collision_data_available":true,"transit_stops_250m":0,"transit_departures_250m":0.0,"onstreet_supply_250m":0.0,"onstreet_peak_occupancy_250m":null,"population_2021_400m":1180.4,"components_available":5},"geometry":{"type":"Point","coordinates":[-123.04624342891658,49.32388874959047]}},{"id":"142","type":"Feature","properties":{"intersection_id":"CNV-INT-0143","street_names":"E 17TH ST / WILLIAM AVE","neighbourhood":"Grand Boulevard","public_space_composite":28.88,"composite_rank":465.0,"transit_score":12.76,"pedestrian_proxy_score":24.21,"parking_access_score":29.03,"intersection_prominence_score":56.34,"safety_score":null,"signalised":false,"full_signal":true,"collision_count":null,"collision_data_available":false,"transit_stops_250m":0,"transit_departures_250m":0.0,"onstreet_supply_250m":0.0,"onstreet_peak_occupancy_250m":null,"population_2021_400m":1092.5,"components_available":5},"geometry":{"type":"Point","coordinates":[-123.05066087009202,49.32392287817353]}},{"id":"143","type":"Feature","properties":{"intersection_id":"CNV-INT-0144","street_names":"UPPER LEVELS HWY / UPPER LEVELS RAMP","neighbourhood":"Grand Boulevard","public_space_composite":37.82,"composite_rank":381.0,"transit_score":12.76,"pedestrian_proxy_score":10.13,"parking_access_score":29.03,"intersection_prominence_score":37.77,"safety_score":null,"signalised":false,"full_signal":true,"collision_count":null,"collision_data_available":false,"transit_stops_250m":0,"transit_departures_250m":0.0,"onstreet_supply_250m":0.0,"onstreet_peak_occupancy_250m":null,"population_2021_400m":663.4,"components_available":5},"geometry":{"type":"Point","coordinates":[-123.05075378557805,49.32687773023545]}},{"id":"144","type":"Feature","properties":{"intersection_id":"CNV-INT-0145","street_names":"E 17TH ST / SUTHERLAND AVE","neighbourhood":"Grand Boulevard","public_space_composite":45.14,"composite_rank":289.0,"transit_score":72.17,"pedestrian_proxy_score":46.07,"parking_access_score":29.03,"intersection_prominence_score":56.34,"safety_score":88.93,"signalised":false,"full_signal":true,"collision_count":1.0,"collision_data_available":true,"transit_stops_250m":4,"transit_departures_250m":507.0,"onstreet_supply_250m":0.0,"onstreet_peak_occupancy_250m":null,"population_2021_400m":1275.1,"components_available":5},"geometry":{"type":"Point","coordinates":[-123.05465860442956,49.32396603227809]}},{"id":"145","type":"Feature","properties":{"intersection_id":"CNV-INT-0146","street_names":"E 17TH ST / E GRAND BLVD","neighbourhood":"Grand Boulevard","public_space_composite":64.29,"composite_rank":89.0,"transit_score":89.45,"pedestrian_proxy_score":49.14,"parking_access_score":29.03,"intersection_prominence_score":66.34,"safety_score":null,"signalised":true,"full_signal":true,"collision_count":null,"collision_data_available":false,"transit_stops_250m":6,"transit_departures_250m":749.0,"onstreet_supply_250m":0.0,"onstreet_peak_occupancy_250m":null,"population_2021_400m":1307.3,"components_available":5},"geometry":{"type":"Point","coordinates":[-123.05630783227654,49.323974235678875]}},{"id":"146","type":"Feature","properties":{"intersection_id":"CNV-INT-0147","street_names":"E 16TH ST / W GRAND BLVD","neighbourhood":"Grand Boulevard","public_space_composite":55.82,"composite_rank":177.0,"transit_score":95.23,"pedestrian_proxy_score":48.39,"parking_access_score":29.03,"intersection_prominence_score":37.77,"safety_score":null,"signalised":false,"full_signal":true,"collision_count":null,"collision_data_available":false,"transit_stops_250m":8,"transit_departures_250m":994.0,"onstreet_supply_250m":0.0,"onstreet_peak_occupancy_250m":null,"population_2021_400m":1389.9,"components_available":5},"geometry":{"type":"Point","coordinates":[-123.05750688620323,49.32294370512236]}},{"id":"147","type":"Feature","properties":{"intersection_id":"CNV-INT-0148","street_names":"E 17TH ST / W GRAND BLVD","neighbourhood":"Grand Boulevard","public_space_composite":58.58,"composite_rank":148.0,"transit_score":89.45,"pedestrian_proxy_score":49.37,"parking_access_score":29.03,"intersection_prominence_score":56.34,"safety_score":null,"signalised":false,"full_signal":true,"collision_count":null,"collision_data_available":false,"transit_stops_250m":6,"transit_departures_250m":749.0,"onstreet_supply_250m":0.0,"onstreet_peak_occupancy_250m":null,"population_2021_400m":1296.2,"components_available":5},"geometry":{"type":"Point","coordinates":[-123.05748617361921,49.323991645824094]}},{"id":"148","type":"Feature","properties":{"intersection_id":"CNV-INT-0149","street_names":"E 18TH ST / SUTHERLAND AVE","neighbourhood":"Grand Boulevard","public_space_composite":45.42,"composite_rank":286.0,"transit_score":77.94,"pedestrian_proxy_score":41.73,"parking_access_score":29.03,"intersection_prominence_score":56.34,"safety_score":63.36,"signalised":false,"full_signal":true,"collision_count":3.0,"collision_data_available":true,"transit_stops_250m":4,"transit_departures_250m":603.0,"onstreet_supply_250m":0.0,"onstreet_peak_occupancy_250m":null,"population_2021_400m":1168.8,"components_available":5},"geometry":{"type":"Point","coordinates":[-123.05464341601298,49.32500947210969]}},{"id":"149","type":"Feature","properties":{"intersection_id":"CNV-INT-0150","street_names":"E 18TH ST / E GRAND BLVD","neighbourhood":"Grand Boulevard","public_space_composite":54.02,"composite_rank":192.0,"transit_score":77.94,"pedestrian_proxy_score":37.9,"parking_access_score":29.03,"intersection_prominence_score":37.77,"safety_score":null,"signalised":false,"full_signal":true,"collision_count":null,"collision_data_available":false,"transit_stops_250m":4,"transit_departures_250m":603.0,"onstreet_supply_250m":0.0,"onstreet_peak_occupancy_250m":null,"population_2021_400m":1204.3,"components_available":5},"geometry":{"type":"Point","coordinates":[-123.05626041654534,49.325008696313574]}},{"id":"150","type":"Feature","properties":{"intersection_id":"CNV-INT-0151","street_names":"E 18TH ST / W GRAND BLVD","neighbourhood":"Grand Boulevard","public_space_composite":50.27,"composite_rank":229.0,"transit_score":77.94,"pedestrian_proxy_score":37.94,"parking_access_score":29.03,"intersection_prominence_score":37.77,"safety_score":null,"signalised":false,"full_signal":true,"collision_count":null,"collision_data_available":false,"transit_stops_250m":4,"transit_departures_250m":603.0,"onstreet_supply_250m":0.0,"onstreet_peak_occupancy_250m":null,"population_2021_400m":1197.1,"components_available":5},"geometry":{"type":"Point","coordinates":[-123.05745126910818,49.32503959428581]}},{"id":"151","type":"Feature","properties":{"intersection_id":"CNV-INT-0152","street_names":"E 19TH ST / SUTHERLAND AVE","neighbourhood":"Grand Boulevard","public_space_composite":38.09,"composite_rank":377.0,"transit_score":66.6,"pedestrian_proxy_score":35.0,"parking_access_score":29.03,"intersection_prominence_score":37.77,"safety_score":63.36,"signalised":false,"full_signal":true,"collision_count":3.0,"collision_data_available":true,"transit_stops_250m":3,"transit_departures_250m":453.0,"onstreet_supply_250m":0.0,"onstreet_peak_occupancy_250m":null,"population_2021_400m":1018.3,"components_available":5},"geometry":{"type":"Point","coordinates":[-123.05464068590597,49.326039413200924]}},{"id":"152","type":"Feature","properties":{"intersection_id":"CNV-INT-0153","street_names":"CEDAR VILLAGE CRES / RUFUS DR","neighbourhood":"Cedar Village","public_space_composite":23.58,"composite_rank":494.0,"transit_score":12.76,"pedestrian_proxy_score":16.28,"parking_access_score":29.03,"intersection_prominence_score":37.77,"safety_score":null,"signalised":false,"full_signal":true,"collision_count":null,"collision_data_available":false,"transit_stops_250m":0,"transit_departures_250m":0.0,"onstreet_supply_250m":0.0,"onstreet_peak_occupancy_250m":null,"population_2021_400m":999.1,"components_available":5},"geometry":{"type":"Point","coordinates":[-123.04500329064302,49.325895148255476]}},{"id":"153","type":"Feature","properties":{"intersection_id":"CNV-INT-0154","street_names":"E 18TH ST / WILLIAM AVE","neighbourhood":"Grand Boulevard","public_space_composite":21.43,"composite_rank":502.0,"transit_score":12.76,"pedestrian_proxy_score":16.13,"parking_access_score":29.03,"intersection_prominence_score":27.15,"safety_score":null,"signalised":false,"full_signal":true,"collision_count":null,"collision_data_available":false,"transit_stops_250m":0,"transit_departures_250m":0.0,"onstreet_supply_250m":0.0,"onstreet_peak_occupancy_250m":null,"population_2021_400m":965.6,"components_available":5},"geometry":{"type":"Point","coordinates":[-123.05066323005812,49.324966309786774]}},{"id":"154","type":"Feature","properties":{"intersection_id":"CNV-INT-0155","street_names":"CEDAR VILLAGE CL / CEDAR VILLAGE CRES","neighbourhood":"Cedar Village","public_space_composite":23.23,"composite_rank":496.0,"transit_score":12.76,"pedestrian_proxy_score":14.52,"parking_access_score":29.03,"intersection_prominence_score":37.77,"safety_score":null,"signalised":false,"full_signal":true,"collision_count":null,"collision_data_available":false,"transit_stops_250m":0,"transit_departures_250m":0.0,"onstreet_supply_250m":0.0,"onstreet_peak_occupancy_250m":null,"population_2021_400m":807.4,"components_available":5},"geometry":{"type":"Point","coordinates":[-123.04211933797937,49.32644043912464]}},{"id":"155","type":"Feature","properties":{"intersection_id":"CNV-INT-0156","street_names":"CASANO DR / RUFUS DR","neighbourhood":"Cedar Village","public_space_composite":23.2,"composite_rank":497.0,"transit_score":12.76,"pedestrian_proxy_score":14.38,"parking_access_score":29.03,"intersection_prominence_score":37.77,"safety_score":null,"signalised":false,"full_signal":true,"collision_count":null,"collision_data_available":false,"transit_stops_250m":0,"transit_departures_250m":0.0,"onstreet_supply_250m":0.0,"onstreet_peak_occupancy_250m":null,"population_2021_400m":888.9,"components_available":5},"geometry":{"type":"Point","coordinates":[-123.04608506080316,49.326533374521986]}},{"id":"156","type":"Feature","properties":{"intersection_id":"CNV-INT-0157","street_names":"E 18TH ST / MOODY AVE","neighbourhood":"Grand Boulevard","public_space_composite":30.81,"composite_rank":445.0,"transit_score":12.76,"pedestrian_proxy_score":33.83,"parking_access_score":29.03,"intersection_prominence_score":56.34,"safety_score":null,"signalised":false,"full_signal":true,"collision_count":null,"collision_data_available":false,"transit_stops_250m":0,"transit_departures_250m":0.0,"onstreet_supply_250m":0.0,"onstreet_peak_occupancy_250m":null,"population_2021_400m":1469.4,"components_available":5},"geometry":{"type":"Point","coordinates":[-123.05989141280364,49.32505634581351]}},{"id":"157","type":"Feature","properties":{"intersection_id":"CNV-INT-0158","street_names":"E 18TH ST / RIDGEWAY AVE","neighbourhood":"Grand Boulevard","public_space_composite":32.47,"composite_rank":425.0,"transit_score":12.76,"pedestrian_proxy_score":35.03,"parking_access_score":36.17,"intersection_prominence_score":56.34,"safety_score":72.33,"signalised":false,"full_signal":true,"collision_count":2.0,"collision_data_available":true,"transit_stops_250m":0,"transit_departures_250m":0.0,"onstreet_supply_250m":63.0,"onstreet_peak_occupancy_250m":0.937,"population_2021_400m":2013.4,"components_available":5},"geometry":{"type":"Point","coordinates":[-123.06295257824512,49.3250906976577]}},{"id":"158","type":"Feature","properties":{"intersection_id":"CNV-INT-0159","street_names":"E 19TH ST / GRAND BLVD / MOODY AVE","neighbourhood":"Grand Boulevard","public_space_composite":43.08,"composite_rank":322.0,"transit_score":12.76,"pedestrian_proxy_score":29.59,"parking_access_score":29.03,"intersection_prominence_score":75.35,"safety_score":19.27,"signalised":false,"full_signal":true,"collision_count":22.0,"collision_data_available":true,"transit_stops_250m":0,"transit_departures_250m":0.0,"onstreet_supply_250m":0.0,"onstreet_peak_occupancy_250m":null,"population_2021_400m":1310.3,"components_available":5},"geometry":{"type":"Point","coordinates":[-123.05987589574332,49.326090791212664]}},{"id":"159","type":"Feature","properties":{"intersection_id":"CNV-INT-0160","street_names":"E 19TH ST / QUEENSBURY AVE / W GRAND BLVD","neighbourhood":"Grand Boulevard","public_space_composite":57.81,"composite_rank":153.0,"transit_score":66.6,"pedestrian_proxy_score":39.38,"parking_access_score":29.03,"intersection_prominence_score":85.35,"safety_score":null,"signalised":true,"full_signal":true,"collision_count":null,"collision_data_available":false,"transit_stops_250m":3,"transit_departures_250m":453.0,"onstreet_supply_250m":0.0,"onstreet_peak_occupancy_250m":null,"population_2021_400m":1087.0,"components_available":5},"geometry":{"type":"Point","coordinates":[-123.05747763096781,49.326074018534925]}},{"id":"160","type":"Feature","properties":{"intersection_id":"CNV-INT-0161","street_names":"E 19TH ST / RIDGEWAY AVE","neighbourhood":"Grand Boulevard","public_space_composite":43.69,"composite_rank":311.0,"transit_score":12.76,"pedestrian_proxy_score":34.29,"parking_access_score":46.39,"intersection_prominence_score":56.34,"safety_score":63.36,"signalised":false,"full_signal":true,"collision_count":3.0,"collision_data_available":true,"transit_stops_250m":0,"transit_departures_250m":0.0,"onstreet_supply_250m":55.0,"onstreet_peak_occupancy_250m":0.731,"population_2021_400m":1762.1,"components_available":5},"geometry":{"type":"Point","coordinates":[-123.06295219538816,49.32613862878793]}},{"id":"161","type":"Feature","properties":{"intersection_id":"CNV-INT-0162","street_names":"E 20TH ST / QUEENSBURY AVE","neighbourhood":"Grand Boulevard","public_space_composite":34.5,"composite_rank":410.0,"transit_score":54.88,"pedestrian_proxy_score":28.74,"parking_access_score":29.03,"intersection_prominence_score":37.77,"safety_score":null,"signalised":false,"full_signal":true,"collision_count":null,"collision_data_available":false,"transit_stops_250m":2,"transit_departures_250m":302.0,"onstreet_supply_250m":0.0,"onstreet_peak_occupancy_250m":null,"population_2021_400m":988.2,"components_available":5},"geometry":{"type":"Point","coordinates":[-123.05753107340446,49.32709493555859]}},{"id":"162","type":"Feature","properties":{"intersection_id":"CNV-INT-0163","street_names":"E 20TH ST / MOODY AVE","neighbourhood":"Grand Boulevard","public_space_composite":29.08,"composite_rank":463.0,"transit_score":12.76,"pedestrian_proxy_score":25.21,"parking_access_score":29.03,"intersection_prominence_score":56.34,"safety_score":88.93,"signalised":false,"full_signal":true,"collision_count":1.0,"collision_data_available":true,"transit_stops_250m":0,"transit_departures_250m":0.0,"onstreet_supply_250m":0.0,"onstreet_peak_occupancy_250m":null,"population_2021_400m":1180.5,"components_available":5},"geometry":{"type":"Point","coordinates":[-123.05984788348782,49.32710725178465]}},{"id":"163","type":"Feature","properties":{"intersection_id":"CNV-INT-0164","street_names":"BOULEVARD CRES / E 19TH ST / E GRAND BLVD","neighbourhood":"Grand Boulevard","public_space_composite":59.45,"composite_rank":134.0,"transit_score":66.6,"pedestrian_proxy_score":38.16,"parking_access_score":29.03,"intersection_prominence_score":75.96,"safety_score":null,"signalised":true,"full_signal":true,"collision_count":null,"collision_data_available":false,"transit_stops_250m":3,"transit_departures_250m":453.0,"onstreet_supply_250m":0.0,"onstreet_peak_occupancy_250m":null,"population_2021_400m":1060.6,"components_available":5},"geometry":{"type":"Point","coordinates":[-123.05625216453886,49.32607012300817]}},{"id":"164","type":"Feature","properties":{"intersection_id":"CNV-INT-0165","street_names":"BOULEVARD CRES / E 21ST ST / UPPER LEVELS RAMP","neighbourhood":"Grand Boulevard","public_space_composite":55.24,"composite_rank":181.0,"transit_score":53.87,"pedestrian_proxy_score":29.88,"parking_access_score":29.03,"intersection_prominence_score":75.96,"safety_score":null,"signalised":true,"full_signal":true,"collision_count":null,"collision_data_available":false,"transit_stops_250m":2,"transit_departures_250m":301.0,"onstreet_supply_250m":0.0,"onstreet_peak_occupancy_250m":null,"population_2021_400m":815.6,"components_available":5},"geometry":{"type":"Point","coordinates":[-123.05503293694714,49.328000160008635]}},{"id":"165","type":"Feature","properties":{"intersection_id":"CNV-INT-0166","street_names":"UPPER LEVELS RAMP","neighbourhood":"Grand Boulevard","public_space_composite":44.69,"composite_rank":297.0,"transit_score":65.82,"pedestrian_proxy_score":31.26,"parking_access_score":29.03,"intersection_prominence_score":28.63,"safety_score":null,"signalised":false,"full_signal":true,"collision_count":null,"collision_data_available":false,"transit_stops_250m":3,"transit_departures_250m":451.0,"onstreet_supply_250m":0.0,"onstreet_peak_occupancy_250m":null,"population_2021_400m":819.2,"components_available":5},"geometry":{"type":"Point","coordinates":[-123.05456197462343,49.32758660851572]}},{"id":"166","type":"Feature","properties":{"intersection_id":"CNV-INT-0167","street_names":"UPPER LEVELS RAMP","neighbourhood":"Grand Boulevard","public_space_composite":40.05,"composite_rank":353.0,"transit_score":65.82,"pedestrian_proxy_score":24.66,"parking_access_score":29.03,"intersection_prominence_score":19.98,"safety_score":null,"signalised":false,"full_signal":true,"collision_count":null,"collision_data_available":false,"transit_stops_250m":3,"transit_departures_250m":451.0,"onstreet_supply_250m":0.0,"onstreet_peak_occupancy_250m":null,"population_2021_400m":817.6,"components_available":5},"geometry":{"type":"Point","coordinates":[-123.05389931479087,49.32727209078175]}},{"id":"167","type":"Feature","properties":{"intersection_id":"CNV-INT-0168","street_names":"BOULEVARD CRES / SUTHERLAND AVE / UPPER LEVELS RAMP","neighbourhood":"Grand Boulevard","public_space_composite":56.01,"composite_rank":175.0,"transit_score":66.6,"pedestrian_proxy_score":30.97,"parking_access_score":29.03,"intersection_prominence_score":65.96,"safety_score":88.93,"signalised":false,"full_signal":true,"collision_count":1.0,"collision_data_available":true,"transit_stops_250m":3,"transit_departures_250m":453.0,"onstreet_supply_250m":0.0,"onstreet_peak_occupancy_250m":null,"population_2021_400m":773.9,"components_available":5},"geometry":{"type":"Point","coordinates":[-123.05461222495134,49.328301696422265]}},{"id":"168","type":"Feature","properties":{"intersection_id":"CNV-INT-0169","street_names":"E 20TH ST / RIDGEWAY AVE","neighbourhood":"Grand Boulevard","public_space_composite":35.14,"composite_rank":406.0,"transit_score":12.76,"pedestrian_proxy_score":32.02,"parking_access_score":52.52,"intersection_prominence_score":56.34,"safety_score":88.93,"signalised":false,"full_signal":true,"collision_count":1.0,"collision_data_available":true,"transit_stops_250m":0,"transit_departures_250m":0.0,"onstreet_supply_250m":85.0,"onstreet_peak_occupancy_250m":0.659,"population_2021_400m":1557.6,"components_available":5},"geometry":{"type":"Point","coordinates":[-123.06289886006589,49.327146109683795]}},{"id":"169","type":"Feature","properties":{"intersection_id":"CNV-INT-0170","street_names":"E 21ST ST / QUEENSBURY AVE","neighbourhood":"Grand Boulevard","public_space_composite":37.57,"composite_rank":383.0,"transit_score":53.87,"pedestrian_proxy_score":26.55,"parking_access_score":29.03,"intersection_prominence_score":56.34,"safety_score":null,"signalised":false,"full_signal":true,"collision_count":null,"collision_data_available":false,"transit_stops_250m":2,"transit_departures_250m":301.0,"onstreet_supply_250m":0.0,"onstreet_peak_occupancy_250m":null,"population_2021_400m":970.8,"components_available":5},"geometry":{"type":"Point","coordinates":[-123.05752930450497,49.3281608562872]}},{"id":"170","type":"Feature","properties":{"intersection_id":"CNV-INT-0171","street_names":"E 21ST ST / MOODY AVE","neighbourhood":"Grand Boulevard","public_space_composite":28.2,"composite_rank":470.0,"transit_score":12.76,"pedestrian_proxy_score":20.78,"parking_access_score":29.03,"intersection_prominence_score":56.34,"safety_score":null,"signalised":false,"full_signal":true,"collision_count":null,"collision_data_available":false,"transit_stops_250m":0,"transit_departures_250m":0.0,"onstreet_supply_250m":0.0,"onstreet_peak_occupancy_250m":null,"population_2021_400m":1109.4,"components_available":5},"geometry":{"type":"Point","coordinates":[-123.05981260163688,49.32815969724553]}},{"id":"171","type":"Feature","properties":{"intersection_id":"CNV-INT-0172","street_names":"E 23RD ST / GRAND BLVD","neighbourhood":"Grand Boulevard","public_space_composite":31.92,"composite_rank":430.0,"transit_score":12.76,"pedestrian_proxy_score":21.99,"parking_access_score":29.03,"intersection_prominence_score":27.15,"safety_score":72.33,"signalised":false,"full_signal":true,"collision_count":2.0,"collision_data_available":true,"transit_stops_250m":0,"transit_departures_250m":0.0,"onstreet_supply_250m":0.0,"onstreet_peak_occupancy_250m":null,"population_2021_400m":1310.6,"components_available":5},"geometry":{"type":"Point","coordinates":[-123.06207215264884,49.3301374282787]}},{"id":"172","type":"Feature","properties":{"intersection_id":"CNV-INT-0173","street_names":"E 22ND ST / MOODY AVE","neighbourhood":"Grand Boulevard","public_space_composite":21.83,"composite_rank":501.0,"transit_score":12.76,"pedestrian_proxy_score":18.13,"parking_access_score":29.03,"intersection_prominence_score":27.15,"safety_score":null,"signalised":false,"full_signal":true,"collision_count":null,"collision_data_available":false,"transit_stops_250m":0,"transit_departures_250m":0.0,"onstreet_supply_250m":0.0,"onstreet_peak_occupancy_250m":null,"population_2021_400m":1129.8,"components_available":5},"geometry":{"type":"Point","coordinates":[-123.05977718354481,49.32909970469945]}},{"id":"173","type":"Feature","properties":{"intersection_id":"CNV-INT-0174","street_names":"E 22ND ST / QUEENSBURY AVE","neighbourhood":"Grand Boulevard","public_space_composite":33.99,"composite_rank":412.0,"transit_score":39.89,"pedestrian_proxy_score":22.63,"parking_access_score":29.03,"intersection_prominence_score":56.34,"safety_score":null,"signalised":false,"full_signal":true,"collision_count":null,"collision_data_available":false,"transit_stops_250m":1,"transit_departures_250m":149.0,"onstreet_supply_250m":0.0,"onstreet_peak_occupancy_250m":null,"population_2021_400m":1021.6,"components_available":5},"geometry":{"type":"Point","coordinates":[-123.05749210652877,49.3290873703685]}},{"id":"174","type":"Feature","properties":{"intersection_id":"CNV-INT-0175","street_names":"E 22ND ST / RIDGEWAY AVE","neighbourhood":"Grand Boulevard","public_space_composite":30.03,"composite_rank":451.0,"transit_score":12.76,"pedestrian_proxy_score":25.51,"parking_access_score":52.06,"intersection_prominence_score":37.77,"safety_score":72.33,"signalised":false,"full_signal":true,"collision_count":2.0,"collision_data_available":true,"transit_stops_250m":0,"transit_departures_250m":0.0,"onstreet_supply_250m":80.0,"onstreet_peak_occupancy_250m":0.66,"population_2021_400m":1352.8,"components_available":5},"geometry":{"type":"Point","coordinates":[-123.06286057490296,49.32916553125003]}},{"id":"175","type":"Feature","properties":{"intersection_id":"CNV-INT-0176","street_names":"E 23RD ST / RIDGEWAY AVE","neighbourhood":"Grand Boulevard","public_space_composite":44.08,"composite_rank":307.0,"transit_score":12.76,"pedestrian_proxy_score":24.7,"parking_access_score":57.92,"intersection_prominence_score":56.34,"safety_score":88.93,"signalised":false,"full_signal":true,"collision_count":1.0,"collision_data_available":true,"transit_stops_250m":0,"transit_departures_250m":0.0,"onstreet_supply_250m":37.0,"onstreet_peak_occupancy_250m":0.326,"population_2021_400m":1358.4,"components_available":5},"geometry":{"type":"Point","coordinates":[-123.06281107746,49.33015052263555]}},{"id":"176","type":"Feature","properties":{"intersection_id":"CNV-INT-0177","street_names":"BOULEVARD CRES / LYNN VALLEY RD / UPPER LEVELS HWY","neighbourhood":"Tempe","public_space_composite":53.96,"composite_rank":194.0,"transit_score":53.87,"pedestrian_proxy_score":21.54,"parking_access_score":29.03,"intersection_prominence_score":65.96,"safety_score":null,"signalised":false,"full_signal":true,"collision_count":null,"collision_data_available":false,"transit_stops_250m":2,"transit_departures_250m":301.0,"onstreet_supply_250m":0.0,"onstreet_peak_occupancy_250m":null,"population_2021_400m":671.7,"components_available":5},"geometry":{"type":"Point","coordinates":[-123.05355652495034,49.32883739812813]}},{"id":"177","type":"Feature","properties":{"intersection_id":"CNV-INT-0178","street_names":"E 22ND ST / SUTHERLAND AVE","neighbourhood":"Grand Boulevard","public_space_composite":33.19,"composite_rank":421.0,"transit_score":53.87,"pedestrian_proxy_score":23.21,"parking_access_score":29.03,"intersection_prominence_score":37.77,"safety_score":null,"signalised":false,"full_signal":true,"collision_count":null,"collision_data_available":false,"transit_stops_250m":2,"transit_departures_250m":301.0,"onstreet_supply_250m":0.0,"onstreet_peak_occupancy_250m":null,"population_2021_400m":778.7,"components_available":5},"geometry":{"type":"Point","coordinates":[-123.05459585581661,49.329057292764816]}},{"id":"178","type":"Feature","properties":{"intersection_id":"CNV-INT-0179","street_names":"TEMPE KNOLL DR / WILDING WAY","neighbourhood":"Tempe","public_space_composite":29.87,"composite_rank":453.0,"transit_score":40.57,"pedestrian_proxy_score":19.91,"parking_access_score":29.03,"intersection_prominence_score":37.77,"safety_score":88.93,"signalised":false,"full_signal":true,"collision_count":1.0,"collision_data_available":true,"transit_stops_250m":1,"transit_departures_250m":152.0,"onstreet_supply_250m":0.0,"onstreet_peak_occupancy_250m":null,"population_2021_400m":872.2,"components_available":5},"geometry":{"type":"Point","coordinates":[-123.05375781048721,49.331212012080734]}},{"id":"179","type":"Feature","properties":{"intersection_id":"CNV-INT-0180","street_names":"E 12TH ST / RIDGEWAY AVE","neighbourhood":"Central Lonsdale","public_space_composite":37.44,"composite_rank":386.0,"transit_score":12.76,"pedestrian_proxy_score":41.53,"parking_access_score":54.48,"intersection_prominence_score":56.34,"safety_score":56.3,"signalised":false,"full_signal":true,"collision_count":4.0,"collision_data_available":true,"transit_stops_250m":0,"transit_departures_250m":0.0,"onstreet_supply_250m":104.0,"onstreet_peak_occupancy_250m":0.871,"population_2021_400m":2504.0,"components_available":5},"geometry":{"type":"Point","coordinates":[-123.06309338360381,49.3188345205457]}},{"id":"180","type":"Feature","properties":{"intersection_id":"CNV-INT-0181","street_names":"E 13TH ST / RIDGEWAY AVE","neighbourhood":"Central Lonsdale","public_space_composite":59.49,"composite_rank":133.0,"transit_score":52.76,"pedestrian_proxy_score":53.88,"parking_access_score":72.36,"intersection_prominence_score":66.34,"safety_score":50.38,"signalised":true,"full_signal":true,"collision_count":5.0,"collision_data_available":true,"transit_stops_250m":2,"transit_departures_250m":291.0,"onstreet_supply_250m":62.0,"onstreet_peak_occupancy_250m":0.436,"population_2021_400m":2622.2,"components_available":5},"geometry":{"type":"Point","coordinates":[-123.06307020678804,49.31987796769982]}},{"id":"181","type":"Feature","properties":{"intersection_id":"CNV-INT-0182","street_names":"E 13TH ST / ST. ANDREWS AVE","neighbourhood":"Central Lonsdale","public_space_composite":63.25,"composite_rank":97.0,"transit_score":52.76,"pedestrian_proxy_score":65.86,"parking_access_score":79.2,"intersection_prominence_score":66.34,"safety_score":null,"signalised":true,"full_signal":true,"collision_count":null,"collision_data_available":false,"transit_stops_250m":2,"transit_departures_250m":291.0,"onstreet_supply_250m":381.0,"onstreet_peak_occupancy_250m":0.64,"population_2021_400m":4434.7,"components_available":5},"geometry":{"type":"Point","coordinates":[-123.06614524899418,49.319916725853545]}},{"id":"182","type":"Feature","properties":{"intersection_id":"CNV-INT-0183","street_names":"E 13TH ST / MOODY AVE","neighbourhood":"Grand Boulevard","public_space_composite":52.44,"composite_rank":211.0,"transit_score":51.75,"pedestrian_proxy_score":46.63,"parking_access_score":45.37,"intersection_prominence_score":66.34,"safety_score":50.38,"signalised":true,"full_signal":true,"collision_count":5.0,"collision_data_available":true,"transit_stops_250m":2,"transit_departures_250m":290.0,"onstreet_supply_250m":0.0,"onstreet_peak_occupancy_250m":null,"population_2021_400m":1698.3,"components_available":5},"geometry":{"type":"Point","coordinates":[-123.06002699538675,49.31984360786205]}},{"id":"183","type":"Feature","properties":{"intersection_id":"CNV-INT-0184","street_names":"E 14TH ST / MOODY AVE","neighbourhood":"Grand Boulevard","public_space_composite":42.77,"composite_rank":327.0,"transit_score":75.7,"pedestrian_proxy_score":49.3,"parking_access_score":29.03,"intersection_prominence_score":37.77,"safety_score":88.93,"signalised":false,"full_signal":true,"collision_count":1.0,"collision_data_available":true,"transit_stops_250m":4,"transit_departures_250m":582.0,"onstreet_supply_250m":0.0,"onstreet_peak_occupancy_250m":null,"population_2021_400m":1727.2,"components_available":5},"geometry":{"type":"Point","coordinates":[-123.06001537812094,49.32090053908034]}},{"id":"184","type":"Feature","properties":{"intersection_id":"CNV-INT-0185","street_names":"E 14TH ST / RIDGEWAY AVE","neighbourhood":"Central Lonsdale","public_space_composite":56.52,"composite_rank":167.0,"transit_score":76.03,"pedestrian_proxy_score":64.3,"parking_access_score":63.85,"intersection_prominence_score":56.34,"safety_score":88.93,"signalised":false,"full_signal":true,"collision_count":1.0,"collision_data_available":true,"transit_stops_250m":4,"transit_departures_250m":582.0,"onstreet_supply_250m":23.0,"onstreet_peak_occupancy_250m":0.632,"population_2021_400m":2703.0,"components_available":5},"geometry":{"type":"Point","coordinates":[-123.0630457426369,49.32092591112041]}},{"id":"185","type":"Feature","properties":{"intersection_id":"CNV-INT-0186","street_names":"E 15TH ST / MOODY AVE","neighbourhood":"Grand Boulevard","public_space_composite":58.14,"composite_rank":150.0,"transit_score":84.66,"pedestrian_proxy_score":51.96,"parking_access_score":29.03,"intersection_prominence_score":56.34,"safety_score":88.93,"signalised":false,"full_signal":true,"collision_count":1.0,"collision_data_available":true,"transit_stops_250m":5,"transit_departures_250m":678.0,"onstreet_supply_250m":0.0,"onstreet_peak_occupancy_250m":null,"population_2021_400m":1734.8,"components_available":5},"geometry":{"type":"Point","coordinates":[-123.05997750761058,49.32193949440317]}},{"id":"186","type":"Feature","properties":{"intersection_id":"CNV-INT-0187","street_names":"E 13TH ST / ST. GEORGES AVE","neighbourhood":"Central Lonsdale","public_space_composite":78.03,"composite_rank":26.0,"transit_score":68.83,"pedestrian_proxy_score":81.19,"parking_access_score":86.29,"intersection_prominence_score":66.34,"safety_score":9.35,"signalised":true,"full_signal":true,"collision_count":42.0,"collision_data_available":true,"transit_stops_250m":3,"transit_departures_250m":518.0,"onstreet_supply_250m":620.0,"onstreet_peak_occupancy_250m":0.643,"population_2021_400m":6614.5,"components_available":5},"geometry":{"type":"Point","coordinates":[-123.06926243050134,49.31995088028793]}},{"id":"187","type":"Feature","properties":{"intersection_id":"CNV-INT-0188","street_names":"E 13TH ST / LONSDALE AVE / W 13TH ST","neighbourhood":"Central Lonsdale","public_space_composite":87.91,"composite_rank":3.0,"transit_score":88.15,"pedestrian_proxy_score":90.72,"parking_access_score":87.17,"intersection_prominence_score":86.02,"safety_score":1.91,"signalised":true,"full_signal":true,"collision_count":85.0,"collision_data_available":true,"transit_stops_250m":5,"transit_departures_250m":807.0,"onstreet_supply_250m":674.0,"onstreet_peak_occupancy_250m":0.659,"population_2021_400m":7705.5,"components_available":5},"geometry":{"type":"Point","coordinates":[-123.07238950190917,49.31998044779685]}},{"id":"188","type":"Feature","properties":{"intersection_id":"CNV-INT-0189","street_names":"E 14TH ST / ST. GEORGES AVE","neighbourhood":"Central Lonsdale","public_space_composite":72.31,"composite_rank":45.0,"transit_score":88.17,"pedestrian_proxy_score":83.51,"parking_access_score":90.01,"intersection_prominence_score":47.77,"safety_score":null,"signalised":true,"full_signal":true,"collision_count":null,"collision_data_available":false,"transit_stops_250m":5,"transit_departures_250m":809.0,"onstreet_supply_250m":702.0,"onstreet_peak_occupancy_250m":0.632,"population_2021_400m":6639.4,"components_available":5},"geometry":{"type":"Point","coordinates":[-123.06923680479215,49.32099432906337]}},{"id":"189","type":"Feature","properties":{"intersection_id":"CNV-INT-0190","street_names":"E 15TH ST / ST. GEORGES AVE","neighbourhood":"Central Lonsdale","public_space_composite":78.8,"composite_rank":23.0,"transit_score":87.58,"pedestrian_proxy_score":82.76,"parking_access_score":88.62,"intersection_prominence_score":66.34,"safety_score":12.6,"signalised":true,"full_signal":true,"collision_count":30.0,"collision_data_available":true,"transit_stops_250m":5,"transit_departures_250m":777.0,"onstreet_supply_250m":689.0,"onstreet_peak_occupancy_250m":0.646,"population_2021_400m":6514.0,"components_available":5},"geometry":{"type":"Point","coordinates":[-123.0692042885366,49.322033284213006]}},{"id":"190","type":"Feature","properties":{"intersection_id":"CNV-INT-0191","street_names":"E 15TH ST / ST. ANDREWS AVE","neighbourhood":"Central Lonsdale","public_space_composite":74.61,"composite_rank":31.0,"transit_score":86.51,"pedestrian_proxy_score":71.59,"parking_access_score":79.9,"intersection_prominence_score":66.34,"safety_score":28.44,"signalised":true,"full_signal":true,"collision_count":14.0,"collision_data_available":true,"transit_stops_250m":5,"transit_departures_250m":728.0,"onstreet_supply_250m":346.0,"onstreet_peak_occupancy_250m":0.585,"population_2021_400m":4419.0,"components_available":5},"geometry":{"type":"Point","coordinates":[-123.06610072908441,49.321994622856415]}},{"id":"191","type":"Feature","properties":{"intersection_id":"CNV-INT-0192","street_names":"E 15TH ST / EASTERN AVE","neighbourhood":"Central Lonsdale","public_space_composite":74.82,"composite_rank":30.0,"transit_score":96.02,"pedestrian_proxy_score":86.17,"parking_access_score":85.47,"intersection_prominence_score":37.77,"safety_score":28.44,"signalised":false,"full_signal":true,"collision_count":14.0,"collision_data_available":true,"transit_stops_250m":7,"transit_departures_250m":1071.0,"onstreet_supply_250m":649.0,"onstreet_peak_occupancy_250m":0.682,"population_2021_400m":7466.6,"components_available":5},"geometry":{"type":"Point","coordinates":[-123.07077648632576,49.322045824802714]}},{"id":"192","type":"Feature","properties":{"intersection_id":"CNV-INT-0193","street_names":"E 16TH ST / ST. GEORGES AVE","neighbourhood":"Central Lonsdale","public_space_composite":65.08,"composite_rank":81.0,"transit_score":76.6,"pedestrian_proxy_score":79.77,"parking_access_score":79.17,"intersection_prominence_score":37.77,"safety_score":46.37,"signalised":false,"full_signal":true,"collision_count":6.0,"collision_data_available":true,"transit_stops_250m":4,"transit_departures_250m":594.0,"onstreet_supply_250m":669.0,"onstreet_peak_occupancy_250m":0.793,"population_2021_400m":6338.7,"components_available":5},"geometry":{"type":"Point","coordinates":[-123.06917174081259,49.323049751405286]}},{"id":"193","type":"Feature","properties":{"intersection_id":"CNV-INT-0194","street_names":"E 16TH ST / ST. ANDREWS AVE","neighbourhood":"Central Lonsdale","public_space_composite":59.66,"composite_rank":131.0,"transit_score":76.18,"pedestrian_proxy_score":71.52,"parking_access_score":72.2,"intersection_prominence_score":56.34,"safety_score":88.93,"signalised":false,"full_signal":true,"collision_count":1.0,"collision_data_available":true,"transit_stops_250m":4,"transit_departures_250m":582.0,"onstreet_supply_250m":332.0,"onstreet_peak_occupancy_250m":0.715,"population_2021_400m":4129.5,"components_available":5},"geometry":{"type":"Point","coordinates":[-123.0660819073545,49.323033569103856]}},{"id":"194","type":"Feature","properties":{"intersection_id":"CNV-INT-0195","street_names":"E 14TH ST / ST. ANDREWS AVE","neighbourhood":"Central Lonsdale","public_space_composite":56.34,"composite_rank":170.0,"transit_score":76.18,"pedestrian_proxy_score":69.63,"parking_access_score":76.04,"intersection_prominence_score":37.77,"safety_score":null,"signalised":false,"full_signal":true,"collision_count":null,"collision_data_available":false,"transit_stops_250m":4,"transit_departures_250m":582.0,"onstreet_supply_250m":369.0,"onstreet_peak_occupancy_250m":0.698,"population_2021_400m":4537.4,"components_available":5},"geometry":{"type":"Point","coordinates":[-123.06611053102914,49.320964677592166]}},{"id":"195","type":"Feature","properties":{"intersection_id":"CNV-INT-0196","street_names":"E 15TH ST / RIDGEWAY AVE","neighbourhood":"Central Lonsdale","public_space_composite":64.58,"composite_rank":86.0,"transit_score":76.03,"pedestrian_proxy_score":61.52,"parking_access_score":60.32,"intersection_prominence_score":56.34,"safety_score":50.38,"signalised":false,"full_signal":true,"collision_count":5.0,"collision_data_available":true,"transit_stops_250m":4,"transit_departures_250m":582.0,"onstreet_supply_250m":33.0,"onstreet_peak_occupancy_250m":0.701,"population_2021_400m":2636.5,"components_available":5},"geometry":{"type":"Point","coordinates":[-123.0630272833726,49.32196035929995]}},{"id":"196","type":"Feature","properties":{"intersection_id":"CNV-INT-0197","street_names":"E 16TH ST / RIDGEWAY AVE","neighbourhood":"Grand Boulevard","public_space_composite":52.95,"composite_rank":206.0,"transit_score":76.03,"pedestrian_proxy_score":58.19,"parking_access_score":52.14,"intersection_prominence_score":56.34,"safety_score":null,"signalised":false,"full_signal":true,"collision_count":null,"collision_data_available":false,"transit_stops_250m":4,"transit_departures_250m":582.0,"onstreet_supply_250m":75.0,"onstreet_peak_occupancy_250m":0.886,"population_2021_400m":2495.0,"components_available":5},"geometry":{"type":"Point","coordinates":[-123.06298346641323,49.323008313778985]}},{"id":"197","type":"Feature","properties":{"intersection_id":"CNV-INT-0198","street_names":"E 16TH ST / MOODY AVE","neighbourhood":"Grand Boulevard","public_space_composite":46.95,"composite_rank":265.0,"transit_score":75.7,"pedestrian_proxy_score":51.62,"parking_access_score":29.03,"intersection_prominence_score":56.34,"safety_score":null,"signalised":false,"full_signal":true,"collision_count":null,"collision_data_available":false,"transit_stops_250m":4,"transit_departures_250m":582.0,"onstreet_supply_250m":0.0,"onstreet_peak_occupancy_250m":null,"population_2021_400m":1705.7,"components_available":5},"geometry":{"type":"Point","coordinates":[-123.05995640896529,49.32297844082638]}},{"id":"198","type":"Feature","properties":{"intersection_id":"CNV-INT-0199","street_names":"E 17TH ST / MOODY AVE","neighbourhood":"Grand Boulevard","public_space_composite":49.68,"composite_rank":233.0,"transit_score":51.75,"pedestrian_proxy_score":42.57,"parking_access_score":29.03,"intersection_prominence_score":56.34,"safety_score":null,"signalised":false,"full_signal":true,"collision_count":null,"collision_data_available":false,"transit_stops_250m":2,"transit_departures_250m":290.0,"onstreet_supply_250m":0.0,"onstreet_peak_occupancy_250m":null,"population_2021_400m":1626.8,"components_available":5},"geometry":{"type":"Point","coordinates":[-123.05992885126612,49.324012893751714]}},{"id":"199","type":"Feature","properties":{"intersection_id":"CNV-INT-0200","street_names":"E 17TH ST / RIDGEWAY AVE","neighbourhood":"Grand Boulevard","public_space_composite":54.55,"composite_rank":187.0,"transit_score":52.76,"pedestrian_proxy_score":50.02,"parking_access_score":44.95,"intersection_prominence_score":56.34,"safety_score":null,"signalised":false,"full_signal":true,"collision_count":null,"collision_data_available":false,"transit_stops_250m":2,"transit_departures_250m":291.0,"onstreet_supply_250m":85.0,"onstreet_peak_occupancy_250m":0.793,"population_2021_400m":2277.2,"components_available":5},"geometry":{"type":"Point","coordinates":[-123.06296759546795,49.32405175527348]}},{"id":"200","type":"Feature","properties":{"intersection_id":"CNV-INT-0201","street_names":"E 17TH ST / EASTERN AVE","neighbourhood":"Central Lonsdale","public_space_composite":70.36,"composite_rank":52.0,"transit_score":86.97,"pedestrian_proxy_score":84.54,"parking_access_score":73.84,"intersection_prominence_score":37.77,"safety_score":50.38,"signalised":false,"full_signal":true,"collision_count":5.0,"collision_data_available":true,"transit_stops_250m":5,"transit_departures_250m":748.0,"onstreet_supply_250m":751.0,"onstreet_peak_occupancy_250m":0.889,"population_2021_400m":6407.3,"components_available":5},"geometry":{"type":"Point","coordinates":[-123.0707106026138,49.3241327031472]}},{"id":"201","type":"Feature","properties":{"intersection_id":"CNV-INT-0202","street_names":"E 17TH ST / ST. GEORGES AVE","neighbourhood":"Central Lonsdale","public_space_composite":69.39,"composite_rank":54.0,"transit_score":65.81,"pedestrian_proxy_score":79.26,"parking_access_score":76.87,"intersection_prominence_score":56.34,"safety_score":16.03,"signalised":false,"full_signal":true,"collision_count":26.0,"collision_data_available":true,"transit_stops_250m":3,"transit_departures_250m":447.0,"onstreet_supply_250m":706.0,"onstreet_peak_occupancy_250m":0.812,"population_2021_400m":5804.4,"components_available":5},"geometry":{"type":"Point","coordinates":[-123.06916291912852,49.324120174873336]}},{"id":"202","type":"Feature","properties":{"intersection_id":"CNV-INT-0203","street_names":"E 17TH ST / ST. ANDREWS AVE","neighbourhood":"Central Lonsdale","public_space_composite":60.68,"composite_rank":120.0,"transit_score":52.76,"pedestrian_proxy_score":59.51,"parking_access_score":66.11,"intersection_prominence_score":56.34,"safety_score":46.37,"signalised":false,"full_signal":true,"collision_count":6.0,"collision_data_available":true,"transit_stops_250m":2,"transit_departures_250m":291.0,"onstreet_supply_250m":417.0,"onstreet_peak_occupancy_250m":0.855,"population_2021_400m":3736.7,"components_available":5},"geometry":{"type":"Point","coordinates":[-123.06606051799656,49.32408151263748]}},{"id":"203","type":"Feature","properties":{"intersection_id":"CNV-INT-0204","street_names":"E 18TH ST / ST. GEORGES AVE","neighbourhood":"Central Lonsdale","public_space_composite":59.09,"composite_rank":140.0,"transit_score":40.17,"pedestrian_proxy_score":73.08,"parking_access_score":73.76,"intersection_prominence_score":56.34,"safety_score":41.98,"signalised":false,"full_signal":true,"collision_count":7.0,"collision_data_available":true,"transit_stops_250m":1,"transit_departures_250m":157.0,"onstreet_supply_250m":742.0,"onstreet_peak_occupancy_250m":0.884,"population_2021_400m":5056.9,"components_available":5},"geometry":{"type":"Point","coordinates":[-123.06911878088243,49.325154638833446]}},{"id":"204","type":"Feature","properties":{"intersection_id":"CNV-INT-0205","street_names":"E 18TH ST / ST. ANDREWS AVE","neighbourhood":"Central Lonsdale","public_space_composite":38.61,"composite_rank":372.0,"transit_score":12.76,"pedestrian_proxy_score":50.69,"parking_access_score":51.21,"intersection_prominence_score":56.34,"safety_score":56.3,"signalised":false,"full_signal":true,"collision_count":4.0,"collision_data_available":true,"transit_stops_250m":0,"transit_departures_250m":0.0,"onstreet_supply_250m":437.0,"onstreet_peak_occupancy_250m":0.844,"population_2021_400m":3465.0,"components_available":5},"geometry":{"type":"Point","coordinates":[-123.0660296378709,49.32510697272803]}},{"id":"205","type":"Feature","properties":{"intersection_id":"CNV-INT-0206","street_names":"E 18TH ST / LONSDALE AVE / W 18TH ST","neighbourhood":"Central Lonsdale","public_space_composite":81.06,"composite_rank":18.0,"transit_score":77.27,"pedestrian_proxy_score":83.9,"parking_access_score":70.61,"intersection_prominence_score":86.02,"safety_score":8.59,"signalised":true,"full_signal":true,"collision_count":46.0,"collision_data_available":true,"transit_stops_250m":4,"transit_departures_250m":602.0,"onstreet_supply_250m":708.0,"onstreet_peak_occupancy_250m":0.899,"population_2021_400m":5783.1,"components_available":5},"geometry":{"type":"Point","coordinates":[-123.07227930044307,49.32518868599667]}},{"id":"206","type":"Feature","properties":{"intersection_id":"CNV-INT-0207","street_names":"E 19TH ST / ST. GEORGES AVE","neighbourhood":"Central Lonsdale","public_space_composite":65.11,"composite_rank":78.0,"transit_score":53.87,"pedestrian_proxy_score":74.98,"parking_access_score":71.65,"intersection_prominence_score":56.34,"safety_score":19.27,"signalised":false,"full_signal":true,"collision_count":22.0,"collision_data_available":true,"transit_stops_250m":2,"transit_departures_250m":301.0,"onstreet_supply_250m":733.0,"onstreet_peak_occupancy_250m":0.89,"population_2021_400m":4204.9,"components_available":5},"geometry":{"type":"Point","coordinates":[-123.06908972654857,49.32621158134149]}},{"id":"207","type":"Feature","properties":{"intersection_id":"CNV-INT-0208","street_names":"E 19TH ST / ST. ANDREWS AVE","neighbourhood":"Central Lonsdale","public_space_composite":47.26,"composite_rank":260.0,"transit_score":12.76,"pedestrian_proxy_score":46.63,"parking_access_score":51.88,"intersection_prominence_score":56.34,"safety_score":35.11,"signalised":false,"full_signal":true,"collision_count":10.0,"collision_data_available":true,"transit_stops_250m":0,"transit_departures_250m":0.0,"onstreet_supply_250m":430.0,"onstreet_peak_occupancy_250m":0.825,"population_2021_400m":2992.3,"components_available":5},"geometry":{"type":"Point","coordinates":[-123.0659867720806,49.32617741500436]}},{"id":"208","type":"Feature","properties":{"intersection_id":"CNV-INT-0209","street_names":"E 19TH ST / LONSDALE AVE / W 19TH ST","neighbourhood":"Central Lonsdale","public_space_composite":81.36,"composite_rank":16.0,"transit_score":77.46,"pedestrian_proxy_score":82.67,"parking_access_score":73.16,"intersection_prominence_score":86.02,"safety_score":5.15,"signalised":true,"full_signal":true,"collision_count":59.0,"collision_data_available":true,"transit_stops_250m":4,"transit_departures_250m":602.0,"onstreet_supply_250m":737.0,"onstreet_peak_occupancy_250m":0.872,"population_2021_400m":4901.2,"components_available":5},"geometry":{"type":"Point","coordinates":[-123.07224988299068,49.32624562953066]}},{"id":"209","type":"Feature","properties":{"intersection_id":"CNV-INT-0210","street_names":"E 20TH ST / ST. GEORGES AVE","neighbourhood":"Central Lonsdale","public_space_composite":63.31,"composite_rank":95.0,"transit_score":54.19,"pedestrian_proxy_score":73.55,"parking_access_score":70.39,"intersection_prominence_score":66.34,"safety_score":23.47,"signalised":true,"full_signal":true,"collision_count":18.0,"collision_data_available":true,"transit_stops_250m":2,"transit_departures_250m":301.0,"onstreet_supply_250m":716.0,"onstreet_peak_occupancy_250m":0.852,"population_2021_400m":3544.7,"components_available":5},"geometry":{"type":"Point","coordinates":[-123.06905330875344,49.32723254762689]}},{"id":"210","type":"Feature","properties":{"intersection_id":"CNV-INT-0211","street_names":"E 20TH ST / ST. ANDREWS AVE","neighbourhood":"Central Lonsdale","public_space_composite":40.09,"composite_rank":352.0,"transit_score":12.76,"pedestrian_proxy_score":44.31,"parking_access_score":64.96,"intersection_prominence_score":56.34,"safety_score":88.93,"signalised":false,"full_signal":true,"collision_count":1.0,"collision_data_available":true,"transit_stops_250m":0,"transit_departures_250m":0.0,"onstreet_supply_250m":449.0,"onstreet_peak_occupancy_250m":0.815,"population_2021_400m":2582.2,"components_available":5},"geometry":{"type":"Point","coordinates":[-123.06600313419992,49.32715787130751]}},{"id":"211","type":"Feature","properties":{"intersection_id":"CNV-INT-0212","street_names":"E 20TH ST / LONSDALE AVE / W 20TH ST","neighbourhood":"Central Lonsdale","public_space_composite":80.48,"composite_rank":20.0,"transit_score":77.27,"pedestrian_proxy_score":79.38,"parking_access_score":72.27,"intersection_prominence_score":86.02,"safety_score":4.58,"signalised":true,"full_signal":true,"collision_count":65.0,"collision_data_available":true,"transit_stops_250m":4,"transit_departures_250m":602.0,"onstreet_supply_250m":690.0,"onstreet_peak_occupancy_250m":0.854,"population_2021_400m":4145.4,"components_available":5},"geometry":{"type":"Point","coordinates":[-123.07221353051597,49.32726659677529]}},{"id":"212","type":"Feature","properties":{"intersection_id":"CNV-INT-0213","street_names":"E 21ST ST / ST. GEORGES AVE","neighbourhood":"Central Lonsdale","public_space_composite":61.46,"composite_rank":112.0,"transit_score":53.87,"pedestrian_proxy_score":73.71,"parking_access_score":71.31,"intersection_prominence_score":56.34,"safety_score":18.13,"signalised":false,"full_signal":true,"collision_count":23.0,"collision_data_available":true,"transit_stops_250m":2,"transit_departures_250m":301.0,"onstreet_supply_250m":653.0,"onstreet_peak_occupancy_250m":0.802,"population_2021_400m":3087.3,"components_available":5},"geometry":{"type":"Point","coordinates":[-123.06905474919276,49.328262486210356]}},{"id":"213","type":"Feature","properties":{"intersection_id":"CNV-INT-0214","street_names":"E 21ST ST / ST. ANDREWS AVE","neighbourhood":"Central Lonsdale","public_space_composite":38.84,"composite_rank":365.0,"transit_score":12.76,"pedestrian_proxy_score":37.48,"parking_access_score":65.57,"intersection_prominence_score":56.34,"safety_score":88.93,"signalised":false,"full_signal":true,"collision_count":1.0,"collision_data_available":true,"transit_stops_250m":0,"transit_departures_250m":0.0,"onstreet_supply_250m":392.0,"onstreet_peak_occupancy_250m":0.77,"population_2021_400m":2181.8,"components_available":5},"geometry":{"type":"Point","coordinates":[-123.06595125173497,49.328241811891886]}},{"id":"214","type":"Feature","properties":{"intersection_id":"CNV-INT-0215","street_names":"E 21ST ST / EASTERN AVE","neighbourhood":"Central Lonsdale","public_space_composite":60.11,"composite_rank":125.0,"transit_score":87.18,"pedestrian_proxy_score":78.47,"parking_access_score":75.06,"intersection_prominence_score":37.77,"safety_score":null,"signalised":false,"full_signal":true,"collision_count":null,"collision_data_available":false,"transit_stops_250m":5,"transit_departures_250m":759.0,"onstreet_supply_250m":719.0,"onstreet_peak_occupancy_250m":0.784,"population_2021_400m":3341.3,"components_available":5},"geometry":{"type":"Point","coordinates":[-123.0705015808231,49.328288598045226]}},{"id":"215","type":"Feature","properties":{"intersection_id":"CNV-INT-0216","street_names":"E 22ND ST / ST. GEORGES AVE","neighbourhood":"Central Lonsdale","public_space_composite":66.68,"composite_rank":69.0,"transit_score":66.63,"pedestrian_proxy_score":75.1,"parking_access_score":73.24,"intersection_prominence_score":66.34,"safety_score":56.3,"signalised":true,"full_signal":true,"collision_count":4.0,"collision_data_available":true,"transit_stops_250m":3,"transit_departures_250m":458.0,"onstreet_supply_250m":530.0,"onstreet_peak_occupancy_250m":0.709,"population_2021_400m":2715.0,"components_available":5},"geometry":{"type":"Point","coordinates":[-123.06903677208119,49.32924746159888]}},{"id":"216","type":"Feature","properties":{"intersection_id":"CNV-INT-0217","street_names":"E 22ND ST / EASTERN AVE","neighbourhood":"Central Lonsdale","public_space_composite":56.51,"composite_rank":168.0,"transit_score":77.27,"pedestrian_proxy_score":73.51,"parking_access_score":71.92,"intersection_prominence_score":37.77,"safety_score":88.93,"signalised":false,"full_signal":true,"collision_count":1.0,"collision_data_available":true,"transit_stops_250m":4,"transit_departures_250m":602.0,"onstreet_supply_250m":528.0,"onstreet_peak_occupancy_250m":0.728,"population_2021_400m":2964.9,"components_available":5},"geometry":{"type":"Point","coordinates":[-123.07046472282039,49.329282579373626]}},{"id":"217","type":"Feature","properties":{"intersection_id":"CNV-INT-0218","street_names":"E 22ND ST / ST. ANDREWS AVE","neighbourhood":"Grand Boulevard","public_space_composite":40.87,"composite_rank":346.0,"transit_score":12.76,"pedestrian_proxy_score":45.09,"parking_access_score":68.09,"intersection_prominence_score":56.34,"safety_score":null,"signalised":false,"full_signal":true,"collision_count":null,"collision_data_available":false,"transit_stops_250m":0,"transit_departures_250m":0.0,"onstreet_supply_250m":314.0,"onstreet_peak_occupancy_250m":0.698,"population_2021_400m":1867.1,"components_available":5},"geometry":{"type":"Point","coordinates":[-123.06589534819604,49.32921331486829]}},{"id":"218","type":"Feature","properties":{"intersection_id":"CNV-INT-0219","street_names":"E 21ST ST / RIDGEWAY AVE","neighbourhood":"Grand Boulevard","public_space_composite":29.63,"composite_rank":455.0,"transit_score":12.76,"pedestrian_proxy_score":28.96,"parking_access_score":46.6,"intersection_prominence_score":37.77,"safety_score":null,"signalised":false,"full_signal":true,"collision_count":null,"collision_data_available":false,"transit_stops_250m":0,"transit_departures_250m":0.0,"onstreet_supply_250m":86.0,"onstreet_peak_occupancy_250m":0.766,"population_2021_400m":1424.9,"components_available":5},"geometry":{"type":"Point","coordinates":[-123.06288169378008,49.32818955201958]}},{"id":"219","type":"Feature","properties":{"intersection_id":"CNV-INT-0220","street_names":"E 23RD ST / ST. ANDREWS AVE","neighbourhood":"Grand Boulevard","public_space_composite":47.64,"composite_rank":258.0,"transit_score":12.76,"pedestrian_proxy_score":44.14,"parking_access_score":56.29,"intersection_prominence_score":56.34,"safety_score":72.33,"signalised":false,"full_signal":true,"collision_count":2.0,"collision_data_available":true,"transit_stops_250m":0,"transit_departures_250m":0.0,"onstreet_supply_250m":218.0,"onstreet_peak_occupancy_250m":0.658,"population_2021_400m":1724.0,"components_available":5},"geometry":{"type":"Point","coordinates":[-123.06588028308873,49.3301713008329]}},{"id":"220","type":"Feature","properties":{"intersection_id":"CNV-INT-0221","street_names":"E 23RD ST / ST. GEORGES AVE","neighbourhood":"Central Lonsdale","public_space_composite":65.68,"composite_rank":76.0,"transit_score":53.87,"pedestrian_proxy_score":67.72,"parking_access_score":71.76,"intersection_prominence_score":66.34,"safety_score":14.31,"signalised":true,"full_signal":true,"collision_count":28.0,"collision_data_available":true,"transit_stops_250m":2,"transit_departures_250m":301.0,"onstreet_supply_250m":374.0,"onstreet_peak_occupancy_250m":0.653,"population_2021_400m":2381.9,"components_available":5},"geometry":{"type":"Point","coordinates":[-123.06898133869716,49.33020547207599]}},{"id":"221","type":"Feature","properties":{"intersection_id":"CNV-INT-0222","street_names":"E 23RD ST / LONSDALE AVE / W 23RD ST","neighbourhood":"Central Lonsdale","public_space_composite":75.69,"composite_rank":27.0,"transit_score":66.63,"pedestrian_proxy_score":74.51,"parking_access_score":73.89,"intersection_prominence_score":75.96,"safety_score":1.53,"signalised":true,"full_signal":true,"collision_count":96.0,"collision_data_available":true,"transit_stops_250m":3,"transit_departures_250m":458.0,"onstreet_supply_250m":337.0,"onstreet_peak_occupancy_250m":0.583,"population_2021_400m":2784.0,"components_available":5},"geometry":{"type":"Point","coordinates":[-123.07215465641237,49.33023951503008]}},{"id":"222","type":"Feature","properties":{"intersection_id":"CNV-INT-0223","street_names":"E 24TH ST / ST. GEORGES AVE","neighbourhood":"Central Lonsdale","public_space_composite":44.92,"composite_rank":293.0,"transit_score":12.76,"pedestrian_proxy_score":53.83,"parking_access_score":68.16,"intersection_prominence_score":37.77,"safety_score":31.3,"signalised":false,"full_signal":true,"collision_count":12.0,"collision_data_available":true,"transit_stops_250m":0,"transit_departures_250m":0.0,"onstreet_supply_250m":196.0,"onstreet_peak_occupancy_250m":0.643,"population_2021_400m":2140.2,"components_available":5},"geometry":{"type":"Point","coordinates":[-123.06894444869566,49.3311994526023]}},{"id":"223","type":"Feature","properties":{"intersection_id":"CNV-INT-0224","street_names":"E 24TH ST / ST. ANDREWS AVE","neighbourhood":"Central Lonsdale","public_space_composite":37.88,"composite_rank":380.0,"transit_score":12.76,"pedestrian_proxy_score":41.61,"parking_access_score":56.63,"intersection_prominence_score":56.34,"safety_score":null,"signalised":false,"full_signal":true,"collision_count":null,"collision_data_available":false,"transit_stops_250m":0,"transit_departures_250m":0.0,"onstreet_supply_250m":107.0,"onstreet_peak_occupancy_250m":0.597,"population_2021_400m":1712.0,"components_available":5},"geometry":{"type":"Point","coordinates":[-123.06587902882762,49.33116526006006]}},{"id":"224","type":"Feature","properties":{"intersection_id":"CNV-INT-0225","street_names":"E UPPER LEVELS HWY / ST. GEORGES AVE / UPPER LEVELS RAMP","neighbourhood":"Central Lonsdale","public_space_composite":49.04,"composite_rank":243.0,"transit_score":12.76,"pedestrian_proxy_score":52.65,"parking_access_score":71.67,"intersection_prominence_score":47.39,"safety_score":null,"signalised":false,"full_signal":true,"collision_count":null,"collision_data_available":false,"transit_stops_250m":0,"transit_departures_250m":0.0,"onstreet_supply_250m":79.0,"onstreet_peak_occupancy_250m":0.434,"population_2021_400m":2094.6,"components_available":5},"geometry":{"type":"Point","coordinates":[-123.0689614698852,49.33168517776879]}},{"id":"225","type":"Feature","properties":{"intersection_id":"CNV-INT-0226","street_names":"E UPPER LEVELS HWY / LONSDALE AVE / UPPER LEVELS RAMP","neighbourhood":"Central Lonsdale","public_space_composite":74.57,"composite_rank":33.0,"transit_score":65.83,"pedestrian_proxy_score":70.87,"parking_access_score":72.72,"intersection_prominence_score":75.96,"safety_score":null,"signalised":true,"full_signal":true,"collision_count":null,"collision_data_available":false,"transit_stops_250m":3,"transit_departures_250m":445.0,"onstreet_supply_250m":93.0,"onstreet_peak_occupancy_250m":0.402,"population_2021_400m":2368.5,"components_available":5},"geometry":{"type":"Point","coordinates":[-123.07209960700938,49.331714746575734]}},{"id":"226","type":"Feature","properties":{"intersection_id":"CNV-INT-0227","street_names":"UPPER LEVELS HWY / UPPER LEVELS RAMP","neighbourhood":"Grand Boulevard","public_space_composite":51.37,"composite_rank":221.0,"transit_score":12.76,"pedestrian_proxy_score":30.45,"parking_access_score":57.92,"intersection_prominence_score":56.34,"safety_score":null,"signalised":false,"full_signal":true,"collision_count":null,"collision_data_available":false,"transit_stops_250m":0,"transit_departures_250m":0.0,"onstreet_supply_250m":37.0,"onstreet_peak_occupancy_250m":0.326,"population_2021_400m":1675.2,"components_available":5},"geometry":{"type":"Point","coordinates":[-123.06527228068742,49.33191669590262]}},{"id":"227","type":"Feature","properties":{"intersection_id":"CNV-INT-0228","street_names":"LONSDALE AVE / UPPER LEVELS HWY","neighbourhood":"Central Lonsdale","public_space_composite":72.44,"composite_rank":43.0,"transit_score":65.83,"pedestrian_proxy_score":70.75,"parking_access_score":59.87,"intersection_prominence_score":66.34,"safety_score":null,"signalised":true,"full_signal":true,"collision_count":null,"collision_data_available":false,"transit_stops_250m":3,"transit_departures_250m":445.0,"onstreet_supply_250m":69.0,"onstreet_peak_occupancy_250m":0.396,"population_2021_400m":2366.1,"components_available":5},"geometry":{"type":"Point","coordinates":[-123.07208623091691,49.33198010941]}},{"id":"228","type":"Feature","properties":{"intersection_id":"CNV-INT-0229","street_names":"VINEDALE RD / WILDING PL / WILDING WAY","neighbourhood":"Tempe","public_space_composite":29.17,"composite_rank":460.0,"transit_score":12.76,"pedestrian_proxy_score":16.04,"parking_access_score":29.03,"intersection_prominence_score":65.96,"safety_score":null,"signalised":false,"full_signal":true,"collision_count":null,"collision_data_available":false,"transit_stops_250m":0,"transit_departures_250m":0.0,"onstreet_supply_250m":0.0,"onstreet_peak_occupancy_250m":null,"population_2021_400m":940.8,"components_available":5},"geometry":{"type":"Point","coordinates":[-123.05370870073331,49.332327427018356]}},{"id":"229","type":"Feature","properties":{"intersection_id":"CNV-INT-0230","street_names":"26TH CRES / E 26TH ST / WILDING WAY","neighbourhood":"Tempe","public_space_composite":25.41,"composite_rank":480.0,"transit_score":12.76,"pedestrian_proxy_score":15.8,"parking_access_score":29.03,"intersection_prominence_score":47.39,"safety_score":null,"signalised":false,"full_signal":true,"collision_count":null,"collision_data_available":false,"transit_stops_250m":0,"transit_departures_250m":0.0,"onstreet_supply_250m":0.0,"onstreet_peak_occupancy_250m":null,"population_2021_400m":903.3,"components_available":5},"geometry":{"type":"Point","coordinates":[-123.05367601092094,49.333119010664596]}},{"id":"230","type":"Feature","properties":{"intersection_id":"CNV-INT-0231","street_names":"E 24TH ST / RIDGEWAY AVE","neighbourhood":"Grand Boulevard","public_space_composite":25.0,"composite_rank":484.0,"transit_score":12.76,"pedestrian_proxy_score":23.38,"parking_access_score":29.03,"intersection_prominence_score":37.77,"safety_score":null,"signalised":false,"full_signal":true,"collision_count":null,"collision_data_available":false,"transit_stops_250m":0,"transit_departures_250m":0.0,"onstreet_supply_250m":0.0,"onstreet_peak_occupancy_250m":null,"population_2021_400m":1406.0,"components_available":5},"geometry":{"type":"Point","coordinates":[-123.06277190495098,49.331140003974355]}},{"id":"231","type":"Feature","properties":{"intersection_id":"CNV-INT-0232","street_names":"E 25TH ST / RIDGEWAY AVE","neighbourhood":"Tempe","public_space_composite":25.11,"composite_rank":483.0,"transit_score":12.76,"pedestrian_proxy_score":23.93,"parking_access_score":29.03,"intersection_prominence_score":37.77,"safety_score":null,"signalised":false,"full_signal":true,"collision_count":null,"collision_data_available":false,"transit_stops_250m":0,"transit_departures_250m":0.0,"onstreet_supply_250m":0.0,"onstreet_peak_occupancy_250m":null,"population_2021_400m":1477.7,"components_available":5},"geometry":{"type":"Point","coordinates":[-123.06274704679683,49.33222392767921]}},{"id":"232","type":"Feature","properties":{"intersection_id":"CNV-INT-0233","street_names":"TEMPE GLEN DR / TEMPE KNOLL DR","neighbourhood":"Tempe","public_space_composite":38.06,"composite_rank":378.0,"transit_score":12.76,"pedestrian_proxy_score":23.47,"parking_access_score":29.03,"intersection_prominence_score":56.34,"safety_score":null,"signalised":false,"full_signal":true,"collision_count":null,"collision_data_available":false,"transit_stops_250m":0,"transit_departures_250m":0.0,"onstreet_supply_250m":0.0,"onstreet_peak_occupancy_250m":null,"population_2021_400m":1424.5,"components_available":5},"geometry":{"type":"Point","coordinates":[-123.05746516578327,49.33254599941379]}},{"id":"233","type":"Feature","properties":{"intersection_id":"CNV-INT-0234","street_names":"E 26TH ST / RIDGEWAY AVE","neighbourhood":"Tempe","public_space_composite":22.68,"composite_rank":499.0,"transit_score":12.76,"pedestrian_proxy_score":22.4,"parking_access_score":29.03,"intersection_prominence_score":27.15,"safety_score":null,"signalised":false,"full_signal":true,"collision_count":null,"collision_data_available":false,"transit_stops_250m":0,"transit_departures_250m":0.0,"onstreet_supply_250m":0.0,"onstreet_peak_occupancy_250m":null,"population_2021_400m":1407.7,"components_available":5},"geometry":{"type":"Point","coordinates":[-123.06273392677791,49.333069473870125]}},{"id":"234","type":"Feature","properties":{"intersection_id":"CNV-INT-0235","street_names":"MAITLAND AVE / TEMPE CRES","neighbourhood":"Tempe","public_space_composite":28.38,"composite_rank":468.0,"transit_score":29.51,"pedestrian_proxy_score":23.54,"parking_access_score":29.03,"intersection_prominence_score":37.77,"safety_score":null,"signalised":false,"full_signal":true,"collision_count":null,"collision_data_available":false,"transit_stops_250m":1,"transit_departures_250m":57.0,"onstreet_supply_250m":0.0,"onstreet_peak_occupancy_250m":null,"population_2021_400m":1354.6,"components_available":5},"geometry":{"type":"Point","coordinates":[-123.0615579669346,49.333411919776665]}},{"id":"235","type":"Feature","properties":{"intersection_id":"CNV-INT-0236","street_names":"BRAND ST / MAITLAND AVE","neighbourhood":"Tempe","public_space_composite":33.63,"composite_rank":415.0,"transit_score":36.9,"pedestrian_proxy_score":23.82,"parking_access_score":29.03,"intersection_prominence_score":56.34,"safety_score":null,"signalised":false,"full_signal":true,"collision_count":null,"collision_data_available":false,"transit_stops_250m":2,"transit_departures_250m":109.0,"onstreet_supply_250m":0.0,"onstreet_peak_occupancy_250m":null,"population_2021_400m":1274.4,"components_available":5},"geometry":{"type":"Point","coordinates":[-123.06153492738409,49.333906661362924]}},{"id":"236","type":"Feature","properties":{"intersection_id":"CNV-INT-0237","street_names":"E 27TH ST / TEMPE CRES","neighbourhood":"Tempe","public_space_composite":32.41,"composite_rank":426.0,"transit_score":46.24,"pedestrian_proxy_score":26.93,"parking_access_score":29.03,"intersection_prominence_score":37.77,"safety_score":88.93,"signalised":false,"full_signal":true,"collision_count":1.0,"collision_data_available":true,"transit_stops_250m":3,"transit_departures_250m":166.0,"onstreet_supply_250m":0.0,"onstreet_peak_occupancy_250m":null,"population_2021_400m":1275.2,"components_available":5},"geometry":{"type":"Point","coordinates":[-123.06390644390414,49.33406728618584]}},{"id":"237","type":"Feature","properties":{"intersection_id":"CNV-INT-0238","street_names":"MAITLAND AVE / SOMERSET ST","neighbourhood":"Tempe","public_space_composite":31.65,"composite_rank":433.0,"transit_score":46.24,"pedestrian_proxy_score":23.14,"parking_access_score":29.03,"intersection_prominence_score":37.77,"safety_score":null,"signalised":false,"full_signal":true,"collision_count":null,"collision_data_available":false,"transit_stops_250m":3,"transit_departures_250m":166.0,"onstreet_supply_250m":0.0,"onstreet_peak_occupancy_250m":null,"population_2021_400m":1107.1,"components_available":5},"geometry":{"type":"Point","coordinates":[-123.06154288467543,49.334770186131514]}},{"id":"238","type":"Feature","properties":{"intersection_id":"CNV-INT-0239","street_names":"WEYMOUTH DR / WILDING WAY","neighbourhood":"Tempe","public_space_composite":29.94,"composite_rank":452.0,"transit_score":40.57,"pedestrian_proxy_score":20.27,"parking_access_score":29.03,"intersection_prominence_score":37.77,"safety_score":null,"signalised":false,"full_signal":true,"collision_count":null,"collision_data_available":false,"transit_stops_250m":1,"transit_departures_250m":152.0,"onstreet_supply_250m":0.0,"onstreet_peak_occupancy_250m":null,"population_2021_400m":894.8,"components_available":5},"geometry":{"type":"Point","coordinates":[-123.05370779552726,49.33149538002852]}},{"id":"239","type":"Feature","properties":{"intersection_id":"CNV-INT-0240","street_names":"26TH CRES / TEMPE KNOLL DR","neighbourhood":"Tempe","public_space_composite":24.74,"composite_rank":486.0,"transit_score":12.76,"pedestrian_proxy_score":22.06,"parking_access_score":29.03,"intersection_prominence_score":37.77,"safety_score":null,"signalised":false,"full_signal":true,"collision_count":null,"collision_data_available":false,"transit_stops_250m":0,"transit_departures_250m":0.0,"onstreet_supply_250m":0.0,"onstreet_peak_occupancy_250m":null,"population_2021_400m":1306.2,"components_available":5},"geometry":{"type":"Point","coordinates":[-123.05639164411625,49.332218208023264]}},{"id":"240","type":"Feature","properties":{"intersection_id":"CNV-INT-0241","street_names":"MUNDAY PL / TEMPE GLEN DR","neighbourhood":"Tempe","public_space_composite":39.13,"composite_rank":360.0,"transit_score":36.9,"pedestrian_proxy_score":23.24,"parking_access_score":29.03,"intersection_prominence_score":37.77,"safety_score":null,"signalised":false,"full_signal":true,"collision_count":null,"collision_data_available":false,"transit_stops_250m":2,"transit_departures_250m":109.0,"onstreet_supply_250m":0.0,"onstreet_peak_occupancy_250m":null,"population_2021_400m":1028.8,"components_available":5},"geometry":{"type":"Point","coordinates":[-123.05553965554023,49.334193043104506]}},{"id":"241","type":"Feature","properties":{"intersection_id":"CNV-INT-0242","street_names":"TEMPE GLEN DR / TEMPE KNOLL DR","neighbourhood":"Tempe","public_space_composite":38.74,"composite_rank":369.0,"transit_score":36.9,"pedestrian_proxy_score":21.33,"parking_access_score":29.03,"intersection_prominence_score":37.77,"safety_score":null,"signalised":false,"full_signal":true,"collision_count":null,"collision_data_available":false,"transit_stops_250m":2,"transit_departures_250m":109.0,"onstreet_supply_250m":0.0,"onstreet_peak_occupancy_250m":null,"population_2021_400m":947.9,"components_available":5},"geometry":{"type":"Point","coordinates":[-123.05518683382905,49.33447655755056]}},{"id":"242","type":"Feature","properties":{"intersection_id":"CNV-INT-0243","street_names":"MUNDAY PL / TEMPE GLEN DR","neighbourhood":"Tempe","public_space_composite":38.57,"composite_rank":373.0,"transit_score":36.9,"pedestrian_proxy_score":20.48,"parking_access_score":29.03,"intersection_prominence_score":37.77,"safety_score":null,"signalised":false,"full_signal":true,"collision_count":null,"collision_data_available":false,"transit_stops_250m":2,"transit_departures_250m":109.0,"onstreet_supply_250m":0.0,"onstreet_peak_occupancy_250m":null,"population_2021_400m":859.0,"components_available":5},"geometry":{"type":"Point","coordinates":[-123.05478453291012,49.33475109927469]}},{"id":"243","type":"Feature","properties":{"intersection_id":"CNV-INT-0244","street_names":"E 25TH ST / ST. ANDREWS AVE","neighbourhood":"Tempe","public_space_composite":33.54,"composite_rank":418.0,"transit_score":12.76,"pedestrian_proxy_score":37.17,"parking_access_score":57.92,"intersection_prominence_score":37.77,"safety_score":null,"signalised":false,"full_signal":true,"collision_count":null,"collision_data_available":false,"transit_stops_250m":0,"transit_departures_250m":0.0,"onstreet_supply_250m":37.0,"onstreet_peak_occupancy_250m":0.326,"population_2021_400m":1743.8,"components_available":5},"geometry":{"type":"Point","coordinates":[-123.06583269572302,49.33222221138006]}},{"id":"244","type":"Feature","properties":{"intersection_id":"CNV-INT-0245","street_names":"E 26TH ST / ST. ANDREWS AVE","neighbourhood":"Tempe","public_space_composite":29.81,"composite_rank":454.0,"transit_score":12.76,"pedestrian_proxy_score":28.84,"parking_access_score":29.03,"intersection_prominence_score":56.34,"safety_score":72.33,"signalised":false,"full_signal":true,"collision_count":2.0,"collision_data_available":true,"transit_stops_250m":0,"transit_departures_250m":0.0,"onstreet_supply_250m":0.0,"onstreet_peak_occupancy_250m":null,"population_2021_400m":1624.0,"components_available":5},"geometry":{"type":"Point","coordinates":[-123.06579602780049,49.33310824836804]}},{"id":"245","type":"Feature","properties":{"intersection_id":"CNV-INT-0246","street_names":"E 27TH ST / ST. ANDREWS AVE","neighbourhood":"Tempe","public_space_composite":35.07,"composite_rank":407.0,"transit_score":36.9,"pedestrian_proxy_score":31.0,"parking_access_score":29.03,"intersection_prominence_score":56.34,"safety_score":88.93,"signalised":false,"full_signal":true,"collision_count":1.0,"collision_data_available":true,"transit_stops_250m":2,"transit_departures_250m":109.0,"onstreet_supply_250m":0.0,"onstreet_peak_occupancy_250m":null,"population_2021_400m":1417.4,"components_available":5},"geometry":{"type":"Point","coordinates":[-123.06580161796899,49.33407521790714]}},{"id":"246","type":"Feature","properties":{"intersection_id":"CNV-INT-0247","street_names":"E 28TH ST / ST. ANDREWS AVE","neighbourhood":"Tempe","public_space_composite":33.28,"composite_rank":420.0,"transit_score":46.24,"pedestrian_proxy_score":31.27,"parking_access_score":29.03,"intersection_prominence_score":37.77,"safety_score":null,"signalised":false,"full_signal":true,"collision_count":null,"collision_data_available":false,"transit_stops_250m":3,"transit_departures_250m":166.0,"onstreet_supply_250m":0.0,"onstreet_peak_occupancy_250m":null,"population_2021_400m":1188.4,"components_available":5},"geometry":{"type":"Point","coordinates":[-123.0657855801055,49.33495224866621]}},{"id":"247","type":"Feature","properties":{"intersection_id":"CNV-INT-0248","street_names":"E 25TH ST","neighbourhood":"Tempe","public_space_composite":42.76,"composite_rank":329.0,"transit_score":12.76,"pedestrian_proxy_score":53.6,"parking_access_score":58.06,"intersection_prominence_score":28.63,"safety_score":null,"signalised":false,"full_signal":true,"collision_count":null,"collision_data_available":false,"transit_stops_250m":0,"transit_departures_250m":0.0,"onstreet_supply_250m":60.0,"onstreet_peak_occupancy_250m":0.484,"population_2021_400m":2150.4,"components_available":5},"geometry":{"type":"Point","coordinates":[-123.06952780241127,49.33229822004344]}},{"id":"248","type":"Feature","properties":{"intersection_id":"CNV-INT-0249","street_names":"E 25TH ST / ST. GEORGES AVE","neighbourhood":"Tempe","public_space_composite":36.61,"composite_rank":400.0,"transit_score":12.76,"pedestrian_proxy_score":53.78,"parking_access_score":56.66,"intersection_prominence_score":37.77,"safety_score":72.33,"signalised":false,"full_signal":true,"collision_count":2.0,"collision_data_available":true,"transit_stops_250m":0,"transit_departures_250m":0.0,"onstreet_supply_250m":65.0,"onstreet_peak_occupancy_250m":0.528,"population_2021_400m":2086.5,"components_available":5},"geometry":{"type":"Point","coordinates":[-123.0689296368636,49.332296863399016]}},{"id":"249","type":"Feature","properties":{"intersection_id":"CNV-INT-0250","street_names":"E 25TH ST / LONSDALE AVE / W 25TH ST","neighbourhood":"Central Lonsdale","public_space_composite":68.82,"composite_rank":59.0,"transit_score":53.87,"pedestrian_proxy_score":67.97,"parking_access_score":58.84,"intersection_prominence_score":75.96,"safety_score":null,"signalised":true,"full_signal":true,"collision_count":null,"collision_data_available":false,"transit_stops_250m":2,"transit_departures_250m":301.0,"onstreet_supply_250m":43.0,"onstreet_peak_occupancy_250m":0.165,"population_2021_400m":2356.5,"components_available":5},"geometry":{"type":"Point","coordinates":[-123.07206734784256,49.33230394469631]}},{"id":"250","type":"Feature","properties":{"intersection_id":"CNV-INT-0251","street_names":"E 26TH ST / ST. GEORGES AVE","neighbourhood":"Tempe","public_space_composite":36.79,"composite_rank":398.0,"transit_score":39.41,"pedestrian_proxy_score":55.66,"parking_access_score":29.03,"intersection_prominence_score":37.77,"safety_score":72.33,"signalised":false,"full_signal":true,"collision_count":2.0,"collision_data_available":true,"transit_stops_250m":1,"transit_departures_250m":144.0,"onstreet_supply_250m":0.0,"onstreet_peak_occupancy_250m":null,"population_2021_400m":1935.2,"components_available":5},"geometry":{"type":"Point","coordinates":[-123.06892263189718,49.333133411554556]}},{"id":"251","type":"Feature","properties":{"intersection_id":"CNV-INT-0252","street_names":"E 26TH ST / ST. GEORGES AVE","neighbourhood":"Tempe","public_space_composite":36.91,"composite_rank":396.0,"transit_score":39.41,"pedestrian_proxy_score":56.26,"parking_access_score":29.03,"intersection_prominence_score":37.77,"safety_score":null,"signalised":false,"full_signal":true,"collision_count":null,"collision_data_available":false,"transit_stops_250m":1,"transit_departures_250m":144.0,"onstreet_supply_250m":0.0,"onstreet_peak_occupancy_250m":null,"population_2021_400m":1906.1,"components_available":5},"geometry":{"type":"Point","coordinates":[-123.06891935554006,49.33325034975352]}},{"id":"252","type":"Feature","properties":{"intersection_id":"CNV-INT-0253","street_names":"E 26TH ST / LONSDALE AVE","neighbourhood":"Central Lonsdale","public_space_composite":58.91,"composite_rank":143.0,"transit_score":65.83,"pedestrian_proxy_score":64.36,"parking_access_score":29.03,"intersection_prominence_score":47.83,"safety_score":35.11,"signalised":false,"full_signal":true,"collision_count":10.0,"collision_data_available":true,"transit_stops_250m":3,"transit_departures_250m":445.0,"onstreet_supply_250m":0.0,"onstreet_peak_occupancy_250m":null,"population_2021_400m":2160.0,"components_available":5},"geometry":{"type":"Point","coordinates":[-123.07205711918098,49.33325293375762]}},{"id":"253","type":"Feature","properties":{"intersection_id":"CNV-INT-0254","street_names":"E 27TH ST / ST. GEORGES AVE","neighbourhood":"Tempe","public_space_composite":45.46,"composite_rank":284.0,"transit_score":73.3,"pedestrian_proxy_score":46.55,"parking_access_score":29.03,"intersection_prominence_score":56.34,"safety_score":88.93,"signalised":false,"full_signal":true,"collision_count":1.0,"collision_data_available":true,"transit_stops_250m":5,"transit_departures_250m":467.0,"onstreet_supply_250m":0.0,"onstreet_peak_occupancy_250m":null,"population_2021_400m":1672.4,"components_available":5},"geometry":{"type":"Point","coordinates":[-123.06889430357036,49.33410040116957]}},{"id":"254","type":"Feature","properties":{"intersection_id":"CNV-INT-0255","street_names":"E 28TH ST / ST. ANDREWS AVE","neighbourhood":"Tempe","public_space_composite":35.04,"composite_rank":408.0,"transit_score":54.17,"pedestrian_proxy_score":32.16,"parking_access_score":29.03,"intersection_prominence_score":37.77,"safety_score":null,"signalised":false,"full_signal":true,"collision_count":null,"collision_data_available":false,"transit_stops_250m":4,"transit_departures_250m":218.0,"onstreet_supply_250m":0.0,"onstreet_peak_occupancy_250m":null,"population_2021_400m":1193.6,"components_available":5},"geometry":{"type":"Point","coordinates":[-123.0660712543116,49.33499706118579]}},{"id":"255","type":"Feature","properties":{"intersection_id":"CNV-INT-0256","street_names":"E 27TH ST / EASTERN AVE","neighbourhood":"Tempe","public_space_composite":44.26,"composite_rank":304.0,"transit_score":83.31,"pedestrian_proxy_score":49.1,"parking_access_score":29.03,"intersection_prominence_score":37.77,"safety_score":null,"signalised":false,"full_signal":true,"collision_count":null,"collision_data_available":false,"transit_stops_250m":6,"transit_departures_250m":611.0,"onstreet_supply_250m":0.0,"onstreet_peak_occupancy_250m":null,"population_2021_400m":1779.5,"components_available":5},"geometry":{"type":"Point","coordinates":[-123.07046692410402,49.33413993103519]}},{"id":"256","type":"Feature","properties":{"intersection_id":"CNV-INT-0257","street_names":"E 28TH ST / ST. GEORGES AVE","neighbourhood":"Tempe","public_space_composite":41.49,"composite_rank":341.0,"transit_score":77.82,"pedestrian_proxy_score":40.76,"parking_access_score":29.03,"intersection_prominence_score":37.77,"safety_score":null,"signalised":false,"full_signal":true,"collision_count":null,"collision_data_available":false,"transit_stops_250m":6,"transit_departures_250m":524.0,"onstreet_supply_250m":0.0,"onstreet_peak_occupancy_250m":null,"population_2021_400m":1381.3,"components_available":5},"geometry":{"type":"Point","coordinates":[-123.0688805236183,49.3350134113886]}},{"id":"257","type":"Feature","properties":{"intersection_id":"CNV-INT-0258","street_names":"E ESPLANADE / ST. ANDREWS AVE","neighbourhood":"Lower Lonsdale","public_space_composite":40.04,"composite_rank":354.0,"transit_score":12.76,"pedestrian_proxy_score":54.75,"parking_access_score":54.16,"intersection_prominence_score":56.48,"safety_score":null,"signalised":true,"full_signal":true,"collision_count":null,"collision_data_available":false,"transit_stops_250m":0,"transit_departures_250m":0.0,"onstreet_supply_250m":232.0,"onstreet_peak_occupancy_250m":0.969,"population_2021_400m":2886.8,"components_available":5},"geometry":{"type":"Point","coordinates":[-123.0733726059745,49.30847056466284]}},{"id":"258","type":"Feature","properties":{"intersection_id":"CNV-INT-0259","street_names":"E 1ST ST / ST. GEORGES AVE","neighbourhood":"Lower Lonsdale","public_space_composite":58.87,"composite_rank":145.0,"transit_score":35.62,"pedestrian_proxy_score":75.2,"parking_access_score":65.11,"intersection_prominence_score":66.34,"safety_score":23.47,"signalised":true,"full_signal":true,"collision_count":18.0,"collision_data_available":true,"transit_stops_250m":2,"transit_departures_250m":106.0,"onstreet_supply_250m":391.0,"onstreet_peak_occupancy_250m":0.841,"population_2021_400m":5218.5,"components_available":5},"geometry":{"type":"Point","coordinates":[-123.07557227489775,49.31056713244447]}},{"id":"259","type":"Feature","properties":{"intersection_id":"CNV-INT-0260","street_names":"E 2ND ST / ST. GEORGES AVE","neighbourhood":"Lower Lonsdale","public_space_composite":64.63,"composite_rank":85.0,"transit_score":53.01,"pedestrian_proxy_score":83.14,"parking_access_score":68.58,"intersection_prominence_score":66.34,"safety_score":31.3,"signalised":true,"full_signal":true,"collision_count":12.0,"collision_data_available":true,"transit_stops_250m":3,"transit_departures_250m":253.0,"onstreet_supply_250m":511.0,"onstreet_peak_occupancy_250m":0.846,"population_2021_400m":6084.2,"components_available":5},"geometry":{"type":"Point","coordinates":[-123.07478146054656,49.31133910885175]}},{"id":"260","type":"Feature","properties":{"intersection_id":"CNV-INT-0261","street_names":"E 3RD ST / ST. GEORGES AVE","neighbourhood":"Lower Lonsdale","public_space_composite":67.55,"composite_rank":63.0,"transit_score":61.76,"pedestrian_proxy_score":83.8,"parking_access_score":73.78,"intersection_prominence_score":66.34,"safety_score":11.07,"signalised":true,"full_signal":true,"collision_count":34.0,"collision_data_available":true,"transit_stops_250m":4,"transit_departures_250m":307.0,"onstreet_supply_250m":637.0,"onstreet_peak_occupancy_250m":0.817,"population_2021_400m":6398.7,"components_available":5},"geometry":{"type":"Point","coordinates":[-123.07401127778701,49.31208619949542]}},{"id":"261","type":"Feature","properties":{"intersection_id":"CNV-INT-0262","street_names":"ST. GEORGES AVE / VICTORY SHIP WAY","neighbourhood":"Lower Lonsdale","public_space_composite":37.32,"composite_rank":391.0,"transit_score":12.76,"pedestrian_proxy_score":57.6,"parking_access_score":56.39,"intersection_prominence_score":37.77,"safety_score":null,"signalised":false,"full_signal":true,"collision_count":null,"collision_data_available":false,"transit_stops_250m":0,"transit_departures_250m":0.0,"onstreet_supply_250m":153.0,"onstreet_peak_occupancy_250m":0.945,"population_2021_400m":3216.3,"components_available":5},"geometry":{"type":"Point","coordinates":[-123.07687585408108,49.30928453286305]}},{"id":"262","type":"Feature","properties":{"intersection_id":"CNV-INT-0263","street_names":"E ESPLANADE / ST. GEORGES AVE","neighbourhood":"Lower Lonsdale","public_space_composite":60.13,"composite_rank":124.0,"transit_score":12.76,"pedestrian_proxy_score":64.85,"parking_access_score":59.18,"intersection_prominence_score":76.4,"safety_score":17.37,"signalised":true,"full_signal":true,"collision_count":24.0,"collision_data_available":true,"transit_stops_250m":0,"transit_departures_250m":0.0,"onstreet_supply_250m":262.0,"onstreet_peak_occupancy_250m":0.923,"population_2021_400m":3990.8,"components_available":5},"geometry":{"type":"Point","coordinates":[-123.07639196024152,49.30975835933551]}},{"id":"263","type":"Feature","properties":{"intersection_id":"CNV-INT-0264","street_names":"VICTORY SHIP WAY / WALLACE MEWS","neighbourhood":"Lower Lonsdale","public_space_composite":43.87,"composite_rank":310.0,"transit_score":40.03,"pedestrian_proxy_score":62.18,"parking_access_score":57.31,"intersection_prominence_score":37.77,"safety_score":28.44,"signalised":false,"full_signal":true,"collision_count":14.0,"collision_data_available":true,"transit_stops_250m":1,"transit_departures_250m":149.0,"onstreet_supply_250m":149.0,"onstreet_peak_occupancy_250m":0.937,"population_2021_400m":3880.4,"components_available":5},"geometry":{"type":"Point","coordinates":[-123.07815993203114,49.309831342943106]}},{"id":"264","type":"Feature","properties":{"intersection_id":"CNV-INT-0265","street_names":"VICTORY SHIP WAY / WALLACE MEWS","neighbourhood":"Lower Lonsdale","public_space_composite":49.09,"composite_rank":242.0,"transit_score":54.37,"pedestrian_proxy_score":74.12,"parking_access_score":57.1,"intersection_prominence_score":37.77,"safety_score":null,"signalised":false,"full_signal":true,"collision_count":null,"collision_data_available":false,"transit_stops_250m":2,"transit_departures_250m":306.0,"onstreet_supply_250m":123.0,"onstreet_peak_occupancy_250m":0.934,"population_2021_400m":4700.4,"components_available":5},"geometry":{"type":"Point","coordinates":[-123.07905062257204,49.31033431522164]}},{"id":"265","type":"Feature","properties":{"intersection_id":"CNV-INT-0266","street_names":"E ESPLANADE / LONSDALE AVE / W ESPLANADE","neighbourhood":"Lower Lonsdale","public_space_composite":83.43,"composite_rank":11.0,"transit_score":97.6,"pedestrian_proxy_score":86.79,"parking_access_score":59.25,"intersection_prominence_score":86.02,"safety_score":8.59,"signalised":true,"full_signal":true,"collision_count":46.0,"collision_data_available":true,"transit_stops_250m":11,"transit_departures_250m":1103.0,"onstreet_supply_250m":214.0,"onstreet_peak_occupancy_250m":0.932,"population_2021_400m":5776.7,"components_available":5},"geometry":{"type":"Point","coordinates":[-123.07946767975398,49.311049713329]}},{"id":"266","type":"Feature","properties":{"intersection_id":"CNV-INT-0267","street_names":"LONSDALE AVE / VICTORY SHIP WAY","neighbourhood":"Lower Lonsdale","public_space_composite":71.28,"composite_rank":48.0,"transit_score":98.66,"pedestrian_proxy_score":84.02,"parking_access_score":57.2,"intersection_prominence_score":47.83,"safety_score":29.96,"signalised":false,"full_signal":true,"collision_count":13.0,"collision_data_available":true,"transit_stops_250m":13,"transit_departures_250m":1197.0,"onstreet_supply_250m":119.0,"onstreet_peak_occupancy_250m":0.929,"population_2021_400m":5066.3,"components_available":5},"geometry":{"type":"Point","coordinates":[-123.07989536802604,49.3106433539494]}},{"id":"267","type":"Feature","properties":{"intersection_id":"CNV-INT-0268","street_names":"CARRIE CATES CRT / LONSDALE AVE","neighbourhood":"Lower Lonsdale","public_space_composite":68.2,"composite_rank":61.0,"transit_score":99.56,"pedestrian_proxy_score":79.47,"parking_access_score":56.06,"intersection_prominence_score":37.21,"safety_score":56.3,"signalised":false,"full_signal":true,"collision_count":4.0,"collision_data_available":true,"transit_stops_250m":16,"transit_departures_250m":1279.0,"onstreet_supply_250m":83.0,"onstreet_peak_occupancy_250m":0.917,"population_2021_400m":4610.6,"components_available":5},"geometry":{"type":"Point","coordinates":[-123.08017042264989,49.3103820123139]}},{"id":"268","type":"Feature","properties":{"intersection_id":"CNV-INT-0269","street_names":"CARRIE CATES CRT / MUSEUM MUSE","neighbourhood":"Lower Lonsdale","public_space_composite":71.09,"composite_rank":51.0,"transit_score":98.09,"pedestrian_proxy_score":82.6,"parking_access_score":58.3,"intersection_prominence_score":47.77,"safety_score":null,"signalised":true,"full_signal":true,"collision_count":null,"collision_data_available":false,"transit_stops_250m":15,"transit_departures_250m":1122.0,"onstreet_supply_250m":55.0,"onstreet_peak_occupancy_250m":0.835,"population_2021_400m":4898.4,"components_available":5},"geometry":{"type":"Point","coordinates":[-123.08074546187335,49.31063113288448]}},{"id":"269","type":"Feature","properties":{"intersection_id":"CNV-INT-0270","street_names":"E 1ST ST / LONSDALE AVE / W 1ST ST","neighbourhood":"Lower Lonsdale","public_space_composite":82.93,"composite_rank":14.0,"transit_score":94.38,"pedestrian_proxy_score":92.52,"parking_access_score":64.31,"intersection_prominence_score":75.96,"safety_score":9.35,"signalised":true,"full_signal":true,"collision_count":42.0,"collision_data_available":true,"transit_stops_250m":8,"transit_departures_250m":954.0,"onstreet_supply_250m":369.0,"onstreet_peak_occupancy_250m":0.882,"population_2021_400m":7049.3,"components_available":5},"geometry":{"type":"Point","coordinates":[-123.07863280635767,49.31187625950454]}},{"id":"270","type":"Feature","properties":{"intersection_id":"CNV-INT-0271","street_names":"ROGERS AVE / W ESPLANADE","neighbourhood":"Lower Lonsdale","public_space_composite":78.59,"composite_rank":25.0,"transit_score":99.95,"pedestrian_proxy_score":87.06,"parking_access_score":60.62,"intersection_prominence_score":57.83,"safety_score":38.55,"signalised":true,"full_signal":true,"collision_count":8.0,"collision_data_available":true,"transit_stops_250m":18,"transit_departures_250m":1385.0,"onstreet_supply_250m":187.0,"onstreet_peak_occupancy_250m":0.881,"population_2021_400m":6301.2,"components_available":5},"geometry":{"type":"Point","coordinates":[-123.08084189255544,49.311649857117125]}},{"id":"271","type":"Feature","properties":{"intersection_id":"CNV-INT-0272","street_names":"E 2ND ST / LONSDALE AVE / W 2ND ST","neighbourhood":"Lower Lonsdale","public_space_composite":84.84,"composite_rank":7.0,"transit_score":95.09,"pedestrian_proxy_score":95.69,"parking_access_score":69.96,"intersection_prominence_score":75.96,"safety_score":11.64,"signalised":true,"full_signal":true,"collision_count":31.0,"collision_data_available":true,"transit_stops_250m":9,"transit_departures_250m":957.0,"onstreet_supply_250m":522.0,"onstreet_peak_occupancy_250m":0.857,"population_2021_400m":7986.4,"components_available":5},"geometry":{"type":"Point","coordinates":[-123.07784381262645,49.31265936983709]}},{"id":"272","type":"Feature","properties":{"intersection_id":"CNV-INT-0273","street_names":"E 3RD ST / LONSDALE AVE / W 3RD ST","neighbourhood":"Lower Lonsdale","public_space_composite":88.31,"composite_rank":2.0,"transit_score":97.57,"pedestrian_proxy_score":95.88,"parking_access_score":74.61,"intersection_prominence_score":86.02,"safety_score":1.15,"signalised":true,"full_signal":true,"collision_count":102.0,"collision_data_available":true,"transit_stops_250m":10,"transit_departures_250m":1109.0,"onstreet_supply_250m":609.0,"onstreet_peak_occupancy_250m":0.804,"population_2021_400m":8413.4,"components_available":5},"geometry":{"type":"Point","coordinates":[-123.07705566782387,49.31345146923315]}},{"id":"273","type":"Feature","properties":{"intersection_id":"CNV-INT-0274","street_names":"CARRIE CATES CRT / ROGERS AVE","neighbourhood":"Lower Lonsdale","public_space_composite":71.12,"composite_rank":50.0,"transit_score":98.65,"pedestrian_proxy_score":81.04,"parking_access_score":59.43,"intersection_prominence_score":47.77,"safety_score":88.93,"signalised":true,"full_signal":true,"collision_count":1.0,"collision_data_available":true,"transit_stops_250m":16,"transit_departures_250m":1178.0,"onstreet_supply_250m":48.0,"onstreet_peak_occupancy_250m":0.801,"population_2021_400m":5104.9,"components_available":5},"geometry":{"type":"Point","coordinates":[-123.08152823947512,49.31097024263193]}},{"id":"274","type":"Feature","properties":{"intersection_id":"CNV-INT-0275","street_names":"CHADWICK CRT / CHESTERFIELD PL","neighbourhood":"Lower Lonsdale","public_space_composite":59.25,"composite_rank":139.0,"transit_score":97.5,"pedestrian_proxy_score":74.78,"parking_access_score":74.77,"intersection_prominence_score":27.15,"safety_score":56.3,"signalised":false,"full_signal":true,"collision_count":4.0,"collision_data_available":true,"transit_stops_250m":16,"transit_departures_250m":1088.0,"onstreet_supply_250m":6.0,"onstreet_peak_occupancy_250m":0.0,"population_2021_400m":3553.7,"components_available":5},"geometry":{"type":"Point","coordinates":[-123.08397382937298,49.31105394527526]}},{"id":"275","type":"Feature","properties":{"intersection_id":"CNV-INT-0276","street_names":"CARRIE CATES CRT / CHESTERFIELD AVE / CHESTERFIELD PL","neighbourhood":"Lower Lonsdale","public_space_composite":72.68,"composite_rank":40.0,"transit_score":98.81,"pedestrian_proxy_score":84.36,"parking_access_score":64.16,"intersection_prominence_score":47.39,"safety_score":null,"signalised":false,"full_signal":true,"collision_count":null,"collision_data_available":false,"transit_stops_250m":18,"transit_departures_250m":1194.0,"onstreet_supply_250m":74.0,"onstreet_peak_occupancy_250m":0.747,"population_2021_400m":4865.7,"components_available":5},"geometry":{"type":"Point","coordinates":[-123.0832574496717,49.311751586179575]}},{"id":"276","type":"Feature","properties":{"intersection_id":"CNV-INT-0277","street_names":"CHESTERFIELD AVE / W ESPLANADE","neighbourhood":"Lower Lonsdale","public_space_composite":83.77,"composite_rank":9.0,"transit_score":97.29,"pedestrian_proxy_score":91.65,"parking_access_score":66.02,"intersection_prominence_score":76.4,"safety_score":15.46,"signalised":true,"full_signal":true,"collision_count":27.0,"collision_data_available":true,"transit_stops_250m":16,"transit_departures_250m":1080.0,"onstreet_supply_250m":197.0,"onstreet_peak_occupancy_250m":0.79,"population_2021_400m":6033.2,"components_available":5},"geometry":{"type":"Point","coordinates":[-123.08259943932559,49.312399708544305]}},{"id":"277","type":"Feature","properties":{"intersection_id":"CNV-INT-0278","street_names":"SEMISCH AVE / W ESPLANADE","neighbourhood":"Lower Lonsdale","public_space_composite":72.26,"composite_rank":46.0,"transit_score":75.19,"pedestrian_proxy_score":78.28,"parking_access_score":62.54,"intersection_prominence_score":57.83,"safety_score":35.11,"signalised":true,"full_signal":true,"collision_count":10.0,"collision_data_available":true,"transit_stops_250m":8,"transit_departures_250m":439.0,"onstreet_supply_250m":201.0,"onstreet_peak_occupancy_250m":0.816,"population_2021_400m":5302.3,"components_available":5},"geometry":{"type":"Point","coordinates":[-123.08412387524952,49.31307324358598]}},{"id":"278","type":"Feature","properties":{"intersection_id":"CNV-INT-0279","street_names":"CHESTERFIELD AVE / W 1ST ST","neighbourhood":"Lower Lonsdale","public_space_composite":75.69,"composite_rank":27.0,"transit_score":94.77,"pedestrian_proxy_score":93.06,"parking_access_score":72.2,"intersection_prominence_score":66.34,"safety_score":12.6,"signalised":true,"full_signal":true,"collision_count":30.0,"collision_data_available":true,"transit_stops_250m":13,"transit_departures_250m":938.0,"onstreet_supply_250m":356.0,"onstreet_peak_occupancy_250m":0.733,"population_2021_400m":7310.5,"components_available":5},"geometry":{"type":"Point","coordinates":[-123.08176887485428,49.313232347616164]}},{"id":"279","type":"Feature","properties":{"intersection_id":"CNV-INT-0280","street_names":"E 4TH ST / ST. GEORGES AVE","neighbourhood":"Lower Lonsdale","public_space_composite":66.41,"composite_rank":71.0,"transit_score":61.76,"pedestrian_proxy_score":80.27,"parking_access_score":71.6,"intersection_prominence_score":66.34,"safety_score":50.38,"signalised":true,"full_signal":true,"collision_count":5.0,"collision_data_available":true,"transit_stops_250m":4,"transit_departures_250m":307.0,"onstreet_supply_250m":602.0,"onstreet_peak_occupancy_250m":0.814,"population_2021_400m":6517.6,"components_available":5},"geometry":{"type":"Point","coordinates":[-123.07321274995073,49.31286928427565]}},{"id":"280","type":"Feature","properties":{"intersection_id":"CNV-INT-0281","street_names":"E 4TH ST / LONSDALE AVE / W 4TH ST","neighbourhood":"Lower Lonsdale","public_space_composite":85.9,"composite_rank":5.0,"transit_score":94.74,"pedestrian_proxy_score":90.86,"parking_access_score":70.38,"intersection_prominence_score":86.02,"safety_score":16.6,"signalised":true,"full_signal":true,"collision_count":25.0,"collision_data_available":true,"transit_stops_250m":9,"transit_departures_250m":952.0,"onstreet_supply_250m":593.0,"onstreet_peak_occupancy_250m":0.821,"population_2021_400m":8387.8,"components_available":5},"geometry":{"type":"Point","coordinates":[-123.07628208858154,49.314225563276715]}},{"id":"281","type":"Feature","properties":{"intersection_id":"CNV-INT-0282","street_names":"E 5TH ST / LONSDALE AVE / W 5TH ST","neighbourhood":"Lower Lonsdale","public_space_composite":80.86,"composite_rank":19.0,"transit_score":86.08,"pedestrian_proxy_score":84.44,"parking_access_score":70.28,"intersection_prominence_score":76.02,"safety_score":26.91,"signalised":false,"full_signal":true,"collision_count":15.0,"collision_data_available":true,"transit_stops_250m":6,"transit_departures_250m":682.0,"onstreet_supply_250m":597.0,"onstreet_peak_occupancy_250m":0.824,"population_2021_400m":8007.5,"components_available":5},"geometry":{"type":"Point","coordinates":[-123.07537145027385,49.31508069761855]}},{"id":"282","type":"Feature","properties":{"intersection_id":"CNV-INT-0283","street_names":"E 6TH ST / LONSDALE AVE / W 6TH ST","neighbourhood":"Lower Lonsdale","public_space_composite":80.09,"composite_rank":21.0,"transit_score":85.67,"pedestrian_proxy_score":84.15,"parking_access_score":67.13,"intersection_prominence_score":76.02,"safety_score":31.3,"signalised":false,"full_signal":true,"collision_count":12.0,"collision_data_available":true,"transit_stops_250m":6,"transit_departures_250m":681.0,"onstreet_supply_250m":483.0,"onstreet_peak_occupancy_250m":0.835,"population_2021_400m":7568.0,"components_available":5},"geometry":{"type":"Point","coordinates":[-123.07450250078504,49.315944793808605]}},{"id":"283","type":"Feature","properties":{"intersection_id":"CNV-INT-0284","street_names":"E KEITH RD / E VICTORIA PARK AVE","neighbourhood":"Lower Lonsdale","public_space_composite":57.58,"composite_rank":155.0,"transit_score":73.68,"pedestrian_proxy_score":71.55,"parking_access_score":72.08,"intersection_prominence_score":18.51,"safety_score":null,"signalised":false,"full_signal":true,"collision_count":null,"collision_data_available":false,"transit_stops_250m":6,"transit_departures_250m":451.0,"onstreet_supply_250m":641.0,"onstreet_peak_occupancy_250m":0.823,"population_2021_400m":6521.3,"components_available":5},"geometry":{"type":"Point","coordinates":[-123.07199527302367,49.31561805996375]}},{"id":"284","type":"Feature","properties":{"intersection_id":"CNV-INT-0285","street_names":"MAHON AVE / W ESPLANADE","neighbourhood":"Lower Lonsdale","public_space_composite":62.04,"composite_rank":109.0,"transit_score":54.26,"pedestrian_proxy_score":66.93,"parking_access_score":53.71,"intersection_prominence_score":47.83,"safety_score":35.11,"signalised":false,"full_signal":true,"collision_count":10.0,"collision_data_available":true,"transit_stops_250m":4,"transit_departures_250m":230.0,"onstreet_supply_250m":124.0,"onstreet_peak_occupancy_250m":0.99,"population_2021_400m":4033.2,"components_available":5},"geometry":{"type":"Point","coordinates":[-123.08561737260818,49.31373328778289]}},{"id":"285","type":"Feature","properties":{"intersection_id":"CNV-INT-0286","street_names":"SEMISCH AVE / W 1ST ST","neighbourhood":"Lower Lonsdale","public_space_composite":60.9,"composite_rank":118.0,"transit_score":87.62,"pedestrian_proxy_score":86.07,"parking_access_score":70.95,"intersection_prominence_score":37.77,"safety_score":41.98,"signalised":false,"full_signal":true,"collision_count":7.0,"collision_data_available":true,"transit_stops_250m":10,"transit_departures_250m":649.0,"onstreet_supply_250m":330.0,"onstreet_peak_occupancy_250m":0.724,"population_2021_400m":6304.3,"components_available":5},"geometry":{"type":"Point","coordinates":[-123.08330059098813,49.313878902892064]}},{"id":"286","type":"Feature","properties":{"intersection_id":"CNV-INT-0287","street_names":"CHESTERFIELD AVE / W 2ND ST","neighbourhood":"Lower Lonsdale","public_space_composite":73.56,"composite_rank":36.0,"transit_score":81.96,"pedestrian_proxy_score":91.44,"parking_access_score":75.98,"intersection_prominence_score":66.34,"safety_score":22.14,"signalised":true,"full_signal":true,"collision_count":19.0,"collision_data_available":true,"transit_stops_250m":8,"transit_departures_250m":570.0,"onstreet_supply_250m":545.0,"onstreet_peak_occupancy_250m":0.743,"population_2021_400m":8035.2,"components_available":5},"geometry":{"type":"Point","coordinates":[-123.08095285947974,49.314037986824076]}},{"id":"287","type":"Feature","properties":{"intersection_id":"CNV-INT-0288","street_names":"FORBES AVE / W ESPLANADE","neighbourhood":"Squamish Nation (Mission IR 1)","public_space_composite":61.43,"composite_rank":114.0,"transit_score":54.26,"pedestrian_proxy_score":64.76,"parking_access_score":52.81,"intersection_prominence_score":47.83,"safety_score":null,"signalised":false,"full_signal":true,"collision_count":null,"collision_data_available":false,"transit_stops_250m":4,"transit_departures_250m":230.0,"onstreet_supply_250m":104.0,"onstreet_peak_occupancy_250m":1.015,"population_2021_400m":3715.9,"components_available":5},"geometry":{"type":"Point","coordinates":[-123.08598396784814,49.31389043033876]}},{"id":"288","type":"Feature","properties":{"intersection_id":"CNV-INT-0289","street_names":"MAHON AVE / W 1ST ST","neighbourhood":"Lower Lonsdale","public_space_composite":59.67,"composite_rank":130.0,"transit_score":79.8,"pedestrian_proxy_score":80.3,"parking_access_score":59.84,"intersection_prominence_score":56.34,"safety_score":38.55,"signalised":false,"full_signal":true,"collision_count":8.0,"collision_data_available":true,"transit_stops_250m":7,"transit_departures_250m":543.0,"onstreet_supply_250m":220.0,"onstreet_peak_occupancy_250m":0.854,"population_2021_400m":4749.8,"components_available":5},"geometry":{"type":"Point","coordinates":[-123.08483798870876,49.31455691747048]}},{"id":"289","type":"Feature","properties":{"intersection_id":"CNV-INT-0290","street_names":"CHESTERFIELD AVE / W 3RD ST","neighbourhood":"Lower Lonsdale","public_space_composite":73.19,"composite_rank":39.0,"transit_score":80.32,"pedestrian_proxy_score":88.93,"parking_access_score":78.26,"intersection_prominence_score":66.34,"safety_score":4.2,"signalised":true,"full_signal":true,"collision_count":67.0,"collision_data_available":true,"transit_stops_250m":8,"transit_departures_250m":520.0,"onstreet_supply_250m":652.0,"onstreet_peak_occupancy_250m":0.747,"population_2021_400m":8127.5,"components_available":5},"geometry":{"type":"Point","coordinates":[-123.08019780532346,49.31480309800578]}},{"id":"290","type":"Feature","properties":{"intersection_id":"CNV-INT-0291","street_names":"MAHON AVE / W 2ND ST","neighbourhood":"Lower Lonsdale","public_space_composite":62.85,"composite_rank":99.0,"transit_score":88.39,"pedestrian_proxy_score":84.84,"parking_access_score":62.6,"intersection_prominence_score":56.34,"safety_score":56.3,"signalised":false,"full_signal":true,"collision_count":4.0,"collision_data_available":true,"transit_stops_250m":8,"transit_departures_250m":686.0,"onstreet_supply_250m":328.0,"onstreet_peak_occupancy_250m":0.806,"population_2021_400m":5013.7,"components_available":5},"geometry":{"type":"Point","coordinates":[-123.0840344393591,49.31534457705711]}},{"id":"291","type":"Feature","properties":{"intersection_id":"CNV-INT-0292","street_names":"CHESTERFIELD AVE / W 4TH ST","neighbourhood":"Lower Lonsdale","public_space_composite":69.15,"composite_rank":57.0,"transit_score":71.38,"pedestrian_proxy_score":82.24,"parking_access_score":73.7,"intersection_prominence_score":66.34,"safety_score":41.98,"signalised":true,"full_signal":true,"collision_count":7.0,"collision_data_available":true,"transit_stops_250m":6,"transit_departures_250m":414.0,"onstreet_supply_250m":639.0,"onstreet_peak_occupancy_250m":0.773,"population_2021_400m":7703.9,"components_available":5},"geometry":{"type":"Point","coordinates":[-123.07937265772811,49.315577248331415]}},{"id":"292","type":"Feature","properties":{"intersection_id":"CNV-INT-0293","street_names":"CHESTERFIELD AVE / W 5TH ST","neighbourhood":"Lower Lonsdale","public_space_composite":57.09,"composite_rank":159.0,"transit_score":42.55,"pedestrian_proxy_score":75.0,"parking_access_score":59.47,"intersection_prominence_score":56.34,"safety_score":50.38,"signalised":false,"full_signal":true,"collision_count":5.0,"collision_data_available":true,"transit_stops_250m":2,"transit_departures_250m":151.0,"onstreet_supply_250m":637.0,"onstreet_peak_occupancy_250m":0.796,"population_2021_400m":6962.8,"components_available":5},"geometry":{"type":"Point","coordinates":[-123.07848268700936,49.31643239279594]}},{"id":"293","type":"Feature","properties":{"intersection_id":"CNV-INT-0294","street_names":"CHESTERFIELD AVE / W 6TH ST","neighbourhood":"Lower Lonsdale","public_space_composite":45.43,"composite_rank":285.0,"transit_score":12.76,"pedestrian_proxy_score":57.05,"parking_access_score":67.47,"intersection_prominence_score":37.77,"safety_score":null,"signalised":false,"full_signal":true,"collision_count":null,"collision_data_available":false,"transit_stops_250m":0,"transit_departures_250m":0.0,"onstreet_supply_250m":567.0,"onstreet_peak_occupancy_250m":0.856,"population_2021_400m":6577.1,"components_available":5},"geometry":{"type":"Point","coordinates":[-123.07761810341798,49.3173189970505]}},{"id":"294","type":"Feature","properties":{"intersection_id":"CNV-INT-0295","street_names":"CHESTERFIELD AVE / W 6TH ST","neighbourhood":"Lower Lonsdale","public_space_composite":45.51,"composite_rank":282.0,"transit_score":12.76,"pedestrian_proxy_score":57.85,"parking_access_score":67.1,"intersection_prominence_score":37.77,"safety_score":null,"signalised":false,"full_signal":true,"collision_count":null,"collision_data_available":false,"transit_stops_250m":0,"transit_departures_250m":0.0,"onstreet_supply_250m":540.0,"onstreet_peak_occupancy_250m":0.849,"population_2021_400m":6609.8,"components_available":5},"geometry":{"type":"Point","coordinates":[-123.0777301393005,49.3171974867216]}},{"id":"295","type":"Feature","properties":{"intersection_id":"CNV-INT-0296","street_names":"FORBES AVE / W 1ST ST","neighbourhood":"Squamish Nation (Mission IR 1)","public_space_composite":69.78,"composite_rank":53.0,"transit_score":75.94,"pedestrian_proxy_score":72.92,"parking_access_score":56.07,"intersection_prominence_score":56.48,"safety_score":null,"signalised":true,"full_signal":true,"collision_count":null,"collision_data_available":false,"transit_stops_250m":6,"transit_departures_250m":479.0,"onstreet_supply_250m":129.0,"onstreet_peak_occupancy_250m":0.846,"population_2021_400m":3657.6,"components_available":5},"geometry":{"type":"Point","coordinates":[-123.0859201018477,49.31499238073029]}},{"id":"296","type":"Feature","properties":{"intersection_id":"CNV-INT-0297","street_names":"SEMISCH AVE / W 3RD ST","neighbourhood":"Lower Lonsdale","public_space_composite":63.97,"composite_rank":91.0,"transit_score":79.32,"pedestrian_proxy_score":77.96,"parking_access_score":72.72,"intersection_prominence_score":37.77,"safety_score":72.33,"signalised":false,"full_signal":true,"collision_count":2.0,"collision_data_available":true,"transit_stops_250m":7,"transit_departures_250m":514.0,"onstreet_supply_250m":582.0,"onstreet_peak_occupancy_250m":0.766,"population_2021_400m":6982.8,"components_available":5},"geometry":{"type":"Point","coordinates":[-123.08169132024331,49.31547218875027]}},{"id":"297","type":"Feature","properties":{"intersection_id":"CNV-INT-0298","street_names":"FORBES AVE / W 2ND ST","neighbourhood":"Squamish Nation (Mission IR 1)","public_space_composite":65.3,"composite_rank":77.0,"transit_score":82.04,"pedestrian_proxy_score":67.0,"parking_access_score":52.23,"intersection_prominence_score":37.77,"safety_score":38.55,"signalised":false,"full_signal":true,"collision_count":8.0,"collision_data_available":true,"transit_stops_250m":7,"transit_departures_250m":583.0,"onstreet_supply_250m":129.0,"onstreet_peak_occupancy_250m":0.927,"population_2021_400m":3108.6,"components_available":5},"geometry":{"type":"Point","coordinates":[-123.08588172598628,49.31616627292025]}},{"id":"298","type":"Feature","properties":{"intersection_id":"CNV-INT-0299","street_names":"MAHON AVE / W 3RD ST","neighbourhood":"Lower Lonsdale","public_space_composite":68.96,"composite_rank":58.0,"transit_score":80.09,"pedestrian_proxy_score":80.48,"parking_access_score":65.79,"intersection_prominence_score":66.34,"safety_score":22.14,"signalised":true,"full_signal":true,"collision_count":19.0,"collision_data_available":true,"transit_stops_250m":6,"transit_departures_250m":571.0,"onstreet_supply_250m":394.0,"onstreet_peak_occupancy_250m":0.785,"population_2021_400m":5090.5,"components_available":5},"geometry":{"type":"Point","coordinates":[-123.08326609342744,49.31611421624046]}},{"id":"299","type":"Feature","properties":{"intersection_id":"CNV-INT-0300","street_names":"MAHON AVE / W 4TH ST","neighbourhood":"Lower Lonsdale","public_space_composite":58.32,"composite_rank":149.0,"transit_score":75.48,"pedestrian_proxy_score":69.8,"parking_access_score":67.93,"intersection_prominence_score":56.34,"safety_score":null,"signalised":false,"full_signal":true,"collision_count":null,"collision_data_available":false,"transit_stops_250m":5,"transit_departures_250m":515.0,"onstreet_supply_250m":392.0,"onstreet_peak_occupancy_250m":0.742,"population_2021_400m":4916.3,"components_available":5},"geometry":{"type":"Point","coordinates":[-123.08244273566359,49.31691537238909]}},{"id":"300","type":"Feature","properties":{"intersection_id":"CNV-INT-0301","street_names":"E KEITH RD / LONSDALE AVE / W KEITH RD","neighbourhood":"Lower Lonsdale","public_space_composite":81.27,"composite_rank":17.0,"transit_score":78.81,"pedestrian_proxy_score":84.22,"parking_access_score":69.82,"intersection_prominence_score":86.02,"safety_score":9.92,"signalised":true,"full_signal":true,"collision_count":41.0,"collision_data_available":true,"transit_stops_250m":6,"transit_departures_250m":560.0,"onstreet_supply_250m":559.0,"onstreet_peak_occupancy_250m":0.821,"population_2021_400m":7361.6,"components_available":5},"geometry":{"type":"Point","coordinates":[-123.07398084974413,49.31645785088901]}},{"id":"301","type":"Feature","properties":{"intersection_id":"CNV-INT-0302","street_names":"E KEITH RD / LONSDALE AVE / W KEITH RD","neighbourhood":"Lower Lonsdale","public_space_composite":78.77,"composite_rank":24.0,"transit_score":68.35,"pedestrian_proxy_score":83.4,"parking_access_score":68.58,"intersection_prominence_score":86.02,"safety_score":null,"signalised":true,"full_signal":true,"collision_count":null,"collision_data_available":false,"transit_stops_250m":5,"transit_departures_250m":414.0,"onstreet_supply_250m":555.0,"onstreet_peak_occupancy_250m":0.876,"population_2021_400m":7262.7,"components_available":5},"geometry":{"type":"Point","coordinates":[-123.07307402626493,49.31733095458266]}},{"id":"302","type":"Feature","properties":{"intersection_id":"CNV-INT-0303","street_names":"W KEITH RD / W VICTORIA PARK AVE","neighbourhood":"Lower Lonsdale","public_space_composite":56.93,"composite_rank":162.0,"transit_score":63.73,"pedestrian_proxy_score":77.99,"parking_access_score":72.35,"intersection_prominence_score":18.51,"safety_score":88.93,"signalised":false,"full_signal":true,"collision_count":1.0,"collision_data_available":true,"transit_stops_250m":4,"transit_departures_250m":380.0,"onstreet_supply_250m":681.0,"onstreet_peak_occupancy_250m":0.839,"population_2021_400m":7148.2,"components_available":5},"geometry":{"type":"Point","coordinates":[-123.07584136054062,49.317293191267886]}},{"id":"303","type":"Feature","properties":{"intersection_id":"CNV-INT-0304","street_names":"W KEITH RD / W VICTORIA PARK AVE","neighbourhood":"Lower Lonsdale","public_space_composite":62.39,"composite_rank":105.0,"transit_score":76.42,"pedestrian_proxy_score":81.69,"parking_access_score":83.23,"intersection_prominence_score":18.51,"safety_score":null,"signalised":false,"full_signal":true,"collision_count":null,"collision_data_available":false,"transit_stops_250m":5,"transit_departures_250m":563.0,"onstreet_supply_250m":717.0,"onstreet_peak_occupancy_250m":0.729,"population_2021_400m":7276.5,"components_available":5},"geometry":{"type":"Point","coordinates":[-123.07489836019235,49.318116858828965]}},{"id":"304","type":"Feature","properties":{"intersection_id":"CNV-INT-0305","street_names":"W KEITH RD / W VICTORIA PARK AVE","neighbourhood":"Lower Lonsdale","public_space_composite":59.65,"composite_rank":132.0,"transit_score":59.59,"pedestrian_proxy_score":81.02,"parking_access_score":76.43,"intersection_prominence_score":29.13,"safety_score":null,"signalised":false,"full_signal":true,"collision_count":null,"collision_data_available":false,"transit_stops_250m":3,"transit_departures_250m":343.0,"onstreet_supply_250m":609.0,"onstreet_peak_occupancy_250m":0.747,"population_2021_400m":6969.7,"components_available":5},"geometry":{"type":"Point","coordinates":[-123.07593164935446,49.31784633099142]}},{"id":"305","type":"Feature","properties":{"intersection_id":"CNV-INT-0306","street_names":"W 12TH ST / W 8TH ST","neighbourhood":"Central Lonsdale","public_space_composite":64.42,"composite_rank":87.0,"transit_score":84.35,"pedestrian_proxy_score":88.91,"parking_access_score":89.02,"intersection_prominence_score":37.77,"safety_score":50.38,"signalised":false,"full_signal":true,"collision_count":5.0,"collision_data_available":true,"transit_stops_250m":5,"transit_departures_250m":715.0,"onstreet_supply_250m":707.0,"onstreet_peak_occupancy_250m":0.624,"population_2021_400m":7386.5,"components_available":5},"geometry":{"type":"Point","coordinates":[-123.07442898448939,49.31895650334461]}},{"id":"306","type":"Feature","properties":{"intersection_id":"CNV-INT-0307","street_names":"MAHON AVE / W 5TH ST","neighbourhood":"Squamish Nation (Mission IR 1)","public_space_composite":49.66,"composite_rank":234.0,"transit_score":46.84,"pedestrian_proxy_score":65.37,"parking_access_score":57.69,"intersection_prominence_score":56.34,"safety_score":null,"signalised":false,"full_signal":true,"collision_count":null,"collision_data_available":false,"transit_stops_250m":2,"transit_departures_250m":207.0,"onstreet_supply_250m":397.0,"onstreet_peak_occupancy_250m":0.71,"population_2021_400m":4512.3,"components_available":5},"geometry":{"type":"Point","coordinates":[-123.0815609705869,49.31777503207058]}},{"id":"307","type":"Feature","properties":{"intersection_id":"CNV-INT-0308","street_names":"CHESTERFIELD AVE / W 6TH ST","neighbourhood":"Lower Lonsdale","public_space_composite":45.7,"composite_rank":280.0,"transit_score":12.76,"pedestrian_proxy_score":57.44,"parking_access_score":68.43,"intersection_prominence_score":37.77,"safety_score":null,"signalised":false,"full_signal":true,"collision_count":null,"collision_data_available":false,"transit_stops_250m":0,"transit_departures_250m":0.0,"onstreet_supply_250m":564.0,"onstreet_peak_occupancy_250m":0.839,"population_2021_400m":6551.7,"components_available":5},"geometry":{"type":"Point","coordinates":[-123.07751379400496,49.317431505166674]}},{"id":"308","type":"Feature","properties":{"intersection_id":"CNV-INT-0309","street_names":"CHESTERFIELD AVE / W KEITH RD","neighbourhood":"Lower Lonsdale","public_space_composite":52.86,"composite_rank":207.0,"transit_score":12.76,"pedestrian_proxy_score":65.15,"parking_access_score":77.97,"intersection_prominence_score":56.34,"safety_score":20.99,"signalised":false,"full_signal":true,"collision_count":20.0,"collision_data_available":true,"transit_stops_250m":0,"transit_departures_250m":0.0,"onstreet_supply_250m":622.0,"onstreet_peak_occupancy_250m":0.731,"population_2021_400m":6533.9,"components_available":5},"geometry":{"type":"Point","coordinates":[-123.07676504338804,49.31816960476478]}},{"id":"309","type":"Feature","properties":{"intersection_id":"CNV-INT-0310","street_names":"MAHON AVE / W 6TH ST","neighbourhood":"Lower Lonsdale","public_space_composite":46.9,"composite_rank":266.0,"transit_score":48.65,"pedestrian_proxy_score":67.3,"parking_access_score":58.69,"intersection_prominence_score":37.77,"safety_score":72.33,"signalised":false,"full_signal":true,"collision_count":2.0,"collision_data_available":true,"transit_stops_250m":2,"transit_departures_250m":214.0,"onstreet_supply_250m":415.0,"onstreet_peak_occupancy_250m":0.705,"population_2021_400m":4219.3,"components_available":5},"geometry":{"type":"Point","coordinates":[-123.08078566701262,49.31854465933421]}},{"id":"310","type":"Feature","properties":{"intersection_id":"CNV-INT-0311","street_names":"MAHON AVE / W 6TH ST","neighbourhood":"Lower Lonsdale","public_space_composite":46.41,"composite_rank":273.0,"transit_score":48.65,"pedestrian_proxy_score":65.41,"parking_access_score":58.16,"intersection_prominence_score":37.77,"safety_score":null,"signalised":false,"full_signal":true,"collision_count":null,"collision_data_available":false,"transit_stops_250m":2,"transit_departures_250m":214.0,"onstreet_supply_250m":402.0,"onstreet_peak_occupancy_250m":0.705,"population_2021_400m":4168.3,"components_available":5},"geometry":{"type":"Point","coordinates":[-123.08054693371442,49.31875621215327]}},{"id":"311","type":"Feature","properties":{"intersection_id":"CNV-INT-0312","street_names":"CHESTERFIELD AVE / W 8TH ST","neighbourhood":"Central Lonsdale","public_space_composite":62.28,"composite_rank":107.0,"transit_score":42.21,"pedestrian_proxy_score":77.83,"parking_access_score":82.92,"intersection_prominence_score":56.34,"safety_score":null,"signalised":false,"full_signal":true,"collision_count":null,"collision_data_available":false,"transit_stops_250m":1,"transit_departures_250m":183.0,"onstreet_supply_250m":637.0,"onstreet_peak_occupancy_250m":0.691,"population_2021_400m":6789.3,"components_available":5},"geometry":{"type":"Point","coordinates":[-123.07566798924013,49.31920026931399]}},{"id":"312","type":"Feature","properties":{"intersection_id":"CNV-INT-0313","street_names":"MAHON AVE / W KEITH RD","neighbourhood":"Lower Lonsdale","public_space_composite":53.89,"composite_rank":196.0,"transit_score":48.65,"pedestrian_proxy_score":65.81,"parking_access_score":65.11,"intersection_prominence_score":37.77,"safety_score":41.98,"signalised":false,"full_signal":true,"collision_count":7.0,"collision_data_available":true,"transit_stops_250m":2,"transit_departures_250m":214.0,"onstreet_supply_250m":570.0,"onstreet_peak_occupancy_250m":0.664,"population_2021_400m":3992.8,"components_available":5},"geometry":{"type":"Point","coordinates":[-123.07982397959633,49.319476322287464]}},{"id":"313","type":"Feature","properties":{"intersection_id":"CNV-INT-0314","street_names":"FELL AVE / HARBOURSIDE PL","neighbourhood":"Marine-Hamilton","public_space_composite":29.43,"composite_rank":456.0,"transit_score":27.54,"pedestrian_proxy_score":30.76,"parking_access_score":29.03,"intersection_prominence_score":37.77,"safety_score":88.93,"signalised":false,"full_signal":true,"collision_count":1.0,"collision_data_available":true,"transit_stops_250m":1,"transit_departures_250m":5.0,"onstreet_supply_250m":0.0,"onstreet_peak_occupancy_250m":null,"population_2021_400m":649.9,"components_available":5},"geometry":{"type":"Point","coordinates":[-123.0948551387095,49.3134877028965]}},{"id":"314","type":"Feature","properties":{"intersection_id":"CNV-INT-0315","street_names":"FELL AVE / HARBOUR WAY","neighbourhood":"Marine-Hamilton","public_space_composite":31.28,"composite_rank":439.0,"transit_score":30.68,"pedestrian_proxy_score":36.85,"parking_access_score":29.03,"intersection_prominence_score":37.77,"safety_score":null,"signalised":false,"full_signal":true,"collision_count":null,"collision_data_available":false,"transit_stops_250m":2,"transit_departures_250m":10.0,"onstreet_supply_250m":0.0,"onstreet_peak_occupancy_250m":null,"population_2021_400m":748.9,"components_available":5},"geometry":{"type":"Point","coordinates":[-123.09483983854658,49.313993040554344]}},{"id":"315","type":"Feature","properties":{"intersection_id":"CNV-INT-0316","street_names":"HARBOURSIDE DR / HARBOURSIDE PL","neighbourhood":"Marine-Hamilton","public_space_composite":32.2,"composite_rank":427.0,"transit_score":35.1,"pedestrian_proxy_score":37.03,"parking_access_score":29.03,"intersection_prominence_score":37.77,"safety_score":56.3,"signalised":false,"full_signal":true,"collision_count":4.0,"collision_data_available":true,"transit_stops_250m":3,"transit_departures_250m":20.0,"onstreet_supply_250m":0.0,"onstreet_peak_occupancy_250m":null,"population_2021_400m":1000.7,"components_available":5},"geometry":{"type":"Point","coordinates":[-123.09688211925543,49.314559316856396]}},{"id":"316","type":"Feature","properties":{"intersection_id":"CNV-INT-0317","street_names":"HARBOUR WAY / HARBOURSIDE DR","neighbourhood":"Marine-Hamilton","public_space_composite":31.53,"composite_rank":436.0,"transit_score":30.68,"pedestrian_proxy_score":38.11,"parking_access_score":29.03,"intersection_prominence_score":37.77,"safety_score":null,"signalised":false,"full_signal":true,"collision_count":null,"collision_data_available":false,"transit_stops_250m":2,"transit_departures_250m":10.0,"onstreet_supply_250m":0.0,"onstreet_peak_occupancy_250m":null,"population_2021_400m":775.3,"components_available":5},"geometry":{"type":"Point","coordinates":[-123.09406288610417,49.314530367028]}},{"id":"317","type":"Feature","properties":{"intersection_id":"CNV-INT-0318","street_names":"FELL AVE / HARBOURSIDE DR","neighbourhood":"Marine-Hamilton","public_space_composite":46.44,"composite_rank":272.0,"transit_score":30.68,"pedestrian_proxy_score":37.48,"parking_access_score":29.03,"intersection_prominence_score":66.34,"safety_score":50.38,"signalised":true,"full_signal":true,"collision_count":5.0,"collision_data_available":true,"transit_stops_250m":2,"transit_departures_250m":10.0,"onstreet_supply_250m":0.0,"onstreet_peak_occupancy_250m":null,"population_2021_400m":853.8,"components_available":5},"geometry":{"type":"Point","coordinates":[-123.09482327312885,49.31454015841517]}},{"id":"318","type":"Feature","properties":{"intersection_id":"CNV-INT-0319","street_names":"GOSTICK PL / HARBOURSIDE DR","neighbourhood":"Marine-Hamilton","public_space_composite":30.25,"composite_rank":449.0,"transit_score":30.68,"pedestrian_proxy_score":31.71,"parking_access_score":29.03,"intersection_prominence_score":37.77,"safety_score":null,"signalised":false,"full_signal":true,"collision_count":null,"collision_data_available":false,"transit_stops_250m":2,"transit_departures_250m":10.0,"onstreet_supply_250m":0.0,"onstreet_peak_occupancy_250m":null,"population_2021_400m":642.5,"components_available":5},"geometry":{"type":"Point","coordinates":[-123.09285304686665,49.31451477724576]}},{"id":"319","type":"Feature","properties":{"intersection_id":"CNV-INT-0320","street_names":"FORBES AVE / W ESPLANADE","neighbourhood":"Lower Lonsdale","public_space_composite":44.87,"composite_rank":295.0,"transit_score":54.26,"pedestrian_proxy_score":60.55,"parking_access_score":49.72,"intersection_prominence_score":37.77,"safety_score":null,"signalised":false,"full_signal":true,"collision_count":null,"collision_data_available":false,"transit_stops_250m":4,"transit_departures_250m":230.0,"onstreet_supply_250m":54.0,"onstreet_peak_occupancy_250m":1.094,"population_2021_400m":3476.8,"components_available":5},"geometry":{"type":"Point","coordinates":[-123.08605667614869,49.31342263052285]}},{"id":"320","type":"Feature","properties":{"intersection_id":"CNV-INT-0321","street_names":"FORBES AVE / W 1ST ST","neighbourhood":"Squamish Nation (Mission IR 1)","public_space_composite":67.21,"composite_rank":66.0,"transit_score":66.92,"pedestrian_proxy_score":71.92,"parking_access_score":51.92,"intersection_prominence_score":57.83,"safety_score":null,"signalised":true,"full_signal":true,"collision_count":null,"collision_data_available":false,"transit_stops_250m":5,"transit_departures_250m":378.0,"onstreet_supply_250m":124.0,"onstreet_peak_occupancy_250m":0.935,"population_2021_400m":3747.7,"components_available":5},"geometry":{"type":"Point","coordinates":[-123.08593345388749,49.31475849755362]}},{"id":"321","type":"Feature","properties":{"intersection_id":"CNV-INT-0322","street_names":"MISSION RD / W ESPLANADE","neighbourhood":"Squamish Nation (Mission IR 1)","public_space_composite":34.97,"composite_rank":409.0,"transit_score":46.01,"pedestrian_proxy_score":39.96,"parking_access_score":29.03,"intersection_prominence_score":37.77,"safety_score":null,"signalised":false,"full_signal":true,"collision_count":null,"collision_data_available":false,"transit_stops_250m":2,"transit_departures_250m":206.0,"onstreet_supply_250m":0.0,"onstreet_peak_occupancy_250m":null,"population_2021_400m":1478.3,"components_available":5},"geometry":{"type":"Point","coordinates":[-123.08896658073402,49.31675761751135]}},{"id":"322","type":"Feature","properties":{"intersection_id":"CNV-INT-0323","street_names":"BEWICKE AVE / COPPING ST","neighbourhood":"Marine-Hamilton","public_space_composite":38.73,"composite_rank":370.0,"transit_score":25.32,"pedestrian_proxy_score":32.83,"parking_access_score":29.03,"intersection_prominence_score":37.77,"safety_score":41.98,"signalised":false,"full_signal":true,"collision_count":7.0,"collision_data_available":true,"transit_stops_250m":1,"transit_departures_250m":5.0,"onstreet_supply_250m":0.0,"onstreet_peak_occupancy_250m":null,"population_2021_400m":731.9,"components_available":5},"geometry":{"type":"Point","coordinates":[-123.09168610483604,49.316467648156824]}},{"id":"323","type":"Feature","properties":{"intersection_id":"CNV-INT-0324","street_names":"W 1ST ST / W 2ND ST","neighbourhood":"Squamish Nation (Mission IR 1)","public_space_composite":41.69,"composite_rank":338.0,"transit_score":73.14,"pedestrian_proxy_score":46.46,"parking_access_score":29.03,"intersection_prominence_score":37.77,"safety_score":null,"signalised":false,"full_signal":true,"collision_count":null,"collision_data_available":false,"transit_stops_250m":5,"transit_departures_250m":469.0,"onstreet_supply_250m":0.0,"onstreet_peak_occupancy_250m":null,"population_2021_400m":1964.4,"components_available":5},"geometry":{"type":"Point","coordinates":[-123.0878284756354,49.31654710352592]}},{"id":"324","type":"Feature","properties":{"intersection_id":"CNV-INT-0325","street_names":"COPPING ST / GOSTICK PL","neighbourhood":"Marine-Hamilton","public_space_composite":29.15,"composite_rank":461.0,"transit_score":30.68,"pedestrian_proxy_score":36.81,"parking_access_score":29.03,"intersection_prominence_score":27.15,"safety_score":88.93,"signalised":false,"full_signal":true,"collision_count":1.0,"collision_data_available":true,"transit_stops_250m":2,"transit_departures_250m":10.0,"onstreet_supply_250m":0.0,"onstreet_peak_occupancy_250m":null,"population_2021_400m":892.8,"components_available":5},"geometry":{"type":"Point","coordinates":[-123.09279846629651,49.31647125881345]}},{"id":"325","type":"Feature","properties":{"intersection_id":"CNV-INT-0326","street_names":"MISSION RD / W 1ST ST","neighbourhood":"Squamish Nation (Mission IR 1)","public_space_composite":39.95,"composite_rank":355.0,"transit_score":57.62,"pedestrian_proxy_score":34.71,"parking_access_score":29.03,"intersection_prominence_score":56.34,"safety_score":null,"signalised":false,"full_signal":true,"collision_count":null,"collision_data_available":false,"transit_stops_250m":3,"transit_departures_250m":307.0,"onstreet_supply_250m":0.0,"onstreet_peak_occupancy_250m":null,"population_2021_400m":1676.4,"components_available":5},"geometry":{"type":"Point","coordinates":[-123.08824850799348,49.31699653967047]}},{"id":"326","type":"Feature","properties":{"intersection_id":"CNV-INT-0327","street_names":"AUTOMALL DR / FELL AVE","neighbourhood":"Marine-Hamilton","public_space_composite":43.13,"composite_rank":321.0,"transit_score":30.68,"pedestrian_proxy_score":39.48,"parking_access_score":29.03,"intersection_prominence_score":47.77,"safety_score":33.02,"signalised":true,"full_signal":true,"collision_count":11.0,"collision_data_available":true,"transit_stops_250m":2,"transit_departures_250m":10.0,"onstreet_supply_250m":0.0,"onstreet_peak_occupancy_250m":null,"population_2021_400m":1089.9,"components_available":5},"geometry":{"type":"Point","coordinates":[-123.09478216897946,49.31589767789499]}},{"id":"327","type":"Feature","properties":{"intersection_id":"CNV-INT-0328","street_names":"AUTOMALL DR","neighbourhood":"Marine-Hamilton","public_space_composite":28.41,"composite_rank":467.0,"transit_score":30.68,"pedestrian_proxy_score":40.3,"parking_access_score":29.03,"intersection_prominence_score":19.98,"safety_score":null,"signalised":false,"full_signal":true,"collision_count":null,"collision_data_available":false,"transit_stops_250m":2,"transit_departures_250m":10.0,"onstreet_supply_250m":0.0,"onstreet_peak_occupancy_250m":null,"population_2021_400m":1274.4,"components_available":5},"geometry":{"type":"Point","coordinates":[-123.09638378192729,49.315916352165935]}},{"id":"328","type":"Feature","properties":{"intersection_id":"CNV-INT-0329","street_names":"AUTOMALL DR","neighbourhood":"Marine-Hamilton","public_space_composite":31.06,"composite_rank":441.0,"transit_score":35.1,"pedestrian_proxy_score":40.45,"parking_access_score":29.03,"intersection_prominence_score":28.63,"safety_score":null,"signalised":false,"full_signal":true,"collision_count":null,"collision_data_available":false,"transit_stops_250m":3,"transit_departures_250m":20.0,"onstreet_supply_250m":0.0,"onstreet_peak_occupancy_250m":null,"population_2021_400m":1274.3,"components_available":5},"geometry":{"type":"Point","coordinates":[-123.09731904643183,49.31592333479598]}},{"id":"329","type":"Feature","properties":{"intersection_id":"CNV-INT-0330","street_names":"AUTOMALL DR","neighbourhood":"Marine-Hamilton","public_space_composite":30.33,"composite_rank":448.0,"transit_score":30.68,"pedestrian_proxy_score":41.23,"parking_access_score":29.03,"intersection_prominence_score":28.63,"safety_score":null,"signalised":false,"full_signal":true,"collision_count":null,"collision_data_available":false,"transit_stops_250m":2,"transit_departures_250m":10.0,"onstreet_supply_250m":0.0,"onstreet_peak_occupancy_250m":null,"population_2021_400m":1345.0,"components_available":5},"geometry":{"type":"Point","coordinates":[-123.09676176007238,49.31625979846516]}},{"id":"330","type":"Feature","properties":{"intersection_id":"CNV-INT-0331","street_names":"FELL AVE / W 1ST ST / W 2ND ST","neighbourhood":"Marine-Hamilton","public_space_composite":53.5,"composite_rank":203.0,"transit_score":30.68,"pedestrian_proxy_score":44.33,"parking_access_score":29.03,"intersection_prominence_score":75.96,"safety_score":3.63,"signalised":true,"full_signal":true,"collision_count":69.0,"collision_data_available":true,"transit_stops_250m":2,"transit_departures_250m":10.0,"onstreet_supply_250m":0.0,"onstreet_peak_occupancy_250m":null,"population_2021_400m":1230.8,"components_available":5},"geometry":{"type":"Point","coordinates":[-123.09471745205632,49.31803485321212]}},{"id":"331","type":"Feature","properties":{"intersection_id":"CNV-INT-0332","street_names":"DONAGHY AVE / W 1ST ST","neighbourhood":"Marine-Hamilton","public_space_composite":41.34,"composite_rank":342.0,"transit_score":12.76,"pedestrian_proxy_score":39.64,"parking_access_score":29.03,"intersection_prominence_score":37.77,"safety_score":25.0,"signalised":false,"full_signal":true,"collision_count":17.0,"collision_data_available":true,"transit_stops_250m":0,"transit_departures_250m":0.0,"onstreet_supply_250m":0.0,"onstreet_peak_occupancy_250m":null,"population_2021_400m":1420.8,"components_available":5},"geometry":{"type":"Point","coordinates":[-123.09693414752223,49.318077989997]}},{"id":"332","type":"Feature","properties":{"intersection_id":"CNV-INT-0333","street_names":"FORBES AVE / W 3RD ST","neighbourhood":"Squamish Nation (Mission IR 1)","public_space_composite":66.14,"composite_rank":72.0,"transit_score":79.51,"pedestrian_proxy_score":58.56,"parking_access_score":38.8,"intersection_prominence_score":66.34,"safety_score":6.11,"signalised":true,"full_signal":true,"collision_count":56.0,"collision_data_available":true,"transit_stops_250m":6,"transit_departures_250m":570.0,"onstreet_supply_250m":45.0,"onstreet_peak_occupancy_250m":0.849,"population_2021_400m":2629.4,"components_available":5},"geometry":{"type":"Point","coordinates":[-123.0858089324626,49.31733119619464]}},{"id":"333","type":"Feature","properties":{"intersection_id":"CNV-INT-0334","street_names":"W 4TH ST / W CHIEF JOSEPH CRES","neighbourhood":"Lower Lonsdale","public_space_composite":47.79,"composite_rank":256.0,"transit_score":73.79,"pedestrian_proxy_score":57.05,"parking_access_score":48.25,"intersection_prominence_score":37.77,"safety_score":null,"signalised":false,"full_signal":true,"collision_count":null,"collision_data_available":false,"transit_stops_250m":5,"transit_departures_250m":470.0,"onstreet_supply_250m":208.0,"onstreet_peak_occupancy_250m":0.794,"population_2021_400m":3056.1,"components_available":5},"geometry":{"type":"Point","coordinates":[-123.08440538538498,49.3177909809036]}},{"id":"334","type":"Feature","properties":{"intersection_id":"CNV-INT-0335","street_names":"FORBES AVE / W 4TH ST","neighbourhood":"Squamish Nation (Mission IR 1)","public_space_composite":50.56,"composite_rank":226.0,"transit_score":90.34,"pedestrian_proxy_score":55.01,"parking_access_score":29.03,"intersection_prominence_score":56.34,"safety_score":null,"signalised":false,"full_signal":true,"collision_count":null,"collision_data_available":false,"transit_stops_250m":7,"transit_departures_250m":736.0,"onstreet_supply_250m":0.0,"onstreet_peak_occupancy_250m":null,"population_2021_400m":2157.2,"components_available":5},"geometry":{"type":"Point","coordinates":[-123.08578073289131,49.31842412334309]}},{"id":"335","type":"Feature","properties":{"intersection_id":"CNV-INT-0336","street_names":"W 5TH ST / W 6TH ST","neighbourhood":"Lower Lonsdale","public_space_composite":53.27,"composite_rank":204.0,"transit_score":85.82,"pedestrian_proxy_score":63.53,"parking_access_score":57.14,"intersection_prominence_score":37.77,"safety_score":null,"signalised":false,"full_signal":true,"collision_count":null,"collision_data_available":false,"transit_stops_250m":6,"transit_departures_250m":638.0,"onstreet_supply_250m":41.0,"onstreet_peak_occupancy_250m":0.463,"population_2021_400m":2483.9,"components_available":5},"geometry":{"type":"Point","coordinates":[-123.08425086866018,49.31896495583407]}},{"id":"336","type":"Feature","properties":{"intersection_id":"CNV-INT-0337","street_names":"MAHON AVE / W 6TH ST","neighbourhood":"Lower Lonsdale","public_space_composite":46.6,"composite_rank":269.0,"transit_score":48.65,"pedestrian_proxy_score":65.99,"parking_access_score":58.52,"intersection_prominence_score":37.77,"safety_score":null,"signalised":false,"full_signal":true,"collision_count":null,"collision_data_available":false,"transit_stops_250m":2,"transit_departures_250m":214.0,"onstreet_supply_250m":428.0,"onstreet_peak_occupancy_250m":0.718,"population_2021_400m":4194.4,"components_available":5},"geometry":{"type":"Point","coordinates":[-123.08066629694706,49.3186481874788]}},{"id":"337","type":"Feature","properties":{"intersection_id":"CNV-INT-0338","street_names":"DELBRUCK AVE / W ESPLANADE","neighbourhood":"Squamish Nation (Mission IR 1)","public_space_composite":35.98,"composite_rank":403.0,"transit_score":54.56,"pedestrian_proxy_score":36.49,"parking_access_score":29.03,"intersection_prominence_score":37.77,"safety_score":null,"signalised":false,"full_signal":true,"collision_count":null,"collision_data_available":false,"transit_stops_250m":4,"transit_departures_250m":216.0,"onstreet_supply_250m":0.0,"onstreet_peak_occupancy_250m":null,"population_2021_400m":1114.7,"components_available":5},"geometry":{"type":"Point","coordinates":[-123.0895520276434,49.31760270678428]}},{"id":"338","type":"Feature","properties":{"intersection_id":"CNV-INT-0339","street_names":"MISSION RD / W 2ND ST","neighbourhood":"Squamish Nation (Mission IR 1)","public_space_composite":38.95,"composite_rank":362.0,"transit_score":65.38,"pedestrian_proxy_score":40.49,"parking_access_score":29.03,"intersection_prominence_score":37.77,"safety_score":null,"signalised":false,"full_signal":true,"collision_count":null,"collision_data_available":false,"transit_stops_250m":4,"transit_departures_250m":413.0,"onstreet_supply_250m":0.0,"onstreet_peak_occupancy_250m":null,"population_2021_400m":1760.7,"components_available":5},"geometry":{"type":"Point","coordinates":[-123.08758467805318,49.3175104196041]}},{"id":"339","type":"Feature","properties":{"intersection_id":"CNV-INT-0340","street_names":"DELBRUCK AVE / W 1ST ST","neighbourhood":"Squamish Nation (Mission IR 1)","public_space_composite":38.23,"composite_rank":376.0,"transit_score":61.77,"pedestrian_proxy_score":40.52,"parking_access_score":29.03,"intersection_prominence_score":37.77,"safety_score":null,"signalised":false,"full_signal":true,"collision_count":null,"collision_data_available":false,"transit_stops_250m":4,"transit_departures_250m":319.0,"onstreet_supply_250m":0.0,"onstreet_peak_occupancy_250m":null,"population_2021_400m":1185.4,"components_available":5},"geometry":{"type":"Point","coordinates":[-123.0890585882573,49.317944902650574]}},{"id":"340","type":"Feature","properties":{"intersection_id":"CNV-INT-0341","street_names":"MISSION RD / W 3RD ST","neighbourhood":"Squamish Nation (Mission IR 1)","public_space_composite":61.32,"composite_rank":115.0,"transit_score":75.49,"pedestrian_proxy_score":48.27,"parking_access_score":29.03,"intersection_prominence_score":66.34,"safety_score":26.91,"signalised":true,"full_signal":true,"collision_count":15.0,"collision_data_available":true,"transit_stops_250m":5,"transit_departures_250m":521.0,"onstreet_supply_250m":0.0,"onstreet_peak_occupancy_250m":null,"population_2021_400m":1690.7,"components_available":5},"geometry":{"type":"Point","coordinates":[-123.08739667038661,49.31794617132999]}},{"id":"341","type":"Feature","properties":{"intersection_id":"CNV-INT-0342","street_names":"BEWICKE AVE / W 2ND ST","neighbourhood":"Marine-Hamilton","public_space_composite":68.38,"composite_rank":60.0,"transit_score":88.26,"pedestrian_proxy_score":52.8,"parking_access_score":47.0,"intersection_prominence_score":66.34,"safety_score":14.31,"signalised":true,"full_signal":true,"collision_count":28.0,"collision_data_available":true,"transit_stops_250m":6,"transit_departures_250m":727.0,"onstreet_supply_250m":56.0,"onstreet_peak_occupancy_250m":0.725,"population_2021_400m":901.8,"components_available":5},"geometry":{"type":"Point","coordinates":[-123.09154555689445,49.31904935920456]}},{"id":"342","type":"Feature","properties":{"intersection_id":"CNV-INT-0343","street_names":"MISSION RD / W 4TH ST","neighbourhood":"Squamish Nation (Mission IR 1)","public_space_composite":44.97,"composite_rank":292.0,"transit_score":84.92,"pedestrian_proxy_score":51.05,"parking_access_score":29.03,"intersection_prominence_score":37.77,"safety_score":null,"signalised":false,"full_signal":true,"collision_count":null,"collision_data_available":false,"transit_stops_250m":6,"transit_departures_250m":629.0,"onstreet_supply_250m":0.0,"onstreet_peak_occupancy_250m":null,"population_2021_400m":1628.1,"components_available":5},"geometry":{"type":"Point","coordinates":[-123.08717875907843,49.31837195799549]}},{"id":"343","type":"Feature","properties":{"intersection_id":"CNV-INT-0344","street_names":"DELBRUCK AVE / W 3RD ST","neighbourhood":"Squamish Nation (Mission IR 1)","public_space_composite":55.97,"composite_rank":176.0,"transit_score":79.15,"pedestrian_proxy_score":46.42,"parking_access_score":29.03,"intersection_prominence_score":37.77,"safety_score":88.93,"signalised":false,"full_signal":true,"collision_count":1.0,"collision_data_available":true,"transit_stops_250m":6,"transit_departures_250m":534.0,"onstreet_supply_250m":0.0,"onstreet_peak_occupancy_250m":null,"population_2021_400m":1236.1,"components_available":5},"geometry":{"type":"Point","coordinates":[-123.08849056204242,49.318422080314875]}},{"id":"344","type":"Feature","properties":{"intersection_id":"CNV-INT-0345","street_names":"W 2ND ST / W 3RD ST / W 6TH ST","neighbourhood":"Squamish Nation (Mission IR 1)","public_space_composite":69.38,"composite_rank":55.0,"transit_score":84.69,"pedestrian_proxy_score":46.35,"parking_access_score":52.4,"intersection_prominence_score":75.96,"safety_score":null,"signalised":true,"full_signal":true,"collision_count":null,"collision_data_available":false,"transit_stops_250m":8,"transit_departures_250m":587.0,"onstreet_supply_250m":42.0,"onstreet_peak_occupancy_250m":0.613,"population_2021_400m":887.1,"components_available":5},"geometry":{"type":"Point","coordinates":[-123.08982380939291,49.31903721747439]}},{"id":"345","type":"Feature","properties":{"intersection_id":"CNV-INT-0346","street_names":"BEWICKE AVE / MARINE DR / W 3RD ST / W KEITH RD","neighbourhood":"Marine-Hamilton","public_space_composite":74.04,"composite_rank":34.0,"transit_score":92.92,"pedestrian_proxy_score":60.81,"parking_access_score":42.82,"intersection_prominence_score":86.18,"safety_score":null,"signalised":true,"full_signal":true,"collision_count":null,"collision_data_available":false,"transit_stops_250m":7,"transit_departures_250m":834.0,"onstreet_supply_250m":159.0,"onstreet_peak_occupancy_250m":0.868,"population_2021_400m":959.8,"components_available":5},"geometry":{"type":"Point","coordinates":[-123.09141286529828,49.32007490856621]}},{"id":"346","type":"Feature","properties":{"intersection_id":"CNV-INT-0347","street_names":"HANES AVE / W 1ST ST","neighbourhood":"Marine-Hamilton","public_space_composite":42.9,"composite_rank":326.0,"transit_score":12.76,"pedestrian_proxy_score":37.41,"parking_access_score":29.03,"intersection_prominence_score":47.83,"safety_score":18.13,"signalised":false,"full_signal":true,"collision_count":23.0,"collision_data_available":true,"transit_stops_250m":0,"transit_departures_250m":0.0,"onstreet_supply_250m":0.0,"onstreet_peak_occupancy_250m":null,"population_2021_400m":1220.1,"components_available":5},"geometry":{"type":"Point","coordinates":[-123.09892630060614,49.31807630197947]}},{"id":"347","type":"Feature","properties":{"intersection_id":"CNV-INT-0348","street_names":"MACKAY RD / W 1ST ST","neighbourhood":"Marine-Hamilton","public_space_composite":38.9,"composite_rank":364.0,"transit_score":12.76,"pedestrian_proxy_score":28.06,"parking_access_score":29.03,"intersection_prominence_score":37.15,"safety_score":28.44,"signalised":true,"full_signal":true,"collision_count":14.0,"collision_data_available":true,"transit_stops_250m":0,"transit_departures_250m":0.0,"onstreet_supply_250m":0.0,"onstreet_peak_occupancy_250m":null,"population_2021_400m":680.5,"components_available":5},"geometry":{"type":"Point","coordinates":[-123.10237232274612,49.31810478389876]}},{"id":"348","type":"Feature","properties":{"intersection_id":"CNV-INT-0349","street_names":"FELL AVE / W 3RD ST","neighbourhood":"Marine-Hamilton","public_space_composite":72.13,"composite_rank":47.0,"transit_score":90.66,"pedestrian_proxy_score":67.04,"parking_access_score":49.11,"intersection_prominence_score":66.34,"safety_score":20.99,"signalised":true,"full_signal":true,"collision_count":20.0,"collision_data_available":true,"transit_stops_250m":5,"transit_departures_250m":997.0,"onstreet_supply_250m":53.0,"onstreet_peak_occupancy_250m":0.681,"population_2021_400m":1298.1,"components_available":5},"geometry":{"type":"Point","coordinates":[-123.09467675766679,49.32013524677709]}},{"id":"349","type":"Feature","properties":{"intersection_id":"CNV-INT-0350","street_names":"DONAGHY AVE / W 3RD ST","neighbourhood":"Marine-Hamilton","public_space_composite":54.82,"composite_rank":183.0,"transit_score":76.65,"pedestrian_proxy_score":61.96,"parking_access_score":29.03,"intersection_prominence_score":37.77,"safety_score":56.3,"signalised":false,"full_signal":true,"collision_count":4.0,"collision_data_available":true,"transit_stops_250m":3,"transit_departures_250m":643.0,"onstreet_supply_250m":0.0,"onstreet_peak_occupancy_250m":null,"population_2021_400m":1439.4,"components_available":5},"geometry":{"type":"Point","coordinates":[-123.09688788734016,49.32014240944392]}},{"id":"350","type":"Feature","properties":{"intersection_id":"CNV-INT-0351","street_names":"HANES AVE / W 3RD ST","neighbourhood":"Marine-Hamilton","public_space_composite":43.95,"composite_rank":309.0,"transit_score":12.76,"pedestrian_proxy_score":42.87,"parking_access_score":29.03,"intersection_prominence_score":66.4,"safety_score":33.02,"signalised":false,"full_signal":true,"collision_count":11.0,"collision_data_available":true,"transit_stops_250m":0,"transit_departures_250m":0.0,"onstreet_supply_250m":0.0,"onstreet_peak_occupancy_250m":null,"population_2021_400m":1256.0,"components_available":5},"geometry":{"type":"Point","coordinates":[-123.0988629683052,49.32016322374085]}},{"id":"351","type":"Feature","properties":{"intersection_id":"CNV-INT-0352","street_names":"MACKAY RD / W 3RD ST","neighbourhood":"Marine-Hamilton","public_space_composite":35.51,"composite_rank":404.0,"transit_score":12.76,"pedestrian_proxy_score":29.29,"parking_access_score":29.03,"intersection_prominence_score":37.77,"safety_score":31.3,"signalised":false,"full_signal":true,"collision_count":12.0,"collision_data_available":true,"transit_stops_250m":0,"transit_departures_250m":0.0,"onstreet_supply_250m":0.0,"onstreet_peak_occupancy_250m":null,"population_2021_400m":713.4,"components_available":5},"geometry":{"type":"Point","coordinates":[-123.10229884509597,49.32020520922722]}},{"id":"352","type":"Feature","properties":{"intersection_id":"CNV-INT-0353","street_names":"FORBES AVE / W KEITH RD","neighbourhood":"Marine-Hamilton","public_space_composite":66.71,"composite_rank":68.0,"transit_score":78.4,"pedestrian_proxy_score":54.11,"parking_access_score":57.22,"intersection_prominence_score":56.34,"safety_score":20.23,"signalised":false,"full_signal":true,"collision_count":21.0,"collision_data_available":true,"transit_stops_250m":5,"transit_departures_250m":537.0,"onstreet_supply_250m":15.0,"onstreet_peak_occupancy_250m":0.204,"population_2021_400m":1804.3,"components_available":5},"geometry":{"type":"Point","coordinates":[-123.08484994747893,49.32001694724454]}},{"id":"353","type":"Feature","properties":{"intersection_id":"CNV-INT-0354","street_names":"DELBRUCK AVE / W KEITH RD","neighbourhood":"Marine-Hamilton","public_space_composite":60.91,"composite_rank":117.0,"transit_score":85.26,"pedestrian_proxy_score":49.14,"parking_access_score":44.91,"intersection_prominence_score":37.77,"safety_score":46.37,"signalised":false,"full_signal":true,"collision_count":6.0,"collision_data_available":true,"transit_stops_250m":6,"transit_departures_250m":636.0,"onstreet_supply_250m":35.0,"onstreet_peak_occupancy_250m":0.732,"population_2021_400m":1073.5,"components_available":5},"geometry":{"type":"Point","coordinates":[-123.08792928407031,49.320037132422556]}},{"id":"354","type":"Feature","properties":{"intersection_id":"CNV-INT-0355","street_names":"BEWICKE AVE / W 14TH ST","neighbourhood":"Marine-Hamilton","public_space_composite":65.02,"composite_rank":82.0,"transit_score":91.23,"pedestrian_proxy_score":60.51,"parking_access_score":48.33,"intersection_prominence_score":56.34,"safety_score":46.37,"signalised":false,"full_signal":true,"collision_count":6.0,"collision_data_available":true,"transit_stops_250m":6,"transit_departures_250m":829.0,"onstreet_supply_250m":242.0,"onstreet_peak_occupancy_250m":0.808,"population_2021_400m":1017.5,"components_available":5},"geometry":{"type":"Point","coordinates":[-123.09131736465751,49.32121736201382]}},{"id":"355","type":"Feature","properties":{"intersection_id":"CNV-INT-0356","street_names":"FORBES AVE / W 14TH ST","neighbourhood":"Mahon","public_space_composite":53.87,"composite_rank":197.0,"transit_score":86.58,"pedestrian_proxy_score":48.74,"parking_access_score":55.61,"intersection_prominence_score":56.34,"safety_score":63.36,"signalised":false,"full_signal":true,"collision_count":3.0,"collision_data_available":true,"transit_stops_250m":6,"transit_departures_250m":643.0,"onstreet_supply_250m":59.0,"onstreet_peak_occupancy_250m":0.542,"population_2021_400m":1434.4,"components_available":5},"geometry":{"type":"Point","coordinates":[-123.08481619608915,49.32114585817923]}},{"id":"356","type":"Feature","properties":{"intersection_id":"CNV-INT-0357","street_names":"BEWICKE AVE / W 15TH ST","neighbourhood":"Marine-Hamilton","public_space_composite":63.8,"composite_rank":93.0,"transit_score":85.17,"pedestrian_proxy_score":58.24,"parking_access_score":50.54,"intersection_prominence_score":56.34,"safety_score":46.37,"signalised":false,"full_signal":true,"collision_count":6.0,"collision_data_available":true,"transit_stops_250m":5,"transit_departures_250m":705.0,"onstreet_supply_250m":250.0,"onstreet_peak_occupancy_250m":0.782,"population_2021_400m":1167.4,"components_available":5},"geometry":{"type":"Point","coordinates":[-123.09127756397183,49.322251832514716]}},{"id":"357","type":"Feature","properties":{"intersection_id":"CNV-INT-0358","street_names":"BEWICKE AVE / W 16TH ST","neighbourhood":"Marine-Hamilton","public_space_composite":47.14,"composite_rank":261.0,"transit_score":34.96,"pedestrian_proxy_score":45.37,"parking_access_score":48.91,"intersection_prominence_score":37.77,"safety_score":7.82,"signalised":false,"full_signal":true,"collision_count":52.0,"collision_data_available":true,"transit_stops_250m":2,"transit_departures_250m":96.0,"onstreet_supply_250m":234.0,"onstreet_peak_occupancy_250m":0.796,"population_2021_400m":1340.7,"components_available":5},"geometry":{"type":"Point","coordinates":[-123.0912075108674,49.32320536978467]}},{"id":"358","type":"Feature","properties":{"intersection_id":"CNV-INT-0359","street_names":"MARINE DR / W 14TH ST","neighbourhood":"Marine-Hamilton","public_space_composite":66.04,"composite_rank":74.0,"transit_score":93.9,"pedestrian_proxy_score":70.21,"parking_access_score":40.83,"intersection_prominence_score":37.77,"safety_score":null,"signalised":false,"full_signal":true,"collision_count":null,"collision_data_available":false,"transit_stops_250m":6,"transit_departures_250m":1045.0,"onstreet_supply_250m":159.0,"onstreet_peak_occupancy_250m":0.9,"population_2021_400m":1271.1,"components_available":5},"geometry":{"type":"Point","coordinates":[-123.09382205070807,49.320896030210804]}},{"id":"359","type":"Feature","properties":{"intersection_id":"CNV-INT-0360","street_names":"FELL AVE / MARINE DR","neighbourhood":"Marine-Hamilton","public_space_composite":72.58,"composite_rank":41.0,"transit_score":93.71,"pedestrian_proxy_score":72.44,"parking_access_score":42.92,"intersection_prominence_score":66.34,"safety_score":0.0,"signalised":true,"full_signal":true,"collision_count":189.0,"collision_data_available":true,"transit_stops_250m":5,"transit_departures_250m":1204.0,"onstreet_supply_250m":101.0,"onstreet_peak_occupancy_250m":0.831,"population_2021_400m":1438.8,"components_available":5},"geometry":{"type":"Point","coordinates":[-123.09465303440322,49.321219176814445]}},{"id":"360","type":"Feature","properties":{"intersection_id":"CNV-INT-0361","street_names":"HAMILTON AVE / MACKAY RD","neighbourhood":"Marine-Hamilton","public_space_composite":49.15,"composite_rank":241.0,"transit_score":81.52,"pedestrian_proxy_score":45.91,"parking_access_score":29.03,"intersection_prominence_score":37.21,"safety_score":null,"signalised":false,"full_signal":true,"collision_count":null,"collision_data_available":false,"transit_stops_250m":3,"transit_departures_250m":781.0,"onstreet_supply_250m":0.0,"onstreet_peak_occupancy_250m":null,"population_2021_400m":792.7,"components_available":5},"geometry":{"type":"Point","coordinates":[-123.102207987012,49.32180642026369]}},{"id":"361","type":"Feature","properties":{"intersection_id":"CNV-INT-0362","street_names":"MOSQUITO CREEK LANE / W 14TH ST","neighbourhood":"Marine-Hamilton","public_space_composite":52.83,"composite_rank":208.0,"transit_score":91.25,"pedestrian_proxy_score":70.16,"parking_access_score":42.88,"intersection_prominence_score":37.77,"safety_score":72.33,"signalised":false,"full_signal":true,"collision_count":2.0,"collision_data_available":true,"transit_stops_250m":5,"transit_departures_250m":1040.0,"onstreet_supply_250m":195.0,"onstreet_peak_occupancy_250m":0.874,"population_2021_400m":1273.0,"components_available":5},"geometry":{"type":"Point","coordinates":[-123.0934386052906,49.32123609985415]}},{"id":"362","type":"Feature","properties":{"intersection_id":"CNV-INT-0363","street_names":"HANES AVE / MARINE DR","neighbourhood":"Marine-Hamilton","public_space_composite":67.69,"composite_rank":62.0,"transit_score":88.61,"pedestrian_proxy_score":75.49,"parking_access_score":29.03,"intersection_prominence_score":57.83,"safety_score":null,"signalised":true,"full_signal":true,"collision_count":null,"collision_data_available":false,"transit_stops_250m":4,"transit_departures_250m":1045.0,"onstreet_supply_250m":0.0,"onstreet_peak_occupancy_250m":null,"population_2021_400m":1834.7,"components_available":5},"geometry":{"type":"Point","coordinates":[-123.09793374203697,49.322345330358274]}},{"id":"363","type":"Feature","properties":{"intersection_id":"CNV-INT-0364","street_names":"MARINE DR / W 15TH ST","neighbourhood":"Marine-Hamilton","public_space_composite":65.1,"composite_rank":79.0,"transit_score":94.0,"pedestrian_proxy_score":77.21,"parking_access_score":29.03,"intersection_prominence_score":37.77,"safety_score":72.33,"signalised":false,"full_signal":true,"collision_count":2.0,"collision_data_available":true,"transit_stops_250m":5,"transit_departures_250m":1265.0,"onstreet_supply_250m":0.0,"onstreet_peak_occupancy_250m":null,"population_2021_400m":1859.3,"components_available":5},"geometry":{"type":"Point","coordinates":[-123.09706880842224,49.322053718815056]}},{"id":"364","type":"Feature","properties":{"intersection_id":"CNV-INT-0365","street_names":"MOSQUITO CREEK LANE / W 15TH ST","neighbourhood":"Marine-Hamilton","public_space_composite":52.25,"composite_rank":212.0,"transit_score":94.73,"pedestrian_proxy_score":70.97,"parking_access_score":46.33,"intersection_prominence_score":27.15,"safety_score":null,"signalised":false,"full_signal":true,"collision_count":null,"collision_data_available":false,"transit_stops_250m":6,"transit_departures_250m":1088.0,"onstreet_supply_250m":226.0,"onstreet_peak_occupancy_250m":0.827,"population_2021_400m":1522.4,"components_available":5},"geometry":{"type":"Point","coordinates":[-123.09343283718098,49.322242572378784]}},{"id":"365","type":"Feature","properties":{"intersection_id":"CNV-INT-0366","street_names":"JONES AVE / W KEITH RD","neighbourhood":"Lower Lonsdale","public_space_composite":73.46,"composite_rank":37.0,"transit_score":78.31,"pedestrian_proxy_score":70.61,"parking_access_score":64.55,"intersection_prominence_score":66.34,"safety_score":10.31,"signalised":true,"full_signal":true,"collision_count":38.0,"collision_data_available":true,"transit_stops_250m":5,"transit_departures_250m":536.0,"onstreet_supply_250m":442.0,"onstreet_peak_occupancy_250m":0.62,"population_2021_400m":2761.6,"components_available":5},"geometry":{"type":"Point","coordinates":[-123.0817297408008,49.319983215356615]}},{"id":"366","type":"Feature","properties":{"intersection_id":"CNV-INT-0367","street_names":"JONES AVE / W 14TH ST","neighbourhood":"Mahon","public_space_composite":69.21,"composite_rank":56.0,"transit_score":86.34,"pedestrian_proxy_score":70.68,"parking_access_score":64.02,"intersection_prominence_score":56.34,"safety_score":88.93,"signalised":false,"full_signal":true,"collision_count":1.0,"collision_data_available":true,"transit_stops_250m":6,"transit_departures_250m":642.0,"onstreet_supply_250m":421.0,"onstreet_peak_occupancy_250m":0.618,"population_2021_400m":2432.2,"components_available":5},"geometry":{"type":"Point","coordinates":[-123.08170110809577,49.321130111985276]}},{"id":"367","type":"Feature","properties":{"intersection_id":"CNV-INT-0368","street_names":"JONES AVE / W 15TH ST","neighbourhood":"Mahon","public_space_composite":66.14,"composite_rank":72.0,"transit_score":78.5,"pedestrian_proxy_score":60.9,"parking_access_score":66.29,"intersection_prominence_score":56.34,"safety_score":56.3,"signalised":false,"full_signal":true,"collision_count":4.0,"collision_data_available":true,"transit_stops_250m":5,"transit_departures_250m":534.0,"onstreet_supply_250m":406.0,"onstreet_peak_occupancy_250m":0.524,"population_2021_400m":2459.3,"components_available":5},"geometry":{"type":"Point","coordinates":[-123.08168734449677,49.32216905740902]}},{"id":"368","type":"Feature","properties":{"intersection_id":"CNV-INT-0369","street_names":"FORBES AVE / W 15TH ST","neighbourhood":"Mahon","public_space_composite":44.66,"composite_rank":298.0,"transit_score":49.6,"pedestrian_proxy_score":36.4,"parking_access_score":58.87,"intersection_prominence_score":56.34,"safety_score":88.93,"signalised":false,"full_signal":true,"collision_count":1.0,"collision_data_available":true,"transit_stops_250m":2,"transit_departures_250m":213.0,"onstreet_supply_250m":60.0,"onstreet_peak_occupancy_250m":0.434,"population_2021_400m":1376.9,"components_available":5},"geometry":{"type":"Point","coordinates":[-123.08477198353212,49.322193822333624]}},{"id":"369","type":"Feature","properties":{"intersection_id":"CNV-INT-0370","street_names":"JONES AVE / W 16TH ST","neighbourhood":"Mahon","public_space_composite":61.98,"composite_rank":110.0,"transit_score":61.57,"pedestrian_proxy_score":55.85,"parking_access_score":67.43,"intersection_prominence_score":56.34,"safety_score":null,"signalised":false,"full_signal":true,"collision_count":null,"collision_data_available":false,"transit_stops_250m":3,"transit_departures_250m":320.0,"onstreet_supply_250m":421.0,"onstreet_peak_occupancy_250m":0.518,"population_2021_400m":2315.9,"components_available":5},"geometry":{"type":"Point","coordinates":[-123.08167399013118,49.3231945096864]}},{"id":"370","type":"Feature","properties":{"intersection_id":"CNV-INT-0371","street_names":"FORBES AVE / W 16TH ST","neighbourhood":"Mahon","public_space_composite":29.39,"composite_rank":457.0,"transit_score":12.76,"pedestrian_proxy_score":25.7,"parking_access_score":59.28,"intersection_prominence_score":27.15,"safety_score":88.93,"signalised":false,"full_signal":true,"collision_count":1.0,"collision_data_available":true,"transit_stops_250m":0,"transit_departures_250m":0.0,"onstreet_supply_250m":89.0,"onstreet_peak_occupancy_250m":0.504,"population_2021_400m":1355.2,"components_available":5},"geometry":{"type":"Point","coordinates":[-123.08475868274101,49.3232147764802]}},{"id":"371","type":"Feature","properties":{"intersection_id":"CNV-INT-0372","street_names":"FORBES AVE / W 6TH ST","neighbourhood":"Squamish Nation (Mission IR 1)","public_space_composite":44.84,"composite_rank":296.0,"transit_score":90.91,"pedestrian_proxy_score":55.06,"parking_access_score":29.03,"intersection_prominence_score":27.15,"safety_score":null,"signalised":false,"full_signal":true,"collision_count":null,"collision_data_available":false,"transit_stops_250m":7,"transit_departures_250m":737.0,"onstreet_supply_250m":0.0,"onstreet_peak_occupancy_250m":null,"population_2021_400m":1955.7,"components_available":5},"geometry":{"type":"Point","coordinates":[-123.08575152201729,49.31893686680449]}},{"id":"372","type":"Feature","properties":{"intersection_id":"CNV-INT-0373","street_names":"JONES AVE / W 6TH ST","neighbourhood":"Lower Lonsdale","public_space_composite":49.52,"composite_rank":237.0,"transit_score":60.94,"pedestrian_proxy_score":66.77,"parking_access_score":60.06,"intersection_prominence_score":37.77,"safety_score":null,"signalised":false,"full_signal":true,"collision_count":null,"collision_data_available":false,"transit_stops_250m":3,"transit_departures_250m":322.0,"onstreet_supply_250m":418.0,"onstreet_peak_occupancy_250m":0.688,"population_2021_400m":3369.7,"components_available":5},"geometry":{"type":"Point","coordinates":[-123.08176457088575,49.31894425373139]}},{"id":"373","type":"Feature","properties":{"intersection_id":"CNV-INT-0374","street_names":"FORBES AVE / W 6TH ST","neighbourhood":"Squamish Nation (Mission IR 1)","public_space_composite":46.37,"composite_rank":275.0,"transit_score":84.82,"pedestrian_proxy_score":58.18,"parking_access_score":29.03,"intersection_prominence_score":37.77,"safety_score":null,"signalised":false,"full_signal":true,"collision_count":null,"collision_data_available":false,"transit_stops_250m":6,"transit_departures_250m":630.0,"onstreet_supply_250m":0.0,"onstreet_peak_occupancy_250m":null,"population_2021_400m":2263.0,"components_available":5},"geometry":{"type":"Point","coordinates":[-123.084870538088,49.31898699024873]}},{"id":"374","type":"Feature","properties":{"intersection_id":"CNV-INT-0375","street_names":"W 13TH ST / W KEITH RD","neighbourhood":"Lower Lonsdale","public_space_composite":63.51,"composite_rank":94.0,"transit_score":69.14,"pedestrian_proxy_score":70.19,"parking_access_score":63.6,"intersection_prominence_score":27.15,"safety_score":72.33,"signalised":false,"full_signal":true,"collision_count":2.0,"collision_data_available":true,"transit_stops_250m":4,"transit_departures_250m":428.0,"onstreet_supply_250m":513.0,"onstreet_peak_occupancy_250m":0.661,"population_2021_400m":3024.2,"components_available":5},"geometry":{"type":"Point","coordinates":[-123.08093549142774,49.319970280708105]}},{"id":"375","type":"Feature","properties":{"intersection_id":"CNV-INT-0376","street_names":"CHESTERFIELD AVE / W 13TH ST","neighbourhood":"Central Lonsdale","public_space_composite":83.1,"composite_rank":13.0,"transit_score":76.06,"pedestrian_proxy_score":86.48,"parking_access_score":89.06,"intersection_prominence_score":76.4,"safety_score":7.82,"signalised":true,"full_signal":true,"collision_count":52.0,"collision_data_available":true,"transit_stops_250m":4,"transit_departures_250m":586.0,"onstreet_supply_250m":699.0,"onstreet_peak_occupancy_250m":0.61,"population_2021_400m":6822.5,"components_available":5},"geometry":{"type":"Point","coordinates":[-123.0755341983998,49.320005420723454]}},{"id":"376","type":"Feature","properties":{"intersection_id":"CNV-INT-0377","street_names":"W 13TH ST / W 8TH ST","neighbourhood":"Central Lonsdale","public_space_composite":64.34,"composite_rank":88.0,"transit_score":34.61,"pedestrian_proxy_score":68.07,"parking_access_score":83.69,"intersection_prominence_score":47.83,"safety_score":63.36,"signalised":false,"full_signal":true,"collision_count":3.0,"collision_data_available":true,"transit_stops_250m":1,"transit_departures_250m":108.0,"onstreet_supply_250m":671.0,"onstreet_peak_occupancy_250m":0.656,"population_2021_400m":5595.1,"components_available":5},"geometry":{"type":"Point","coordinates":[-123.0774301365156,49.320022156322544]}},{"id":"377","type":"Feature","properties":{"intersection_id":"CNV-INT-0378","street_names":"MAHON AVE / W 13TH ST","neighbourhood":"Central Lonsdale","public_space_composite":63.93,"composite_rank":92.0,"transit_score":61.45,"pedestrian_proxy_score":66.8,"parking_access_score":66.14,"intersection_prominence_score":37.77,"safety_score":41.98,"signalised":false,"full_signal":true,"collision_count":7.0,"collision_data_available":true,"transit_stops_250m":3,"transit_departures_250m":320.0,"onstreet_supply_250m":556.0,"onstreet_peak_occupancy_250m":0.64,"population_2021_400m":3650.2,"components_available":5},"geometry":{"type":"Point","coordinates":[-123.07992755201212,49.31997098215309]}},{"id":"378","type":"Feature","properties":{"intersection_id":"CNV-INT-0379","street_names":"MAHON AVE / W 13TH ST","neighbourhood":"Central Lonsdale","public_space_composite":73.94,"composite_rank":35.0,"transit_score":69.14,"pedestrian_proxy_score":71.67,"parking_access_score":83.59,"intersection_prominence_score":57.83,"safety_score":null,"signalised":true,"full_signal":true,"collision_count":null,"collision_data_available":false,"transit_stops_250m":4,"transit_departures_250m":428.0,"onstreet_supply_250m":674.0,"onstreet_peak_occupancy_250m":0.632,"population_2021_400m":4662.6,"components_available":5},"geometry":{"type":"Point","coordinates":[-123.07863377768757,49.320048329024864]}},{"id":"379","type":"Feature","properties":{"intersection_id":"CNV-INT-0380","street_names":"CHESTERFIELD AVE / W 14TH ST","neighbourhood":"Central Lonsdale","public_space_composite":74.59,"composite_rank":32.0,"transit_score":82.11,"pedestrian_proxy_score":87.82,"parking_access_score":84.59,"intersection_prominence_score":66.34,"safety_score":31.3,"signalised":true,"full_signal":true,"collision_count":12.0,"collision_data_available":true,"transit_stops_250m":5,"transit_departures_250m":611.0,"onstreet_supply_250m":711.0,"onstreet_peak_occupancy_250m":0.699,"population_2021_400m":6914.5,"components_available":5},"geometry":{"type":"Point","coordinates":[-123.07553581490005,49.32106234487291]}},{"id":"380","type":"Feature","properties":{"intersection_id":"CNV-INT-0381","street_names":"MAHON AVE / W 14TH ST","neighbourhood":"Central Lonsdale","public_space_composite":67.11,"composite_rank":67.0,"transit_score":92.12,"pedestrian_proxy_score":78.8,"parking_access_score":86.23,"intersection_prominence_score":56.34,"safety_score":63.36,"signalised":false,"full_signal":true,"collision_count":3.0,"collision_data_available":true,"transit_stops_250m":7,"transit_departures_250m":748.0,"onstreet_supply_250m":728.0,"onstreet_peak_occupancy_250m":0.618,"population_2021_400m":4492.9,"components_available":5},"geometry":{"type":"Point","coordinates":[-123.07861607181962,49.32108277939137]}},{"id":"381","type":"Feature","properties":{"intersection_id":"CNV-INT-0382","street_names":"W 12TH ST / W 8TH ST","neighbourhood":"Central Lonsdale","public_space_composite":57.15,"composite_rank":157.0,"transit_score":63.27,"pedestrian_proxy_score":82.61,"parking_access_score":90.67,"intersection_prominence_score":27.15,"safety_score":null,"signalised":false,"full_signal":true,"collision_count":null,"collision_data_available":false,"transit_stops_250m":3,"transit_departures_250m":421.0,"onstreet_supply_250m":735.0,"onstreet_peak_occupancy_250m":0.609,"population_2021_400m":7141.4,"components_available":5},"geometry":{"type":"Point","coordinates":[-123.07502391176938,49.318962318573]}},{"id":"382","type":"Feature","properties":{"intersection_id":"CNV-INT-0383","street_names":"E 14TH ST / LONSDALE AVE","neighbourhood":"Central Lonsdale","public_space_composite":83.2,"composite_rank":12.0,"transit_score":95.83,"pedestrian_proxy_score":89.8,"parking_access_score":85.08,"intersection_prominence_score":57.83,"safety_score":7.25,"signalised":true,"full_signal":true,"collision_count":53.0,"collision_data_available":true,"transit_stops_250m":7,"transit_departures_250m":1072.0,"onstreet_supply_250m":703.0,"onstreet_peak_occupancy_250m":0.722,"population_2021_400m":7971.2,"components_available":5},"geometry":{"type":"Point","coordinates":[-123.07236825945405,49.32103738629911]}},{"id":"383","type":"Feature","properties":{"intersection_id":"CNV-INT-0384","street_names":"CIVIC PLACE MEWS / W 14TH ST","neighbourhood":"Central Lonsdale","public_space_composite":67.46,"composite_rank":65.0,"transit_score":97.83,"pedestrian_proxy_score":91.61,"parking_access_score":88.04,"intersection_prominence_score":37.77,"safety_score":null,"signalised":false,"full_signal":true,"collision_count":null,"collision_data_available":false,"transit_stops_250m":8,"transit_departures_250m":1178.0,"onstreet_supply_250m":739.0,"onstreet_peak_occupancy_250m":0.66,"population_2021_400m":7500.3,"components_available":5},"geometry":{"type":"Point","coordinates":[-123.0747015697683,49.32105578049793]}},{"id":"384","type":"Feature","properties":{"intersection_id":"CNV-INT-0385","street_names":"E 15TH ST / LONSDALE AVE / W 15TH ST","neighbourhood":"Central Lonsdale","public_space_composite":90.32,"composite_rank":1.0,"transit_score":95.32,"pedestrian_proxy_score":94.55,"parking_access_score":88.23,"intersection_prominence_score":86.02,"safety_score":0.76,"signalised":true,"full_signal":true,"collision_count":104.0,"collision_data_available":true,"transit_stops_250m":7,"transit_departures_250m":1033.0,"onstreet_supply_250m":682.0,"onstreet_peak_occupancy_250m":0.649,"population_2021_400m":7875.7,"components_available":5},"geometry":{"type":"Point","coordinates":[-123.07234654065505,49.32206284290425]}},{"id":"385","type":"Feature","properties":{"intersection_id":"CNV-INT-0386","street_names":"CHESTERFIELD AVE / W 15TH ST","neighbourhood":"Central Lonsdale","public_space_composite":79.43,"composite_rank":22.0,"transit_score":90.41,"pedestrian_proxy_score":89.84,"parking_access_score":81.85,"intersection_prominence_score":66.34,"safety_score":23.47,"signalised":true,"full_signal":true,"collision_count":18.0,"collision_data_available":true,"transit_stops_250m":6,"transit_departures_250m":768.0,"onstreet_supply_250m":708.0,"onstreet_peak_occupancy_250m":0.724,"population_2021_400m":6786.8,"components_available":5},"geometry":{"type":"Point","coordinates":[-123.07548838222476,49.322101312446954]}},{"id":"386","type":"Feature","properties":{"intersection_id":"CNV-INT-0387","street_names":"LONSDALE AVE / W 16TH ST","neighbourhood":"Central Lonsdale","public_space_composite":81.87,"composite_rank":15.0,"transit_score":95.07,"pedestrian_proxy_score":89.27,"parking_access_score":79.71,"intersection_prominence_score":57.83,"safety_score":6.11,"signalised":true,"full_signal":true,"collision_count":56.0,"collision_data_available":true,"transit_stops_250m":7,"transit_departures_250m":1001.0,"onstreet_supply_250m":730.0,"onstreet_peak_occupancy_250m":0.819,"population_2021_400m":7452.8,"components_available":5},"geometry":{"type":"Point","coordinates":[-123.07234806928288,49.32310627499584]}},{"id":"387","type":"Feature","properties":{"intersection_id":"CNV-INT-0388","street_names":"CHESTERFIELD AVE / W 16TH ST","neighbourhood":"Central Lonsdale","public_space_composite":75.4,"composite_rank":29.0,"transit_score":89.5,"pedestrian_proxy_score":88.4,"parking_access_score":80.67,"intersection_prominence_score":66.34,"safety_score":17.37,"signalised":true,"full_signal":true,"collision_count":24.0,"collision_data_available":true,"transit_stops_250m":6,"transit_departures_250m":729.0,"onstreet_supply_250m":756.0,"onstreet_peak_occupancy_250m":0.77,"population_2021_400m":6335.9,"components_available":5},"geometry":{"type":"Point","coordinates":[-123.0754675809709,49.323122270404845]}},{"id":"388","type":"Feature","properties":{"intersection_id":"CNV-INT-0389","street_names":"E 17TH ST / LONSDALE AVE / W 17TH ST","neighbourhood":"Central Lonsdale","public_space_composite":85.75,"composite_rank":6.0,"transit_score":91.76,"pedestrian_proxy_score":89.35,"parking_access_score":74.13,"intersection_prominence_score":86.02,"safety_score":2.86,"signalised":true,"full_signal":true,"collision_count":74.0,"collision_data_available":true,"transit_stops_250m":6,"transit_departures_250m":854.0,"onstreet_supply_250m":727.0,"onstreet_peak_occupancy_250m":0.881,"population_2021_400m":6651.7,"components_available":5},"geometry":{"type":"Point","coordinates":[-123.07228508461436,49.324145249708934]}},{"id":"389","type":"Feature","properties":{"intersection_id":"CNV-INT-0390","street_names":"CHESTERFIELD AVE / W 17TH ST","neighbourhood":"Central Lonsdale","public_space_composite":72.45,"composite_rank":42.0,"transit_score":73.37,"pedestrian_proxy_score":81.7,"parking_access_score":82.17,"intersection_prominence_score":56.34,"safety_score":25.0,"signalised":false,"full_signal":true,"collision_count":17.0,"collision_data_available":true,"transit_stops_250m":4,"transit_departures_250m":515.0,"onstreet_supply_250m":795.0,"onstreet_peak_occupancy_250m":0.744,"population_2021_400m":5615.8,"components_available":5},"geometry":{"type":"Point","coordinates":[-123.07544511229636,49.324179210605976]}},{"id":"390","type":"Feature","properties":{"intersection_id":"CNV-INT-0391","street_names":"MAHON AVE / W 15TH ST","neighbourhood":"Central Lonsdale","public_space_composite":71.18,"composite_rank":49.0,"transit_score":78.56,"pedestrian_proxy_score":65.96,"parking_access_score":86.35,"intersection_prominence_score":56.34,"safety_score":46.37,"signalised":false,"full_signal":true,"collision_count":6.0,"collision_data_available":true,"transit_stops_250m":5,"transit_departures_250m":534.0,"onstreet_supply_250m":763.0,"onstreet_peak_occupancy_250m":0.634,"population_2021_400m":4296.2,"components_available":5},"geometry":{"type":"Point","coordinates":[-123.07858934387627,49.32212173236123]}},{"id":"391","type":"Feature","properties":{"intersection_id":"CNV-INT-0392","street_names":"MAHON AVE / W 16TH ST","neighbourhood":"Central Lonsdale","public_space_composite":60.37,"composite_rank":122.0,"transit_score":69.29,"pedestrian_proxy_score":66.89,"parking_access_score":87.24,"intersection_prominence_score":56.34,"safety_score":72.33,"signalised":false,"full_signal":true,"collision_count":2.0,"collision_data_available":true,"transit_stops_250m":4,"transit_departures_250m":428.0,"onstreet_supply_250m":799.0,"onstreet_peak_occupancy_250m":0.622,"population_2021_400m":4132.2,"components_available":5},"geometry":{"type":"Point","coordinates":[-123.0785583430877,49.32317867916437]}},{"id":"392","type":"Feature","properties":{"intersection_id":"CNV-INT-0393","street_names":"MAHON AVE / W 17TH ST","neighbourhood":"Central Lonsdale","public_space_composite":61.44,"composite_rank":113.0,"transit_score":48.83,"pedestrian_proxy_score":58.77,"parking_access_score":74.56,"intersection_prominence_score":56.34,"safety_score":56.3,"signalised":false,"full_signal":true,"collision_count":4.0,"collision_data_available":true,"transit_stops_250m":2,"transit_departures_250m":214.0,"onstreet_supply_250m":763.0,"onstreet_peak_occupancy_250m":0.6,"population_2021_400m":3715.3,"components_available":5},"geometry":{"type":"Point","coordinates":[-123.07855997441092,49.32420412070348]}},{"id":"393","type":"Feature","properties":{"intersection_id":"CNV-INT-0394","street_names":"CHESTERFIELD AVE / W 18TH ST","neighbourhood":"Central Lonsdale","public_space_composite":64.76,"composite_rank":84.0,"transit_score":53.87,"pedestrian_proxy_score":75.99,"parking_access_score":75.51,"intersection_prominence_score":66.34,"safety_score":38.55,"signalised":true,"full_signal":true,"collision_count":8.0,"collision_data_available":true,"transit_stops_250m":2,"transit_departures_250m":301.0,"onstreet_supply_250m":659.0,"onstreet_peak_occupancy_250m":0.789,"population_2021_400m":5079.8,"components_available":5},"geometry":{"type":"Point","coordinates":[-123.07540884796711,49.32521367183888]}},{"id":"394","type":"Feature","properties":{"intersection_id":"CNV-INT-0395","street_names":"CHESTERFIELD AVE / W 19TH ST","neighbourhood":"Central Lonsdale","public_space_composite":66.03,"composite_rank":75.0,"transit_score":53.87,"pedestrian_proxy_score":71.31,"parking_access_score":79.94,"intersection_prominence_score":56.34,"safety_score":15.46,"signalised":false,"full_signal":true,"collision_count":27.0,"collision_data_available":true,"transit_stops_250m":2,"transit_departures_250m":301.0,"onstreet_supply_250m":698.0,"onstreet_peak_occupancy_250m":0.728,"population_2021_400m":4472.1,"components_available":5},"geometry":{"type":"Point","coordinates":[-123.07537216649797,49.32625712825294]}},{"id":"395","type":"Feature","properties":{"intersection_id":"CNV-INT-0396","street_names":"CHESTERFIELD AVE / W 20TH ST","neighbourhood":"Central Lonsdale","public_space_composite":58.97,"composite_rank":142.0,"transit_score":54.19,"pedestrian_proxy_score":65.04,"parking_access_score":75.78,"intersection_prominence_score":47.77,"safety_score":46.37,"signalised":true,"full_signal":true,"collision_count":6.0,"collision_data_available":true,"transit_stops_250m":2,"transit_departures_250m":301.0,"onstreet_supply_250m":629.0,"onstreet_peak_occupancy_250m":0.71,"population_2021_400m":3777.7,"components_available":5},"geometry":{"type":"Point","coordinates":[-123.07535482236132,49.32729157675481]}},{"id":"396","type":"Feature","properties":{"intersection_id":"CNV-INT-0397","street_names":"JONES AVE / W 17TH ST","neighbourhood":"Mahon","public_space_composite":50.57,"composite_rank":225.0,"transit_score":34.61,"pedestrian_proxy_score":42.47,"parking_access_score":69.29,"intersection_prominence_score":37.77,"safety_score":56.3,"signalised":false,"full_signal":true,"collision_count":4.0,"collision_data_available":true,"transit_stops_250m":1,"transit_departures_250m":108.0,"onstreet_supply_250m":475.0,"onstreet_peak_occupancy_250m":0.506,"population_2021_400m":2125.1,"components_available":5},"geometry":{"type":"Point","coordinates":[-123.08162969424085,49.32423347720132]}},{"id":"397","type":"Feature","properties":{"intersection_id":"CNV-INT-0398","street_names":"MAHON AVE / W 18TH ST","neighbourhood":"Mahon","public_space_composite":43.04,"composite_rank":323.0,"transit_score":12.76,"pedestrian_proxy_score":49.59,"parking_access_score":74.44,"intersection_prominence_score":56.34,"safety_score":72.33,"signalised":false,"full_signal":true,"collision_count":2.0,"collision_data_available":true,"transit_stops_250m":0,"transit_departures_250m":0.0,"onstreet_supply_250m":750.0,"onstreet_peak_occupancy_250m":0.591,"population_2021_400m":3284.9,"components_available":5},"geometry":{"type":"Point","coordinates":[-123.07850058233781,49.32525658884805]}},{"id":"398","type":"Feature","properties":{"intersection_id":"CNV-INT-0399","street_names":"JONES AVE / W 18TH ST","neighbourhood":"Mahon","public_space_composite":44.5,"composite_rank":301.0,"transit_score":12.76,"pedestrian_proxy_score":32.98,"parking_access_score":70.32,"intersection_prominence_score":37.77,"safety_score":72.33,"signalised":false,"full_signal":true,"collision_count":2.0,"collision_data_available":true,"transit_stops_250m":0,"transit_departures_250m":0.0,"onstreet_supply_250m":477.0,"onstreet_peak_occupancy_250m":0.482,"population_2021_400m":1943.7,"components_available":5},"geometry":{"type":"Point","coordinates":[-123.08160090684453,49.32529042198108]}},{"id":"399","type":"Feature","properties":{"intersection_id":"CNV-INT-0400","street_names":"MAHON AVE / W 19TH ST","neighbourhood":"Mahon","public_space_composite":51.67,"composite_rank":219.0,"transit_score":12.76,"pedestrian_proxy_score":45.97,"parking_access_score":74.57,"intersection_prominence_score":56.34,"safety_score":63.36,"signalised":false,"full_signal":true,"collision_count":3.0,"collision_data_available":true,"transit_stops_250m":0,"transit_departures_250m":0.0,"onstreet_supply_250m":732.0,"onstreet_peak_occupancy_250m":0.575,"population_2021_400m":2927.8,"components_available":5},"geometry":{"type":"Point","coordinates":[-123.07847167735942,49.32628205075355]}},{"id":"400","type":"Feature","properties":{"intersection_id":"CNV-INT-0401","street_names":"JONES AVE / W 19TH ST","neighbourhood":"Mahon","public_space_composite":47.01,"composite_rank":264.0,"transit_score":24.72,"pedestrian_proxy_score":33.95,"parking_access_score":69.94,"intersection_prominence_score":37.77,"safety_score":72.33,"signalised":false,"full_signal":true,"collision_count":2.0,"collision_data_available":true,"transit_stops_250m":1,"transit_departures_250m":2.0,"onstreet_supply_250m":477.0,"onstreet_peak_occupancy_250m":0.492,"population_2021_400m":1811.0,"components_available":5},"geometry":{"type":"Point","coordinates":[-123.08158712659825,49.326320371545464]}},{"id":"401","type":"Feature","properties":{"intersection_id":"CNV-INT-0402","street_names":"MAHON AVE / W 20TH ST","neighbourhood":"Mahon","public_space_composite":37.39,"composite_rank":389.0,"transit_score":12.76,"pedestrian_proxy_score":39.06,"parking_access_score":75.29,"intersection_prominence_score":37.77,"safety_score":null,"signalised":false,"full_signal":true,"collision_count":null,"collision_data_available":false,"transit_stops_250m":0,"transit_departures_250m":0.0,"onstreet_supply_250m":746.0,"onstreet_peak_occupancy_250m":0.573,"population_2021_400m":2569.9,"components_available":5},"geometry":{"type":"Point","coordinates":[-123.07845829093515,49.327329989698654]}},{"id":"402","type":"Feature","properties":{"intersection_id":"CNV-INT-0403","street_names":"JONES AVE / W 20TH ST","neighbourhood":"Mahon","public_space_composite":46.41,"composite_rank":273.0,"transit_score":24.72,"pedestrian_proxy_score":33.71,"parking_access_score":67.14,"intersection_prominence_score":37.77,"safety_score":72.33,"signalised":false,"full_signal":true,"collision_count":2.0,"collision_data_available":true,"transit_stops_250m":1,"transit_departures_250m":2.0,"onstreet_supply_250m":407.0,"onstreet_peak_occupancy_250m":0.509,"population_2021_400m":1720.2,"components_available":5},"geometry":{"type":"Point","coordinates":[-123.08154327039686,49.32736833325656]}},{"id":"403","type":"Feature","properties":{"intersection_id":"CNV-INT-0404","street_names":"MAHON AVE / W 21ST ST","neighbourhood":"Mahon","public_space_composite":43.32,"composite_rank":316.0,"transit_score":24.72,"pedestrian_proxy_score":41.31,"parking_access_score":72.18,"intersection_prominence_score":56.34,"safety_score":63.36,"signalised":false,"full_signal":true,"collision_count":3.0,"collision_data_available":true,"transit_stops_250m":1,"transit_departures_250m":2.0,"onstreet_supply_250m":642.0,"onstreet_peak_occupancy_250m":0.55,"population_2021_400m":2374.1,"components_available":5},"geometry":{"type":"Point","coordinates":[-123.0784272270512,49.32835095603609]}},{"id":"404","type":"Feature","properties":{"intersection_id":"CNV-INT-0405","street_names":"E 21ST ST / LONSDALE AVE / W 21ST ST","neighbourhood":"Central Lonsdale","public_space_composite":83.47,"composite_rank":10.0,"transit_score":87.18,"pedestrian_proxy_score":83.16,"parking_access_score":73.51,"intersection_prominence_score":86.02,"safety_score":2.29,"signalised":true,"full_signal":true,"collision_count":76.0,"collision_data_available":true,"transit_stops_250m":5,"transit_departures_250m":759.0,"onstreet_supply_250m":671.0,"onstreet_peak_occupancy_250m":0.781,"population_2021_400m":3517.7,"components_available":5},"geometry":{"type":"Point","coordinates":[-123.07219612124851,49.32830104555076]}},{"id":"405","type":"Feature","properties":{"intersection_id":"CNV-INT-0406","street_names":"CHESTERFIELD AVE / W 21ST ST","neighbourhood":"Central Lonsdale","public_space_composite":62.84,"composite_rank":100.0,"transit_score":53.87,"pedestrian_proxy_score":63.37,"parking_access_score":78.52,"intersection_prominence_score":66.34,"safety_score":41.98,"signalised":true,"full_signal":true,"collision_count":7.0,"collision_data_available":true,"transit_stops_250m":2,"transit_departures_250m":301.0,"onstreet_supply_250m":648.0,"onstreet_peak_occupancy_250m":0.673,"population_2021_400m":3186.4,"components_available":5},"geometry":{"type":"Point","coordinates":[-123.07532112755716,49.328321538172524]}},{"id":"406","type":"Feature","properties":{"intersection_id":"CNV-INT-0407","street_names":"LONSDALE AVE / W 22ND ST","neighbourhood":"Central Lonsdale","public_space_composite":72.4,"composite_rank":44.0,"transit_score":77.27,"pedestrian_proxy_score":76.66,"parking_access_score":72.77,"intersection_prominence_score":47.83,"safety_score":28.44,"signalised":false,"full_signal":true,"collision_count":14.0,"collision_data_available":true,"transit_stops_250m":4,"transit_departures_250m":602.0,"onstreet_supply_250m":429.0,"onstreet_peak_occupancy_250m":0.669,"population_2021_400m":3023.8,"components_available":5},"geometry":{"type":"Point","coordinates":[-123.0721784566453,49.329456926372465]}},{"id":"407","type":"Feature","properties":{"intersection_id":"CNV-INT-0408","street_names":"CHESTERFIELD AVE / W 22ND ST","neighbourhood":"Central Lonsdale","public_space_composite":61.88,"composite_rank":111.0,"transit_score":66.63,"pedestrian_proxy_score":65.8,"parking_access_score":77.1,"intersection_prominence_score":47.77,"safety_score":41.98,"signalised":true,"full_signal":true,"collision_count":7.0,"collision_data_available":true,"transit_stops_250m":3,"transit_departures_250m":458.0,"onstreet_supply_250m":441.0,"onstreet_peak_occupancy_250m":0.584,"population_2021_400m":2725.6,"components_available":5},"geometry":{"type":"Point","coordinates":[-123.07529022453109,49.329490921656316]}},{"id":"408","type":"Feature","properties":{"intersection_id":"CNV-INT-0409","street_names":"CHESTERFIELD AVE / W 23RD ST","neighbourhood":"Central Lonsdale","public_space_composite":62.05,"composite_rank":108.0,"transit_score":53.87,"pedestrian_proxy_score":63.01,"parking_access_score":74.93,"intersection_prominence_score":66.34,"safety_score":20.99,"signalised":true,"full_signal":true,"collision_count":20.0,"collision_data_available":true,"transit_stops_250m":2,"transit_departures_250m":301.0,"onstreet_supply_250m":336.0,"onstreet_peak_occupancy_250m":0.549,"population_2021_400m":2582.0,"components_available":5},"geometry":{"type":"Point","coordinates":[-123.0752914179541,49.330273494679815]}},{"id":"409","type":"Feature","properties":{"intersection_id":"CNV-INT-0410","street_names":"W 23RD ST / WESTERN AVE","neighbourhood":"Central Lonsdale","public_space_composite":59.81,"composite_rank":128.0,"transit_score":66.63,"pedestrian_proxy_score":68.9,"parking_access_score":73.65,"intersection_prominence_score":37.77,"safety_score":63.36,"signalised":false,"full_signal":true,"collision_count":3.0,"collision_data_available":true,"transit_stops_250m":3,"transit_departures_250m":458.0,"onstreet_supply_250m":289.0,"onstreet_peak_occupancy_250m":0.574,"population_2021_400m":2733.1,"components_available":5},"geometry":{"type":"Point","coordinates":[-123.07372629494353,49.33027900116917]}},{"id":"410","type":"Feature","properties":{"intersection_id":"CNV-INT-0411","street_names":"JONES AVE / W 21ST ST","neighbourhood":"Mahon","public_space_composite":50.55,"composite_rank":227.0,"transit_score":24.72,"pedestrian_proxy_score":35.63,"parking_access_score":67.38,"intersection_prominence_score":56.34,"safety_score":null,"signalised":false,"full_signal":true,"collision_count":null,"collision_data_available":false,"transit_stops_250m":1,"transit_departures_250m":2.0,"onstreet_supply_250m":407.0,"onstreet_peak_occupancy_250m":0.504,"population_2021_400m":1682.9,"components_available":5},"geometry":{"type":"Point","coordinates":[-123.08152946614135,49.32838478980298]}},{"id":"411","type":"Feature","properties":{"intersection_id":"CNV-INT-0412","street_names":"MAHON AVE / W 22ND ST","neighbourhood":"Mahon","public_space_composite":39.67,"composite_rank":357.0,"transit_score":12.76,"pedestrian_proxy_score":38.14,"parking_access_score":69.02,"intersection_prominence_score":56.34,"safety_score":null,"signalised":false,"full_signal":true,"collision_count":null,"collision_data_available":false,"transit_stops_250m":0,"transit_departures_250m":0.0,"onstreet_supply_250m":495.0,"onstreet_peak_occupancy_250m":0.525,"population_2021_400m":2280.3,"components_available":5},"geometry":{"type":"Point","coordinates":[-123.07841246111931,49.3293449240228]}},{"id":"412","type":"Feature","properties":{"intersection_id":"CNV-INT-0413","street_names":"JONES AVE / W 22ND ST","neighbourhood":"Mahon","public_space_composite":46.7,"composite_rank":268.0,"transit_score":24.72,"pedestrian_proxy_score":37.13,"parking_access_score":65.19,"intersection_prominence_score":37.77,"safety_score":null,"signalised":false,"full_signal":true,"collision_count":null,"collision_data_available":false,"transit_stops_250m":1,"transit_departures_250m":2.0,"onstreet_supply_250m":365.0,"onstreet_peak_occupancy_250m":0.519,"population_2021_400m":1724.3,"components_available":5},"geometry":{"type":"Point","coordinates":[-123.08150698664906,49.329356275875746]}},{"id":"413","type":"Feature","properties":{"intersection_id":"CNV-INT-0414","street_names":"MAHON AVE / W 23RD ST","neighbourhood":"Mahon","public_space_composite":44.36,"composite_rank":302.0,"transit_score":12.76,"pedestrian_proxy_score":36.61,"parking_access_score":64.02,"intersection_prominence_score":56.34,"safety_score":50.38,"signalised":false,"full_signal":true,"collision_count":5.0,"collision_data_available":true,"transit_stops_250m":0,"transit_departures_250m":0.0,"onstreet_supply_250m":359.0,"onstreet_peak_occupancy_250m":0.542,"population_2021_400m":2221.7,"components_available":5},"geometry":{"type":"Point","coordinates":[-123.07839765451918,49.33031190746111]}},{"id":"414","type":"Feature","properties":{"intersection_id":"CNV-INT-0415","street_names":"JONES AVE / LARSON CRES / W 23RD ST","neighbourhood":"Mahon","public_space_composite":56.35,"composite_rank":169.0,"transit_score":24.72,"pedestrian_proxy_score":39.36,"parking_access_score":63.63,"intersection_prominence_score":85.35,"safety_score":16.6,"signalised":true,"full_signal":true,"collision_count":25.0,"collision_data_available":true,"transit_stops_250m":1,"transit_departures_250m":2.0,"onstreet_supply_250m":238.0,"onstreet_peak_occupancy_250m":0.494,"population_2021_400m":1801.8,"components_available":5},"geometry":{"type":"Point","coordinates":[-123.08148408760323,49.33033675807578]}},{"id":"415","type":"Feature","properties":{"intersection_id":"CNV-INT-0416","street_names":"MAHON AVE / W 24TH ST","neighbourhood":"Mahon","public_space_composite":37.72,"composite_rank":382.0,"transit_score":12.76,"pedestrian_proxy_score":34.15,"parking_access_score":63.26,"intersection_prominence_score":56.34,"safety_score":null,"signalised":false,"full_signal":true,"collision_count":null,"collision_data_available":false,"transit_stops_250m":0,"transit_departures_250m":0.0,"onstreet_supply_250m":206.0,"onstreet_peak_occupancy_250m":0.478,"population_2021_400m":2194.3,"components_available":5},"geometry":{"type":"Point","coordinates":[-123.07835018637668,49.33129690397732]}},{"id":"416","type":"Feature","properties":{"intersection_id":"CNV-INT-0417","street_names":"JONES AVE","neighbourhood":"Mahon","public_space_composite":45.23,"composite_rank":287.0,"transit_score":24.72,"pedestrian_proxy_score":39.94,"parking_access_score":64.17,"intersection_prominence_score":28.63,"safety_score":null,"signalised":false,"full_signal":true,"collision_count":null,"collision_data_available":false,"transit_stops_250m":1,"transit_departures_250m":2.0,"onstreet_supply_250m":306.0,"onstreet_peak_occupancy_250m":0.518,"population_2021_400m":1741.2,"components_available":5},"geometry":{"type":"Point","coordinates":[-123.0815012484721,49.32960197348711]}},{"id":"417","type":"Feature","properties":{"intersection_id":"CNV-INT-0418","street_names":"LARSON CRES / LARSON RD","neighbourhood":"Mahon","public_space_composite":42.99,"composite_rank":324.0,"transit_score":24.72,"pedestrian_proxy_score":31.3,"parking_access_score":59.06,"intersection_prominence_score":47.77,"safety_score":null,"signalised":true,"full_signal":true,"collision_count":null,"collision_data_available":false,"transit_stops_250m":1,"transit_departures_250m":2.0,"onstreet_supply_250m":104.0,"onstreet_peak_occupancy_250m":0.521,"population_2021_400m":1421.1,"components_available":5},"geometry":{"type":"Point","coordinates":[-123.0844635662694,49.329183247066666]}},{"id":"418","type":"Feature","properties":{"intersection_id":"CNV-INT-0419","street_names":"LARSON RD / W 23RD ST","neighbourhood":"Mahon","public_space_composite":43.22,"composite_rank":319.0,"transit_score":12.76,"pedestrian_proxy_score":27.38,"parking_access_score":57.53,"intersection_prominence_score":66.34,"safety_score":56.3,"signalised":true,"full_signal":true,"collision_count":4.0,"collision_data_available":true,"transit_stops_250m":0,"transit_departures_250m":0.0,"onstreet_supply_250m":23.0,"onstreet_peak_occupancy_250m":0.181,"population_2021_400m":1523.7,"components_available":5},"geometry":{"type":"Point","coordinates":[-123.08458086423525,49.33037051380479]}},{"id":"419","type":"Feature","properties":{"intersection_id":"CNV-INT-0420","street_names":"JONES AVE / W 24TH ST","neighbourhood":"Mahon","public_space_composite":36.78,"composite_rank":399.0,"transit_score":12.76,"pedestrian_proxy_score":31.34,"parking_access_score":61.41,"intersection_prominence_score":56.34,"safety_score":null,"signalised":false,"full_signal":true,"collision_count":null,"collision_data_available":false,"transit_stops_250m":0,"transit_departures_250m":0.0,"onstreet_supply_250m":129.0,"onstreet_peak_occupancy_250m":0.49,"population_2021_400m":1907.9,"components_available":5},"geometry":{"type":"Point","coordinates":[-123.08145819382426,49.331326237313675]}},{"id":"420","type":"Feature","properties":{"intersection_id":"CNV-INT-0421","street_names":"LARSON RD / W 24TH ST","neighbourhood":"Mahon","public_space_composite":29.03,"composite_rank":464.0,"transit_score":12.76,"pedestrian_proxy_score":24.95,"parking_access_score":29.03,"intersection_prominence_score":56.34,"safety_score":null,"signalised":false,"full_signal":true,"collision_count":null,"collision_data_available":false,"transit_stops_250m":0,"transit_departures_250m":0.0,"onstreet_supply_250m":0.0,"onstreet_peak_occupancy_250m":null,"population_2021_400m":1665.8,"components_available":5},"geometry":{"type":"Point","coordinates":[-123.08458253630577,49.33134648182382]}},{"id":"421","type":"Feature","properties":{"intersection_id":"CNV-INT-0422","street_names":"FELL AVE / W 15TH ST","neighbourhood":"Marine-Hamilton","public_space_composite":59.98,"composite_rank":127.0,"transit_score":93.71,"pedestrian_proxy_score":75.87,"parking_access_score":40.47,"intersection_prominence_score":37.77,"safety_score":37.02,"signalised":false,"full_signal":true,"collision_count":9.0,"collision_data_available":true,"transit_stops_250m":5,"transit_departures_250m":1204.0,"onstreet_supply_250m":98.0,"onstreet_peak_occupancy_250m":0.873,"population_2021_400m":1726.6,"components_available":5},"geometry":{"type":"Point","coordinates":[-123.09463011848263,49.32227612153977]}},{"id":"422","type":"Feature","properties":{"intersection_id":"CNV-INT-0423","street_names":"HAMILTON AVE / MARINE DR / W 16TH ST","neighbourhood":"Marine-Hamilton","public_space_composite":73.23,"composite_rank":38.0,"transit_score":91.92,"pedestrian_proxy_score":71.7,"parking_access_score":29.03,"intersection_prominence_score":86.02,"safety_score":0.38,"signalised":true,"full_signal":true,"collision_count":126.0,"collision_data_available":true,"transit_stops_250m":5,"transit_departures_250m":1046.0,"onstreet_supply_250m":0.0,"onstreet_peak_occupancy_250m":null,"population_2021_400m":1503.0,"components_available":5},"geometry":{"type":"Point","coordinates":[-123.10017154575114,49.32315747024967]}},{"id":"423","type":"Feature","properties":{"intersection_id":"CNV-INT-0424","street_names":"CHURCHILL CRES / MACKAY RD","neighbourhood":"Marine-Hamilton","public_space_composite":46.47,"composite_rank":271.0,"transit_score":90.85,"pedestrian_proxy_score":52.62,"parking_access_score":29.03,"intersection_prominence_score":37.77,"safety_score":null,"signalised":false,"full_signal":true,"collision_count":null,"collision_data_available":false,"transit_stops_250m":5,"transit_departures_250m":1000.0,"onstreet_supply_250m":0.0,"onstreet_peak_occupancy_250m":null,"population_2021_400m":922.0,"components_available":5},"geometry":{"type":"Point","coordinates":[-123.10216613155369,49.32298481718379]}},{"id":"424","type":"Feature","properties":{"intersection_id":"CNV-INT-0425","street_names":"FELL AVE / W 16TH ST","neighbourhood":"Marine-Hamilton","public_space_composite":67.52,"composite_rank":64.0,"transit_score":76.65,"pedestrian_proxy_score":71.4,"parking_access_score":35.75,"intersection_prominence_score":66.34,"safety_score":6.87,"signalised":true,"full_signal":true,"collision_count":54.0,"collision_data_available":true,"transit_stops_250m":3,"transit_departures_250m":643.0,"onstreet_supply_250m":61.0,"onstreet_peak_occupancy_250m":0.961,"population_2021_400m":1816.7,"components_available":5},"geometry":{"type":"Point","coordinates":[-123.0946061433619,49.32322962314331]}},{"id":"425","type":"Feature","properties":{"intersection_id":"CNV-INT-0426","street_names":"HAMILTON AVE / W 16TH ST","neighbourhood":"Marine-Hamilton","public_space_composite":66.56,"composite_rank":70.0,"transit_score":86.11,"pedestrian_proxy_score":72.35,"parking_access_score":29.03,"intersection_prominence_score":57.83,"safety_score":null,"signalised":true,"full_signal":true,"collision_count":null,"collision_data_available":false,"transit_stops_250m":4,"transit_departures_250m":887.0,"onstreet_supply_250m":0.0,"onstreet_peak_occupancy_250m":null,"population_2021_400m":1615.8,"components_available":5},"geometry":{"type":"Point","coordinates":[-123.09977530801378,49.323283744564954]}},{"id":"426","type":"Feature","properties":{"intersection_id":"CNV-INT-0427","street_names":"LARSON RD / W 16TH ST","neighbourhood":"Mahon","public_space_composite":49.18,"composite_rank":240.0,"transit_score":34.96,"pedestrian_proxy_score":49.17,"parking_access_score":47.15,"intersection_prominence_score":27.15,"safety_score":null,"signalised":false,"full_signal":true,"collision_count":null,"collision_data_available":false,"transit_stops_250m":2,"transit_departures_250m":96.0,"onstreet_supply_250m":181.0,"onstreet_peak_occupancy_250m":0.799,"population_2021_400m":1651.0,"components_available":5},"geometry":{"type":"Point","coordinates":[-123.09293533235954,49.32339738827996]}},{"id":"427","type":"Feature","properties":{"intersection_id":"CNV-INT-0428","street_names":"MACKAY AVE / MARINE DR","neighbourhood":"Marine-Hamilton","public_space_composite":60.69,"composite_rank":119.0,"transit_score":85.63,"pedestrian_proxy_score":63.55,"parking_access_score":29.03,"intersection_prominence_score":37.77,"safety_score":3.63,"signalised":false,"full_signal":true,"collision_count":69.0,"collision_data_available":true,"transit_stops_250m":4,"transit_departures_250m":834.0,"onstreet_supply_250m":0.0,"onstreet_peak_occupancy_250m":null,"population_2021_400m":1247.0,"components_available":5},"geometry":{"type":"Point","coordinates":[-123.1012401104986,49.32353883145599]}},{"id":"428","type":"Feature","properties":{"intersection_id":"CNV-INT-0429","street_names":"MACKAY RD / MARINE DR","neighbourhood":"Marine-Hamilton","public_space_composite":62.48,"composite_rank":103.0,"transit_score":92.18,"pedestrian_proxy_score":55.96,"parking_access_score":29.03,"intersection_prominence_score":47.77,"safety_score":23.47,"signalised":true,"full_signal":true,"collision_count":18.0,"collision_data_available":true,"transit_stops_250m":6,"transit_departures_250m":899.0,"onstreet_supply_250m":0.0,"onstreet_peak_occupancy_250m":null,"population_2021_400m":1014.5,"components_available":5},"geometry":{"type":"Point","coordinates":[-123.10213818868212,49.323821388221255]}},{"id":"429","type":"Feature","properties":{"intersection_id":"CNV-INT-0430","street_names":"FELL AVE / TOBRUCK AVE","neighbourhood":"Marine-Hamilton","public_space_composite":43.64,"composite_rank":312.0,"transit_score":29.67,"pedestrian_proxy_score":55.68,"parking_access_score":33.0,"intersection_prominence_score":47.77,"safety_score":63.36,"signalised":true,"full_signal":true,"collision_count":3.0,"collision_data_available":true,"transit_stops_250m":1,"transit_departures_250m":48.0,"onstreet_supply_250m":24.0,"onstreet_peak_occupancy_250m":1.15,"population_2021_400m":1818.3,"components_available":5},"geometry":{"type":"Point","coordinates":[-123.09460205274712,49.32401220120295]}},{"id":"430","type":"Feature","properties":{"intersection_id":"CNV-INT-0431","street_names":"HAMILTON AVE / TOBRUCK AVE","neighbourhood":"Marine-Hamilton","public_space_composite":60.58,"composite_rank":121.0,"transit_score":86.11,"pedestrian_proxy_score":71.25,"parking_access_score":29.03,"intersection_prominence_score":47.83,"safety_score":72.33,"signalised":false,"full_signal":true,"collision_count":2.0,"collision_data_available":true,"transit_stops_250m":4,"transit_departures_250m":887.0,"onstreet_supply_250m":0.0,"onstreet_peak_occupancy_250m":null,"population_2021_400m":1740.1,"components_available":5},"geometry":{"type":"Point","coordinates":[-123.09924964446203,49.32406227432527]}},{"id":"431","type":"Feature","properties":{"intersection_id":"CNV-INT-0432","street_names":"MACKAY AVE / W 17TH ST","neighbourhood":"Marine-Hamilton","public_space_composite":54.25,"composite_rank":190.0,"transit_score":81.71,"pedestrian_proxy_score":54.03,"parking_access_score":29.03,"intersection_prominence_score":37.77,"safety_score":63.36,"signalised":false,"full_signal":true,"collision_count":3.0,"collision_data_available":true,"transit_stops_250m":5,"transit_departures_250m":627.0,"onstreet_supply_250m":0.0,"onstreet_peak_occupancy_250m":null,"population_2021_400m":1408.3,"components_available":5},"geometry":{"type":"Point","coordinates":[-123.10091094935258,49.32471298221093]}},{"id":"432","type":"Feature","properties":{"intersection_id":"CNV-INT-0433","street_names":"BEWICKE AVE / W 16TH ST","neighbourhood":"Marine-Hamilton","public_space_composite":47.13,"composite_rank":262.0,"transit_score":34.96,"pedestrian_proxy_score":46.26,"parking_access_score":47.99,"intersection_prominence_score":37.77,"safety_score":null,"signalised":false,"full_signal":true,"collision_count":null,"collision_data_available":false,"transit_stops_250m":2,"transit_departures_250m":96.0,"onstreet_supply_250m":225.0,"onstreet_peak_occupancy_250m":0.802,"population_2021_400m":1351.2,"components_available":5},"geometry":{"type":"Point","coordinates":[-123.09120077010515,49.32328183355663]}},{"id":"433","type":"Feature","properties":{"intersection_id":"CNV-INT-0434","street_names":"BEWICKE AVE / LARSON RD","neighbourhood":"Mahon","public_space_composite":58.82,"composite_rank":146.0,"transit_score":44.74,"pedestrian_proxy_score":48.35,"parking_access_score":47.2,"intersection_prominence_score":66.34,"safety_score":null,"signalised":true,"full_signal":true,"collision_count":null,"collision_data_available":false,"transit_stops_250m":3,"transit_departures_250m":144.0,"onstreet_supply_250m":135.0,"onstreet_peak_occupancy_250m":0.791,"population_2021_400m":1421.3,"components_available":5},"geometry":{"type":"Point","coordinates":[-123.09114371507711,49.324289331921705]}},{"id":"434","type":"Feature","properties":{"intersection_id":"CNV-INT-0435","street_names":"LARSON RD / W 17TH ST","neighbourhood":"Mahon","public_space_composite":56.58,"composite_rank":166.0,"transit_score":49.06,"pedestrian_proxy_score":47.44,"parking_access_score":51.15,"intersection_prominence_score":47.77,"safety_score":null,"signalised":true,"full_signal":true,"collision_count":null,"collision_data_available":false,"transit_stops_250m":4,"transit_departures_250m":145.0,"onstreet_supply_250m":104.0,"onstreet_peak_occupancy_250m":0.701,"population_2021_400m":1408.3,"components_available":5},"geometry":{"type":"Point","coordinates":[-123.0910337475769,49.32435688101674]}},{"id":"435","type":"Feature","properties":{"intersection_id":"CNV-INT-0436","street_names":"W 17TH ST / WOLFE ST","neighbourhood":"Mahon","public_space_composite":37.39,"composite_rank":389.0,"transit_score":49.06,"pedestrian_proxy_score":32.54,"parking_access_score":56.11,"intersection_prominence_score":27.15,"safety_score":null,"signalised":false,"full_signal":true,"collision_count":null,"collision_data_available":false,"transit_stops_250m":4,"transit_departures_250m":145.0,"onstreet_supply_250m":73.0,"onstreet_peak_occupancy_250m":0.562,"population_2021_400m":1089.4,"components_available":5},"geometry":{"type":"Point","coordinates":[-123.08838241209803,49.32430496822955]}},{"id":"436","type":"Feature","properties":{"intersection_id":"CNV-INT-0437","street_names":"FIR ST / WOLFE ST","neighbourhood":"Mahon","public_space_composite":41.99,"composite_rank":336.0,"transit_score":56.24,"pedestrian_proxy_score":36.56,"parking_access_score":57.31,"intersection_prominence_score":37.77,"safety_score":null,"signalised":false,"full_signal":true,"collision_count":null,"collision_data_available":false,"transit_stops_250m":5,"transit_departures_250m":193.0,"onstreet_supply_250m":35.0,"onstreet_peak_occupancy_250m":0.413,"population_2021_400m":1088.2,"components_available":5},"geometry":{"type":"Point","coordinates":[-123.0883645174161,49.32511903993829]}},{"id":"437","type":"Feature","properties":{"intersection_id":"CNV-INT-0438","street_names":"FIR ST / LARSON RD / WESTVIEW DR","neighbourhood":"Mahon","public_space_composite":64.92,"composite_rank":83.0,"transit_score":61.9,"pedestrian_proxy_score":41.64,"parking_access_score":57.62,"intersection_prominence_score":75.96,"safety_score":6.11,"signalised":true,"full_signal":true,"collision_count":56.0,"collision_data_available":true,"transit_stops_250m":6,"transit_departures_250m":241.0,"onstreet_supply_250m":39.0,"onstreet_peak_occupancy_250m":0.42,"population_2021_400m":1207.0,"components_available":5},"geometry":{"type":"Point","coordinates":[-123.0895132714342,49.32516313180916]}},{"id":"438","type":"Feature","properties":{"intersection_id":"CNV-INT-0439","street_names":"FELL AVE / W 17TH ST","neighbourhood":"Marine-Hamilton","public_space_composite":45.04,"composite_rank":290.0,"transit_score":29.67,"pedestrian_proxy_score":48.06,"parking_access_score":29.03,"intersection_prominence_score":66.34,"safety_score":72.33,"signalised":true,"full_signal":true,"collision_count":2.0,"collision_data_available":true,"transit_stops_250m":1,"transit_departures_250m":48.0,"onstreet_supply_250m":0.0,"onstreet_peak_occupancy_250m":null,"population_2021_400m":1813.0,"components_available":5},"geometry":{"type":"Point","coordinates":[-123.09458564216662,49.32442598972566]}},{"id":"439","type":"Feature","properties":{"intersection_id":"CNV-INT-0440","street_names":"HAMILTON AVE / W 17TH ST","neighbourhood":"Marine-Hamilton","public_space_composite":58.02,"composite_rank":151.0,"transit_score":77.42,"pedestrian_proxy_score":67.13,"parking_access_score":29.03,"intersection_prominence_score":47.83,"safety_score":null,"signalised":false,"full_signal":true,"collision_count":null,"collision_data_available":false,"transit_stops_250m":3,"transit_departures_250m":675.0,"onstreet_supply_250m":0.0,"onstreet_peak_occupancy_250m":null,"population_2021_400m":1787.3,"components_available":5},"geometry":{"type":"Point","coordinates":[-123.09900533979383,49.32447176229712]}},{"id":"440","type":"Feature","properties":{"intersection_id":"CNV-INT-0441","street_names":"CUMBERLAND CRES / HAMILTON AVE","neighbourhood":"Marine-Hamilton","public_space_composite":42.69,"composite_rank":330.0,"transit_score":35.57,"pedestrian_proxy_score":42.41,"parking_access_score":29.03,"intersection_prominence_score":37.77,"safety_score":null,"signalised":false,"full_signal":true,"collision_count":null,"collision_data_available":false,"transit_stops_250m":2,"transit_departures_250m":108.0,"onstreet_supply_250m":0.0,"onstreet_peak_occupancy_250m":null,"population_2021_400m":1869.5,"components_available":5},"geometry":{"type":"Point","coordinates":[-123.09817397242715,49.32572728833031]}},{"id":"441","type":"Feature","properties":{"intersection_id":"CNV-INT-0442","street_names":"MACKAY AVE / W KEITH RD","neighbourhood":"Marine-Hamilton","public_space_composite":44.92,"composite_rank":293.0,"transit_score":45.3,"pedestrian_proxy_score":43.79,"parking_access_score":29.03,"intersection_prominence_score":37.77,"safety_score":88.93,"signalised":false,"full_signal":true,"collision_count":1.0,"collision_data_available":true,"transit_stops_250m":3,"transit_departures_250m":161.0,"onstreet_supply_250m":0.0,"onstreet_peak_occupancy_250m":null,"population_2021_400m":1489.8,"components_available":5},"geometry":{"type":"Point","coordinates":[-123.10059193701893,49.325599277680396]}},{"id":"442","type":"Feature","properties":{"intersection_id":"CNV-INT-0443","street_names":"FELL AVE / W 19TH ST","neighbourhood":"Marine-Hamilton","public_space_composite":31.57,"composite_rank":435.0,"transit_score":12.76,"pedestrian_proxy_score":26.22,"parking_access_score":29.03,"intersection_prominence_score":37.77,"safety_score":88.93,"signalised":false,"full_signal":true,"collision_count":1.0,"collision_data_available":true,"transit_stops_250m":0,"transit_departures_250m":0.0,"onstreet_supply_250m":0.0,"onstreet_peak_occupancy_250m":null,"population_2021_400m":1665.2,"components_available":5},"geometry":{"type":"Point","coordinates":[-123.09359520128704,49.32644619793883]}},{"id":"443","type":"Feature","properties":{"intersection_id":"CNV-INT-0444","street_names":"CUMBERLAND CRES / W 19TH ST","neighbourhood":"Marine-Hamilton","public_space_composite":25.67,"composite_rank":479.0,"transit_score":12.76,"pedestrian_proxy_score":26.7,"parking_access_score":29.03,"intersection_prominence_score":37.77,"safety_score":null,"signalised":false,"full_signal":true,"collision_count":null,"collision_data_available":false,"transit_stops_250m":0,"transit_departures_250m":0.0,"onstreet_supply_250m":0.0,"onstreet_peak_occupancy_250m":null,"population_2021_400m":1714.6,"components_available":5},"geometry":{"type":"Point","coordinates":[-123.09437708543378,49.32645905479453]}},{"id":"444","type":"Feature","properties":{"intersection_id":"CNV-INT-0445","street_names":"LARSON RD / W 19TH ST","neighbourhood":"Mahon","public_space_composite":38.84,"composite_rank":365.0,"transit_score":48.89,"pedestrian_proxy_score":26.41,"parking_access_score":29.03,"intersection_prominence_score":37.77,"safety_score":null,"signalised":false,"full_signal":true,"collision_count":null,"collision_data_available":false,"transit_stops_250m":4,"transit_departures_250m":145.0,"onstreet_supply_250m":0.0,"onstreet_peak_occupancy_250m":null,"population_2021_400m":1074.9,"components_available":5},"geometry":{"type":"Point","coordinates":[-123.08740598148148,49.326365590663734]}},{"id":"445","type":"Feature","properties":{"intersection_id":"CNV-INT-0446","street_names":"W 19TH ST / WESTVIEW DR","neighbourhood":"Mahon","public_space_composite":56.06,"composite_rank":174.0,"transit_score":56.24,"pedestrian_proxy_score":41.21,"parking_access_score":29.03,"intersection_prominence_score":66.34,"safety_score":35.11,"signalised":true,"full_signal":true,"collision_count":10.0,"collision_data_available":true,"transit_stops_250m":5,"transit_departures_250m":193.0,"onstreet_supply_250m":0.0,"onstreet_peak_occupancy_250m":null,"population_2021_400m":1166.7,"components_available":5},"geometry":{"type":"Point","coordinates":[-123.08949828654409,49.326386478110265]}},{"id":"446","type":"Feature","properties":{"intersection_id":"CNV-INT-0447","street_names":"LARSON RD / W 20TH ST","neighbourhood":"Mahon","public_space_composite":37.44,"composite_rank":386.0,"transit_score":38.55,"pedestrian_proxy_score":29.74,"parking_access_score":29.03,"intersection_prominence_score":37.77,"safety_score":null,"signalised":false,"full_signal":true,"collision_count":null,"collision_data_available":false,"transit_stops_250m":3,"transit_departures_250m":97.0,"onstreet_supply_250m":0.0,"onstreet_peak_occupancy_250m":null,"population_2021_400m":1130.9,"components_available":5},"geometry":{"type":"Point","coordinates":[-123.08659500222893,49.327171263135845]}},{"id":"447","type":"Feature","properties":{"intersection_id":"CNV-INT-0448","street_names":"W 20TH ST / WESTVIEW DR","neighbourhood":"Mahon","public_space_composite":48.07,"composite_rank":253.0,"transit_score":56.24,"pedestrian_proxy_score":29.82,"parking_access_score":29.03,"intersection_prominence_score":37.77,"safety_score":46.37,"signalised":false,"full_signal":true,"collision_count":6.0,"collision_data_available":true,"transit_stops_250m":5,"transit_departures_250m":193.0,"onstreet_supply_250m":0.0,"onstreet_peak_occupancy_250m":null,"population_2021_400m":1139.2,"components_available":5},"geometry":{"type":"Point","coordinates":[-123.08945197563555,49.32741195518049]}},{"id":"448","type":"Feature","properties":{"intersection_id":"CNV-INT-0449","street_names":"W 20TH ST / WOLFE ST","neighbourhood":"Mahon","public_space_composite":26.01,"composite_rank":476.0,"transit_score":26.21,"pedestrian_proxy_score":25.58,"parking_access_score":29.03,"intersection_prominence_score":27.15,"safety_score":null,"signalised":false,"full_signal":true,"collision_count":null,"collision_data_available":false,"transit_stops_250m":1,"transit_departures_250m":1.0,"onstreet_supply_250m":0.0,"onstreet_peak_occupancy_250m":null,"population_2021_400m":1187.6,"components_available":5},"geometry":{"type":"Point","coordinates":[-123.08575683234469,49.32694701042155]}},{"id":"449","type":"Feature","properties":{"intersection_id":"CNV-INT-0450","street_names":"CARSON CRT / W 20TH ST","neighbourhood":"Mahon","public_space_composite":31.23,"composite_rank":440.0,"transit_score":38.55,"pedestrian_proxy_score":28.73,"parking_access_score":29.03,"intersection_prominence_score":37.77,"safety_score":null,"signalised":false,"full_signal":true,"collision_count":null,"collision_data_available":false,"transit_stops_250m":3,"transit_departures_250m":97.0,"onstreet_supply_250m":0.0,"onstreet_peak_occupancy_250m":null,"population_2021_400m":1159.9,"components_available":5},"geometry":{"type":"Point","coordinates":[-123.08614233679114,49.32702702800563]}},{"id":"450","type":"Feature","properties":{"intersection_id":"CNV-INT-0451","street_names":"LARSON RD / W 20TH ST","neighbourhood":"Mahon","public_space_composite":37.53,"composite_rank":385.0,"transit_score":38.55,"pedestrian_proxy_score":30.22,"parking_access_score":29.03,"intersection_prominence_score":37.77,"safety_score":null,"signalised":false,"full_signal":true,"collision_count":null,"collision_data_available":false,"transit_stops_250m":3,"transit_departures_250m":97.0,"onstreet_supply_250m":0.0,"onstreet_peak_occupancy_250m":null,"population_2021_400m":1146.7,"components_available":5},"geometry":{"type":"Point","coordinates":[-123.08641128582131,49.32737379140939]}},{"id":"451","type":"Feature","properties":{"intersection_id":"CNV-INT-0452","street_names":"LARSON RD / W 21ST ST","neighbourhood":"Mahon","public_space_composite":30.57,"composite_rank":446.0,"transit_score":12.76,"pedestrian_proxy_score":21.22,"parking_access_score":29.03,"intersection_prominence_score":37.77,"safety_score":88.93,"signalised":false,"full_signal":true,"collision_count":1.0,"collision_data_available":true,"transit_stops_250m":0,"transit_departures_250m":0.0,"onstreet_supply_250m":0.0,"onstreet_peak_occupancy_250m":null,"population_2021_400m":1260.9,"components_available":5},"geometry":{"type":"Point","coordinates":[-123.08540884559828,49.32840447509363]}},{"id":"452","type":"Feature","properties":{"intersection_id":"CNV-INT-0453","street_names":"MACKAY AVE / W 19TH ST","neighbourhood":"Marine-Hamilton","public_space_composite":44.08,"composite_rank":307.0,"transit_score":45.3,"pedestrian_proxy_score":39.63,"parking_access_score":29.03,"intersection_prominence_score":37.77,"safety_score":null,"signalised":false,"full_signal":true,"collision_count":null,"collision_data_available":false,"transit_stops_250m":3,"transit_departures_250m":161.0,"onstreet_supply_250m":0.0,"onstreet_peak_occupancy_250m":null,"population_2021_400m":1434.4,"components_available":5},"geometry":{"type":"Point","coordinates":[-123.10060459376653,49.32653475790015]}},{"id":"453","type":"Feature","properties":{"intersection_id":"CNV-INT-0454","street_names":"HAMILTON AVE / W 19TH ST","neighbourhood":"Marine-Hamilton","public_space_composite":40.71,"composite_rank":348.0,"transit_score":35.57,"pedestrian_proxy_score":32.5,"parking_access_score":29.03,"intersection_prominence_score":37.77,"safety_score":null,"signalised":false,"full_signal":true,"collision_count":null,"collision_data_available":false,"transit_stops_250m":2,"transit_departures_250m":108.0,"onstreet_supply_250m":0.0,"onstreet_peak_occupancy_250m":null,"population_2021_400m":1891.0,"components_available":5},"geometry":{"type":"Point","coordinates":[-123.09774500529772,49.32649673362325]}},{"id":"454","type":"Feature","properties":{"intersection_id":"CNV-INT-0455","street_names":"NEILSON AVE / W 19TH ST","neighbourhood":"Marine-Hamilton","public_space_composite":25.81,"composite_rank":478.0,"transit_score":12.76,"pedestrian_proxy_score":27.41,"parking_access_score":29.03,"intersection_prominence_score":37.77,"safety_score":88.93,"signalised":false,"full_signal":true,"collision_count":1.0,"collision_data_available":true,"transit_stops_250m":0,"transit_departures_250m":0.0,"onstreet_supply_250m":0.0,"onstreet_peak_occupancy_250m":null,"population_2021_400m":1776.7,"components_available":5},"geometry":{"type":"Point","coordinates":[-123.09539980655536,49.32647170782468]}},{"id":"455","type":"Feature","properties":{"intersection_id":"CNV-INT-0456","street_names":"FELL AVE / W 20TH ST","neighbourhood":"Marine-Hamilton","public_space_composite":30.92,"composite_rank":443.0,"transit_score":12.76,"pedestrian_proxy_score":22.96,"parking_access_score":29.03,"intersection_prominence_score":37.77,"safety_score":88.93,"signalised":false,"full_signal":true,"collision_count":1.0,"collision_data_available":true,"transit_stops_250m":0,"transit_departures_250m":0.0,"onstreet_supply_250m":0.0,"onstreet_peak_occupancy_250m":null,"population_2021_400m":1412.0,"components_available":5},"geometry":{"type":"Point","coordinates":[-123.09310515596118,49.327481030961685]}},{"id":"456","type":"Feature","properties":{"intersection_id":"CNV-INT-0457","street_names":"NEILSON AVE / W 20TH ST","neighbourhood":"Marine-Hamilton","public_space_composite":29.19,"composite_rank":459.0,"transit_score":12.76,"pedestrian_proxy_score":25.77,"parking_access_score":29.03,"intersection_prominence_score":56.34,"safety_score":null,"signalised":false,"full_signal":true,"collision_count":null,"collision_data_available":false,"transit_stops_250m":0,"transit_departures_250m":0.0,"onstreet_supply_250m":0.0,"onstreet_peak_occupancy_250m":null,"population_2021_400m":1663.2,"components_available":5},"geometry":{"type":"Point","coordinates":[-123.09538330264351,49.32750166202707]}},{"id":"457","type":"Feature","properties":{"intersection_id":"CNV-INT-0458","street_names":"HAMILTON AVE / W 20TH ST","neighbourhood":"Marine-Hamilton","public_space_composite":40.41,"composite_rank":350.0,"transit_score":35.57,"pedestrian_proxy_score":30.98,"parking_access_score":29.03,"intersection_prominence_score":37.77,"safety_score":null,"signalised":false,"full_signal":true,"collision_count":null,"collision_data_available":false,"transit_stops_250m":2,"transit_departures_250m":108.0,"onstreet_supply_250m":0.0,"onstreet_peak_occupancy_250m":null,"population_2021_400m":1816.0,"components_available":5},"geometry":{"type":"Point","coordinates":[-123.09783262969637,49.327526600074606]}},{"id":"458","type":"Feature","properties":{"intersection_id":"CNV-INT-0459","street_names":"FELL AVE / W 21ST ST","neighbourhood":"Marine-Hamilton","public_space_composite":33.57,"composite_rank":417.0,"transit_score":29.67,"pedestrian_proxy_score":19.28,"parking_access_score":29.03,"intersection_prominence_score":37.77,"safety_score":63.36,"signalised":false,"full_signal":true,"collision_count":3.0,"collision_data_available":true,"transit_stops_250m":1,"transit_departures_250m":48.0,"onstreet_supply_250m":0.0,"onstreet_peak_occupancy_250m":null,"population_2021_400m":1067.1,"components_available":5},"geometry":{"type":"Point","coordinates":[-123.092582295972,49.32845801620582]}},{"id":"459","type":"Feature","properties":{"intersection_id":"CNV-INT-0460","street_names":"NEILSON AVE / W 21ST ST","neighbourhood":"Marine-Hamilton","public_space_composite":24.49,"composite_rank":487.0,"transit_score":12.76,"pedestrian_proxy_score":20.82,"parking_access_score":29.03,"intersection_prominence_score":37.77,"safety_score":null,"signalised":false,"full_signal":true,"collision_count":null,"collision_data_available":false,"transit_stops_250m":0,"transit_departures_250m":0.0,"onstreet_supply_250m":0.0,"onstreet_peak_occupancy_250m":null,"population_2021_400m":1253.6,"components_available":5},"geometry":{"type":"Point","coordinates":[-123.09535078795228,49.32856155281454]}},{"id":"460","type":"Feature","properties":{"intersection_id":"CNV-INT-0461","street_names":"HAMILTON AVE / W 21ST ST","neighbourhood":"Marine-Hamilton","public_space_composite":31.65,"composite_rank":433.0,"transit_score":12.76,"pedestrian_proxy_score":20.64,"parking_access_score":29.03,"intersection_prominence_score":27.15,"safety_score":null,"signalised":false,"full_signal":true,"collision_count":null,"collision_data_available":false,"transit_stops_250m":0,"transit_departures_250m":0.0,"onstreet_supply_250m":0.0,"onstreet_peak_occupancy_250m":null,"population_2021_400m":1350.9,"components_available":5},"geometry":{"type":"Point","coordinates":[-123.09784803803731,49.32857451584371]}},{"id":"461","type":"Feature","properties":{"intersection_id":"CNV-INT-0462","street_names":"EDGEMONT BLVD / W 21ST ST","neighbourhood":"Marine-Hamilton","public_space_composite":27.22,"composite_rank":471.0,"transit_score":12.76,"pedestrian_proxy_score":15.06,"parking_access_score":29.03,"intersection_prominence_score":27.15,"safety_score":null,"signalised":false,"full_signal":true,"collision_count":null,"collision_data_available":false,"transit_stops_250m":0,"transit_departures_250m":0.0,"onstreet_supply_250m":0.0,"onstreet_peak_occupancy_250m":null,"population_2021_400m":1033.2,"components_available":5},"geometry":{"type":"Point","coordinates":[-123.09316735317348,49.32862253787849]}},{"id":"462","type":"Feature","properties":{"intersection_id":"CNV-INT-0463","street_names":"EDGEMONT BLVD / WESTMORELAND CRES","neighbourhood":"Marine-Hamilton","public_space_composite":29.1,"composite_rank":462.0,"transit_score":12.76,"pedestrian_proxy_score":13.87,"parking_access_score":29.03,"intersection_prominence_score":37.77,"safety_score":null,"signalised":false,"full_signal":true,"collision_count":null,"collision_data_available":false,"transit_stops_250m":0,"transit_departures_250m":0.0,"onstreet_supply_250m":0.0,"onstreet_peak_occupancy_250m":null,"population_2021_400m":823.5,"components_available":5},"geometry":{"type":"Point","coordinates":[-123.09412683545709,49.32964352682088]}},{"id":"463","type":"Feature","properties":{"intersection_id":"CNV-INT-0464","street_names":"MACKAY AVE / W 22ND ST","neighbourhood":"Marine-Hamilton","public_space_composite":39.34,"composite_rank":359.0,"transit_score":53.6,"pedestrian_proxy_score":18.24,"parking_access_score":29.03,"intersection_prominence_score":27.15,"safety_score":null,"signalised":false,"full_signal":true,"collision_count":null,"collision_data_available":false,"transit_stops_250m":4,"transit_departures_250m":216.0,"onstreet_supply_250m":0.0,"onstreet_peak_occupancy_250m":null,"population_2021_400m":672.2,"components_available":5},"geometry":{"type":"Point","coordinates":[-123.10177655220969,49.329677521008826]}},{"id":"464","type":"Feature","properties":{"intersection_id":"CNV-INT-0465","street_names":"W 21ST ST / WESTVIEW DR","neighbourhood":"Mahon","public_space_composite":50.3,"composite_rank":228.0,"transit_score":59.19,"pedestrian_proxy_score":28.01,"parking_access_score":29.03,"intersection_prominence_score":47.77,"safety_score":56.3,"signalised":true,"full_signal":true,"collision_count":4.0,"collision_data_available":true,"transit_stops_250m":5,"transit_departures_250m":240.0,"onstreet_supply_250m":0.0,"onstreet_peak_occupancy_250m":null,"population_2021_400m":1091.1,"components_available":5},"geometry":{"type":"Point","coordinates":[-123.08940266246583,49.32844193372216]}},{"id":"465","type":"Feature","properties":{"intersection_id":"CNV-INT-0466","street_names":"W 22ND ST / WESTVIEW DR","neighbourhood":"Mahon","public_space_composite":49.64,"composite_rank":235.0,"transit_score":44.56,"pedestrian_proxy_score":30.8,"parking_access_score":29.03,"intersection_prominence_score":56.34,"safety_score":41.98,"signalised":false,"full_signal":true,"collision_count":7.0,"collision_data_available":true,"transit_stops_250m":3,"transit_departures_250m":144.0,"onstreet_supply_250m":0.0,"onstreet_peak_occupancy_250m":null,"population_2021_400m":1202.7,"components_available":5},"geometry":{"type":"Point","coordinates":[-123.08823976060536,49.32942779027018]}},{"id":"466","type":"Feature","properties":{"intersection_id":"CNV-INT-0467","street_names":"ALDEN LANE / WESTMORELAND CRES","neighbourhood":"Marine-Hamilton","public_space_composite":22.92,"composite_rank":498.0,"transit_score":12.76,"pedestrian_proxy_score":12.97,"parking_access_score":29.03,"intersection_prominence_score":37.77,"safety_score":null,"signalised":false,"full_signal":true,"collision_count":null,"collision_data_available":false,"transit_stops_250m":0,"transit_departures_250m":0.0,"onstreet_supply_250m":0.0,"onstreet_peak_occupancy_250m":null,"population_2021_400m":870.7,"components_available":5},"geometry":{"type":"Point","coordinates":[-123.0927951827601,49.32937025209133]}},{"id":"467","type":"Feature","properties":{"intersection_id":"CNV-INT-0468","street_names":"W 23RD ST / WESTVIEW DR","neighbourhood":"Mahon","public_space_composite":53.96,"composite_rank":194.0,"transit_score":44.56,"pedestrian_proxy_score":42.4,"parking_access_score":29.03,"intersection_prominence_score":66.34,"safety_score":null,"signalised":true,"full_signal":true,"collision_count":null,"collision_data_available":false,"transit_stops_250m":3,"transit_departures_250m":144.0,"onstreet_supply_250m":0.0,"onstreet_peak_occupancy_250m":null,"population_2021_400m":1314.5,"components_available":5},"geometry":{"type":"Point","coordinates":[-123.08819378730243,49.33041728652702]}},{"id":"468","type":"Feature","properties":{"intersection_id":"CNV-INT-0469","street_names":"ALDEN LANE / W 23RD ST","neighbourhood":null,"public_space_composite":24.19,"composite_rank":489.0,"transit_score":12.76,"pedestrian_proxy_score":19.32,"parking_access_score":29.03,"intersection_prominence_score":37.77,"safety_score":null,"signalised":false,"full_signal":true,"collision_count":null,"collision_data_available":false,"transit_stops_250m":0,"transit_departures_250m":0.0,"onstreet_supply_250m":0.0,"onstreet_peak_occupancy_250m":null,"population_2021_400m":741.5,"components_available":5},"geometry":{"type":"Point","coordinates":[-123.0932486214239,49.33102948334372]}},{"id":"469","type":"Feature","properties":{"intersection_id":"CNV-INT-0470","street_names":"CHESTERFIELD AVE / W 24TH ST","neighbourhood":"Central Lonsdale","public_space_composite":36.13,"composite_rank":401.0,"transit_score":12.76,"pedestrian_proxy_score":47.93,"parking_access_score":60.13,"intersection_prominence_score":37.77,"safety_score":null,"signalised":false,"full_signal":true,"collision_count":null,"collision_data_available":false,"transit_stops_250m":0,"transit_departures_250m":0.0,"onstreet_supply_250m":173.0,"onstreet_peak_occupancy_250m":0.541,"population_2021_400m":2448.2,"components_available":5},"geometry":{"type":"Point","coordinates":[-123.07526580208177,49.33124498303991]}},{"id":"470","type":"Feature","properties":{"intersection_id":"CNV-INT-0471","street_names":"UPPER LEVELS HWY / UPPER LEVELS RAMP","neighbourhood":"Westview","public_space_composite":52.79,"composite_rank":209.0,"transit_score":12.76,"pedestrian_proxy_score":36.11,"parking_access_score":59.34,"intersection_prominence_score":56.34,"safety_score":null,"signalised":false,"full_signal":true,"collision_count":null,"collision_data_available":false,"transit_stops_250m":0,"transit_departures_250m":0.0,"onstreet_supply_250m":71.0,"onstreet_peak_occupancy_250m":0.436,"population_2021_400m":2211.8,"components_available":5},"geometry":{"type":"Point","coordinates":[-123.07830314143484,49.332007548638465]}},{"id":"471","type":"Feature","properties":{"intersection_id":"CNV-INT-0472","street_names":"UPPER LEVELS RAMP / W 25TH ST","neighbourhood":"Westview","public_space_composite":49.49,"composite_rank":239.0,"transit_score":39.41,"pedestrian_proxy_score":54.1,"parking_access_score":55.44,"intersection_prominence_score":37.77,"safety_score":null,"signalised":false,"full_signal":true,"collision_count":null,"collision_data_available":false,"transit_stops_250m":1,"transit_departures_250m":144.0,"onstreet_supply_250m":24.0,"onstreet_peak_occupancy_250m":0.503,"population_2021_400m":2427.4,"components_available":5},"geometry":{"type":"Point","coordinates":[-123.0738858730791,49.332298299875546]}},{"id":"472","type":"Feature","properties":{"intersection_id":"CNV-INT-0473","street_names":"CHESTERFIELD AVE / W 25TH ST","neighbourhood":"Westview","public_space_composite":33.82,"composite_rank":414.0,"transit_score":12.76,"pedestrian_proxy_score":42.71,"parking_access_score":53.79,"intersection_prominence_score":37.77,"safety_score":null,"signalised":false,"full_signal":true,"collision_count":null,"collision_data_available":false,"transit_stops_250m":0,"transit_departures_250m":0.0,"onstreet_supply_250m":53.0,"onstreet_peak_occupancy_250m":0.582,"population_2021_400m":2380.5,"components_available":5},"geometry":{"type":"Point","coordinates":[-123.0752253306104,49.33234690801283]}},{"id":"473","type":"Feature","properties":{"intersection_id":"CNV-INT-0474","street_names":"MAHON AVE / W 25TH ST","neighbourhood":"Westview","public_space_composite":33.62,"composite_rank":416.0,"transit_score":12.76,"pedestrian_proxy_score":36.18,"parking_access_score":59.34,"intersection_prominence_score":37.77,"safety_score":null,"signalised":false,"full_signal":true,"collision_count":null,"collision_data_available":false,"transit_stops_250m":0,"transit_departures_250m":0.0,"onstreet_supply_250m":71.0,"onstreet_peak_occupancy_250m":0.436,"population_2021_400m":2185.9,"components_available":5},"geometry":{"type":"Point","coordinates":[-123.07832693130979,49.33236283797709]}},{"id":"474","type":"Feature","properties":{"intersection_id":"CNV-INT-0475","street_names":"JONES AVE / W 25TH ST","neighbourhood":"Westview","public_space_composite":32.91,"composite_rank":422.0,"transit_score":12.76,"pedestrian_proxy_score":33.31,"parking_access_score":58.64,"intersection_prominence_score":37.77,"safety_score":null,"signalised":false,"full_signal":true,"collision_count":null,"collision_data_available":false,"transit_stops_250m":0,"transit_departures_250m":0.0,"onstreet_supply_250m":44.0,"onstreet_peak_occupancy_250m":0.3,"population_2021_400m":1979.1,"components_available":5},"geometry":{"type":"Point","coordinates":[-123.08144228143375,49.33236967992773]}},{"id":"475","type":"Feature","properties":{"intersection_id":"CNV-INT-0476","street_names":"MAHON AVE / W 26TH ST","neighbourhood":"Westview","public_space_composite":31.48,"composite_rank":437.0,"transit_score":12.76,"pedestrian_proxy_score":37.19,"parking_access_score":29.03,"intersection_prominence_score":56.34,"safety_score":null,"signalised":false,"full_signal":true,"collision_count":null,"collision_data_available":false,"transit_stops_250m":0,"transit_departures_250m":0.0,"onstreet_supply_250m":0.0,"onstreet_peak_occupancy_250m":null,"population_2021_400m":2025.7,"components_available":5},"geometry":{"type":"Point","coordinates":[-123.07830035694302,49.33323538036166]}},{"id":"476","type":"Feature","properties":{"intersection_id":"CNV-INT-0477","street_names":"CHESTERFIELD AVE / W 26TH ST","neighbourhood":"Westview","public_space_composite":34.05,"composite_rank":411.0,"transit_score":39.41,"pedestrian_proxy_score":41.99,"parking_access_score":29.03,"intersection_prominence_score":37.77,"safety_score":null,"signalised":false,"full_signal":true,"collision_count":null,"collision_data_available":false,"transit_stops_250m":1,"transit_departures_250m":144.0,"onstreet_supply_250m":0.0,"onstreet_peak_occupancy_250m":null,"population_2021_400m":2196.5,"components_available":5},"geometry":{"type":"Point","coordinates":[-123.07521286881072,49.33320145030287]}},{"id":"477","type":"Feature","properties":{"intersection_id":"CNV-INT-0478","street_names":"JONES AVE / W 26TH ST","neighbourhood":"Westview","public_space_composite":30.9,"composite_rank":444.0,"transit_score":12.76,"pedestrian_proxy_score":34.28,"parking_access_score":29.03,"intersection_prominence_score":56.34,"safety_score":88.93,"signalised":false,"full_signal":true,"collision_count":1.0,"collision_data_available":true,"transit_stops_250m":0,"transit_departures_250m":0.0,"onstreet_supply_250m":0.0,"onstreet_peak_occupancy_250m":null,"population_2021_400m":1875.3,"components_available":5},"geometry":{"type":"Point","coordinates":[-123.08140891118157,49.33326021801627]}},{"id":"478","type":"Feature","properties":{"intersection_id":"CNV-INT-0479","street_names":"MAHON AVE / W 27TH ST","neighbourhood":"Westview","public_space_composite":30.96,"composite_rank":442.0,"transit_score":12.76,"pedestrian_proxy_score":34.61,"parking_access_score":29.03,"intersection_prominence_score":56.34,"safety_score":null,"signalised":false,"full_signal":true,"collision_count":null,"collision_data_available":false,"transit_stops_250m":0,"transit_departures_250m":0.0,"onstreet_supply_250m":0.0,"onstreet_peak_occupancy_250m":null,"population_2021_400m":1764.3,"components_available":5},"geometry":{"type":"Point","coordinates":[-123.07827437787864,49.334211365791866]}},{"id":"479","type":"Feature","properties":{"intersection_id":"CNV-INT-0480","street_names":"W 26TH ST / WESTERN AVE","neighbourhood":"Central Lonsdale","public_space_composite":38.91,"composite_rank":363.0,"transit_score":53.87,"pedestrian_proxy_score":51.83,"parking_access_score":29.03,"intersection_prominence_score":37.77,"safety_score":88.93,"signalised":false,"full_signal":true,"collision_count":1.0,"collision_data_available":true,"transit_stops_250m":2,"transit_departures_250m":301.0,"onstreet_supply_250m":0.0,"onstreet_peak_occupancy_250m":null,"population_2021_400m":2229.9,"components_available":5},"geometry":{"type":"Point","coordinates":[-123.07363266105503,49.33324744325238]}},{"id":"480","type":"Feature","properties":{"intersection_id":"CNV-INT-0481","street_names":"E 27TH ST / LONSDALE AVE / W 27TH ST","neighbourhood":"Central Lonsdale","public_space_composite":65.1,"composite_rank":79.0,"transit_score":71.97,"pedestrian_proxy_score":50.99,"parking_access_score":29.03,"intersection_prominence_score":86.02,"safety_score":10.69,"signalised":true,"full_signal":true,"collision_count":35.0,"collision_data_available":true,"transit_stops_250m":4,"transit_departures_250m":502.0,"onstreet_supply_250m":0.0,"onstreet_peak_occupancy_250m":null,"population_2021_400m":1878.1,"components_available":5},"geometry":{"type":"Point","coordinates":[-123.07203346620803,49.3341389653678]}},{"id":"481","type":"Feature","properties":{"intersection_id":"CNV-INT-0482","street_names":"CHESTERFIELD AVE / W 27TH ST","neighbourhood":"Central Lonsdale","public_space_composite":41.3,"composite_rank":343.0,"transit_score":53.87,"pedestrian_proxy_score":45.18,"parking_access_score":29.03,"intersection_prominence_score":56.34,"safety_score":88.93,"signalised":false,"full_signal":true,"collision_count":1.0,"collision_data_available":true,"transit_stops_250m":2,"transit_departures_250m":301.0,"onstreet_supply_250m":0.0,"onstreet_peak_occupancy_250m":null,"population_2021_400m":1889.6,"components_available":5},"geometry":{"type":"Point","coordinates":[-123.07518641159889,49.33418643043982]}},{"id":"482","type":"Feature","properties":{"intersection_id":"CNV-INT-0483","street_names":"W 27TH ST / WESTERN AVE","neighbourhood":"Central Lonsdale","public_space_composite":45.66,"composite_rank":281.0,"transit_score":71.97,"pedestrian_proxy_score":48.87,"parking_access_score":29.03,"intersection_prominence_score":56.34,"safety_score":null,"signalised":false,"full_signal":true,"collision_count":null,"collision_data_available":false,"transit_stops_250m":4,"transit_departures_250m":502.0,"onstreet_supply_250m":0.0,"onstreet_peak_occupancy_250m":null,"population_2021_400m":1933.9,"components_available":5},"geometry":{"type":"Point","coordinates":[-123.07362713270899,49.334155951382655]}},{"id":"483","type":"Feature","properties":{"intersection_id":"CNV-INT-0484","street_names":"CHESTERFIELD AVE / W 28TH ST","neighbourhood":"Westview","public_space_composite":39.62,"composite_rank":358.0,"transit_score":68.89,"pedestrian_proxy_score":40.35,"parking_access_score":29.03,"intersection_prominence_score":37.77,"safety_score":null,"signalised":false,"full_signal":true,"collision_count":null,"collision_data_available":false,"transit_stops_250m":5,"transit_departures_250m":406.0,"onstreet_supply_250m":0.0,"onstreet_peak_occupancy_250m":null,"population_2021_400m":1533.1,"components_available":5},"geometry":{"type":"Point","coordinates":[-123.07516025269194,49.335085956824834]}},{"id":"484","type":"Feature","properties":{"intersection_id":"CNV-INT-0485","street_names":"JONES AVE / W 27TH ST","neighbourhood":"Westview","public_space_composite":30.37,"composite_rank":447.0,"transit_score":12.76,"pedestrian_proxy_score":31.63,"parking_access_score":29.03,"intersection_prominence_score":56.34,"safety_score":88.93,"signalised":false,"full_signal":true,"collision_count":1.0,"collision_data_available":true,"transit_stops_250m":0,"transit_departures_250m":0.0,"onstreet_supply_250m":0.0,"onstreet_peak_occupancy_250m":null,"population_2021_400m":1641.6,"components_available":5},"geometry":{"type":"Point","coordinates":[-123.08138988777362,49.33424519434886]}},{"id":"485","type":"Feature","properties":{"intersection_id":"CNV-INT-0486","street_names":"MAHON AVE / W 28TH ST","neighbourhood":"Westview","public_space_composite":35.51,"composite_rank":404.0,"transit_score":38.19,"pedestrian_proxy_score":31.94,"parking_access_score":29.03,"intersection_prominence_score":56.34,"safety_score":null,"signalised":false,"full_signal":true,"collision_count":null,"collision_data_available":false,"transit_stops_250m":3,"transit_departures_250m":105.0,"onstreet_supply_250m":0.0,"onstreet_peak_occupancy_250m":null,"population_2021_400m":1426.4,"components_available":5},"geometry":{"type":"Point","coordinates":[-123.07826162179228,49.33511987890049]}},{"id":"486","type":"Feature","properties":{"intersection_id":"CNV-INT-0487","street_names":"JONES AVE / W 28TH ST","neighbourhood":"Westview","public_space_composite":36.95,"composite_rank":395.0,"transit_score":46.03,"pedestrian_proxy_score":31.28,"parking_access_score":29.03,"intersection_prominence_score":56.34,"safety_score":63.36,"signalised":false,"full_signal":true,"collision_count":3.0,"collision_data_available":true,"transit_stops_250m":4,"transit_departures_250m":142.0,"onstreet_supply_250m":0.0,"onstreet_peak_occupancy_250m":null,"population_2021_400m":1320.7,"components_available":5},"geometry":{"type":"Point","coordinates":[-123.08136342725815,49.335153717453956]}},{"id":"487","type":"Feature","properties":{"intersection_id":"CNV-INT-0488","street_names":"W 23RD ST / W 24TH CL","neighbourhood":"Mahon","public_space_composite":37.11,"composite_rank":392.0,"transit_score":44.56,"pedestrian_proxy_score":42.1,"parking_access_score":29.03,"intersection_prominence_score":47.77,"safety_score":null,"signalised":true,"full_signal":true,"collision_count":null,"collision_data_available":false,"transit_stops_250m":3,"transit_departures_250m":144.0,"onstreet_supply_250m":0.0,"onstreet_peak_occupancy_250m":null,"population_2021_400m":1286.0,"components_available":5},"geometry":{"type":"Point","coordinates":[-123.08846948056289,49.330417075833715]}},{"id":"488","type":"Feature","properties":{"intersection_id":"CNV-INT-0489","street_names":"WESTVIEW DR","neighbourhood":"Mahon","public_space_composite":55.41,"composite_rank":180.0,"transit_score":52.54,"pedestrian_proxy_score":50.83,"parking_access_score":29.03,"intersection_prominence_score":57.19,"safety_score":null,"signalised":true,"full_signal":true,"collision_count":null,"collision_data_available":false,"transit_stops_250m":4,"transit_departures_250m":192.0,"onstreet_supply_250m":0.0,"onstreet_peak_occupancy_250m":null,"population_2021_400m":1429.3,"components_available":5},"geometry":{"type":"Point","coordinates":[-123.08818402465116,49.33169459904064]}},{"id":"489","type":"Feature","properties":{"intersection_id":"CNV-INT-0490","street_names":"UPPER LEVELS HWY / WESTVIEW DR","neighbourhood":"Westview","public_space_composite":59.81,"composite_rank":128.0,"transit_score":52.54,"pedestrian_proxy_score":51.73,"parking_access_score":29.03,"intersection_prominence_score":66.34,"safety_score":null,"signalised":true,"full_signal":true,"collision_count":null,"collision_data_available":false,"transit_stops_250m":4,"transit_departures_250m":192.0,"onstreet_supply_250m":0.0,"onstreet_peak_occupancy_250m":null,"population_2021_400m":1475.7,"components_available":5},"geometry":{"type":"Point","coordinates":[-123.08817565309735,49.33206340446458]}},{"id":"490","type":"Feature","properties":{"intersection_id":"CNV-INT-0491","street_names":"UPPER LEVELS HWY","neighbourhood":"Westview","public_space_composite":43.36,"composite_rank":315.0,"transit_score":12.76,"pedestrian_proxy_score":28.42,"parking_access_score":29.03,"intersection_prominence_score":47.19,"safety_score":null,"signalised":false,"full_signal":true,"collision_count":null,"collision_data_available":false,"transit_stops_250m":0,"transit_departures_250m":0.0,"onstreet_supply_250m":0.0,"onstreet_peak_occupancy_250m":null,"population_2021_400m":1836.5,"components_available":5},"geometry":{"type":"Point","coordinates":[-123.08369935244838,49.33206825416236]}},{"id":"491","type":"Feature","properties":{"intersection_id":"CNV-INT-0492","street_names":"WESTVIEW DR","neighbourhood":"Westview","public_space_composite":55.58,"composite_rank":178.0,"transit_score":52.54,"pedestrian_proxy_score":51.67,"parking_access_score":29.03,"intersection_prominence_score":57.19,"safety_score":null,"signalised":true,"full_signal":true,"collision_count":null,"collision_data_available":false,"transit_stops_250m":4,"transit_departures_250m":192.0,"onstreet_supply_250m":0.0,"onstreet_peak_occupancy_250m":null,"population_2021_400m":1493.3,"components_available":5},"geometry":{"type":"Point","coordinates":[-123.08816719027926,49.3323060374974]}},{"id":"492","type":"Feature","properties":{"intersection_id":"CNV-INT-0493","street_names":"LARSON RD / W 25TH ST","neighbourhood":"Westview","public_space_composite":26.19,"composite_rank":474.0,"transit_score":12.76,"pedestrian_proxy_score":29.31,"parking_access_score":29.03,"intersection_prominence_score":37.77,"safety_score":null,"signalised":false,"full_signal":true,"collision_count":null,"collision_data_available":false,"transit_stops_250m":0,"transit_departures_250m":0.0,"onstreet_supply_250m":0.0,"onstreet_peak_occupancy_250m":null,"population_2021_400m":1821.4,"components_available":5},"geometry":{"type":"Point","coordinates":[-123.08453689565913,49.332322482492025]}},{"id":"493","type":"Feature","properties":{"intersection_id":"CNV-INT-0494","street_names":"LARSON RD / W 26TH ST","neighbourhood":"Westview","public_space_composite":26.4,"composite_rank":473.0,"transit_score":12.76,"pedestrian_proxy_score":30.38,"parking_access_score":29.03,"intersection_prominence_score":37.77,"safety_score":88.93,"signalised":false,"full_signal":true,"collision_count":1.0,"collision_data_available":true,"transit_stops_250m":0,"transit_departures_250m":0.0,"onstreet_supply_250m":0.0,"onstreet_peak_occupancy_250m":null,"population_2021_400m":1764.5,"components_available":5},"geometry":{"type":"Point","coordinates":[-123.08451147749243,49.3333029666395]}},{"id":"494","type":"Feature","properties":{"intersection_id":"CNV-INT-0495","street_names":"LARSON RD / W 27TH ST","neighbourhood":"Westview","public_space_composite":26.06,"composite_rank":475.0,"transit_score":12.76,"pedestrian_proxy_score":28.68,"parking_access_score":29.03,"intersection_prominence_score":37.77,"safety_score":88.93,"signalised":false,"full_signal":true,"collision_count":1.0,"collision_data_available":true,"transit_stops_250m":0,"transit_departures_250m":0.0,"onstreet_supply_250m":0.0,"onstreet_peak_occupancy_250m":null,"population_2021_400m":1576.0,"components_available":5},"geometry":{"type":"Point","coordinates":[-123.08448604926662,49.33427895307411]}},{"id":"495","type":"Feature","properties":{"intersection_id":"CNV-INT-0496","street_names":"WESTVIEW CRES / WESTVIEW DR","neighbourhood":"Westview","public_space_composite":49.52,"composite_rank":237.0,"transit_score":52.54,"pedestrian_proxy_score":40.77,"parking_access_score":29.03,"intersection_prominence_score":37.77,"safety_score":12.6,"signalised":false,"full_signal":true,"collision_count":30.0,"collision_data_available":true,"transit_stops_250m":4,"transit_departures_250m":192.0,"onstreet_supply_250m":0.0,"onstreet_peak_occupancy_250m":null,"population_2021_400m":1358.3,"components_available":5},"geometry":{"type":"Point","coordinates":[-123.08812467818724,49.333866959343]}},{"id":"496","type":"Feature","properties":{"intersection_id":"CNV-INT-0497","street_names":null,"neighbourhood":"Westview","public_space_composite":31.37,"composite_rank":438.0,"transit_score":62.79,"pedestrian_proxy_score":40.5,"parking_access_score":29.03,"intersection_prominence_score":24.33,"safety_score":null,"signalised":false,"full_signal":true,"collision_count":null,"collision_data_available":false,"transit_stops_250m":6,"transit_departures_250m":263.0,"onstreet_supply_250m":0.0,"onstreet_peak_occupancy_250m":null,"population_2021_400m":1371.8,"components_available":5},"geometry":{"type":"Point","coordinates":[-123.08679264065994,49.33482395870139]}},{"id":"497","type":"Feature","properties":{"intersection_id":"CNV-INT-0498","street_names":"WESTVIEW DR / WESTVIEW PL","neighbourhood":"Westview","public_space_composite":51.7,"composite_rank":218.0,"transit_score":62.79,"pedestrian_proxy_score":41.41,"parking_access_score":29.03,"intersection_prominence_score":37.77,"safety_score":72.33,"signalised":false,"full_signal":true,"collision_count":2.0,"collision_data_available":true,"transit_stops_250m":6,"transit_departures_250m":263.0,"onstreet_supply_250m":0.0,"onstreet_peak_occupancy_250m":null,"population_2021_400m":1268.1,"components_available":5},"geometry":{"type":"Point","coordinates":[-123.08811758083704,49.33446963611127]}},{"id":"498","type":"Feature","properties":{"intersection_id":"CNV-INT-0499","street_names":"LARSON RD / W 28TH ST","neighbourhood":"Westview","public_space_composite":33.85,"composite_rank":413.0,"transit_score":33.01,"pedestrian_proxy_score":28.8,"parking_access_score":29.03,"intersection_prominence_score":56.34,"safety_score":50.38,"signalised":false,"full_signal":true,"collision_count":5.0,"collision_data_available":true,"transit_stops_250m":2,"transit_departures_250m":71.0,"onstreet_supply_250m":0.0,"onstreet_peak_occupancy_250m":null,"population_2021_400m":1284.4,"components_available":5},"geometry":{"type":"Point","coordinates":[-123.08447423066826,49.3351649793599]}},{"id":"499","type":"Feature","properties":{"intersection_id":"CNV-INT-0500","street_names":"W 28TH ST","neighbourhood":"Westview","public_space_composite":36.81,"composite_rank":397.0,"transit_score":66.14,"pedestrian_proxy_score":38.16,"parking_access_score":29.03,"intersection_prominence_score":28.63,"safety_score":null,"signalised":false,"full_signal":true,"collision_count":null,"collision_data_available":false,"transit_stops_250m":7,"transit_departures_250m":300.0,"onstreet_supply_250m":0.0,"onstreet_peak_occupancy_250m":null,"population_2021_400m":1274.6,"components_available":5},"geometry":{"type":"Point","coordinates":[-123.08667101280344,49.33518235332698]}},{"id":"500","type":"Feature","properties":{"intersection_id":"CNV-INT-0501","street_names":"LARSON RD / W 29TH ST","neighbourhood":"Westview","public_space_composite":32.02,"composite_rank":429.0,"transit_score":46.03,"pedestrian_proxy_score":25.2,"parking_access_score":29.03,"intersection_prominence_score":37.77,"safety_score":null,"signalised":false,"full_signal":true,"collision_count":null,"collision_data_available":false,"transit_stops_250m":4,"transit_departures_250m":142.0,"onstreet_supply_250m":0.0,"onstreet_peak_occupancy_250m":null,"population_2021_400m":1093.0,"components_available":5},"geometry":{"type":"Point","coordinates":[-123.0844721451827,49.335642898544]}},{"id":"501","type":"Feature","properties":{"intersection_id":"CNV-INT-0502","street_names":"W 28TH ST / WESTVIEW DR","neighbourhood":"Westview","public_space_composite":54.51,"composite_rank":188.0,"transit_score":70.03,"pedestrian_proxy_score":38.25,"parking_access_score":29.03,"intersection_prominence_score":47.77,"safety_score":null,"signalised":true,"full_signal":true,"collision_count":null,"collision_data_available":false,"transit_stops_250m":7,"transit_departures_250m":311.0,"onstreet_supply_250m":0.0,"onstreet_peak_occupancy_250m":null,"population_2021_400m":1122.7,"components_available":5},"geometry":{"type":"Point","coordinates":[-123.08811414121243,49.33519374378813]}},{"id":"502","type":"Feature","properties":{"intersection_id":"CNV-INT-0503","street_names":"WESTVIEW CRES / WESTVIEW DR","neighbourhood":"Westview","public_space_composite":54.39,"composite_rank":189.0,"transit_score":70.03,"pedestrian_proxy_score":37.62,"parking_access_score":29.03,"intersection_prominence_score":47.77,"safety_score":null,"signalised":true,"full_signal":true,"collision_count":null,"collision_data_available":false,"transit_stops_250m":7,"transit_departures_250m":311.0,"onstreet_supply_250m":0.0,"onstreet_peak_occupancy_250m":null,"population_2021_400m":1103.2,"components_available":5},"geometry":{"type":"Point","coordinates":[-123.08811471655461,49.33527469918848]}}]}