{"type":"FeatureCollection","features":[{"id":"0","type":"Feature","properties":{"supply_spaces":3,"occupancy_peak":1.15,"occupancy_mean":0.38249999999999995,"peak_period":"weekday_1113","at_practical_capacity":true},"geometry":{"type":"LineString","coordinates":[[-123.0660368011383,49.30654992129791],[-123.06603691755329,49.30663702834223]]}},{"id":"1","type":"Feature","properties":{"supply_spaces":4,"occupancy_peak":1.0,"occupancy_mean":0.5625,"peak_period":"weekday_1113","at_practical_capacity":true},"geometry":{"type":"LineString","coordinates":[[-123.06378583782102,49.30668156832193],[-123.06361549595339,49.30668094800023]]}},{"id":"2","type":"Feature","properties":{"supply_spaces":1,"occupancy_peak":1.84,"occupancy_mean":0.5750000000000001,"peak_period":"weekday_1113","at_practical_capacity":true},"geometry":{"type":"LineString","coordinates":[[-123.0640435372514,49.3066835675433],[-123.06394635428627,49.30668290804352]]}},{"id":"3","type":"Feature","properties":{"supply_spaces":1,"occupancy_peak":0.0,"occupancy_mean":0.0,"peak_period":"weekday_0709","at_practical_capacity":false},"geometry":{"type":"LineString","coordinates":[[-123.06462226600824,49.30668752976669],[-123.06452726713025,49.30668758284845]]}},{"id":"4","type":"Feature","properties":{"supply_spaces":1,"occupancy_peak":1.0,"occupancy_mean":0.25,"peak_period":"weekday_1618","at_practical_capacity":true},"geometry":{"type":"LineString","coordinates":[[-123.06482427607543,49.306689558373705],[-123.06473473718438,49.30668960856327]]}},{"id":"5","type":"Feature","properties":{"supply_spaces":3,"occupancy_peak":1.18,"occupancy_mean":0.6249999999999999,"peak_period":"weekend_0709","at_practical_capacity":true},"geometry":{"type":"LineString","coordinates":[[-123.06524686883068,49.30670074438409],[-123.06494330515955,49.30669591767248]]}},{"id":"6","type":"Feature","properties":{"supply_spaces":3,"occupancy_peak":1.33,"occupancy_mean":0.83375,"peak_period":"weekday_1618","at_practical_capacity":true},"geometry":{"type":"LineString","coordinates":[[-123.06587582828045,49.306705385274356],[-123.06564761369474,49.306704801821525]]}},{"id":"7","type":"Feature","properties":{"supply_spaces":7,"occupancy_peak":0.3,"occupancy_mean":0.1875,"peak_period":"weekday_0709","at_practical_capacity":false},"geometry":{"type":"LineString","coordinates":[[-123.06348336943138,49.30667887891312],[-123.06315001832401,49.30670050145746],[-123.06291051700994,49.306757582092445]]}},{"id":"8","type":"Feature","properties":{"supply_spaces":2,"occupancy_peak":0.42,"occupancy_mean":0.0525,"peak_period":"weekday_1113","at_practical_capacity":false},"geometry":{"type":"LineString","coordinates":[[-123.06291051700994,49.306757582092445],[-123.06271674683508,49.30681181474795]]}},{"id":"9","type":"Feature","properties":{"supply_spaces":40,"occupancy_peak":0.32,"occupancy_mean":0.24125,"peak_period":"weekend_2123","at_practical_capacity":false},"geometry":{"type":"LineString","coordinates":[[-123.06230120387683,49.30700348210513],[-123.06327323911245,49.30674895832657],[-123.06580857777114,49.30676944467815]]}},{"id":"10","type":"Feature","properties":{"supply_spaces":2,"occupancy_peak":1.18,"occupancy_mean":0.295,"peak_period":"weekend_2123","at_practical_capacity":true},"geometry":{"type":"LineString","coordinates":[[-123.06254453857237,49.306860744471386],[-123.06240481935042,49.30690008917125]]}},{"id":"11","type":"Feature","properties":{"supply_spaces":4,"occupancy_peak":1.3,"occupancy_mean":0.65,"peak_period":"weekend_2123","at_practical_capacity":true},"geometry":{"type":"LineString","coordinates":[[-123.06603064718706,49.306846945142766],[-123.06602658094461,49.30707256798357]]}},{"id":"12","type":"Feature","properties":{"supply_spaces":4,"occupancy_peak":0.5,"occupancy_mean":0.09375,"peak_period":"weekday_0709","at_practical_capacity":false},"geometry":{"type":"LineString","coordinates":[[-123.06223890383832,49.306946588152385],[-123.06190816278217,49.30703958481489]]}},{"id":"13","type":"Feature","properties":{"supply_spaces":2,"occupancy_peak":0.42,"occupancy_mean":0.0525,"peak_period":"weekday_1113","at_practical_capacity":false},"geometry":{"type":"LineString","coordinates":[[-123.06230120387683,49.30700348210513],[-123.06210694383027,49.307058907654365]]}},{"id":"14","type":"Feature","properties":{"supply_spaces":5,"occupancy_peak":0.0,"occupancy_mean":0.0,"peak_period":"weekday_0709","at_practical_capacity":false},"geometry":{"type":"LineString","coordinates":[[-123.06170632081304,49.307173208471994],[-123.06210694383027,49.307058907654365]]}},{"id":"15","type":"Feature","properties":{"supply_spaces":5,"occupancy_peak":0.0,"occupancy_mean":0.0,"peak_period":"weekday_0709","at_practical_capacity":false},"geometry":{"type":"LineString","coordinates":[[-123.06166683612012,49.30718413974851],[-123.06152768966538,49.30727267478115],[-123.06150669063346,49.30744118914342]]}},{"id":"16","type":"Feature","properties":{"supply_spaces":5,"occupancy_peak":0.0,"occupancy_mean":0.0,"peak_period":"weekday_0709","at_practical_capacity":false},"geometry":{"type":"LineString","coordinates":[[-123.06602500902312,49.30721087360238],[-123.06601627939105,49.30748814466582]]}},{"id":"17","type":"Feature","properties":{"supply_spaces":4,"occupancy_peak":1.19,"occupancy_mean":0.5675,"peak_period":"weekday_1113","at_practical_capacity":true},"geometry":{"type":"LineString","coordinates":[[-123.06208376290476,49.307506003562395],[-123.06170812942798,49.30750334878854]]}},{"id":"18","type":"Feature","properties":{"supply_spaces":1,"occupancy_peak":2.73,"occupancy_mean":0.9374999999999998,"peak_period":"weekday_1113","at_practical_capacity":true},"geometry":{"type":"LineString","coordinates":[[-123.06244192844227,49.30751009498223],[-123.06231089474326,49.307510165706006]]}},{"id":"19","type":"Feature","properties":{"supply_spaces":5,"occupancy_peak":0.75,"occupancy_mean":0.42624999999999996,"peak_period":"weekend_2123","at_practical_capacity":false},"geometry":{"type":"LineString","coordinates":[[-123.06313204609731,49.307514003531864],[-123.06265813473235,49.30750997796281]]}},{"id":"20","type":"Feature","properties":{"supply_spaces":27,"occupancy_peak":0.44,"occupancy_mean":0.34375,"peak_period":"weekend_2123","at_practical_capacity":false},"geometry":{"type":"LineString","coordinates":[[-123.0656979057209,49.30754539933037],[-123.06327848331932,49.30751714909969]]}},{"id":"21","type":"Feature","properties":{"supply_spaces":1,"occupancy_peak":0.76,"occupancy_mean":0.28500000000000003,"peak_period":"weekday_1113","at_practical_capacity":false},"geometry":{"type":"LineString","coordinates":[[-123.06581610355857,49.307546777595405],[-123.0656979057209,49.30754539933037]]}},{"id":"22","type":"Feature","properties":{"supply_spaces":28,"occupancy_peak":0.4,"occupancy_mean":0.30875,"peak_period":"weekend_1618","at_practical_capacity":false},"geometry":{"type":"LineString","coordinates":[[-123.06301202041077,49.30758404039863],[-123.06054962727237,49.307562908492976]]}},{"id":"23","type":"Feature","properties":{"supply_spaces":15,"occupancy_peak":0.0,"occupancy_mean":0.0,"peak_period":"weekday_0709","at_practical_capacity":false},"geometry":{"type":"LineString","coordinates":[[-123.06132375017549,49.30749355799555],[-123.0603680454924,49.307493336160384],[-123.06022949363849,49.30755653001704],[-123.06019488002292,49.307662652871414]]}},{"id":"24","type":"Feature","properties":{"supply_spaces":26,"occupancy_peak":0.57,"occupancy_mean":0.43124999999999997,"peak_period":"weekend_2123","at_practical_capacity":false},"geometry":{"type":"LineString","coordinates":[[-123.06345317656002,49.30758951093315],[-123.06582055505152,49.30760960698312]]}},{"id":"25","type":"Feature","properties":{"supply_spaces":3,"occupancy_peak":0.78,"occupancy_mean":0.39,"peak_period":"weekday_0709","at_practical_capacity":false},"geometry":{"type":"LineString","coordinates":[[-123.06019488002292,49.307662652871414],[-123.0601859379993,49.30781281242409]]}},{"id":"26","type":"Feature","properties":{"supply_spaces":4,"occupancy_peak":0.51,"occupancy_mean":0.16,"peak_period":"weekday_1113","at_practical_capacity":false},"geometry":{"type":"LineString","coordinates":[[-123.06598153692251,49.307685197558584],[-123.06597529098059,49.30791367846403]]}},{"id":"27","type":"Feature","properties":{"supply_spaces":5,"occupancy_peak":1.18,"occupancy_mean":0.8612500000000001,"peak_period":"weekend_1113","at_practical_capacity":true},"geometry":{"type":"LineString","coordinates":[[-123.06319128373518,49.307960975418176],[-123.06319665199943,49.307663277579024]]}},{"id":"28","type":"Feature","properties":{"supply_spaces":4,"occupancy_peak":0.79,"occupancy_mean":0.2625,"peak_period":"weekday_1113","at_practical_capacity":false},"geometry":{"type":"LineString","coordinates":[[-123.06030196161002,49.30771971615744],[-123.06029472103415,49.30794040658331]]}},{"id":"29","type":"Feature","properties":{"supply_spaces":4,"occupancy_peak":0.54,"occupancy_mean":0.2025,"peak_period":"weekday_1618","at_practical_capacity":false},"geometry":{"type":"LineString","coordinates":[[-123.06329676128567,49.307961158765906],[-123.06330128961996,49.30774389768266]]}},{"id":"30","type":"Feature","properties":{"supply_spaces":41,"occupancy_peak":0.79,"occupancy_mean":0.61625,"peak_period":"weekend_2123","at_practical_capacity":false},"geometry":{"type":"LineString","coordinates":[[-123.06938767914833,49.30781742990209],[-123.06654146759176,49.30658271054107],[-123.06634849522175,49.30653403276392]]}},{"id":"31","type":"Feature","properties":{"supply_spaces":37,"occupancy_peak":0.71,"occupancy_mean":0.615,"peak_period":"weekend_2123","at_practical_capacity":false},"geometry":{"type":"LineString","coordinates":[[-123.06651065540392,49.3066755473006],[-123.06923668897304,49.3078627399041]]}},{"id":"32","type":"Feature","properties":{"supply_spaces":6,"occupancy_peak":0.71,"occupancy_mean":0.53125,"peak_period":"weekday_2123","at_practical_capacity":false},"geometry":{"type":"LineString","coordinates":[[-123.06611914291108,49.30715581452536],[-123.06611609316208,49.307486946123056]]}},{"id":"33","type":"Feature","properties":{"supply_spaces":4,"occupancy_peak":0.68,"occupancy_mean":0.51375,"peak_period":"weekday_1618","at_practical_capacity":false},"geometry":{"type":"LineString","coordinates":[[-123.06611386205469,49.30779145433092],[-123.06610395817694,49.30804831068631]]}},{"id":"34","type":"Feature","properties":{"supply_spaces":31,"occupancy_peak":0.74,"occupancy_mean":0.5225,"peak_period":"weekend_0709","at_practical_capacity":false},"geometry":{"type":"LineString","coordinates":[[-123.06858172462057,49.30859132977759],[-123.06626538500082,49.307582384462535]]}},{"id":"35","type":"Feature","properties":{"supply_spaces":29,"occupancy_peak":0.89,"occupancy_mean":0.52625,"peak_period":"weekend_2123","at_practical_capacity":true},"geometry":{"type":"LineString","coordinates":[[-123.06632017480777,49.307725150812544],[-123.06849811758667,49.308671107734106]]}},{"id":"36","type":"Feature","properties":{"supply_spaces":5,"occupancy_peak":1.08,"occupancy_mean":0.755,"peak_period":"weekday_2123","at_practical_capacity":true},"geometry":{"type":"LineString","coordinates":[[-123.0661042033561,49.30823156842953],[-123.06609728609747,49.30850288813187]]}},{"id":"37","type":"Feature","properties":{"supply_spaces":2,"occupancy_peak":0.87,"occupancy_mean":0.1625,"peak_period":"weekday_2123","at_practical_capacity":true},"geometry":{"type":"LineString","coordinates":[[-123.06629708444163,49.308822608274305],[-123.06646899082475,49.30889771694501]]}},{"id":"38","type":"Feature","properties":{"supply_spaces":16,"occupancy_peak":0.57,"occupancy_mean":0.35874999999999996,"peak_period":"weekend_0709","at_practical_capacity":false},"geometry":{"type":"LineString","coordinates":[[-123.06749539489898,49.30922824641203],[-123.06632887921143,49.30872051864788]]}},{"id":"39","type":"Feature","properties":{"supply_spaces":5,"occupancy_peak":0.19,"occupancy_mean":0.0475,"peak_period":"weekday_0709","at_practical_capacity":false},"geometry":{"type":"LineString","coordinates":[[-123.0660690846109,49.309189525308646],[-123.0660723237656,49.3088896472943]]}},{"id":"40","type":"Feature","properties":{"supply_spaces":2,"occupancy_peak":0.52,"occupancy_mean":0.065,"peak_period":"weekend_1113","at_practical_capacity":false},"geometry":{"type":"LineString","coordinates":[[-123.0601859379993,49.30781281242409],[-123.06018000937837,49.3079262603573]]}},{"id":"41","type":"Feature","properties":{"supply_spaces":1,"occupancy_peak":0.0,"occupancy_mean":0.0,"peak_period":"weekday_0709","at_practical_capacity":false},"geometry":{"type":"LineString","coordinates":[[-123.06029367382487,49.308086712100184],[-123.06029361980536,49.30804244437111]]}},{"id":"42","type":"Feature","properties":{"supply_spaces":5,"occupancy_peak":0.44,"occupancy_mean":0.165,"peak_period":"weekday_0709","at_practical_capacity":false},"geometry":{"type":"LineString","coordinates":[[-123.06015604789332,49.308055368311116],[-123.06014326768414,49.30832097880203]]}},{"id":"43","type":"Feature","properties":{"supply_spaces":5,"occupancy_peak":0.2,"occupancy_mean":0.025,"peak_period":"weekday_1618","at_practical_capacity":false},"geometry":{"type":"LineString","coordinates":[[-123.0602896143953,49.30833946670731],[-123.06029361980536,49.30804244437111]]}},{"id":"44","type":"Feature","properties":{"supply_spaces":2,"occupancy_peak":0.92,"occupancy_mean":0.5750000000000001,"peak_period":"weekday_1113","at_practical_capacity":true},"geometry":{"type":"LineString","coordinates":[[-123.06317690523156,49.30813009901296],[-123.0631755340438,49.30825735933088]]}},{"id":"45","type":"Feature","properties":{"supply_spaces":5,"occupancy_peak":0.22,"occupancy_mean":0.055,"peak_period":"weekday_1113","at_practical_capacity":false},"geometry":{"type":"LineString","coordinates":[[-123.06329134772665,49.308104914782255],[-123.06328777482362,49.30837110526195]]}},{"id":"46","type":"Feature","properties":{"supply_spaces":5,"occupancy_peak":0.81,"occupancy_mean":0.585,"peak_period":"weekday_2123","at_practical_capacity":false},"geometry":{"type":"LineString","coordinates":[[-123.06597555601978,49.30811216766246],[-123.06596720354625,49.30839919638526]]}},{"id":"47","type":"Feature","properties":{"supply_spaces":2,"occupancy_peak":0.0,"occupancy_mean":0.0,"peak_period":"weekday_0709","at_practical_capacity":false},"geometry":{"type":"LineString","coordinates":[[-123.0602896143953,49.30833946670731],[-123.06029163210077,49.30820380733198]]}},{"id":"48","type":"Feature","properties":{"supply_spaces":2,"occupancy_peak":0.52,"occupancy_mean":0.13,"peak_period":"weekend_0709","at_practical_capacity":false},"geometry":{"type":"LineString","coordinates":[[-123.06317429384721,49.308369795592746],[-123.0631755340438,49.30825735933088]]}},{"id":"49","type":"Feature","properties":{"supply_spaces":21,"occupancy_peak":0.67,"occupancy_mean":0.36750000000000005,"peak_period":"weekend_0709","at_practical_capacity":false},"geometry":{"type":"LineString","coordinates":[[-123.05912874450962,49.30842706381872],[-123.05727151156037,49.30841114853218]]}},{"id":"50","type":"Feature","properties":{"supply_spaces":4,"occupancy_peak":0.0,"occupancy_mean":0.0,"peak_period":"weekday_0709","at_practical_capacity":false},"geometry":{"type":"LineString","coordinates":[[-123.05952186152516,49.30843400235605],[-123.05912874450962,49.30842706381872]]}},{"id":"51","type":"Feature","properties":{"supply_spaces":7,"occupancy_peak":0.0,"occupancy_mean":0.0,"peak_period":"weekday_0709","at_practical_capacity":false},"geometry":{"type":"LineString","coordinates":[[-123.06011309906522,49.30843567616496],[-123.05952186152516,49.30843400235605]]}},{"id":"52","type":"Feature","properties":{"supply_spaces":22,"occupancy_peak":0.28,"occupancy_mean":0.175,"peak_period":"weekday_2123","at_practical_capacity":false},"geometry":{"type":"LineString","coordinates":[[-123.06026627463663,49.30845376386181],[-123.06219742301204,49.30846538603967]]}},{"id":"53","type":"Feature","properties":{"supply_spaces":3,"occupancy_peak":0.0,"occupancy_mean":0.0,"peak_period":"weekday_0709","at_practical_capacity":false},"geometry":{"type":"LineString","coordinates":[[-123.06221786440959,49.308460802809826],[-123.06250746173247,49.30846367969788]]}},{"id":"54","type":"Feature","properties":{"supply_spaces":6,"occupancy_peak":0.0,"occupancy_mean":0.0,"peak_period":"weekday_0709","at_practical_capacity":false},"geometry":{"type":"LineString","coordinates":[[-123.06250746173247,49.30846367969788],[-123.06307092526137,49.30846837126123]]}},{"id":"55","type":"Feature","properties":{"supply_spaces":3,"occupancy_peak":0.0,"occupancy_mean":0.0,"peak_period":"weekday_0709","at_practical_capacity":false},"geometry":{"type":"LineString","coordinates":[[-123.06365062341817,49.30847288472714],[-123.06339509837923,49.3084701692225]]}},{"id":"56","type":"Feature","properties":{"supply_spaces":4,"occupancy_peak":0.0,"occupancy_mean":0.0,"peak_period":"weekday_0709","at_practical_capacity":false},"geometry":{"type":"LineString","coordinates":[[-123.06400415897403,49.30847728148918],[-123.06365062341817,49.30847288472714]]}},{"id":"57","type":"Feature","properties":{"supply_spaces":2,"occupancy_peak":0.0,"occupancy_mean":0.0,"peak_period":"weekday_0709","at_practical_capacity":false},"geometry":{"type":"LineString","coordinates":[[-123.06400415897403,49.30847728148918],[-123.0642072802981,49.30847980709108]]}},{"id":"58","type":"Feature","properties":{"supply_spaces":12,"occupancy_peak":0.0,"occupancy_mean":0.0,"peak_period":"weekday_0709","at_practical_capacity":false},"geometry":{"type":"LineString","coordinates":[[-123.06525666696466,49.30849284783995],[-123.0642072802981,49.30847980709108]]}},{"id":"59","type":"Feature","properties":{"supply_spaces":4,"occupancy_peak":0.22,"occupancy_mean":0.0275,"peak_period":"weekday_1113","at_practical_capacity":false},"geometry":{"type":"LineString","coordinates":[[-123.06565661762323,49.3085053197441],[-123.06525666696466,49.30849284783995]]}},{"id":"60","type":"Feature","properties":{"supply_spaces":5,"occupancy_peak":0.66,"occupancy_mean":0.5225000000000001,"peak_period":"weekend_0709","at_practical_capacity":false},"geometry":{"type":"LineString","coordinates":[[-123.0693638345475,49.308026340942554],[-123.06913701484055,49.30824638631887]]}},{"id":"61","type":"Feature","properties":{"supply_spaces":4,"occupancy_peak":0.47,"occupancy_mean":0.4099999999999999,"peak_period":"weekday_0709","at_practical_capacity":false},"geometry":{"type":"LineString","coordinates":[[-123.06928410244197,49.308272001830204],[-123.06950075187574,49.30806719464459]]}},{"id":"62","type":"Feature","properties":{"supply_spaces":4,"occupancy_peak":1.28,"occupancy_mean":0.9274999999999998,"peak_period":"weekday_0709","at_practical_capacity":true},"geometry":{"type":"LineString","coordinates":[[-123.06882877703636,49.30855120583031],[-123.06902215334165,49.30836069318695]]}},{"id":"63","type":"Feature","properties":{"supply_spaces":4,"occupancy_peak":1.05,"occupancy_mean":0.9199999999999999,"peak_period":"weekday_1113","at_practical_capacity":true},"geometry":{"type":"LineString","coordinates":[[-123.06893223834754,49.30861397517902],[-123.06911834095928,49.30842727435546]]}},{"id":"64","type":"Feature","properties":{"supply_spaces":2,"occupancy_peak":1.21,"occupancy_mean":0.90625,"peak_period":"weekday_0709","at_practical_capacity":true},"geometry":{"type":"LineString","coordinates":[[-123.06850453646726,49.308868410394446],[-123.068426027481,49.30895032791373]]}},{"id":"65","type":"Feature","properties":{"supply_spaces":4,"occupancy_peak":1.24,"occupancy_mean":1.115,"peak_period":"weekday_1113","at_practical_capacity":true},"geometry":{"type":"LineString","coordinates":[[-123.0689552051905,49.3088707536651],[-123.06925386507889,49.309002663223175]]}},{"id":"66","type":"Feature","properties":{"supply_spaces":4,"occupancy_peak":1.01,"occupancy_mean":0.8224999999999999,"peak_period":"weekday_0709","at_practical_capacity":true},"geometry":{"type":"LineString","coordinates":[[-123.06846593962806,49.30908014543115],[-123.06866035215582,49.308887357028475]]}},{"id":"67","type":"Feature","properties":{"supply_spaces":17,"occupancy_peak":0.75,"occupancy_mean":0.6174999999999999,"peak_period":"weekday_1113","at_practical_capacity":false},"geometry":{"type":"LineString","coordinates":[[-123.07028807720201,49.30933166371682],[-123.0689896473636,49.308771963840755]]}},{"id":"68","type":"Feature","properties":{"supply_spaces":8,"occupancy_peak":1.03,"occupancy_mean":0.8675,"peak_period":"weekday_1113","at_practical_capacity":true},"geometry":{"type":"LineString","coordinates":[[-123.06948695903253,49.3091001016178],[-123.07006424809278,49.30935202968519]]}},{"id":"69","type":"Feature","properties":{"supply_spaces":5,"occupancy_peak":0.85,"occupancy_mean":0.6649999999999999,"peak_period":"weekday_2123","at_practical_capacity":true},"geometry":{"type":"LineString","coordinates":[[-123.06813692088436,49.3094093557694],[-123.06836779722605,49.30917897189545]]}},{"id":"70","type":"Feature","properties":{"supply_spaces":1,"occupancy_peak":0.0,"occupancy_mean":0.0,"peak_period":"weekday_0709","at_practical_capacity":false},"geometry":{"type":"LineString","coordinates":[[-123.06575491646348,49.308520972060045],[-123.06565661762323,49.3085053197441]]}},{"id":"71","type":"Feature","properties":{"supply_spaces":6,"occupancy_peak":0.0,"occupancy_mean":0.0,"peak_period":"weekday_0709","at_practical_capacity":false},"geometry":{"type":"LineString","coordinates":[[-123.05744733373403,49.30851985471691],[-123.05796566037104,49.30852340354309]]}},{"id":"72","type":"Feature","properties":{"supply_spaces":16,"occupancy_peak":1.06,"occupancy_mean":0.78,"peak_period":"weekend_0709","at_practical_capacity":true},"geometry":{"type":"LineString","coordinates":[[-123.0602841016398,49.308519623233416],[-123.06077134459257,49.30853124612045]]}},{"id":"73","type":"Feature","properties":{"supply_spaces":20,"occupancy_peak":0.6,"occupancy_mean":0.39375,"peak_period":"weekday_1113","at_practical_capacity":false},"geometry":{"type":"LineString","coordinates":[[-123.05796566037104,49.30852340354309],[-123.05975526408835,49.308535119446915]]}},{"id":"74","type":"Feature","properties":{"supply_spaces":16,"occupancy_peak":1.06,"occupancy_mean":0.78,"peak_period":"weekend_0709","at_practical_capacity":true},"geometry":{"type":"LineString","coordinates":[[-123.06093771963367,49.30853511997015],[-123.06237568284105,49.308546742704834]]}},{"id":"75","type":"Feature","properties":{"supply_spaces":6,"occupancy_peak":0.0,"occupancy_mean":0.0,"peak_period":"weekday_0709","at_practical_capacity":false},"geometry":{"type":"LineString","coordinates":[[-123.06340374967948,49.3085748111697],[-123.06391625760334,49.30858119335424]]}},{"id":"76","type":"Feature","properties":{"supply_spaces":15,"occupancy_peak":0.55,"occupancy_mean":0.4625,"peak_period":"weekend_1113","at_practical_capacity":false},"geometry":{"type":"LineString","coordinates":[[-123.06521238962128,49.30860950284403],[-123.06391625760334,49.30858119335424]]}},{"id":"77","type":"Feature","properties":{"supply_spaces":4,"occupancy_peak":0.0,"occupancy_mean":0.0,"peak_period":"weekday_0709","at_practical_capacity":false},"geometry":{"type":"LineString","coordinates":[[-123.05715267128114,49.30850412710002],[-123.0571586129936,49.308759816240055]]}},{"id":"78","type":"Feature","properties":{"supply_spaces":5,"occupancy_peak":0.87,"occupancy_mean":0.65625,"peak_period":"weekday_0709","at_practical_capacity":true},"geometry":{"type":"LineString","coordinates":[[-123.06017360015882,49.30864367064891],[-123.06016664564125,49.30891118325109]]}},{"id":"79","type":"Feature","properties":{"supply_spaces":5,"occupancy_peak":0.0,"occupancy_mean":0.0,"peak_period":"weekday_0709","at_practical_capacity":false},"geometry":{"type":"LineString","coordinates":[[-123.06317494879825,49.30863994340341],[-123.06316515670774,49.30895220043357]]}},{"id":"80","type":"Feature","properties":{"supply_spaces":2,"occupancy_peak":0.0,"occupancy_mean":0.0,"peak_period":"weekday_0709","at_practical_capacity":false},"geometry":{"type":"LineString","coordinates":[[-123.0602798355899,49.308934604264635],[-123.06028103477651,49.30884065216735]]}},{"id":"81","type":"Feature","properties":{"supply_spaces":3,"occupancy_peak":0.71,"occupancy_mean":0.4024999999999999,"peak_period":"weekday_0709","at_practical_capacity":false},"geometry":{"type":"LineString","coordinates":[[-123.06596777742246,49.30882901774945],[-123.0659636287607,49.30899323797679]]}},{"id":"82","type":"Feature","properties":{"supply_spaces":15,"occupancy_peak":0.07,"occupancy_mean":0.00875,"peak_period":"weekend_1113","at_practical_capacity":false},"geometry":{"type":"LineString","coordinates":[[-123.05725368508197,49.30942615293365],[-123.05727745323597,49.308542867633626]]}},{"id":"83","type":"Feature","properties":{"supply_spaces":6,"occupancy_peak":0.54,"occupancy_mean":0.31499999999999995,"peak_period":"weekday_0709","at_practical_capacity":false},"geometry":{"type":"LineString","coordinates":[[-123.06326452045487,49.30923107797169],[-123.06327429612223,49.30890644545233]]}},{"id":"84","type":"Feature","properties":{"supply_spaces":3,"occupancy_peak":0.0,"occupancy_mean":0.0,"peak_period":"weekday_0709","at_practical_capacity":false},"geometry":{"type":"LineString","coordinates":[[-123.06026833646919,49.30920797955902],[-123.06027010864477,49.30904464500591]]}},{"id":"85","type":"Feature","properties":{"supply_spaces":3,"occupancy_peak":1.33,"occupancy_mean":0.875,"peak_period":"weekday_0709","at_practical_capacity":true},"geometry":{"type":"LineString","coordinates":[[-123.05711928837952,49.309067069863545],[-123.05711652564078,49.309196541778185]]}},{"id":"86","type":"Feature","properties":{"supply_spaces":2,"occupancy_peak":0.0,"occupancy_mean":0.0,"peak_period":"weekday_0709","at_practical_capacity":false},"geometry":{"type":"LineString","coordinates":[[-123.0631682553311,49.309097852438256],[-123.06316257046498,49.30920733441261]]}},{"id":"87","type":"Feature","properties":{"supply_spaces":3,"occupancy_peak":0.35,"occupancy_mean":0.04375,"peak_period":"weekday_1618","at_practical_capacity":false},"geometry":{"type":"LineString","coordinates":[[-123.0659653997095,49.30913263634824],[-123.06596185399559,49.30930025458396]]}},{"id":"88","type":"Feature","properties":{"supply_spaces":4,"occupancy_peak":1.03,"occupancy_mean":0.64125,"peak_period":"weekday_0709","at_practical_capacity":true},"geometry":{"type":"LineString","coordinates":[[-123.06015700255688,49.30936147744269],[-123.0601597779324,49.309133676053236]]}},{"id":"89","type":"Feature","properties":{"supply_spaces":3,"occupancy_peak":0.0,"occupancy_mean":0.0,"peak_period":"weekday_0709","at_practical_capacity":false},"geometry":{"type":"LineString","coordinates":[[-123.06026623507786,49.30938902839417],[-123.06026851531509,49.30920798036526]]}},{"id":"90","type":"Feature","properties":{"supply_spaces":3,"occupancy_peak":1.2,"occupancy_mean":0.65,"peak_period":"weekday_1113","at_practical_capacity":true},"geometry":{"type":"LineString","coordinates":[[-123.06315974217534,49.309272070333265],[-123.06315847268714,49.30941867730183]]}},{"id":"91","type":"Feature","properties":{"supply_spaces":14,"occupancy_peak":0.87,"occupancy_mean":0.54375,"peak_period":"weekend_2123","at_practical_capacity":true},"geometry":{"type":"LineString","coordinates":[[-123.0569273791686,49.309436412962235],[-123.05569934749246,49.30942315524198]]}},{"id":"92","type":"Feature","properties":{"supply_spaces":13,"occupancy_peak":0.93,"occupancy_mean":0.37750000000000006,"peak_period":"weekend_0709","at_practical_capacity":true},"geometry":{"type":"LineString","coordinates":[[-123.05858963471223,49.30944800179015],[-123.0574332065137,49.30943938295121]]}},{"id":"93","type":"Feature","properties":{"supply_spaces":16,"occupancy_peak":0.95,"occupancy_mean":0.56875,"peak_period":"weekday_1113","at_practical_capacity":true},"geometry":{"type":"LineString","coordinates":[[-123.06000318697849,49.309459846321786],[-123.0585853547519,49.30944796528078]]}},{"id":"94","type":"Feature","properties":{"supply_spaces":13,"occupancy_peak":0.77,"occupancy_mean":0.47875,"peak_period":"weekend_0709","at_practical_capacity":false},"geometry":{"type":"LineString","coordinates":[[-123.06159002399788,49.309477457866],[-123.06042444217258,49.30946689670604]]}},{"id":"95","type":"Feature","properties":{"supply_spaces":16,"occupancy_peak":0.81,"occupancy_mean":0.56125,"peak_period":"weekend_1113","at_practical_capacity":false},"geometry":{"type":"LineString","coordinates":[[-123.0630171274691,49.30949037190849],[-123.06159002399788,49.309477457866]]}},{"id":"96","type":"Feature","properties":{"supply_spaces":2,"occupancy_peak":0.48,"occupancy_mean":0.24,"peak_period":"weekday_0709","at_practical_capacity":false},"geometry":{"type":"LineString","coordinates":[[-123.06361663467757,49.30949289941153],[-123.06342880850923,49.30949014669563]]}},{"id":"97","type":"Feature","properties":{"supply_spaces":13,"occupancy_peak":0.7,"occupancy_mean":0.5025000000000001,"peak_period":"weekday_2123","at_practical_capacity":false},"geometry":{"type":"LineString","coordinates":[[-123.05695293735698,49.30950422906677],[-123.05579570515756,49.309489922807494]]}},{"id":"98","type":"Feature","properties":{"supply_spaces":1,"occupancy_peak":1.28,"occupancy_mean":0.32,"peak_period":"weekday_1113","at_practical_capacity":true},"geometry":{"type":"LineString","coordinates":[[-123.06595552960789,49.309470187948676],[-123.06595559060877,49.30951588318842]]}},{"id":"99","type":"Feature","properties":{"supply_spaces":13,"occupancy_peak":0.9,"occupancy_mean":0.6775000000000001,"peak_period":"weekday_2123","at_practical_capacity":true},"geometry":{"type":"LineString","coordinates":[[-123.05741521820619,49.30950757049684],[-123.05860301138252,49.3095190745458]]}},{"id":"100","type":"Feature","properties":{"supply_spaces":11,"occupancy_peak":1.06,"occupancy_mean":0.6625,"peak_period":"weekend_1618","at_practical_capacity":true},"geometry":{"type":"LineString","coordinates":[[-123.06967193929444,49.308065965377864],[-123.07051436716847,49.30843208624103]]}},{"id":"101","type":"Feature","properties":{"supply_spaces":14,"occupancy_peak":0.91,"occupancy_mean":0.74375,"peak_period":"weekend_1618","at_practical_capacity":true},"geometry":{"type":"LineString","coordinates":[[-123.07087915725513,49.30848410593005],[-123.06981382778231,49.308019471150594]]}},{"id":"102","type":"Feature","properties":{"supply_spaces":4,"occupancy_peak":1.06,"occupancy_mean":0.5975,"peak_period":"weekday_2123","at_practical_capacity":true},"geometry":{"type":"LineString","coordinates":[[-123.07051436716847,49.30843208624103],[-123.07079553876842,49.30855317595074]]}},{"id":"103","type":"Feature","properties":{"supply_spaces":1,"occupancy_peak":3.0,"occupancy_mean":1.125,"peak_period":"weekday_2123","at_practical_capacity":true},"geometry":{"type":"LineString","coordinates":[[-123.07090480582067,49.308601898572626],[-123.07095033379524,49.30862210068797]]}},{"id":"104","type":"Feature","properties":{"supply_spaces":5,"occupancy_peak":1.1,"occupancy_mean":0.87375,"peak_period":"weekday_1113","at_practical_capacity":true},"geometry":{"type":"LineString","coordinates":[[-123.07107963081286,49.30867795028341],[-123.07148391635532,49.308853818452974]]}},{"id":"105","type":"Feature","properties":{"supply_spaces":8,"occupancy_peak":1.17,"occupancy_mean":0.9912500000000001,"peak_period":"weekday_1618","at_practical_capacity":true},"geometry":{"type":"LineString","coordinates":[[-123.07040843902429,49.30950175857888],[-123.070980278521,49.30975368537431]]}},{"id":"106","type":"Feature","properties":{"supply_spaces":14,"occupancy_peak":1.09,"occupancy_mean":0.575,"peak_period":"weekend_1113","at_practical_capacity":true},"geometry":{"type":"LineString","coordinates":[[-123.07158291828605,49.3099056309505],[-123.07056489002687,49.30945406361317]]}},{"id":"107","type":"Feature","properties":{"supply_spaces":4,"occupancy_peak":1.06,"occupancy_mean":0.9625000000000001,"peak_period":"weekday_1113","at_practical_capacity":true},"geometry":{"type":"LineString","coordinates":[[-123.07108408465209,49.30980003015923],[-123.07136454230368,49.30992242588912]]}},{"id":"108","type":"Feature","properties":{"supply_spaces":4,"occupancy_peak":1.16,"occupancy_mean":1.04375,"peak_period":"weekday_0709","at_practical_capacity":true},"geometry":{"type":"LineString","coordinates":[[-123.07157532535109,49.31011348077445],[-123.07135722550282,49.31032210031096]]}},{"id":"109","type":"Feature","properties":{"supply_spaces":4,"occupancy_peak":1.13,"occupancy_mean":1.04375,"peak_period":"weekday_1113","at_practical_capacity":true},"geometry":{"type":"LineString","coordinates":[[-123.07147960941265,49.31037652618404],[-123.07170352564208,49.31016219000169]]}},{"id":"110","type":"Feature","properties":{"supply_spaces":18,"occupancy_peak":0.98,"occupancy_mean":0.87625,"peak_period":"weekday_1113","at_practical_capacity":true},"geometry":{"type":"LineString","coordinates":[[-123.07235426308019,49.30912816272245],[-123.0709829619998,49.308530451715974]]}},{"id":"111","type":"Feature","properties":{"supply_spaces":1,"occupancy_peak":1.45,"occupancy_mean":0.9087500000000001,"peak_period":"weekday_1113","at_practical_capacity":true},"geometry":{"type":"LineString","coordinates":[[-123.07164235344017,49.30892273910764],[-123.07174433801337,49.308967895278556]]}},{"id":"112","type":"Feature","properties":{"supply_spaces":3,"occupancy_peak":1.47,"occupancy_mean":0.96375,"peak_period":"weekday_2123","at_practical_capacity":true},"geometry":{"type":"LineString","coordinates":[[-123.0718499581003,49.30901066898658],[-123.07205210497881,49.309099791950345]]}},{"id":"113","type":"Feature","properties":{"supply_spaces":2,"occupancy_peak":1.0,"occupancy_mean":0.75,"peak_period":"weekday_0709","at_practical_capacity":true},"geometry":{"type":"LineString","coordinates":[[-123.07217958751808,49.309156831498356],[-123.07225060892864,49.30918653672447]]}},{"id":"114","type":"Feature","properties":{"supply_spaces":4,"occupancy_peak":1.29,"occupancy_mean":0.9362500000000001,"peak_period":"weekday_1113","at_practical_capacity":true},"geometry":{"type":"LineString","coordinates":[[-123.07233717619879,49.3093628402567],[-123.07214234629708,49.30954955168281]]}},{"id":"115","type":"Feature","properties":{"supply_spaces":4,"occupancy_peak":1.34,"occupancy_mean":1.07125,"peak_period":"weekday_1113","at_practical_capacity":true},"geometry":{"type":"LineString","coordinates":[[-123.07244645772897,49.30941917758478],[-123.07226472776432,49.30960302504809]]}},{"id":"116","type":"Feature","properties":{"supply_spaces":4,"occupancy_peak":1.55,"occupancy_mean":1.03875,"peak_period":"weekend_2123","at_practical_capacity":true},"geometry":{"type":"LineString","coordinates":[[-123.07183412722779,49.309860091939356],[-123.0720216749291,49.30967052962712]]}},{"id":"117","type":"Feature","properties":{"supply_spaces":5,"occupancy_peak":1.02,"occupancy_mean":0.8900000000000001,"peak_period":"weekday_1113","at_practical_capacity":true},"geometry":{"type":"LineString","coordinates":[[-123.07190706514876,49.3099545305508],[-123.07215132448539,49.30971542981845]]}},{"id":"118","type":"Feature","properties":{"supply_spaces":5,"occupancy_peak":1.0,"occupancy_mean":0.825,"peak_period":"weekday_1113","at_practical_capacity":true},"geometry":{"type":"LineString","coordinates":[[-123.07206386493219,49.31022424816579],[-123.07229150667939,49.31032049422865]]}},{"id":"119","type":"Feature","properties":{"supply_spaces":2,"occupancy_peak":1.23,"occupancy_mean":1.1275000000000002,"peak_period":"weekday_1113","at_practical_capacity":true},"geometry":{"type":"LineString","coordinates":[[-123.0724299190433,49.31038228687522],[-123.07261203672309,49.31046071178684]]}},{"id":"120","type":"Feature","properties":{"supply_spaces":9,"occupancy_peak":1.05,"occupancy_mean":0.6437499999999999,"peak_period":"weekday_1618","at_practical_capacity":true},"geometry":{"type":"LineString","coordinates":[[-123.07287708242474,49.30945745997879],[-123.07351266943215,49.309734323409565]]}},{"id":"121","type":"Feature","properties":{"supply_spaces":27,"occupancy_peak":0.78,"occupancy_mean":0.615,"peak_period":"weekday_1113","at_practical_capacity":false},"geometry":{"type":"LineString","coordinates":[[-123.07281861226976,49.30930160937817],[-123.07483194799256,49.310179282652236]]}},{"id":"122","type":"Feature","properties":{"supply_spaces":2,"occupancy_peak":0.0,"occupancy_mean":0.0,"peak_period":"weekday_0709","at_practical_capacity":false},"geometry":{"type":"LineString","coordinates":[[-123.07351266943215,49.309734323409565],[-123.07363104764737,49.309786607816925]]}},{"id":"123","type":"Feature","properties":{"supply_spaces":20,"occupancy_peak":0.96,"occupancy_mean":0.7762499999999999,"peak_period":"weekend_1618","at_practical_capacity":true},"geometry":{"type":"LineString","coordinates":[[-123.07206916076507,49.31011238590065],[-123.07354979086949,49.31075622592358]]}},{"id":"124","type":"Feature","properties":{"supply_spaces":4,"occupancy_peak":1.06,"occupancy_mean":0.9950000000000001,"peak_period":"weekday_0709","at_practical_capacity":true},"geometry":{"type":"LineString","coordinates":[[-123.07271402535793,49.310505867088054],[-123.07299448791649,49.3106270678903]]}},{"id":"125","type":"Feature","properties":{"supply_spaces":2,"occupancy_peak":0.0,"occupancy_mean":0.0,"peak_period":"weekday_0709","at_practical_capacity":false},"geometry":{"type":"LineString","coordinates":[[-123.07370823693678,49.310825143719],[-123.07354979086949,49.31075622592358]]}},{"id":"126","type":"Feature","properties":{"supply_spaces":2,"occupancy_peak":0.51,"occupancy_mean":0.19125,"peak_period":"weekday_0709","at_practical_capacity":false},"geometry":{"type":"LineString","coordinates":[[-123.07370823693678,49.310825143719],[-123.07385757201608,49.31088692768406]]}},{"id":"127","type":"Feature","properties":{"supply_spaces":1,"occupancy_peak":0.0,"occupancy_mean":0.0,"peak_period":"weekday_0709","at_practical_capacity":false},"geometry":{"type":"LineString","coordinates":[[-123.07396502531422,49.31093445849744],[-123.07385757201608,49.31088692768406]]}},{"id":"128","type":"Feature","properties":{"supply_spaces":19,"occupancy_peak":0.27,"occupancy_mean":0.14625000000000002,"peak_period":"weekday_0709","at_practical_capacity":false},"geometry":{"type":"LineString","coordinates":[[-123.07309283871831,49.310673415209486],[-123.07448789813797,49.31127941605181]]}},{"id":"129","type":"Feature","properties":{"supply_spaces":8,"occupancy_peak":0.9,"occupancy_mean":0.45125000000000004,"peak_period":"weekday_0709","at_practical_capacity":true},"geometry":{"type":"LineString","coordinates":[[-123.07454417657512,49.311183982810306],[-123.07396502531422,49.31093445849744]]}},{"id":"130","type":"Feature","properties":{"supply_spaces":5,"occupancy_peak":0.0,"occupancy_mean":0.0,"peak_period":"weekday_0709","at_practical_capacity":false},"geometry":{"type":"LineString","coordinates":[[-123.06999316434597,49.3104292866229],[-123.07037779254392,49.31059755523543]]}},{"id":"131","type":"Feature","properties":{"supply_spaces":5,"occupancy_peak":1.0,"occupancy_mean":0.7999999999999999,"peak_period":"weekday_0709","at_practical_capacity":true},"geometry":{"type":"LineString","coordinates":[[-123.07123508927764,49.310439269782876],[-123.0710373453113,49.31063074132939]]}},{"id":"132","type":"Feature","properties":{"supply_spaces":3,"occupancy_peak":0.9,"occupancy_mean":0.7875000000000001,"peak_period":"weekday_1618","at_practical_capacity":true},"geometry":{"type":"LineString","coordinates":[[-123.07120771665771,49.3106422986693],[-123.07137346936665,49.31047940613536]]}},{"id":"133","type":"Feature","properties":{"supply_spaces":5,"occupancy_peak":0.0,"occupancy_mean":0.0,"peak_period":"weekday_0709","at_practical_capacity":false},"geometry":{"type":"LineString","coordinates":[[-123.07051953444697,49.31054494266373],[-123.07086591739437,49.31069395461445]]}},{"id":"134","type":"Feature","properties":{"supply_spaces":4,"occupancy_peak":0.7,"occupancy_mean":0.40874999999999995,"peak_period":"weekday_2123","at_practical_capacity":false},"geometry":{"type":"LineString","coordinates":[[-123.07037779254392,49.31059755523543],[-123.07069686271173,49.31073730224504]]}},{"id":"135","type":"Feature","properties":{"supply_spaces":1,"occupancy_peak":0.96,"occupancy_mean":0.72,"peak_period":"weekday_0709","at_practical_capacity":true},"geometry":{"type":"LineString","coordinates":[[-123.07115391559648,49.3106918347109],[-123.07120771665771,49.3106422986693]]}},{"id":"136","type":"Feature","properties":{"supply_spaces":3,"occupancy_peak":0.0,"occupancy_mean":0.0,"peak_period":"weekday_0709","at_practical_capacity":false},"geometry":{"type":"LineString","coordinates":[[-123.07137075720885,49.310919978535],[-123.07117734233059,49.31083227745594]]}},{"id":"137","type":"Feature","properties":{"supply_spaces":4,"occupancy_peak":0.0,"occupancy_mean":0.0,"peak_period":"weekday_0709","at_practical_capacity":false},"geometry":{"type":"LineString","coordinates":[[-123.0710625650352,49.31090367587698],[-123.07139765594638,49.31104436277775]]}},{"id":"138","type":"Feature","properties":{"supply_spaces":5,"occupancy_peak":0.61,"occupancy_mean":0.535,"peak_period":"weekday_1618","at_practical_capacity":false},"geometry":{"type":"LineString","coordinates":[[-123.07055676269432,49.311116184508755],[-123.0707956298132,49.310876777852805]]}},{"id":"139","type":"Feature","properties":{"supply_spaces":5,"occupancy_peak":1.18,"occupancy_mean":0.8325,"peak_period":"weekday_2123","at_practical_capacity":true},"geometry":{"type":"LineString","coordinates":[[-123.07174993170403,49.311086103295665],[-123.07137075720885,49.310919978535]]}},{"id":"140","type":"Feature","properties":{"supply_spaces":4,"occupancy_peak":0.92,"occupancy_mean":0.6612499999999999,"peak_period":"weekend_0709","at_practical_capacity":true},"geometry":{"type":"LineString","coordinates":[[-123.07066658793998,49.31116469201059],[-123.07088032223056,49.31095322053261]]}},{"id":"141","type":"Feature","properties":{"supply_spaces":4,"occupancy_peak":0.77,"occupancy_mean":0.48250000000000004,"peak_period":"weekday_2123","at_practical_capacity":false},"geometry":{"type":"LineString","coordinates":[[-123.07043685346157,49.31122419651717],[-123.0702478381762,49.31141470878122]]}},{"id":"142","type":"Feature","properties":{"supply_spaces":5,"occupancy_peak":0.78,"occupancy_mean":0.56375,"peak_period":"weekday_0709","at_practical_capacity":false},"geometry":{"type":"LineString","coordinates":[[-123.07059597962112,49.31127423917984],[-123.07033928511832,49.311520616689144]]}},{"id":"143","type":"Feature","properties":{"supply_spaces":2,"occupancy_peak":1.0,"occupancy_mean":0.8125,"peak_period":"weekday_0709","at_practical_capacity":true},"geometry":{"type":"LineString","coordinates":[[-123.06987338938359,49.31149670150791],[-123.06996736376719,49.31153805553198]]}},{"id":"144","type":"Feature","properties":{"supply_spaces":5,"occupancy_peak":0.78,"occupancy_mean":0.49000000000000005,"peak_period":"weekend_1113","at_practical_capacity":false},"geometry":{"type":"LineString","coordinates":[[-123.07033014751512,49.311697769633916],[-123.07071041585242,49.311863182904126]]}},{"id":"145","type":"Feature","properties":{"supply_spaces":2,"occupancy_peak":0.89,"occupancy_mean":0.49875,"peak_period":"weekday_0709","at_practical_capacity":true},"geometry":{"type":"LineString","coordinates":[[-123.06998780752564,49.31183969032236],[-123.0700983107343,49.31172919284647]]}},{"id":"146","type":"Feature","properties":{"supply_spaces":5,"occupancy_peak":0.77,"occupancy_mean":0.48375000000000007,"peak_period":"weekday_0709","at_practical_capacity":false},"geometry":{"type":"LineString","coordinates":[[-123.06999775498976,49.311667137027925],[-123.06973893157779,49.31191766572761]]}},{"id":"147","type":"Feature","properties":{"supply_spaces":15,"occupancy_peak":0.8,"occupancy_mean":0.6575000000000001,"peak_period":"weekday_0709","at_practical_capacity":false},"geometry":{"type":"LineString","coordinates":[[-123.07150794004151,49.312091882689316],[-123.07039226696477,49.31160848303895]]}},{"id":"148","type":"Feature","properties":{"supply_spaces":1,"occupancy_peak":1.22,"occupancy_mean":0.7625,"peak_period":"weekday_0709","at_practical_capacity":true},"geometry":{"type":"LineString","coordinates":[[-123.0698671374085,49.31196923382675],[-123.06990785145949,49.31192922585769]]}},{"id":"149","type":"Feature","properties":{"supply_spaces":4,"occupancy_peak":0.5,"occupancy_mean":0.40625,"peak_period":"weekday_0709","at_practical_capacity":false},"geometry":{"type":"LineString","coordinates":[[-123.07084590706464,49.311917363042994],[-123.07114531719753,49.312048553873275]]}},{"id":"150","type":"Feature","properties":{"supply_spaces":8,"occupancy_peak":1.16,"occupancy_mean":0.53125,"peak_period":"weekday_1618","at_practical_capacity":true},"geometry":{"type":"LineString","coordinates":[[-123.07318902086665,49.31168423878151],[-123.07259787218551,49.311443997311116]]}},{"id":"151","type":"Feature","properties":{"supply_spaces":2,"occupancy_peak":1.08,"occupancy_mean":0.54,"peak_period":"weekday_0709","at_practical_capacity":true},"geometry":{"type":"LineString","coordinates":[[-123.07333434089418,49.31173698225317],[-123.07318902086665,49.31168423878151]]}},{"id":"152","type":"Feature","properties":{"supply_spaces":3,"occupancy_peak":0.29,"occupancy_mean":0.03625,"peak_period":"weekday_0709","at_practical_capacity":false},"geometry":{"type":"LineString","coordinates":[[-123.0742475213205,49.31173219307254],[-123.07407825474846,49.311898869000984]]}},{"id":"153","type":"Feature","properties":{"supply_spaces":7,"occupancy_peak":0.0,"occupancy_mean":0.0,"peak_period":"weekday_0709","at_practical_capacity":false},"geometry":{"type":"LineString","coordinates":[[-123.07384428938825,49.31195680434014],[-123.07333434089418,49.31173698225317]]}},{"id":"154","type":"Feature","properties":{"supply_spaces":7,"occupancy_peak":0.0,"occupancy_mean":0.0,"peak_period":"weekday_0709","at_practical_capacity":false},"geometry":{"type":"LineString","coordinates":[[-123.0731183425462,49.31179154863931],[-123.0736414104593,49.31202159707664]]}},{"id":"155","type":"Feature","properties":{"supply_spaces":4,"occupancy_peak":0.45,"occupancy_mean":0.14250000000000002,"peak_period":"weekday_1618","at_practical_capacity":false},"geometry":{"type":"LineString","coordinates":[[-123.07415803737335,49.31201689419662],[-123.07437917892912,49.311803726736436]]}},{"id":"156","type":"Feature","properties":{"supply_spaces":6,"occupancy_peak":0.0,"occupancy_mean":0.0,"peak_period":"weekday_0709","at_practical_capacity":false},"geometry":{"type":"LineString","coordinates":[[-123.07405387476167,49.312198515071614],[-123.07451392681807,49.312395994364614]]}},{"id":"157","type":"Feature","properties":{"supply_spaces":4,"occupancy_peak":0.0,"occupancy_mean":0.0,"peak_period":"weekday_0709","at_practical_capacity":false},"geometry":{"type":"LineString","coordinates":[[-123.07368755360675,49.312455052812425],[-123.07390019632821,49.3122490500276]]}},{"id":"158","type":"Feature","properties":{"supply_spaces":4,"occupancy_peak":0.0,"occupancy_mean":0.0,"peak_period":"weekday_0709","at_practical_capacity":false},"geometry":{"type":"LineString","coordinates":[[-123.07345106936984,49.31254207290359],[-123.07325909885843,49.312722613632644]]}},{"id":"159","type":"Feature","properties":{"supply_spaces":5,"occupancy_peak":1.11,"occupancy_mean":0.7225000000000001,"peak_period":"weekday_1113","at_practical_capacity":true},"geometry":{"type":"LineString","coordinates":[[-123.0725921204876,49.31268024827096],[-123.07292650912774,49.31282711978711]]}},{"id":"160","type":"Feature","properties":{"supply_spaces":2,"occupancy_peak":0.56,"occupancy_mean":0.07,"peak_period":"weekend_1618","at_practical_capacity":false},"geometry":{"type":"LineString","coordinates":[[-123.07188433300563,49.311141711327615],[-123.07174993170403,49.311086103295665]]}},{"id":"161","type":"Feature","properties":{"supply_spaces":6,"occupancy_peak":1.11,"occupancy_mean":1.01,"peak_period":"weekday_1618","at_practical_capacity":true},"geometry":{"type":"LineString","coordinates":[[-123.07235747721101,49.311343475474494],[-123.07188433300563,49.311141711327615]]}},{"id":"162","type":"Feature","properties":{"supply_spaces":2,"occupancy_peak":0.57,"occupancy_mean":0.07125,"peak_period":"weekend_0709","at_practical_capacity":false},"geometry":{"type":"LineString","coordinates":[[-123.07248969304591,49.31139765574183],[-123.07235747721101,49.311343475474494]]}},{"id":"163","type":"Feature","properties":{"supply_spaces":23,"occupancy_peak":0.69,"occupancy_mean":0.54625,"peak_period":"weekday_0709","at_practical_capacity":false},"geometry":{"type":"LineString","coordinates":[[-123.07139765594638,49.31104436277775],[-123.0731183425462,49.31179154863931]]}},{"id":"164","type":"Feature","properties":{"supply_spaces":1,"occupancy_peak":0.0,"occupancy_mean":0.0,"peak_period":"weekday_0709","at_practical_capacity":false},"geometry":{"type":"LineString","coordinates":[[-123.07259787218551,49.311443997311116],[-123.07248969304591,49.31139765574183]]}},{"id":"165","type":"Feature","properties":{"supply_spaces":10,"occupancy_peak":1.08,"occupancy_mean":0.8724999999999998,"peak_period":"weekday_1113","at_practical_capacity":true},"geometry":{"type":"LineString","coordinates":[[-123.07132670911963,49.312125552808574],[-123.07208070927602,49.31245780401619]]}},{"id":"166","type":"Feature","properties":{"supply_spaces":16,"occupancy_peak":1.14,"occupancy_mean":0.7674999999999998,"peak_period":"weekday_0709","at_practical_capacity":true},"geometry":{"type":"LineString","coordinates":[[-123.07295284537636,49.31272190514548],[-123.07177429246885,49.312211909591845]]}},{"id":"167","type":"Feature","properties":{"supply_spaces":3,"occupancy_peak":1.0,"occupancy_mean":0.70875,"peak_period":"weekday_0709","at_practical_capacity":true},"geometry":{"type":"LineString","coordinates":[[-123.07222276500632,49.312517690347775],[-123.072443507981,49.312617510551924]]}},{"id":"168","type":"Feature","properties":{"supply_spaces":4,"occupancy_peak":1.12,"occupancy_mean":0.9450000000000001,"peak_period":"weekday_0709","at_practical_capacity":true},"geometry":{"type":"LineString","coordinates":[[-123.072600456819,49.313355367828436],[-123.07242598104955,49.313530405530535]]}},{"id":"169","type":"Feature","properties":{"supply_spaces":3,"occupancy_peak":1.43,"occupancy_mean":0.71375,"peak_period":"weekend_1618","at_practical_capacity":true},"geometry":{"type":"LineString","coordinates":[[-123.07169599805441,49.31352799573941],[-123.07190544588683,49.3136183035189]]}},{"id":"170","type":"Feature","properties":{"supply_spaces":10,"occupancy_peak":0.71,"occupancy_mean":0.6475,"peak_period":"weekday_1618","at_practical_capacity":false},"geometry":{"type":"LineString","coordinates":[[-123.0694886307681,49.31256188749176],[-123.07022103599203,49.31288276246393]]}},{"id":"171","type":"Feature","properties":{"supply_spaces":18,"occupancy_peak":0.97,"occupancy_mean":0.6699999999999999,"peak_period":"weekend_0709","at_practical_capacity":true},"geometry":{"type":"LineString","coordinates":[[-123.07092364921006,49.31310245768282],[-123.06961418001615,49.31253444245926]]}},{"id":"172","type":"Feature","properties":{"supply_spaces":16,"occupancy_peak":1.34,"occupancy_mean":0.8612500000000001,"peak_period":"weekend_0709","at_practical_capacity":true},"geometry":{"type":"LineString","coordinates":[[-123.07035803055871,49.312942780089834],[-123.07152297691145,49.3134531339612]]}},{"id":"173","type":"Feature","properties":{"supply_spaces":15,"occupancy_peak":1.0,"occupancy_mean":0.68125,"peak_period":"weekend_2123","at_practical_capacity":true},"geometry":{"type":"LineString","coordinates":[[-123.07212934916244,49.31363601392494],[-123.07101835260379,49.31314285960906]]}},{"id":"174","type":"Feature","properties":{"supply_spaces":34,"occupancy_peak":1.0,"occupancy_mean":0.83375,"peak_period":"weekend_2123","at_practical_capacity":true},"geometry":{"type":"LineString","coordinates":[[-123.07123646335165,49.314479722251114],[-123.06870997810925,49.313373139647965]]}},{"id":"175","type":"Feature","properties":{"supply_spaces":3,"occupancy_peak":1.79,"occupancy_mean":1.07875,"peak_period":"weekend_1113","at_practical_capacity":true},"geometry":{"type":"LineString","coordinates":[[-123.0704017424175,49.31423176499333],[-123.07065525980518,49.31433728141861]]}},{"id":"176","type":"Feature","properties":{"supply_spaces":5,"occupancy_peak":1.0,"occupancy_mean":0.925,"peak_period":"weekday_1113","at_practical_capacity":true},"geometry":{"type":"LineString","coordinates":[[-123.0717116834882,49.314231750280484],[-123.07151719698892,49.314418697749346]]}},{"id":"177","type":"Feature","properties":{"supply_spaces":4,"occupancy_peak":1.49,"occupancy_mean":1.085,"peak_period":"weekend_1618","at_practical_capacity":true},"geometry":{"type":"LineString","coordinates":[[-123.07083666141928,49.314415708614064],[-123.0711339038394,49.31454832827427]]}},{"id":"178","type":"Feature","properties":{"supply_spaces":3,"occupancy_peak":1.0,"occupancy_mean":0.50125,"peak_period":"weekday_1113","at_practical_capacity":true},"geometry":{"type":"LineString","coordinates":[[-123.0715491649106,49.31472799692417],[-123.07159724865758,49.314749387236816]]}},{"id":"179","type":"Feature","properties":{"supply_spaces":1,"occupancy_peak":1.46,"occupancy_mean":0.1825,"peak_period":"weekday_2123","at_practical_capacity":true},"geometry":{"type":"LineString","coordinates":[[-123.07109942989206,49.31499288135284],[-123.07116801918283,49.31492680412982]]}},{"id":"180","type":"Feature","properties":{"supply_spaces":4,"occupancy_peak":1.0,"occupancy_mean":0.625,"peak_period":"weekday_0709","at_practical_capacity":true},"geometry":{"type":"LineString","coordinates":[[-123.07293851979351,49.313029100496664],[-123.07278221930956,49.31318508638959]]}},{"id":"181","type":"Feature","properties":{"supply_spaces":3,"occupancy_peak":1.17,"occupancy_mean":0.9125,"peak_period":"weekday_0709","at_practical_capacity":true},"geometry":{"type":"LineString","coordinates":[[-123.07347288694272,49.31305810682028],[-123.073726415512,49.31317075595572]]}},{"id":"182","type":"Feature","properties":{"supply_spaces":15,"occupancy_peak":0.93,"occupancy_mean":0.70625,"peak_period":"weekend_0709","at_practical_capacity":true},"geometry":{"type":"LineString","coordinates":[[-123.07454147630486,49.31341727350246],[-123.07342245790598,49.312928192558054]]}},{"id":"183","type":"Feature","properties":{"supply_spaces":4,"occupancy_peak":1.02,"occupancy_mean":0.8299999999999998,"peak_period":"weekday_0709","at_practical_capacity":true},"geometry":{"type":"LineString","coordinates":[[-123.07284969727525,49.3132754826823],[-123.07304416895435,49.31308496277569]]}},{"id":"184","type":"Feature","properties":{"supply_spaces":4,"occupancy_peak":0.94,"occupancy_mean":0.79,"peak_period":"weekday_0709","at_practical_capacity":true},"geometry":{"type":"LineString","coordinates":[[-123.07268976049554,49.313435040901226],[-123.07247892824715,49.31364223033464]]}},{"id":"185","type":"Feature","properties":{"supply_spaces":17,"occupancy_peak":0.81,"occupancy_mean":0.70125,"peak_period":"weekday_0709","at_practical_capacity":false},"geometry":{"type":"LineString","coordinates":[[-123.07381043023943,49.314364412262194],[-123.07252092811476,49.31380474682023]]}},{"id":"186","type":"Feature","properties":{"supply_spaces":36,"occupancy_peak":0.0,"occupancy_mean":0.0,"peak_period":"weekday_0709","at_practical_capacity":false},"geometry":{"type":"LineString","coordinates":[[-123.07508187614408,49.315001424074],[-123.0724281614922,49.313846454226926]]}},{"id":"187","type":"Feature","properties":{"supply_spaces":10,"occupancy_peak":1.04,"occupancy_mean":0.85625,"peak_period":"weekday_0709","at_practical_capacity":true},"geometry":{"type":"LineString","coordinates":[[-123.07465008191403,49.31473038743648],[-123.07393609783622,49.31441550070669]]}},{"id":"188","type":"Feature","properties":{"supply_spaces":2,"occupancy_peak":0.0,"occupancy_mean":0.0,"peak_period":"weekday_0709","at_practical_capacity":false},"geometry":{"type":"LineString","coordinates":[[-123.07304870348815,49.31526850147736],[-123.0728993512791,49.3152043364132]]}},{"id":"189","type":"Feature","properties":{"supply_spaces":3,"occupancy_peak":1.49,"occupancy_mean":0.9299999999999999,"peak_period":"weekend_0709","at_practical_capacity":true},"geometry":{"type":"LineString","coordinates":[[-123.07279714631464,49.31526556587949],[-123.07305067549603,49.315371076126]]}},{"id":"190","type":"Feature","properties":{"supply_spaces":5,"occupancy_peak":0.98,"occupancy_mean":0.9300000000000002,"peak_period":"weekday_0709","at_practical_capacity":true},"geometry":{"type":"LineString","coordinates":[[-123.07210426096655,49.31383524194409],[-123.07186072852778,49.31408784453369]]}},{"id":"191","type":"Feature","properties":{"supply_spaces":4,"occupancy_peak":1.36,"occupancy_mean":0.9162500000000001,"peak_period":"weekend_2123","at_practical_capacity":true},"geometry":{"type":"LineString","coordinates":[[-123.07217176639875,49.31394467858845],[-123.07199001288393,49.31412447857988]]}},{"id":"192","type":"Feature","properties":{"supply_spaces":5,"occupancy_peak":1.04,"occupancy_mean":1.04,"peak_period":"weekday_0709","at_practical_capacity":true},"geometry":{"type":"LineString","coordinates":[[-123.07160650946882,49.31450432191429],[-123.07184279001746,49.31426855876476]]}},{"id":"193","type":"Feature","properties":{"supply_spaces":16,"occupancy_peak":1.45,"occupancy_mean":1.1,"peak_period":"weekend_1618","at_practical_capacity":true},"geometry":{"type":"LineString","coordinates":[[-123.0728993512791,49.3152043364132],[-123.07171547274649,49.314688624729186]]}},{"id":"194","type":"Feature","properties":{"supply_spaces":9,"occupancy_peak":0.46,"occupancy_mean":0.19,"peak_period":"weekday_0709","at_practical_capacity":false},"geometry":{"type":"LineString","coordinates":[[-123.0720431213754,49.31494902680226],[-123.07269661045142,49.3152242183091]]}},{"id":"195","type":"Feature","properties":{"supply_spaces":11,"occupancy_peak":1.6,"occupancy_mean":1.0474999999999999,"peak_period":"weekend_0709","at_practical_capacity":true},"geometry":{"type":"MultiLineString","coordinates":[[[-123.07263119718095,49.31718997164559],[-123.07242085112128,49.31709700953838]],[[-123.07228537335385,49.317036584172115],[-123.07202154939098,49.31692735291277]],[[-123.07177555004938,49.31681114955593],[-123.07145824737422,49.31667170590903]]]}},{"id":"196","type":"Feature","properties":{"supply_spaces":25,"occupancy_peak":1.08,"occupancy_mean":0.975,"peak_period":"weekend_0709","at_practical_capacity":true},"geometry":{"type":"LineString","coordinates":[[-123.07207293436974,49.31784695952334],[-123.07160473522785,49.317841985702955]]}},{"id":"197","type":"Feature","properties":{"supply_spaces":1,"occupancy_peak":0.0,"occupancy_mean":0.0,"peak_period":"weekday_0709","at_practical_capacity":false},"geometry":{"type":"LineString","coordinates":[[-123.07216177982183,49.317845347928916],[-123.07207293436974,49.31784695952334]]}},{"id":"198","type":"Feature","properties":{"supply_spaces":6,"occupancy_peak":0.88,"occupancy_mean":0.41750000000000004,"peak_period":"weekday_1113","at_practical_capacity":true},"geometry":{"type":"LineString","coordinates":[[-123.0721427645683,49.31795225240676],[-123.07163175372443,49.317949153908415]]}},{"id":"199","type":"Feature","properties":{"supply_spaces":2,"occupancy_peak":0.0,"occupancy_mean":0.0,"peak_period":"weekday_0709","at_practical_capacity":false},"geometry":{"type":"LineString","coordinates":[[-123.07229739196484,49.318256551526616],[-123.07228911211793,49.31837086398158]]}},{"id":"200","type":"Feature","properties":{"supply_spaces":15,"occupancy_peak":0.07,"occupancy_mean":0.026250000000000002,"peak_period":"weekday_0709","at_practical_capacity":false},"geometry":{"type":"LineString","coordinates":[[-123.06646899082475,49.30889771694501],[-123.06761115289669,49.30939303974912]]}},{"id":"201","type":"Feature","properties":{"supply_spaces":3,"occupancy_peak":1.29,"occupancy_mean":0.77,"peak_period":"weekday_2123","at_practical_capacity":true},"geometry":{"type":"LineString","coordinates":[[-123.06824863247887,49.30911988583416],[-123.06809596217553,49.30927038981253]]}},{"id":"202","type":"Feature","properties":{"supply_spaces":5,"occupancy_peak":0.0,"occupancy_mean":0.0,"peak_period":"weekday_0709","at_practical_capacity":false},"geometry":{"type":"LineString","coordinates":[[-123.06749539489898,49.30922824641203],[-123.0678647092583,49.30939010624043]]}},{"id":"203","type":"Feature","properties":{"supply_spaces":5,"occupancy_peak":0.37,"occupancy_mean":0.09375,"peak_period":"weekday_1113","at_practical_capacity":false},"geometry":{"type":"LineString","coordinates":[[-123.06605696744467,49.30965481537914],[-123.06606200611209,49.3093394674305]]}},{"id":"204","type":"Feature","properties":{"supply_spaces":3,"occupancy_peak":0.0,"occupancy_mean":0.0,"peak_period":"weekday_0709","at_practical_capacity":false},"geometry":{"type":"LineString","coordinates":[[-123.0680817199634,49.30959839223334],[-123.0683302784832,49.309706289676406]]}},{"id":"205","type":"Feature","properties":{"supply_spaces":4,"occupancy_peak":1.4,"occupancy_mean":0.9299999999999999,"peak_period":"weekend_0709","at_practical_capacity":true},"geometry":{"type":"LineString","coordinates":[[-123.06778189713258,49.30958282608781],[-123.06756960843188,49.309792387669674]]}},{"id":"206","type":"Feature","properties":{"supply_spaces":4,"occupancy_peak":0.91,"occupancy_mean":0.73875,"peak_period":"weekday_0709","at_practical_capacity":true},"geometry":{"type":"LineString","coordinates":[[-123.06765852425202,49.30986468709658],[-123.06787954622774,49.309653215955315]]}},{"id":"207","type":"Feature","properties":{"supply_spaces":5,"occupancy_peak":0.87,"occupancy_mean":0.6225,"peak_period":"weekend_1618","at_practical_capacity":true},"geometry":{"type":"LineString","coordinates":[[-123.06658299028251,49.30994736534328],[-123.06624000149445,49.30979726637416]]}},{"id":"208","type":"Feature","properties":{"supply_spaces":6,"occupancy_peak":0.94,"occupancy_mean":0.60625,"peak_period":"weekend_0709","at_practical_capacity":true},"geometry":{"type":"LineString","coordinates":[[-123.06705629571914,49.31015749682039],[-123.06658020669282,49.30995009696953]]}},{"id":"209","type":"Feature","properties":{"supply_spaces":4,"occupancy_peak":1.0,"occupancy_mean":0.71875,"peak_period":"weekday_2123","at_practical_capacity":true},"geometry":{"type":"LineString","coordinates":[[-123.06734860656732,49.31002004134307],[-123.06724536726674,49.31012006076298]]}},{"id":"210","type":"Feature","properties":{"supply_spaces":4,"occupancy_peak":0.0,"occupancy_mean":0.0,"peak_period":"weekday_0709","at_practical_capacity":false},"geometry":{"type":"LineString","coordinates":[[-123.06842268928996,49.30963229591142],[-123.06813750770257,49.30950965835137]]}},{"id":"211","type":"Feature","properties":{"supply_spaces":1,"occupancy_peak":0.0,"occupancy_mean":0.0,"peak_period":"weekday_0709","at_practical_capacity":false},"geometry":{"type":"LineString","coordinates":[[-123.06841680150593,49.30974384803587],[-123.0683302784832,49.309706289676406]]}},{"id":"212","type":"Feature","properties":{"supply_spaces":3,"occupancy_peak":1.03,"occupancy_mean":0.8600000000000001,"peak_period":"weekday_1618","at_practical_capacity":true},"geometry":{"type":"LineString","coordinates":[[-123.06863385046395,49.30983822849719],[-123.06841680150593,49.30974384803587]]}},{"id":"213","type":"Feature","properties":{"supply_spaces":1,"occupancy_peak":1.86,"occupancy_mean":0.81375,"peak_period":"weekday_1113","at_practical_capacity":true},"geometry":{"type":"LineString","coordinates":[[-123.06871400735024,49.30987308287904],[-123.06863385046395,49.30983822849719]]}},{"id":"214","type":"Feature","properties":{"supply_spaces":1,"occupancy_peak":0.0,"occupancy_mean":0.0,"peak_period":"weekday_0709","at_practical_capacity":false},"geometry":{"type":"LineString","coordinates":[[-123.06863385046395,49.30983822849719],[-123.06871400735024,49.30987308287904]]}},{"id":"215","type":"Feature","properties":{"supply_spaces":1,"occupancy_peak":0.0,"occupancy_mean":0.0,"peak_period":"weekday_0709","at_practical_capacity":false},"geometry":{"type":"LineString","coordinates":[[-123.06871400735024,49.30987308287904],[-123.06878271255661,49.309902958019514]]}},{"id":"216","type":"Feature","properties":{"supply_spaces":28,"occupancy_peak":0.85,"occupancy_mean":0.6962499999999999,"peak_period":"weekday_1618","at_practical_capacity":true},"geometry":{"type":"LineString","coordinates":[[-123.07051953444697,49.31054494266373],[-123.06842268928996,49.30963229591142]]}},{"id":"217","type":"Feature","properties":{"supply_spaces":16,"occupancy_peak":0.92,"occupancy_mean":0.7537499999999999,"peak_period":"weekday_1618","at_practical_capacity":true},"geometry":{"type":"LineString","coordinates":[[-123.06878271255661,49.309902958019514],[-123.06999316434597,49.3104292866229]]}},{"id":"218","type":"Feature","properties":{"supply_spaces":35,"occupancy_peak":0.98,"occupancy_mean":0.75125,"peak_period":"weekday_2123","at_practical_capacity":true},"geometry":{"type":"LineString","coordinates":[[-123.06994708838204,49.31141346816668],[-123.06736770409793,49.31029297399371]]}},{"id":"219","type":"Feature","properties":{"supply_spaces":13,"occupancy_peak":1.6,"occupancy_mean":1.03875,"peak_period":"weekend_2123","at_practical_capacity":true},"geometry":{"type":"LineString","coordinates":[[-123.06835672265352,49.310833597905855],[-123.0693314037593,49.31125855533069]]}},{"id":"220","type":"Feature","properties":{"supply_spaces":3,"occupancy_peak":0.64,"occupancy_mean":0.48000000000000004,"peak_period":"weekday_1618","at_practical_capacity":false},"geometry":{"type":"LineString","coordinates":[[-123.06733717094714,49.310175222127164],[-123.06749129930023,49.310022814054705]]}},{"id":"221","type":"Feature","properties":{"supply_spaces":8,"occupancy_peak":1.0,"occupancy_mean":0.94,"peak_period":"weekday_1113","at_practical_capacity":true},"geometry":{"type":"LineString","coordinates":[[-123.06655514507169,49.310054585365634],[-123.06689646684352,49.31020193814437]]}},{"id":"222","type":"Feature","properties":{"supply_spaces":23,"occupancy_peak":0.53,"occupancy_mean":0.32375000000000004,"peak_period":"weekday_1618","at_practical_capacity":false},"geometry":{"type":"MultiLineString","coordinates":[[[-123.06621074372791,49.309905231922805],[-123.06655514507169,49.310054585365634]],[[-123.06689599970983,49.31020239896551],[-123.06824964277193,49.310789393454066]]]}},{"id":"223","type":"Feature","properties":{"supply_spaces":11,"occupancy_peak":0.61,"occupancy_mean":0.3175,"peak_period":"weekend_1618","at_practical_capacity":false},"geometry":{"type":"MultiLineString","coordinates":[[[-123.06758338779078,49.31404940628296],[-123.06781869204623,49.31375655715136]],[[-123.06798269005886,49.313663587920026],[-123.06824651506768,49.31337538509008]]]}},{"id":"224","type":"Feature","properties":{"supply_spaces":12,"occupancy_peak":0.57,"occupancy_mean":0.2875,"peak_period":"weekend_0709","at_practical_capacity":false},"geometry":{"type":"MultiLineString","coordinates":[[[-123.06771886551695,49.31409589024799],[-123.06800408167389,49.31379839248755]],[[-123.06811816847893,49.31371007231909],[-123.06843903508467,49.31341257313543]]]}},{"id":"225","type":"Feature","properties":{"supply_spaces":2,"occupancy_peak":0.0,"occupancy_mean":0.0,"peak_period":"weekday_0709","at_practical_capacity":false},"geometry":{"type":"LineString","coordinates":[[-123.06793089588768,49.31428580853031],[-123.06777640366934,49.314223830170505]]}},{"id":"226","type":"Feature","properties":{"supply_spaces":4,"occupancy_peak":0.0,"occupancy_mean":0.0,"peak_period":"weekday_0709","at_practical_capacity":false},"geometry":{"type":"LineString","coordinates":[[-123.06738898552905,49.314436106003136],[-123.06772173764409,49.314560061315845]]}},{"id":"227","type":"Feature","properties":{"supply_spaces":6,"occupancy_peak":0.0,"occupancy_mean":0.0,"peak_period":"weekday_0709","at_practical_capacity":false},"geometry":{"type":"LineString","coordinates":[[-123.0669416528116,49.31470534179404],[-123.0672221153551,49.31441094667052]]}},{"id":"228","type":"Feature","properties":{"supply_spaces":10,"occupancy_peak":0.58,"occupancy_mean":0.0725,"peak_period":"weekday_2123","at_practical_capacity":false},"geometry":{"type":"MultiLineString","coordinates":[[[-123.0664425260129,49.314990437946214],[-123.06668495902184,49.31473942879571]],[[-123.06678003058138,49.314637165896954],[-123.06704147885172,49.31438615488833]]]}},{"id":"229","type":"Feature","properties":{"supply_spaces":4,"occupancy_peak":1.42,"occupancy_mean":0.7687499999999999,"peak_period":"weekend_1113","at_practical_capacity":true},"geometry":{"type":"LineString","coordinates":[[-123.06666119094311,49.31499353678138],[-123.0668560882959,49.31478281325974]]}},{"id":"230","type":"Feature","properties":{"supply_spaces":3,"occupancy_peak":1.17,"occupancy_mean":0.92625,"peak_period":"weekend_0709","at_practical_capacity":true},"geometry":{"type":"LineString","coordinates":[[-123.06959801942286,49.31137120570313],[-123.06978597006884,49.31145677097621]]}},{"id":"231","type":"Feature","properties":{"supply_spaces":5,"occupancy_peak":0.82,"occupancy_mean":0.6425000000000001,"peak_period":"weekday_0709","at_practical_capacity":false},"geometry":{"type":"LineString","coordinates":[[-123.06937397478664,49.312285352580055],[-123.06961243544636,49.312047212479634]]}},{"id":"232","type":"Feature","properties":{"supply_spaces":5,"occupancy_peak":0.57,"occupancy_mean":0.45124999999999993,"peak_period":"weekday_0709","at_practical_capacity":false},"geometry":{"type":"LineString","coordinates":[[-123.06946869245071,49.31233694031559],[-123.06973333519797,49.31207974513735]]}},{"id":"233","type":"Feature","properties":{"supply_spaces":2,"occupancy_peak":1.03,"occupancy_mean":0.5762499999999999,"peak_period":"weekday_0709","at_practical_capacity":true},"geometry":{"type":"LineString","coordinates":[[-123.06911681003618,49.31268557848158],[-123.06921423504727,49.312591273722816]]}},{"id":"234","type":"Feature","properties":{"supply_spaces":5,"occupancy_peak":0.77,"occupancy_mean":0.36125,"peak_period":"weekday_2123","at_practical_capacity":false},"geometry":{"type":"LineString","coordinates":[[-123.06911659792928,49.312533974721134],[-123.06885630983504,49.312785454864965]]}},{"id":"235","type":"Feature","properties":{"supply_spaces":1,"occupancy_peak":1.58,"occupancy_mean":0.9875,"peak_period":"weekday_2123","at_practical_capacity":true},"geometry":{"type":"LineString","coordinates":[[-123.0689641353578,49.312838939467824],[-123.06902811850419,49.31277797457156]]}},{"id":"236","type":"Feature","properties":{"supply_spaces":5,"occupancy_peak":0.63,"occupancy_mean":0.315,"peak_period":"weekday_2123","at_practical_capacity":false},"geometry":{"type":"LineString","coordinates":[[-123.06845933675382,49.313175052881036],[-123.06869927106496,49.31294262573598]]}},{"id":"237","type":"Feature","properties":{"supply_spaces":6,"occupancy_peak":0.52,"occupancy_mean":0.30375,"peak_period":"weekday_2123","at_practical_capacity":false},"geometry":{"type":"LineString","coordinates":[[-123.06857589102925,49.31322258329471],[-123.0688579817512,49.31294062701595]]}},{"id":"238","type":"Feature","properties":{"supply_spaces":24,"occupancy_peak":0.97,"occupancy_mean":0.7162499999999999,"peak_period":"weekend_2123","at_practical_capacity":true},"geometry":{"type":"LineString","coordinates":[[-123.06852873958556,49.31340609116255],[-123.07028589219962,49.31417043298035]]}},{"id":"239","type":"Feature","properties":{"supply_spaces":21,"occupancy_peak":1.09,"occupancy_mean":0.7775,"peak_period":"weekend_2123","at_practical_capacity":true},"geometry":{"type":"MultiLineString","coordinates":[[[-123.07015914274803,49.31525808264104],[-123.06998220500243,49.31518043426623]],[[-123.06970784620249,49.31506083269288],[-123.06957505291352,49.315001979355614]],[[-123.06918524528825,49.31483422131972],[-123.06793089588768,49.31428580853031]]]}},{"id":"240","type":"Feature","properties":{"supply_spaces":15,"occupancy_peak":0.78,"occupancy_mean":0.6175,"peak_period":"weekday_1618","at_practical_capacity":false},"geometry":{"type":"LineString","coordinates":[[-123.05997095199099,49.309532308052745],[-123.05860301138252,49.3095190745458]]}},{"id":"241","type":"Feature","properties":{"supply_spaces":20,"occupancy_peak":0.2,"occupancy_mean":0.1375,"peak_period":"weekend_1113","at_practical_capacity":false},"geometry":{"type":"LineString","coordinates":[[-123.06571118127032,49.30956883823593],[-123.06549926959003,49.30952040730303],[-123.06390273523375,49.30949131314257]]}},{"id":"242","type":"Feature","properties":{"supply_spaces":13,"occupancy_peak":0.72,"occupancy_mean":0.61,"peak_period":"weekend_0709","at_practical_capacity":false},"geometry":{"type":"LineString","coordinates":[[-123.06048716334949,49.30953651680579],[-123.0616077537092,49.30954743054796]]}},{"id":"243","type":"Feature","properties":{"supply_spaces":15,"occupancy_peak":0.92,"occupancy_mean":0.5387500000000001,"peak_period":"weekend_0709","at_practical_capacity":true},"geometry":{"type":"LineString","coordinates":[[-123.06297436303552,49.309556510343526],[-123.06160776935775,49.30954674061296]]}},{"id":"244","type":"Feature","properties":{"supply_spaces":6,"occupancy_peak":0.68,"occupancy_mean":0.31875,"peak_period":"weekday_0709","at_practical_capacity":false},"geometry":{"type":"LineString","coordinates":[[-123.06396843595999,49.309569639692754],[-123.06344316711386,49.30956409229742]]}},{"id":"245","type":"Feature","properties":{"supply_spaces":7,"occupancy_peak":0.56,"occupancy_mean":0.43749999999999994,"peak_period":"weekday_1113","at_practical_capacity":false},"geometry":{"type":"LineString","coordinates":[[-123.0652374474201,49.3095830607729],[-123.06459518851166,49.30957574239058]]}},{"id":"246","type":"Feature","properties":{"supply_spaces":13,"occupancy_peak":0.47,"occupancy_mean":0.36000000000000004,"peak_period":"weekend_0709","at_practical_capacity":false},"geometry":{"type":"MultiLineString","coordinates":[[[-123.06396843472287,49.30956974673552],[-123.06459516889873,49.30957652497806]],[[-123.06523743694984,49.30958346645931],[-123.06546736617496,49.309596174291734],[-123.0657255355085,49.30968759011017]]]}},{"id":"247","type":"Feature","properties":{"supply_spaces":3,"occupancy_peak":0.0,"occupancy_mean":0.0,"peak_period":"weekday_0709","at_practical_capacity":false},"geometry":{"type":"LineString","coordinates":[[-123.05713024260386,49.30972679176923],[-123.05713357296341,49.30956828959472]]}},{"id":"248","type":"Feature","properties":{"supply_spaces":6,"occupancy_peak":0.0,"occupancy_mean":0.0,"peak_period":"weekday_0709","at_practical_capacity":false},"geometry":{"type":"LineString","coordinates":[[-123.05725601212791,49.30957631562417],[-123.0572449853262,49.30990737973033]]}},{"id":"249","type":"Feature","properties":{"supply_spaces":6,"occupancy_peak":0.73,"occupancy_mean":0.33875,"peak_period":"weekday_0709","at_practical_capacity":false},"geometry":{"type":"LineString","coordinates":[[-123.06605618707071,49.31976662040938],[-123.06606329128024,49.31944448052138]]}},{"id":"250","type":"Feature","properties":{"supply_spaces":2,"occupancy_peak":0.0,"occupancy_mean":0.0,"peak_period":"weekday_0709","at_practical_capacity":false},"geometry":{"type":"LineString","coordinates":[[-123.06657087329964,49.315080305435046],[-123.06666119094311,49.31499353678138]]}},{"id":"251","type":"Feature","properties":{"supply_spaces":5,"occupancy_peak":0.58,"occupancy_mean":0.2875,"peak_period":"weekday_1113","at_practical_capacity":false},"geometry":{"type":"LineString","coordinates":[[-123.0661478024149,49.315647393157796],[-123.06621910635252,49.31534680636272]]}},{"id":"252","type":"Feature","properties":{"supply_spaces":4,"occupancy_peak":1.36,"occupancy_mean":0.79375,"peak_period":"weekend_0709","at_practical_capacity":true},"geometry":{"type":"LineString","coordinates":[[-123.06635220759216,49.31565359146258],[-123.0663474537085,49.31539638763438]]}},{"id":"253","type":"Feature","properties":{"supply_spaces":10,"occupancy_peak":0.59,"occupancy_mean":0.16,"peak_period":"weekday_1113","at_practical_capacity":false},"geometry":{"type":"LineString","coordinates":[[-123.06638597792488,49.31569966667856],[-123.06729510189153,49.315715161210555]]}},{"id":"254","type":"Feature","properties":{"supply_spaces":33,"occupancy_peak":0.72,"occupancy_mean":0.5887499999999999,"peak_period":"weekday_1113","at_practical_capacity":false},"geometry":{"type":"LineString","coordinates":[[-123.06916682986615,49.31631168135474],[-123.06668901940847,49.31523484101436]]}},{"id":"255","type":"Feature","properties":{"supply_spaces":13,"occupancy_peak":0.47,"occupancy_mean":0.38125000000000003,"peak_period":"weekday_0709","at_practical_capacity":false},"geometry":{"type":"LineString","coordinates":[[-123.06757437528019,49.315835240566656],[-123.06642757172065,49.31580812576179]]}},{"id":"256","type":"Feature","properties":{"supply_spaces":27,"occupancy_peak":0.66,"occupancy_mean":0.5175000000000001,"peak_period":"weekend_1113","at_practical_capacity":false},"geometry":{"type":"MultiLineString","coordinates":[[[-123.06923219149171,49.31647824087559],[-123.0687746583704,49.31627682002171]],[[-123.06859639851126,49.31619935022798],[-123.06781205535599,49.31585460817697]],[[-123.0673842325927,49.31565705835116],[-123.066611773928,49.31530843868852]]]}},{"id":"257","type":"Feature","properties":{"supply_spaces":12,"occupancy_peak":0.43,"occupancy_mean":0.16125,"peak_period":"weekday_1618","at_practical_capacity":false},"geometry":{"type":"MultiLineString","coordinates":[[[-123.06613829510869,49.31667619323083],[-123.06615255592017,49.31637561217496]],[[-123.06615255609192,49.31620827771643],[-123.06616206373872,49.31583642200225]]]}},{"id":"258","type":"Feature","properties":{"supply_spaces":12,"occupancy_peak":0.26,"occupancy_mean":0.0975,"peak_period":"weekday_0709","at_practical_capacity":false},"geometry":{"type":"MultiLineString","coordinates":[[[-123.06630942462571,49.316673094400976],[-123.06629991755295,49.31633222971344]],[[-123.06631417775385,49.31620827774336],[-123.06632843964526,49.31586431136424]]]}},{"id":"259","type":"Feature","properties":{"supply_spaces":13,"occupancy_peak":1.04,"occupancy_mean":0.50125,"peak_period":"weekday_2123","at_practical_capacity":true},"geometry":{"type":"MultiLineString","coordinates":[[[-123.0685488622306,49.31676487656144],[-123.06801408366059,49.31676487588237]],[[-123.06711684178792,49.316753255204596],[-123.06644539729308,49.31674550889168]]]}},{"id":"260","type":"Feature","properties":{"supply_spaces":5,"occupancy_peak":0.0,"occupancy_mean":0.0,"peak_period":"weekday_0709","at_practical_capacity":false},"geometry":{"type":"LineString","coordinates":[[-123.06957505291352,49.315001979355614],[-123.06918524528825,49.31483422131972]]}},{"id":"261","type":"Feature","properties":{"supply_spaces":22,"occupancy_peak":0.8,"occupancy_mean":0.37875000000000003,"peak_period":"weekend_0709","at_practical_capacity":false},"geometry":{"type":"MultiLineString","coordinates":[[[-123.06772173764409,49.314560061315845],[-123.06781086780185,49.31460267113238]],[[-123.06794159186177,49.31465690242358],[-123.06826840120122,49.31479247865388]],[[-123.06848231217707,49.314893191942396],[-123.06888636761428,49.31506362979981]],[[-123.0689992654155,49.31511011222003],[-123.06923100385826,49.31521857266687]],[[-123.06934984360022,49.315257308181366],[-123.06958752327023,49.31536576794365]],[[-123.0701604300103,49.31561803252472],[-123.06979202628837,49.315451470702314]]]}},{"id":"262","type":"Feature","properties":{"supply_spaces":3,"occupancy_peak":0.9,"occupancy_mean":0.6375,"peak_period":"weekday_0709","at_practical_capacity":true},"geometry":{"type":"LineString","coordinates":[[-123.06922456602115,49.31673739400123],[-123.06931072515461,49.31655146806778]]}},{"id":"263","type":"Feature","properties":{"supply_spaces":3,"occupancy_peak":0.36,"occupancy_mean":0.135,"peak_period":"weekday_0709","at_practical_capacity":false},"geometry":{"type":"LineString","coordinates":[[-123.06879842609658,49.316768749990175],[-123.0685488622306,49.31676487656144]]}},{"id":"264","type":"Feature","properties":{"supply_spaces":3,"occupancy_peak":0.59,"occupancy_mean":0.55375,"peak_period":"weekday_0709","at_practical_capacity":false},"geometry":{"type":"LineString","coordinates":[[-123.06957513488325,49.31687710620354],[-123.06988126698171,49.31688082539023]]}},{"id":"265","type":"Feature","properties":{"supply_spaces":13,"occupancy_peak":0.56,"occupancy_mean":0.37,"peak_period":"weekend_2123","at_practical_capacity":false},"geometry":{"type":"MultiLineString","coordinates":[[[-123.06921159221697,49.317766435488195],[-123.06922050604027,49.31739846496787]],[[-123.0692294189157,49.317286135759474],[-123.0692383310679,49.31692203490918]]]}},{"id":"266","type":"Feature","properties":{"supply_spaces":8,"occupancy_peak":1.06,"occupancy_mean":0.6187499999999999,"peak_period":"weekend_2123","at_practical_capacity":true},"geometry":{"type":"MultiLineString","coordinates":[[[-123.06936311377882,49.317688968628204],[-123.06935709475641,49.317543556228195]],[[-123.06937202563033,49.31737135097835],[-123.06938390991658,49.317022743333666]]]}},{"id":"267","type":"Feature","properties":{"supply_spaces":1,"occupancy_peak":0.0,"occupancy_mean":0.0,"peak_period":"weekday_0709","at_practical_capacity":false},"geometry":{"type":"LineString","coordinates":[[-123.06935802084415,49.317446594571514],[-123.06937202563033,49.31737135097835]]}},{"id":"268","type":"Feature","properties":{"supply_spaces":2,"occupancy_peak":0.6,"occupancy_mean":0.075,"peak_period":"weekday_1113","at_practical_capacity":false},"geometry":{"type":"LineString","coordinates":[[-123.06935709475641,49.317543556228195],[-123.06935802084415,49.317446594571514]]}},{"id":"269","type":"Feature","properties":{"supply_spaces":4,"occupancy_peak":0.73,"occupancy_mean":0.12125,"peak_period":"weekday_1113","at_practical_capacity":false},"geometry":{"type":"LineString","coordinates":[[-123.06915969832387,49.31782102465375],[-123.0687912949572,49.31781327754124]]}},{"id":"270","type":"Feature","properties":{"supply_spaces":14,"occupancy_peak":1.4,"occupancy_mean":0.8049999999999999,"peak_period":"weekday_1618","at_practical_capacity":true},"geometry":{"type":"MultiLineString","coordinates":[[[-123.06917871408768,49.31676874966501],[-123.06879842609658,49.316768749990175]],[[-123.06801408366059,49.31676487588237],[-123.06711684178792,49.316753255204596]]]}},{"id":"271","type":"Feature","properties":{"supply_spaces":3,"occupancy_peak":0.94,"occupancy_mean":0.51,"peak_period":"weekend_2123","at_practical_capacity":true},"geometry":{"type":"LineString","coordinates":[[-123.06731292783536,49.31685783898166],[-123.06759814296608,49.316857838923575]]}},{"id":"272","type":"Feature","properties":{"supply_spaces":14,"occupancy_peak":0.71,"occupancy_mean":0.45375000000000004,"peak_period":"weekday_2123","at_practical_capacity":false},"geometry":{"type":"MultiLineString","coordinates":[[[-123.06674249700724,49.316846217988385],[-123.0671346677572,49.31685396502434]],[[-123.06759814296608,49.316857838923575],[-123.06846567472861,49.31686945907674]]]}},{"id":"273","type":"Feature","properties":{"supply_spaces":13,"occupancy_peak":0.0,"occupancy_mean":0.0,"peak_period":"weekday_0709","at_practical_capacity":false},"geometry":{"type":"MultiLineString","coordinates":[[[-123.06639191915635,49.3168462184203],[-123.06674249700724,49.316846217988385]],[[-123.0671346677572,49.31685396502434],[-123.06731292783536,49.31685783898166]],[[-123.06846567472861,49.31686945907674],[-123.06910146786184,49.3168733326797]]]}},{"id":"274","type":"Feature","properties":{"supply_spaces":6,"occupancy_peak":0.48,"occupancy_mean":0.21999999999999995,"peak_period":"weekday_0709","at_practical_capacity":false},"geometry":{"type":"LineString","coordinates":[[-123.06612403465265,49.31726495455399],[-123.06612403496592,49.316896204968735]]}},{"id":"275","type":"Feature","properties":{"supply_spaces":11,"occupancy_peak":0.66,"occupancy_mean":0.41125,"peak_period":"weekday_2123","at_practical_capacity":false},"geometry":{"type":"MultiLineString","coordinates":[[[-123.06629040945852,49.317667786665105],[-123.06628565677757,49.31737960732707]],[[-123.06629991725559,49.31724946134113],[-123.06630467049044,49.316914796939365]]]}},{"id":"276","type":"Feature","properties":{"supply_spaces":6,"occupancy_peak":0.49,"occupancy_mean":0.34750000000000003,"peak_period":"weekday_1618","at_practical_capacity":false},"geometry":{"type":"LineString","coordinates":[[-123.0661097730908,49.31773286008451],[-123.06611928006033,49.3173734096436]]}},{"id":"277","type":"Feature","properties":{"supply_spaces":18,"occupancy_peak":1.05,"occupancy_mean":0.74625,"peak_period":"weekend_1113","at_practical_capacity":true},"geometry":{"type":"MultiLineString","coordinates":[[[-123.0687912949572,49.31781327754124],[-123.06814955963958,49.31780165733852]],[[-123.06737115880244,49.31779778435716],[-123.06639667235478,49.317782290212534]]]}},{"id":"278","type":"Feature","properties":{"supply_spaces":9,"occupancy_peak":0.92,"occupancy_mean":0.745,"peak_period":"weekend_1113","at_practical_capacity":true},"geometry":{"type":"LineString","coordinates":[[-123.06814955963958,49.31780165733852],[-123.06737115880244,49.31779778435716]]}},{"id":"279","type":"Feature","properties":{"supply_spaces":3,"occupancy_peak":1.28,"occupancy_mean":0.9600000000000001,"peak_period":"weekday_1113","at_practical_capacity":true},"geometry":{"type":"LineString","coordinates":[[-123.06665217817648,49.31788687152425],[-123.06637290513125,49.317890744530274]]}},{"id":"280","type":"Feature","properties":{"supply_spaces":3,"occupancy_peak":0.0,"occupancy_mean":0.0,"peak_period":"weekday_0709","at_practical_capacity":false},"geometry":{"type":"LineString","coordinates":[[-123.0678821706958,49.31791011144183],[-123.06762666498946,49.31791011101094]]}},{"id":"281","type":"Feature","properties":{"supply_spaces":20,"occupancy_peak":0.7,"occupancy_mean":0.49374999999999997,"peak_period":"weekend_1113","at_practical_capacity":false},"geometry":{"type":"MultiLineString","coordinates":[[[-123.0690943375263,49.317921731730486],[-123.06866057196869,49.31791398457946]],[[-123.06850608025593,49.317921732003036],[-123.0678821706958,49.31791011144183]],[[-123.06762666498946,49.31791011101094],[-123.06690174128454,49.31790236444709]]]}},{"id":"282","type":"Feature","properties":{"supply_spaces":11,"occupancy_peak":0.54,"occupancy_mean":0.40499999999999997,"peak_period":"weekday_0709","at_practical_capacity":false},"geometry":{"type":"MultiLineString","coordinates":[[[-123.0660964834778,49.3187606922705],[-123.06608697622904,49.318441532911145]],[[-123.06609172930571,49.31828040242705],[-123.06610123670508,49.31795194380663]]]}},{"id":"283","type":"Feature","properties":{"supply_spaces":12,"occupancy_peak":0.68,"occupancy_mean":0.4225,"peak_period":"weekday_1113","at_practical_capacity":false},"geometry":{"type":"MultiLineString","coordinates":[[[-123.06624859721664,49.318773087703406],[-123.06625810472629,49.318410546592844]],[[-123.06626761292976,49.318280402459095],[-123.06626761258613,49.31795504179803]]]}},{"id":"284","type":"Feature","properties":{"supply_spaces":28,"occupancy_peak":1.04,"occupancy_mean":0.8437499999999999,"peak_period":"weekend_2123","at_practical_capacity":true},"geometry":{"type":"MultiLineString","coordinates":[[[-123.06907437218048,49.31885644086755],[-123.0680129438779,49.31884895226996]],[[-123.0678603182325,49.31884904198536],[-123.06641830097753,49.31883707422407]]]}},{"id":"285","type":"Feature","properties":{"supply_spaces":2,"occupancy_peak":0.0,"occupancy_mean":0.0,"peak_period":"weekday_0709","at_practical_capacity":false},"geometry":{"type":"LineString","coordinates":[[-123.0680129438779,49.31884895226996],[-123.0678603182325,49.31884904198536]]}},{"id":"286","type":"Feature","properties":{"supply_spaces":31,"occupancy_peak":0.94,"occupancy_mean":0.7737499999999999,"peak_period":"weekend_2123","at_practical_capacity":true},"geometry":{"type":"LineString","coordinates":[[-123.06909219705152,49.318972639043686],[-123.06634699717726,49.31893777954534]]}},{"id":"287","type":"Feature","properties":{"supply_spaces":6,"occupancy_peak":0.89,"occupancy_mean":0.5337500000000001,"peak_period":"weekend_1618","at_practical_capacity":true},"geometry":{"type":"LineString","coordinates":[[-123.06620931482614,49.319330122991325],[-123.06621339457169,49.31900158117762]]}},{"id":"288","type":"Feature","properties":{"supply_spaces":5,"occupancy_peak":0.91,"occupancy_mean":0.5025000000000001,"peak_period":"weekday_1113","at_practical_capacity":true},"geometry":{"type":"LineString","coordinates":[[-123.06607142087005,49.319326261142955],[-123.06607476006188,49.31900609331267]]}},{"id":"289","type":"Feature","properties":{"supply_spaces":5,"occupancy_peak":0.79,"occupancy_mean":0.42000000000000004,"peak_period":"weekday_0709","at_practical_capacity":false},"geometry":{"type":"LineString","coordinates":[[-123.06619858994776,49.31976112117388],[-123.06620346676894,49.31946459524934]]}},{"id":"290","type":"Feature","properties":{"supply_spaces":12,"occupancy_peak":0.5,"occupancy_mean":0.1875,"peak_period":"weekday_1618","at_practical_capacity":false},"geometry":{"type":"MultiLineString","coordinates":[[[-123.06936905456715,49.31797753390394],[-123.06936608350392,49.318330007639155]],[[-123.06936014166664,49.31843265001027],[-123.0693541997673,49.31878318435358]]]}},{"id":"291","type":"Feature","properties":{"supply_spaces":13,"occupancy_peak":0.4,"occupancy_mean":0.27,"peak_period":"weekday_2123","at_practical_capacity":false},"geometry":{"type":"MultiLineString","coordinates":[[[-123.06919079555065,49.318806424034406],[-123.06919376648011,49.31845589058031]],[[-123.06920565028241,49.31834743741152],[-123.0692056509618,49.317965913922606]]]}},{"id":"292","type":"Feature","properties":{"supply_spaces":4,"occupancy_peak":1.54,"occupancy_mean":0.9262499999999998,"peak_period":"weekday_2123","at_practical_capacity":true},"geometry":{"type":"LineString","coordinates":[[-123.06917594042235,49.31927121606782],[-123.06917891037727,49.31904269332354]]}},{"id":"293","type":"Feature","properties":{"supply_spaces":5,"occupancy_peak":1.11,"occupancy_mean":0.8575000000000002,"peak_period":"weekend_1618","at_practical_capacity":true},"geometry":{"type":"LineString","coordinates":[[-123.06934825758088,49.31938935002288],[-123.06934825742226,49.31907367986189]]}},{"id":"294","type":"Feature","properties":{"supply_spaces":2,"occupancy_peak":1.19,"occupancy_mean":0.5974999999999999,"peak_period":"weekday_1113","at_practical_capacity":true},"geometry":{"type":"LineString","coordinates":[[-123.06913686264757,49.31948321568901],[-123.06913430077678,49.319573847524566]]}},{"id":"295","type":"Feature","properties":{"supply_spaces":2,"occupancy_peak":0.44,"occupancy_mean":0.165,"peak_period":"weekday_0709","at_practical_capacity":false},"geometry":{"type":"LineString","coordinates":[[-123.06931455347718,49.31966288207096],[-123.06931545765148,49.31952865189414]]}},{"id":"296","type":"Feature","properties":{"supply_spaces":3,"occupancy_peak":1.18,"occupancy_mean":0.7875,"peak_period":"weekday_2123","at_practical_capacity":true},"geometry":{"type":"LineString","coordinates":[[-123.06913430077678,49.319573847524566],[-123.0691313755809,49.31972244680792]]}},{"id":"297","type":"Feature","properties":{"supply_spaces":1,"occupancy_peak":0.0,"occupancy_mean":0.0,"peak_period":"weekday_0709","at_practical_capacity":false},"geometry":{"type":"LineString","coordinates":[[-123.06911444447016,49.320225519617104],[-123.06911483443777,49.320156098675604]]}},{"id":"298","type":"Feature","properties":{"supply_spaces":6,"occupancy_peak":0.0,"occupancy_mean":0.0,"peak_period":"weekday_0709","at_practical_capacity":false},"geometry":{"type":"LineString","coordinates":[[-123.06931476596831,49.32041138356805],[-123.0693264181497,49.320082885735054]]}},{"id":"299","type":"Feature","properties":{"supply_spaces":1,"occupancy_peak":2.72,"occupancy_mean":0.90875,"peak_period":"weekend_2123","at_practical_capacity":true},"geometry":{"type":"LineString","coordinates":[[-123.06911549233841,49.32028993571492],[-123.06911444447016,49.320225519617104]]}},{"id":"300","type":"Feature","properties":{"supply_spaces":10,"occupancy_peak":1.16,"occupancy_mean":0.96125,"peak_period":"weekday_2123","at_practical_capacity":true},"geometry":{"type":"LineString","coordinates":[[-123.07375722124047,49.31557625680333],[-123.07304870348815,49.31526850147736]]}},{"id":"301","type":"Feature","properties":{"supply_spaces":3,"occupancy_peak":1.47,"occupancy_mean":0.9624999999999999,"peak_period":"weekday_1113","at_practical_capacity":true},"geometry":{"type":"LineString","coordinates":[[-123.0731883878449,49.31544238869376],[-123.07339383556877,49.31552793696078]]}},{"id":"302","type":"Feature","properties":{"supply_spaces":4,"occupancy_peak":1.71,"occupancy_mean":0.9475000000000002,"peak_period":"weekday_1618","at_practical_capacity":true},"geometry":{"type":"LineString","coordinates":[[-123.07351841145581,49.31557783648792],[-123.07381992233769,49.31571410211819]]}},{"id":"303","type":"Feature","properties":{"supply_spaces":4,"occupancy_peak":1.21,"occupancy_mean":1.1800000000000002,"peak_period":"weekday_1113","at_practical_capacity":true},"geometry":{"type":"LineString","coordinates":[[-123.07423807261249,49.31578538598494],[-123.07392843603625,49.31565230642112]]}},{"id":"304","type":"Feature","properties":{"supply_spaces":1,"occupancy_peak":0.0,"occupancy_mean":0.0,"peak_period":"weekday_0709","at_practical_capacity":false},"geometry":{"type":"LineString","coordinates":[[-123.07381992233769,49.31571410211819],[-123.0739262349224,49.31576285699482]]}},{"id":"305","type":"Feature","properties":{"supply_spaces":3,"occupancy_peak":0.0,"occupancy_mean":0.0,"peak_period":"weekday_0709","at_practical_capacity":false},"geometry":{"type":"MultiLineString","coordinates":[[[-123.07214038857025,49.31561889057482],[-123.07204234572842,49.31558983901439]],[[-123.07311309369476,49.316045300302136],[-123.07297048544532,49.31597945078272]]]}},{"id":"306","type":"Feature","properties":{"supply_spaces":14,"occupancy_peak":1.26,"occupancy_mean":1.0150000000000001,"peak_period":"weekday_2123","at_practical_capacity":true},"geometry":{"type":"MultiLineString","coordinates":[[[-123.07348413340347,49.31620948502985],[-123.07311309369476,49.316045300302136]],[[-123.07297048544532,49.31597945078272],[-123.07272983462153,49.31587486596115]],[[-123.07258603839385,49.31581450373824],[-123.07214038857025,49.31561889057482]]]}},{"id":"307","type":"Feature","properties":{"supply_spaces":4,"occupancy_peak":0.9,"occupancy_mean":0.675,"peak_period":"weekday_1618","at_practical_capacity":true},"geometry":{"type":"LineString","coordinates":[[-123.07421048199103,49.316076082002056],[-123.07399514463168,49.31629733547489]]}},{"id":"308","type":"Feature","properties":{"supply_spaces":5,"occupancy_peak":0.0,"occupancy_mean":0.0,"peak_period":"weekday_0709","at_practical_capacity":false},"geometry":{"type":"LineString","coordinates":[[-123.0738454069211,49.31636752303845],[-123.07348413340347,49.31620948502985]]}},{"id":"309","type":"Feature","properties":{"supply_spaces":11,"occupancy_peak":0.0,"occupancy_mean":0.0,"peak_period":"weekday_0709","at_practical_capacity":false},"geometry":{"type":"LineString","coordinates":[[-123.07320875855055,49.3171063052241],[-123.07374710300537,49.316562475022614]]}},{"id":"310","type":"Feature","properties":{"supply_spaces":4,"occupancy_peak":0.0,"occupancy_mean":0.0,"peak_period":"weekday_0709","at_practical_capacity":false},"geometry":{"type":"LineString","coordinates":[[-123.06998220500243,49.31518043426623],[-123.06970784620249,49.31506083269288]]}},{"id":"311","type":"Feature","properties":{"supply_spaces":4,"occupancy_peak":0.0,"occupancy_mean":0.0,"peak_period":"weekday_0709","at_practical_capacity":false},"geometry":{"type":"LineString","coordinates":[[-123.07068598428604,49.31540157475793],[-123.07091283537737,49.31518533513575]]}},{"id":"312","type":"Feature","properties":{"supply_spaces":4,"occupancy_peak":0.0,"occupancy_mean":0.0,"peak_period":"weekday_0709","at_practical_capacity":false},"geometry":{"type":"LineString","coordinates":[[-123.07046812633145,49.31539365806125],[-123.07015914274803,49.31525808264104]]}},{"id":"313","type":"Feature","properties":{"supply_spaces":3,"occupancy_peak":0.0,"occupancy_mean":0.0,"peak_period":"weekday_0709","at_practical_capacity":false},"geometry":{"type":"LineString","coordinates":[[-123.07104193024418,49.31562636142751],[-123.07079367923039,49.31551890509754]]}},{"id":"314","type":"Feature","properties":{"supply_spaces":4,"occupancy_peak":0.91,"occupancy_mean":0.19875,"peak_period":"weekend_1113","at_practical_capacity":true},"geometry":{"type":"LineString","coordinates":[[-123.07083068698603,49.31592287859105],[-123.07050625331557,49.31577878440274]]}},{"id":"315","type":"Feature","properties":{"supply_spaces":9,"occupancy_peak":0.98,"occupancy_mean":0.7549999999999999,"peak_period":"weekend_1618","at_practical_capacity":true},"geometry":{"type":"MultiLineString","coordinates":[[[-123.07013963294513,49.31572641389519],[-123.0700861552568,49.31579226365333]],[[-123.06997919966095,49.31587360749579],[-123.06989006994623,49.3159820661519]],[[-123.0697415191415,49.316106017828055],[-123.06946224545398,49.31638878307453]]]}},{"id":"316","type":"Feature","properties":{"supply_spaces":10,"occupancy_peak":0.68,"occupancy_mean":0.6074999999999999,"peak_period":"weekday_0709","at_practical_capacity":false},"geometry":{"type":"MultiLineString","coordinates":[[[-123.07032977716068,49.315761275879424],[-123.07022282067534,49.315865860647584]],[[-123.0701574591488,49.31593171046106],[-123.0699435470289,49.31613700627075]],[[-123.06980688105703,49.316272577929446],[-123.06960485291197,49.31645850482054]]]}},{"id":"317","type":"Feature","properties":{"supply_spaces":4,"occupancy_peak":1.0,"occupancy_mean":0.9375,"peak_period":"weekday_0709","at_practical_capacity":true},"geometry":{"type":"MultiLineString","coordinates":[[[-123.07005439259697,49.31679464896268],[-123.06978581546167,49.31679154981595]],[[-123.06966697492436,49.31678535281298],[-123.06957133329784,49.316785383440006]]]}},{"id":"318","type":"Feature","properties":{"supply_spaces":4,"occupancy_peak":0.0,"occupancy_mean":0.0,"peak_period":"weekday_0709","at_practical_capacity":false},"geometry":{"type":"MultiLineString","coordinates":[[[-123.07005439259697,49.31679464896268],[-123.07024631938965,49.31681556576061]],[[-123.06978581546167,49.31679154981595],[-123.06966697492436,49.31678535281298]]]}},{"id":"319","type":"Feature","properties":{"supply_spaces":17,"occupancy_peak":0.0,"occupancy_mean":0.0,"peak_period":"weekday_0709","at_practical_capacity":false},"geometry":{"type":"MultiLineString","coordinates":[[[-123.07030395679897,49.31682563673292],[-123.07147987627746,49.317312913347514]],[[-123.0716367456895,49.317377985870266],[-123.07175796190836,49.317433763175515]]]}},{"id":"320","type":"Feature","properties":{"supply_spaces":12,"occupancy_peak":0.33,"occupancy_mean":0.051250000000000004,"peak_period":"weekday_2123","at_practical_capacity":false},"geometry":{"type":"LineString","coordinates":[[-123.07388971152206,49.31667635392978],[-123.0732764971134,49.31726434075293]]}},{"id":"321","type":"Feature","properties":{"supply_spaces":2,"occupancy_peak":0.0,"occupancy_mean":0.0,"peak_period":"weekday_0709","at_practical_capacity":false},"geometry":{"type":"LineString","coordinates":[[-123.07350011458188,49.31756306793721],[-123.07337618844394,49.31750839068573]]}},{"id":"322","type":"Feature","properties":{"supply_spaces":6,"occupancy_peak":0.0,"occupancy_mean":0.0,"peak_period":"weekday_0709","at_practical_capacity":false},"geometry":{"type":"LineString","coordinates":[[-123.07282015226245,49.31740533266163],[-123.07255870446465,49.31770280831273]]}},{"id":"323","type":"Feature","properties":{"supply_spaces":2,"occupancy_peak":0.0,"occupancy_mean":0.0,"peak_period":"weekday_0709","at_practical_capacity":false},"geometry":{"type":"LineString","coordinates":[[-123.07352035632118,49.31756858076503],[-123.07366696544679,49.31762595993185]]}},{"id":"324","type":"Feature","properties":{"supply_spaces":5,"occupancy_peak":0.74,"occupancy_mean":0.32625,"peak_period":"weekday_1113","at_practical_capacity":false},"geometry":{"type":"LineString","coordinates":[[-123.0730697166484,49.31750294221411],[-123.0728058918919,49.3177694299348]]}},{"id":"325","type":"Feature","properties":{"supply_spaces":6,"occupancy_peak":1.27,"occupancy_mean":0.8612500000000001,"peak_period":"weekend_1113","at_practical_capacity":true},"geometry":{"type":"LineString","coordinates":[[-123.07366696544679,49.31762595993185],[-123.07394071891359,49.31774532037034]]}},{"id":"326","type":"Feature","properties":{"supply_spaces":3,"occupancy_peak":0.0,"occupancy_mean":0.0,"peak_period":"weekday_0709","at_practical_capacity":false},"geometry":{"type":"LineString","coordinates":[[-123.07394071891359,49.31774532037034],[-123.07415014552592,49.31783891984473]]}},{"id":"327","type":"Feature","properties":{"supply_spaces":3,"occupancy_peak":1.78,"occupancy_mean":0.8875,"peak_period":"weekend_2123","at_practical_capacity":true},"geometry":{"type":"LineString","coordinates":[[-123.07415014552592,49.31783891984473],[-123.07439562530512,49.31795386274395]]}},{"id":"328","type":"Feature","properties":{"supply_spaces":8,"occupancy_peak":1.13,"occupancy_mean":0.61125,"peak_period":"weekend_1113","at_practical_capacity":true},"geometry":{"type":"LineString","coordinates":[[-123.07311656289188,49.318172367192034],[-123.07280995546327,49.318044082564406]]}},{"id":"329","type":"Feature","properties":{"supply_spaces":2,"occupancy_peak":0.0,"occupancy_mean":0.0,"peak_period":"weekday_0709","at_practical_capacity":false},"geometry":{"type":"LineString","coordinates":[[-123.07329173253108,49.31811708737427],[-123.07341651416982,49.318175186810244]]}},{"id":"330","type":"Feature","properties":{"supply_spaces":3,"occupancy_peak":0.4,"occupancy_mean":0.05,"peak_period":"weekday_1113","at_practical_capacity":false},"geometry":{"type":"LineString","coordinates":[[-123.07252188632688,49.31839720248193],[-123.07252659837377,49.31824960401188]]}},{"id":"331","type":"Feature","properties":{"supply_spaces":10,"occupancy_peak":1.02,"occupancy_mean":0.6475,"peak_period":"weekday_1618","at_practical_capacity":true},"geometry":{"type":"MultiLineString","coordinates":[[[-123.0723128968293,49.318065969427806],[-123.07229739196484,49.318256551526616]],[[-123.07228911211793,49.31837086398158],[-123.07228437510818,49.31875387010676]]]}},{"id":"332","type":"Feature","properties":{"supply_spaces":10,"occupancy_peak":0.93,"occupancy_mean":0.47875,"peak_period":"weekday_1113","at_practical_capacity":true},"geometry":{"type":"LineString","coordinates":[[-123.07252680781357,49.31823949426589],[-123.0725227676819,49.31880908391752]]}},{"id":"333","type":"Feature","properties":{"supply_spaces":5,"occupancy_peak":0.62,"occupancy_mean":0.23249999999999998,"peak_period":"weekday_1618","at_practical_capacity":false},"geometry":{"type":"LineString","coordinates":[[-123.07199723808664,49.318892849408115],[-123.07156347190643,49.31888897655561]]}},{"id":"334","type":"Feature","properties":{"supply_spaces":2,"occupancy_peak":1.88,"occupancy_mean":0.62625,"peak_period":"weekday_1113","at_practical_capacity":true},"geometry":{"type":"LineString","coordinates":[[-123.07213984518464,49.318888976237226],[-123.07199723808664,49.318892849408115]]}},{"id":"335","type":"Feature","properties":{"supply_spaces":5,"occupancy_peak":1.03,"occupancy_mean":0.43875000000000003,"peak_period":"weekday_1618","at_practical_capacity":true},"geometry":{"type":"MultiLineString","coordinates":[[[-123.0721339034654,49.31898968209286],[-123.07197346996054,49.31899355466529]],[[-123.07183680373969,49.31898580854235],[-123.07156347185744,49.318985808103214]]]}},{"id":"336","type":"Feature","properties":{"supply_spaces":1,"occupancy_peak":0.0,"occupancy_mean":0.0,"peak_period":"weekday_0709","at_practical_capacity":false},"geometry":{"type":"LineString","coordinates":[[-123.07251602068197,49.31916488465118],[-123.07251964600654,49.31910459799588]]}},{"id":"337","type":"Feature","properties":{"supply_spaces":6,"occupancy_peak":0.54,"occupancy_mean":0.27,"peak_period":"weekday_0709","at_practical_capacity":false},"geometry":{"type":"LineString","coordinates":[[-123.07251602068197,49.31916488465118],[-123.07251595322117,49.31948912450109]]}},{"id":"338","type":"Feature","properties":{"supply_spaces":11,"occupancy_peak":1.01,"occupancy_mean":0.60875,"peak_period":"weekend_1618","at_practical_capacity":true},"geometry":{"type":"LineString","coordinates":[[-123.0722320398296,49.31973945559693],[-123.07227637193986,49.319098701169374]]}},{"id":"339","type":"Feature","properties":{"supply_spaces":6,"occupancy_peak":0.51,"occupancy_mean":0.17,"peak_period":"weekend_1113","at_practical_capacity":false},"geometry":{"type":"LineString","coordinates":[[-123.07251595322117,49.31948912450109],[-123.07250644627614,49.31983120667208]]}},{"id":"340","type":"Feature","properties":{"supply_spaces":14,"occupancy_peak":0.98,"occupancy_mean":0.5862499999999999,"peak_period":"weekend_2123","at_practical_capacity":true},"geometry":{"type":"MultiLineString","coordinates":[[[-123.07162961488923,49.317489539679066],[-123.07100214089861,49.31721762747377]],[[-123.07080961968022,49.31712698931502],[-123.07037110130189,49.31694338878224]]]}},{"id":"341","type":"Feature","properties":{"supply_spaces":21,"occupancy_peak":1.35,"occupancy_mean":0.9462500000000001,"peak_period":"weekday_1113","at_practical_capacity":true},"geometry":{"type":"LineString","coordinates":[[-123.06955443318373,49.31792901255422],[-123.07141546555637,49.31794992821138]]}},{"id":"342","type":"Feature","properties":{"supply_spaces":2,"occupancy_peak":0.0,"occupancy_mean":0.0,"peak_period":"weekday_0709","at_practical_capacity":false},"geometry":{"type":"LineString","coordinates":[[-123.07033942237116,49.318873482814396],[-123.07020275536486,49.31886960985658]]}},{"id":"343","type":"Feature","properties":{"supply_spaces":20,"occupancy_peak":0.92,"occupancy_mean":0.76125,"peak_period":"weekday_1113","at_practical_capacity":true},"geometry":{"type":"MultiLineString","coordinates":[[[-123.07144463240914,49.318892849617185],[-123.07033942237116,49.318873482814396]],[[-123.07020275536486,49.31886960985658],[-123.0695550794127,49.31886961016593]]]}},{"id":"344","type":"Feature","properties":{"supply_spaces":22,"occupancy_peak":0.92,"occupancy_mean":0.8325,"peak_period":"weekday_1113","at_practical_capacity":true},"geometry":{"type":"LineString","coordinates":[[-123.07135550284502,49.31898580805903],[-123.06941247077657,49.318962568698]]}},{"id":"345","type":"Feature","properties":{"supply_spaces":29,"occupancy_peak":0.07,"occupancy_mean":0.0125,"peak_period":"weekday_1113","at_practical_capacity":false},"geometry":{"type":"MultiLineString","coordinates":[[[-123.06942254893563,49.31986831699219],[-123.07145005038252,49.31990629376768]],[[-123.07145587647126,49.31991199037121],[-123.07179961932424,49.3199081927837]],[[-123.07198022991642,49.31991009174925],[-123.07217249270667,49.31991009148378]]]}},{"id":"346","type":"Feature","properties":{"supply_spaces":27,"occupancy_peak":0.0,"occupancy_mean":0.0,"peak_period":"weekday_0709","at_practical_capacity":false},"geometry":{"type":"MultiLineString","coordinates":[[[-123.07216084086501,49.320058201554254],[-123.07067517197913,49.320046807980106]],[[-123.07037512558477,49.32004111186221],[-123.07007216511334,49.32002592058779]],[[-123.06940507057874,49.32002592103159],[-123.07007216505541,49.320027819456875]]]}},{"id":"347","type":"Feature","properties":{"supply_spaces":1,"occupancy_peak":1.39,"occupancy_mean":0.52125,"peak_period":"weekday_1113","at_practical_capacity":true},"geometry":{"type":"LineString","coordinates":[[-123.0700373114755,49.320941816299374],[-123.07010148532444,49.32094088687694]]}},{"id":"348","type":"Feature","properties":{"supply_spaces":2,"occupancy_peak":1.75,"occupancy_mean":0.9325,"peak_period":"weekday_1113","at_practical_capacity":true},"geometry":{"type":"LineString","coordinates":[[-123.07124633663723,49.32096436388143],[-123.07104238882926,49.3209608428041]]}},{"id":"349","type":"Feature","properties":{"supply_spaces":2,"occupancy_peak":0.0,"occupancy_mean":0.0,"peak_period":"weekday_0709","at_practical_capacity":false},"geometry":{"type":"LineString","coordinates":[[-123.07124633663723,49.32096436388143],[-123.07104238882926,49.3209608428041]]}},{"id":"350","type":"Feature","properties":{"supply_spaces":1,"occupancy_peak":0.0,"occupancy_mean":0.0,"peak_period":"weekday_0709","at_practical_capacity":false},"geometry":{"type":"LineString","coordinates":[[-123.07222914293264,49.319790953552086],[-123.0722320398296,49.31973945559693]]}},{"id":"351","type":"Feature","properties":{"supply_spaces":2,"occupancy_peak":0.0,"occupancy_mean":0.0,"peak_period":"weekday_0709","at_practical_capacity":false},"geometry":{"type":"LineString","coordinates":[[-123.07198022991642,49.31991009174925],[-123.07179961932424,49.3199081927837]]}},{"id":"352","type":"Feature","properties":{"supply_spaces":7,"occupancy_peak":0.0,"occupancy_mean":0.0,"peak_period":"weekday_0709","at_practical_capacity":false},"geometry":{"type":"LineString","coordinates":[[-123.07223672933479,49.32050339080576],[-123.07224240604698,49.320122761621036]]}},{"id":"353","type":"Feature","properties":{"supply_spaces":4,"occupancy_peak":0.95,"occupancy_mean":0.53375,"peak_period":"weekday_1618","at_practical_capacity":true},"geometry":{"type":"LineString","coordinates":[[-123.07249112763671,49.32033321303903],[-123.07248095127909,49.32057943732962]]}},{"id":"354","type":"Feature","properties":{"supply_spaces":5,"occupancy_peak":0.0,"occupancy_mean":0.0,"peak_period":"weekday_0709","at_practical_capacity":false},"geometry":{"type":"MultiLineString","coordinates":[[[-123.07249112763671,49.32033321303903],[-123.07250458313798,49.320118964318624]],[[-123.07246531564418,49.32085541817442],[-123.07246379936649,49.32091646897159]]]}},{"id":"355","type":"Feature","properties":{"supply_spaces":1,"occupancy_peak":0.0,"occupancy_mean":0.0,"peak_period":"weekday_0709","at_practical_capacity":false},"geometry":{"type":"LineString","coordinates":[[-123.07223672933479,49.32050339080576],[-123.07223545374657,49.32056360580697]]}},{"id":"356","type":"Feature","properties":{"supply_spaces":1,"occupancy_peak":0.97,"occupancy_mean":0.9699999999999999,"peak_period":"weekday_0709","at_practical_capacity":true},"geometry":{"type":"LineString","coordinates":[[-123.07223672933479,49.32050339080576],[-123.07223545374657,49.32056360580697]]}},{"id":"357","type":"Feature","properties":{"supply_spaces":2,"occupancy_peak":0.0,"occupancy_mean":0.0,"peak_period":"weekday_0709","at_practical_capacity":false},"geometry":{"type":"LineString","coordinates":[[-123.07248095127909,49.32057943732962],[-123.07248108329178,49.320669388402386]]}},{"id":"358","type":"Feature","properties":{"supply_spaces":1,"occupancy_peak":1.01,"occupancy_mean":0.63125,"peak_period":"weekday_1618","at_practical_capacity":true},"geometry":{"type":"LineString","coordinates":[[-123.0724670003163,49.32072626255417],[-123.07248108329178,49.320669388402386]]}},{"id":"359","type":"Feature","properties":{"supply_spaces":5,"occupancy_peak":1.27,"occupancy_mean":0.84375,"peak_period":"weekday_1113","at_practical_capacity":true},"geometry":{"type":"LineString","coordinates":[[-123.07224823224712,49.320840516945694],[-123.07223545374657,49.32056360580697]]}},{"id":"360","type":"Feature","properties":{"supply_spaces":1,"occupancy_peak":0.0,"occupancy_mean":0.0,"peak_period":"weekday_0709","at_practical_capacity":false},"geometry":{"type":"LineString","coordinates":[[-123.07246504444583,49.32078781645533],[-123.0724670003163,49.32072626255417]]}},{"id":"361","type":"Feature","properties":{"supply_spaces":1,"occupancy_peak":0.86,"occupancy_mean":0.215,"peak_period":"weekend_1113","at_practical_capacity":true},"geometry":{"type":"LineString","coordinates":[[-123.07246504444583,49.32078781645533],[-123.07246531564418,49.32085541817442]]}},{"id":"362","type":"Feature","properties":{"supply_spaces":2,"occupancy_peak":1.64,"occupancy_mean":0.76875,"peak_period":"weekday_2123","at_practical_capacity":true},"geometry":{"type":"LineString","coordinates":[[-123.07247374506323,49.32116372405204],[-123.07247374506179,49.321306253441925]]}},{"id":"363","type":"Feature","properties":{"supply_spaces":2,"occupancy_peak":0.48,"occupancy_mean":0.12,"peak_period":"weekday_1113","at_practical_capacity":false},"geometry":{"type":"LineString","coordinates":[[-123.07244190684847,49.32143561145331],[-123.0724490552139,49.32131344972124]]}},{"id":"364","type":"Feature","properties":{"supply_spaces":2,"occupancy_peak":0.0,"occupancy_mean":0.0,"peak_period":"weekday_0709","at_practical_capacity":false},"geometry":{"type":"LineString","coordinates":[[-123.07244511377412,49.32154020103314],[-123.07244190684847,49.32143561145331]]}},{"id":"365","type":"Feature","properties":{"supply_spaces":11,"occupancy_peak":1.11,"occupancy_mean":0.61125,"peak_period":"weekend_2123","at_practical_capacity":true},"geometry":{"type":"LineString","coordinates":[[-123.07221229756325,49.32185003231044],[-123.07222180527273,49.32121794689607]]}},{"id":"366","type":"Feature","properties":{"supply_spaces":3,"occupancy_peak":0.0,"occupancy_mean":0.0,"peak_period":"weekday_0709","at_practical_capacity":false},"geometry":{"type":"MultiLineString","coordinates":[[[-123.07221229813824,49.32194453407361],[-123.07221705112197,49.32184383530508]],[[-123.07224557355836,49.321140485003355],[-123.07222180527273,49.32121794689607]]]}},{"id":"367","type":"Feature","properties":{"supply_spaces":2,"occupancy_peak":0.0,"occupancy_mean":0.0,"peak_period":"weekday_0709","at_practical_capacity":false},"geometry":{"type":"LineString","coordinates":[[-123.07241688674813,49.32163242134034],[-123.07241523209517,49.3215390989683]]}},{"id":"368","type":"Feature","properties":{"supply_spaces":5,"occupancy_peak":0.0,"occupancy_mean":0.0,"peak_period":"weekday_0709","at_practical_capacity":false},"geometry":{"type":"LineString","coordinates":[[-123.07244047074576,49.32165173166376],[-123.07243333996927,49.321949182055725]]}},{"id":"369","type":"Feature","properties":{"supply_spaces":6,"occupancy_peak":0.0,"occupancy_mean":0.0,"peak_period":"weekday_0709","at_practical_capacity":false},"geometry":{"type":"LineString","coordinates":[[-123.07211707399553,49.32200359697678],[-123.07159960151894,49.32199936268254]]}},{"id":"370","type":"Feature","properties":{"supply_spaces":12,"occupancy_peak":0.78,"occupancy_mean":0.5187499999999999,"peak_period":"weekend_1618","at_practical_capacity":false},"geometry":{"type":"MultiLineString","coordinates":[[[-123.07201809946152,49.32098292731571],[-123.07165105245235,49.32096773692084]],[[-123.07104238882926,49.3209608428041],[-123.07037512521526,49.3209582421646]]]}},{"id":"371","type":"Feature","properties":{"supply_spaces":10,"occupancy_peak":1.1,"occupancy_mean":0.6375,"peak_period":"weekend_2123","at_practical_capacity":true},"geometry":{"type":"MultiLineString","coordinates":[[[-123.07202101194558,49.32106647482673],[-123.07161026891242,49.32106457571956]],[[-123.06997020753123,49.32105508115345],[-123.06948372389967,49.321045587063075]]]}},{"id":"372","type":"Feature","properties":{"supply_spaces":13,"occupancy_peak":0.95,"occupancy_mean":0.625,"peak_period":"weekend_2123","at_practical_capacity":true},"geometry":{"type":"LineString","coordinates":[[-123.0710917418583,49.3210626767366],[-123.07052951817204,49.32105508120801]]}},{"id":"373","type":"Feature","properties":{"supply_spaces":3,"occupancy_peak":0.0,"occupancy_mean":0.0,"peak_period":"weekday_0709","at_practical_capacity":false},"geometry":{"type":"LineString","coordinates":[[-123.06974137317565,49.32198588634822],[-123.07002540737811,49.32199005744846]]}},{"id":"374","type":"Feature","properties":{"supply_spaces":1,"occupancy_peak":1.0,"occupancy_mean":1.0,"peak_period":"weekday_0709","at_practical_capacity":true},"geometry":{"type":"LineString","coordinates":[[-123.07002540737811,49.32199005744846],[-123.07008020238115,49.321990500078016]]}},{"id":"375","type":"Feature","properties":{"supply_spaces":1,"occupancy_peak":0.0,"occupancy_mean":0.0,"peak_period":"weekday_0709","at_practical_capacity":false},"geometry":{"type":"LineString","coordinates":[[-123.07002540737811,49.32199005744846],[-123.07008020238115,49.321990500078016]]}},{"id":"376","type":"Feature","properties":{"supply_spaces":1,"occupancy_peak":0.79,"occupancy_mean":0.09875,"peak_period":"weekday_2123","at_practical_capacity":false},"geometry":{"type":"LineString","coordinates":[[-123.07008020238115,49.321990500078016],[-123.07019398459795,49.32199281023762]]}},{"id":"377","type":"Feature","properties":{"supply_spaces":5,"occupancy_peak":1.67,"occupancy_mean":1.1375,"peak_period":"weekend_2123","at_practical_capacity":true},"geometry":{"type":"LineString","coordinates":[[-123.07019398459795,49.32199281023762],[-123.07048466170164,49.3219924786179]]}},{"id":"378","type":"Feature","properties":{"supply_spaces":10,"occupancy_peak":0.51,"occupancy_mean":0.40374999999999994,"peak_period":"weekday_1113","at_practical_capacity":false},"geometry":{"type":"LineString","coordinates":[[-123.07136792901309,49.32200500738191],[-123.07048466170164,49.3219924786179]]}},{"id":"379","type":"Feature","properties":{"supply_spaces":2,"occupancy_peak":0.0,"occupancy_mean":0.0,"peak_period":"weekday_0709","at_practical_capacity":false},"geometry":{"type":"LineString","coordinates":[[-123.07004984169883,49.322093268762565],[-123.06987871764922,49.32209194482749]]}},{"id":"380","type":"Feature","properties":{"supply_spaces":6,"occupancy_peak":0.0,"occupancy_mean":0.0,"peak_period":"weekday_0709","at_practical_capacity":false},"geometry":{"type":"LineString","coordinates":[[-123.07155413273948,49.322109441554915],[-123.07208676193218,49.32211226426226]]}},{"id":"381","type":"Feature","properties":{"supply_spaces":1,"occupancy_peak":0.69,"occupancy_mean":0.08625,"peak_period":"weekend_1113","at_practical_capacity":false},"geometry":{"type":"LineString","coordinates":[[-123.07239880561791,49.32228513878993],[-123.07239863836931,49.32220015396636]]}},{"id":"382","type":"Feature","properties":{"supply_spaces":6,"occupancy_peak":2.07,"occupancy_mean":0.30124999999999996,"peak_period":"weekday_1618","at_practical_capacity":true},"geometry":{"type":"LineString","coordinates":[[-123.07218948065191,49.32251929017544],[-123.07219185660631,49.32218001462298]]}},{"id":"383","type":"Feature","properties":{"supply_spaces":4,"occupancy_peak":1.44,"occupancy_mean":0.6000000000000001,"peak_period":"weekday_1618","at_practical_capacity":true},"geometry":{"type":"LineString","coordinates":[[-123.07239790478943,49.3225295419651],[-123.07239880561791,49.32228513878993]]}},{"id":"384","type":"Feature","properties":{"supply_spaces":1,"occupancy_peak":0.0,"occupancy_mean":0.0,"peak_period":"weekday_0709","at_practical_capacity":false},"geometry":{"type":"LineString","coordinates":[[-123.07218721523218,49.32252657673207],[-123.07218571050079,49.322587322566285]]}},{"id":"385","type":"Feature","properties":{"supply_spaces":5,"occupancy_peak":1.44,"occupancy_mean":1.03125,"peak_period":"weekend_2123","at_practical_capacity":true},"geometry":{"type":"LineString","coordinates":[[-123.07221167076351,49.32258643832114],[-123.07221334504311,49.3228703392091]]}},{"id":"386","type":"Feature","properties":{"supply_spaces":7,"occupancy_peak":1.51,"occupancy_mean":0.7875000000000001,"peak_period":"weekday_1618","at_practical_capacity":true},"geometry":{"type":"LineString","coordinates":[[-123.07238720138497,49.322956634799375],[-123.07239790478943,49.3225295419651]]}},{"id":"387","type":"Feature","properties":{"supply_spaces":1,"occupancy_peak":0.0,"occupancy_mean":0.0,"peak_period":"weekday_0709","at_practical_capacity":false},"geometry":{"type":"LineString","coordinates":[[-123.07221334504311,49.3228703392091],[-123.07220966749394,49.32293864229158]]}},{"id":"388","type":"Feature","properties":{"supply_spaces":1,"occupancy_peak":0.0,"occupancy_mean":0.0,"peak_period":"weekday_0709","at_practical_capacity":false},"geometry":{"type":"LineString","coordinates":[[-123.07240692101259,49.323327307398806],[-123.07240578734545,49.3232448913004]]}},{"id":"389","type":"Feature","properties":{"supply_spaces":4,"occupancy_peak":1.22,"occupancy_mean":0.52,"peak_period":"weekday_0709","at_practical_capacity":true},"geometry":{"type":"LineString","coordinates":[[-123.0723541070781,49.323568896087394],[-123.07236760534335,49.323330245539026]]}},{"id":"390","type":"Feature","properties":{"supply_spaces":1,"occupancy_peak":0.0,"occupancy_mean":0.0,"peak_period":"weekday_0709","at_practical_capacity":false},"geometry":{"type":"LineString","coordinates":[[-123.07095728895665,49.32209551628642],[-123.07105832622236,49.32209694200332]]}},{"id":"391","type":"Feature","properties":{"supply_spaces":2,"occupancy_peak":0.0,"occupancy_mean":0.0,"peak_period":"weekday_0709","at_practical_capacity":false},"geometry":{"type":"MultiLineString","coordinates":[[[-123.07095728895665,49.32209551628642],[-123.07088726429127,49.322096740314414]],[[-123.07046289269816,49.32210097385726],[-123.07060795855828,49.32210379614387]]]}},{"id":"392","type":"Feature","properties":{"supply_spaces":10,"occupancy_peak":1.28,"occupancy_mean":0.8612499999999998,"peak_period":"weekend_1113","at_practical_capacity":true},"geometry":{"type":"MultiLineString","coordinates":[[[-123.07004984169883,49.322093268762565],[-123.07046289269816,49.32210097385726]],[[-123.07105832622236,49.32209694200332],[-123.07155413273948,49.322109441554915]]]}},{"id":"393","type":"Feature","properties":{"supply_spaces":4,"occupancy_peak":1.0,"occupancy_mean":1.0,"peak_period":"weekday_0709","at_practical_capacity":true},"geometry":{"type":"MultiLineString","coordinates":[[[-123.07082823320887,49.32269092259127],[-123.07082110263079,49.32285048945623]],[[-123.07081634905038,49.32304878511256],[-123.07080684212642,49.32312314542968]]]}},{"id":"394","type":"Feature","properties":{"supply_spaces":2,"occupancy_peak":0.0,"occupancy_mean":0.0,"peak_period":"weekday_0709","at_practical_capacity":false},"geometry":{"type":"LineString","coordinates":[[-123.07081634905038,49.32304878511256],[-123.07081634897402,49.32292206197737]]}},{"id":"395","type":"Feature","properties":{"supply_spaces":26,"occupancy_peak":0.89,"occupancy_mean":0.8012499999999999,"peak_period":"weekday_1113","at_practical_capacity":true},"geometry":{"type":"MultiLineString","coordinates":[[[-123.0706903791913,49.32216419472174],[-123.0706761182385,49.3223888294031]],[[-123.07066423422155,49.32261191366232],[-123.07063808944723,49.32340354535556]],[[-123.07064759698245,49.32347945468402],[-123.07063333569191,49.323973636789326]]]}},{"id":"396","type":"Feature","properties":{"supply_spaces":20,"occupancy_peak":1.0,"occupancy_mean":0.81875,"peak_period":"weekday_0709","at_practical_capacity":true},"geometry":{"type":"MultiLineString","coordinates":[[[-123.0707997121122,49.32391476903687],[-123.07080446520233,49.32344537336257]],[[-123.07083060970457,49.3225824796583],[-123.07083536411079,49.322224614280344]]]}},{"id":"397","type":"Feature","properties":{"supply_spaces":2,"occupancy_peak":0.5,"occupancy_mean":0.3125,"peak_period":"weekday_1113","at_practical_capacity":false},"geometry":{"type":"MultiLineString","coordinates":[[[-123.07080446520233,49.32344537336257],[-123.07081254671164,49.323376900323915]],[[-123.07079733423025,49.32396186349404],[-123.0707997121122,49.32391476903687]]]}},{"id":"398","type":"Feature","properties":{"supply_spaces":18,"occupancy_peak":1.48,"occupancy_mean":0.71875,"peak_period":"weekend_0709","at_practical_capacity":true},"geometry":{"type":"MultiLineString","coordinates":[[[-123.07092668663148,49.3240820739967],[-123.07119288731737,49.3240882707739]],[[-123.0719772307603,49.32410066327944],[-123.0714543352198,49.3240975650938]],[[-123.07038477694314,49.32409136890561],[-123.07002825722361,49.32408517195507]],[[-123.06984286665107,49.32407897496315],[-123.06941979790653,49.3240696806361]]]}},{"id":"399","type":"Feature","properties":{"supply_spaces":7,"occupancy_peak":0.0,"occupancy_mean":0.0,"peak_period":"weekday_0709","at_practical_capacity":false},"geometry":{"type":"MultiLineString","coordinates":[[[-123.07002825722361,49.32408517195507],[-123.06984286665107,49.32407897496315]],[[-123.07038477694314,49.32409136890561],[-123.07058442801863,49.324091368583986]],[[-123.0714543352198,49.3240975650938],[-123.07119288731737,49.3240882707739]]]}},{"id":"400","type":"Feature","properties":{"supply_spaces":11,"occupancy_peak":0.0,"occupancy_mean":0.0,"peak_period":"weekday_0709","at_practical_capacity":false},"geometry":{"type":"MultiLineString","coordinates":[[[-123.06669882419571,49.31984363182099],[-123.06628516692616,49.319834137086296]],[[-123.0690904585698,49.319868317198676],[-123.06849910454244,49.319860721108306]]]}},{"id":"401","type":"Feature","properties":{"supply_spaces":18,"occupancy_peak":1.17,"occupancy_mean":0.74125,"peak_period":"weekend_1113","at_practical_capacity":true},"geometry":{"type":"MultiLineString","coordinates":[[[-123.06849910454244,49.319860721108306],[-123.06785240177757,49.319866417799176]],[[-123.06766305205863,49.31986831703693],[-123.06669882419571,49.31984363182099]]]}},{"id":"402","type":"Feature","properties":{"supply_spaces":2,"occupancy_peak":0.0,"occupancy_mean":0.0,"peak_period":"weekday_0709","at_practical_capacity":false},"geometry":{"type":"LineString","coordinates":[[-123.06785864435784,49.319891124618884],[-123.06768399650745,49.31988835578763]]}},{"id":"403","type":"Feature","properties":{"supply_spaces":23,"occupancy_peak":0.09,"occupancy_mean":0.01125,"peak_period":"weekday_0709","at_practical_capacity":false},"geometry":{"type":"MultiLineString","coordinates":[[[-123.06627934042693,49.319940472599804],[-123.06780870581525,49.31995946104459]],[[-123.06908463253858,49.320003134990365],[-123.0685398875327,49.31998984251665]]]}},{"id":"404","type":"Feature","properties":{"supply_spaces":8,"occupancy_peak":1.22,"occupancy_mean":0.24375,"peak_period":"weekday_1618","at_practical_capacity":true},"geometry":{"type":"LineString","coordinates":[[-123.0685398875327,49.31998984251665],[-123.06780870581525,49.31995946104459]]}},{"id":"405","type":"Feature","properties":{"supply_spaces":2,"occupancy_peak":0.41,"occupancy_mean":0.25625,"peak_period":"weekday_1113","at_practical_capacity":false},"geometry":{"type":"LineString","coordinates":[[-123.06618691854781,49.32026530053088],[-123.06618274003156,49.32040738707482]]}},{"id":"406","type":"Feature","properties":{"supply_spaces":3,"occupancy_peak":1.97,"occupancy_mean":0.78125,"peak_period":"weekend_1618","at_practical_capacity":true},"geometry":{"type":"LineString","coordinates":[[-123.0661797143464,49.32059445392935],[-123.06617558457383,49.320772953562695]]}},{"id":"407","type":"Feature","properties":{"supply_spaces":1,"occupancy_peak":0.0,"occupancy_mean":0.0,"peak_period":"weekday_0709","at_practical_capacity":false},"geometry":{"type":"LineString","coordinates":[[-123.06616724442722,49.32106985829665],[-123.06616978754444,49.32101246171217]]}},{"id":"408","type":"Feature","properties":{"supply_spaces":13,"occupancy_peak":0.6,"occupancy_mean":0.18125000000000002,"peak_period":"weekday_1113","at_practical_capacity":false},"geometry":{"type":"LineString","coordinates":[[-123.06616724442722,49.32106985829665],[-123.06614315891972,49.32184431182638]]}},{"id":"409","type":"Feature","properties":{"supply_spaces":4,"occupancy_peak":0.71,"occupancy_mean":0.20875,"peak_period":"weekday_1618","at_practical_capacity":false},"geometry":{"type":"LineString","coordinates":[[-123.06640107931344,49.321951738294366],[-123.06677697341479,49.32195271807542]]}},{"id":"410","type":"Feature","properties":{"supply_spaces":4,"occupancy_peak":1.42,"occupancy_mean":0.6199999999999999,"peak_period":"weekday_1618","at_practical_capacity":true},"geometry":{"type":"LineString","coordinates":[[-123.06914871936365,49.320766462673],[-123.06914580742313,49.32051961685942]]}},{"id":"411","type":"Feature","properties":{"supply_spaces":2,"occupancy_peak":1.23,"occupancy_mean":0.9737500000000001,"peak_period":"weekday_0709","at_practical_capacity":true},"geometry":{"type":"LineString","coordinates":[[-123.06929281078607,49.32073864983076],[-123.06929146103812,49.32059556983691]]}},{"id":"412","type":"Feature","properties":{"supply_spaces":2,"occupancy_peak":1.19,"occupancy_mean":0.5974999999999999,"peak_period":"weekday_1113","at_practical_capacity":true},"geometry":{"type":"LineString","coordinates":[[-123.06929240223636,49.3208368236626],[-123.06929281078607,49.32073864983076]]}},{"id":"413","type":"Feature","properties":{"supply_spaces":1,"occupancy_peak":1.66,"occupancy_mean":0.5187499999999999,"peak_period":"weekend_1618","at_practical_capacity":true},"geometry":{"type":"LineString","coordinates":[[-123.0695594640665,49.320933557720416],[-123.06945168029566,49.32093355777477]]}},{"id":"414","type":"Feature","properties":{"supply_spaces":12,"occupancy_peak":1.06,"occupancy_mean":0.7425000000000002,"peak_period":"weekday_0709","at_practical_capacity":true},"geometry":{"type":"LineString","coordinates":[[-123.0695594640665,49.320933557720416],[-123.0700373114755,49.320941816299374]]}},{"id":"415","type":"Feature","properties":{"supply_spaces":2,"occupancy_peak":0.0,"occupancy_mean":0.0,"peak_period":"weekday_0709","at_practical_capacity":false},"geometry":{"type":"LineString","coordinates":[[-123.06927577611476,49.32130626348264],[-123.06928434299216,49.32116955509472]]}},{"id":"416","type":"Feature","properties":{"supply_spaces":2,"occupancy_peak":0.0,"occupancy_mean":0.0,"peak_period":"weekday_0709","at_practical_capacity":false},"geometry":{"type":"LineString","coordinates":[[-123.0692770444841,49.32143156736309],[-123.06927577611476,49.32130626348264]]}},{"id":"417","type":"Feature","properties":{"supply_spaces":1,"occupancy_peak":0.68,"occupancy_mean":0.17,"peak_period":"weekday_1113","at_practical_capacity":false},"geometry":{"type":"LineString","coordinates":[[-123.06911796366262,49.32144618701798],[-123.06911717399166,49.32153186685162]]}},{"id":"418","type":"Feature","properties":{"supply_spaces":2,"occupancy_peak":0.0,"occupancy_mean":0.0,"peak_period":"weekday_0709","at_practical_capacity":false},"geometry":{"type":"LineString","coordinates":[[-123.0692660014942,49.321700377671704],[-123.0692720315486,49.3215748625352]]}},{"id":"419","type":"Feature","properties":{"supply_spaces":5,"occupancy_peak":0.0,"occupancy_mean":0.0,"peak_period":"weekday_0709","at_practical_capacity":false},"geometry":{"type":"LineString","coordinates":[[-123.06911717399166,49.32153186685162],[-123.06910580973894,49.32182347814615]]}},{"id":"420","type":"Feature","properties":{"supply_spaces":3,"occupancy_peak":0.0,"occupancy_mean":0.0,"peak_period":"weekday_0709","at_practical_capacity":false},"geometry":{"type":"LineString","coordinates":[[-123.06926408656864,49.32186169538858],[-123.0692660014942,49.321700377671704]]}},{"id":"421","type":"Feature","properties":{"supply_spaces":1,"occupancy_peak":0.0,"occupancy_mean":0.0,"peak_period":"weekday_0709","at_practical_capacity":false},"geometry":{"type":"LineString","coordinates":[[-123.06910580973894,49.32182347814615],[-123.06910608326163,49.32190388890042]]}},{"id":"422","type":"Feature","properties":{"supply_spaces":3,"occupancy_peak":0.0,"occupancy_mean":0.0,"peak_period":"weekday_0709","at_practical_capacity":false},"geometry":{"type":"LineString","coordinates":[[-123.0684178847919,49.32197064179927],[-123.06818512279654,49.32196874555728]]}},{"id":"423","type":"Feature","properties":{"supply_spaces":7,"occupancy_peak":0.0,"occupancy_mean":0.0,"peak_period":"weekday_0709","at_practical_capacity":false},"geometry":{"type":"LineString","coordinates":[[-123.0684178847919,49.32197064179927],[-123.06901473742384,49.321976740035225]]}},{"id":"424","type":"Feature","properties":{"supply_spaces":4,"occupancy_peak":0.0,"occupancy_mean":0.0,"peak_period":"weekday_0709","at_practical_capacity":false},"geometry":{"type":"LineString","coordinates":[[-123.06974137317565,49.32198588634822],[-123.06937381788032,49.321981016319285]]}},{"id":"425","type":"Feature","properties":{"supply_spaces":3,"occupancy_peak":0.0,"occupancy_mean":0.0,"peak_period":"weekday_0709","at_practical_capacity":false},"geometry":{"type":"LineString","coordinates":[[-123.06877705738833,49.322083635721114],[-123.06855126229249,49.32207898806333]]}},{"id":"426","type":"Feature","properties":{"supply_spaces":3,"occupancy_peak":0.0,"occupancy_mean":0.0,"peak_period":"weekday_0709","at_practical_capacity":false},"geometry":{"type":"LineString","coordinates":[[-123.06901473701757,49.32208673407937],[-123.06877705738833,49.322083635721114]]}},{"id":"427","type":"Feature","properties":{"supply_spaces":6,"occupancy_peak":0.0,"occupancy_mean":0.0,"peak_period":"weekday_0709","at_practical_capacity":false},"geometry":{"type":"LineString","coordinates":[[-123.06937516681717,49.32208315681974],[-123.06987871764922,49.32209194482749]]}},{"id":"428","type":"Feature","properties":{"supply_spaces":4,"occupancy_peak":0.0,"occupancy_mean":0.0,"peak_period":"weekday_0709","at_practical_capacity":false},"geometry":{"type":"LineString","coordinates":[[-123.06927380826016,49.3223578456107],[-123.06927143198996,49.322136309097246]]}},{"id":"429","type":"Feature","properties":{"supply_spaces":5,"occupancy_peak":0.0,"occupancy_mean":0.0,"peak_period":"weekday_0709","at_practical_capacity":false},"geometry":{"type":"LineString","coordinates":[[-123.06910254109557,49.322187027499105],[-123.06909313147594,49.32248904943324]]}},{"id":"430","type":"Feature","properties":{"supply_spaces":2,"occupancy_peak":0.61,"occupancy_mean":0.07625,"peak_period":"weekend_2123","at_practical_capacity":false},"geometry":{"type":"LineString","coordinates":[[-123.06692391496955,49.321954054311526],[-123.06677697341479,49.32195271807542]]}},{"id":"431","type":"Feature","properties":{"supply_spaces":6,"occupancy_peak":0.85,"occupancy_mean":0.27625,"peak_period":"weekday_1113","at_practical_capacity":true},"geometry":{"type":"LineString","coordinates":[[-123.06692391496955,49.321954054311526],[-123.06745258286426,49.32196064893238]]}},{"id":"432","type":"Feature","properties":{"supply_spaces":6,"occupancy_peak":0.83,"occupancy_mean":0.43624999999999997,"peak_period":"weekday_0709","at_practical_capacity":false},"geometry":{"type":"LineString","coordinates":[[-123.06764376303497,49.32196111288582],[-123.06818512279654,49.32196874555728]]}},{"id":"433","type":"Feature","properties":{"supply_spaces":17,"occupancy_peak":0.63,"occupancy_mean":0.44625,"peak_period":"weekday_2123","at_practical_capacity":false},"geometry":{"type":"MultiLineString","coordinates":[[[-123.06783584656543,49.32207124171499],[-123.06752448633789,49.32206349574986]],[[-123.06685422889338,49.32203251134044],[-123.06657583943351,49.322021199668846]]]}},{"id":"434","type":"Feature","properties":{"supply_spaces":11,"occupancy_peak":0.0,"occupancy_mean":0.0,"peak_period":"weekday_0709","at_practical_capacity":false},"geometry":{"type":"MultiLineString","coordinates":[[[-123.06855126229249,49.32207898806333],[-123.06783584656543,49.32207124171499]],[[-123.06709428514272,49.322027863882745],[-123.06685422889338,49.32203251134044]]]}},{"id":"435","type":"Feature","properties":{"supply_spaces":12,"occupancy_peak":1.04,"occupancy_mean":0.4,"peak_period":"weekend_0709","at_practical_capacity":true},"geometry":{"type":"LineString","coordinates":[[-123.06613881343783,49.32212701363182],[-123.06613643639746,49.32285513606354]]}},{"id":"436","type":"Feature","properties":{"supply_spaces":28,"occupancy_peak":0.71,"occupancy_mean":0.57,"peak_period":"weekday_0709","at_practical_capacity":false},"geometry":{"type":"MultiLineString","coordinates":[[[-123.06892345737592,49.323001068869516],[-123.06750001848567,49.32295174321713]],[[-123.06734145912179,49.322939999043044],[-123.06626036658164,49.3229446968729]]]}},{"id":"437","type":"Feature","properties":{"supply_spaces":3,"occupancy_peak":0.61,"occupancy_mean":0.11374999999999999,"peak_period":"weekend_1618","at_practical_capacity":false},"geometry":{"type":"MultiLineString","coordinates":[[[-123.0679540778929,49.32304569644188],[-123.06781052173811,49.323041848993405]],[[-123.06684414053323,49.32303676930423],[-123.06669346827046,49.323041848633906]]]}},{"id":"438","type":"Feature","properties":{"supply_spaces":22,"occupancy_peak":1.04,"occupancy_mean":0.8762500000000002,"peak_period":"weekday_1113","at_practical_capacity":true},"geometry":{"type":"MultiLineString","coordinates":[[[-123.06628821100426,49.323040155021765],[-123.06669346827046,49.323041848633906]],[[-123.06684414053323,49.32303676930423],[-123.06781052173811,49.323041848993405]],[[-123.06796639031882,49.323046928728495],[-123.06857167786592,49.323057088284216]]]}},{"id":"439","type":"Feature","properties":{"supply_spaces":10,"occupancy_peak":1.12,"occupancy_mean":0.6725000000000001,"peak_period":"weekend_0709","at_practical_capacity":true},"geometry":{"type":"MultiLineString","coordinates":[[[-123.0660873913551,49.323858385261055],[-123.06609459859834,49.323571831998834]],[[-123.06611261633195,49.32340741535343],[-123.06610901356576,49.32311851063213]]]}},{"id":"440","type":"Feature","properties":{"supply_spaces":6,"occupancy_peak":0.0,"occupancy_mean":0.0,"peak_period":"weekday_0709","at_practical_capacity":false},"geometry":{"type":"MultiLineString","coordinates":[[[-123.0692547937169,49.32286443204991],[-123.06925717035874,49.32261036458238]],[[-123.06926192371031,49.322477133324284],[-123.06927380826016,49.3223578456107]]]}},{"id":"441","type":"Feature","properties":{"supply_spaces":5,"occupancy_peak":1.06,"occupancy_mean":0.8225,"peak_period":"weekday_0709","at_practical_capacity":true},"geometry":{"type":"LineString","coordinates":[[-123.06910267884359,49.322633602378176],[-123.06908128832744,49.32290780866998]]}},{"id":"442","type":"Feature","properties":{"supply_spaces":1,"occupancy_peak":0.0,"occupancy_mean":0.0,"peak_period":"weekday_0709","at_practical_capacity":false},"geometry":{"type":"LineString","coordinates":[[-123.06925241730752,49.3229155544939],[-123.0692547937169,49.32286443204991]]}},{"id":"443","type":"Feature","properties":{"supply_spaces":2,"occupancy_peak":0.0,"occupancy_mean":0.0,"peak_period":"weekday_0709","at_practical_capacity":false},"geometry":{"type":"LineString","coordinates":[[-123.06925241730752,49.3229155544939],[-123.06921438879645,49.323010054732066]]}},{"id":"444","type":"Feature","properties":{"supply_spaces":1,"occupancy_peak":1.0,"occupancy_mean":0.75,"peak_period":"weekday_0709","at_practical_capacity":true},"geometry":{"type":"LineString","coordinates":[[-123.06894835744524,49.32308925918346],[-123.06888860842595,49.323092645490576]]}},{"id":"445","type":"Feature","properties":{"supply_spaces":4,"occupancy_peak":0.0,"occupancy_mean":0.0,"peak_period":"weekday_0709","at_practical_capacity":false},"geometry":{"type":"LineString","coordinates":[[-123.06921438879645,49.323010054732066],[-123.06923697443538,49.3232148122207]]}},{"id":"446","type":"Feature","properties":{"supply_spaces":9,"occupancy_peak":1.29,"occupancy_mean":0.7899999999999999,"peak_period":"weekday_1113","at_practical_capacity":true},"geometry":{"type":"MultiLineString","coordinates":[[[-123.06909282805364,49.32321246350508],[-123.06907841367355,49.323487274567164]],[[-123.06909282859655,49.32368692322967],[-123.06907120616012,49.32395703413427]]]}},{"id":"447","type":"Feature","properties":{"supply_spaces":13,"occupancy_peak":0.77,"occupancy_mean":0.6737500000000001,"peak_period":"weekday_1618","at_practical_capacity":false},"geometry":{"type":"LineString","coordinates":[[-123.06923697443538,49.3232148122207],[-123.06923337026994,49.32397347641823]]}},{"id":"448","type":"Feature","properties":{"supply_spaces":1,"occupancy_peak":0.0,"occupancy_mean":0.0,"peak_period":"weekday_0709","at_practical_capacity":false},"geometry":{"type":"LineString","coordinates":[[-123.06923337026994,49.32397347641823],[-123.06923336948606,49.324029846975165]]}},{"id":"449","type":"Feature","properties":{"supply_spaces":2,"occupancy_peak":1.25,"occupancy_mean":1.1975,"peak_period":"weekday_0709","at_practical_capacity":true},"geometry":{"type":"LineString","coordinates":[[-123.06905698083173,49.32429051384952],[-123.06904929438016,49.324430781884566]]}},{"id":"450","type":"Feature","properties":{"supply_spaces":3,"occupancy_peak":0.0,"occupancy_mean":0.0,"peak_period":"weekday_0709","at_practical_capacity":false},"geometry":{"type":"MultiLineString","coordinates":[[[-123.06609820262209,49.323959382473035],[-123.0660873913551,49.323858385261055]],[[-123.06611261633195,49.32340741535343],[-123.06611261669998,49.323475530831054]]]}},{"id":"451","type":"Feature","properties":{"supply_spaces":1,"occupancy_peak":0.0,"occupancy_mean":0.0,"peak_period":"weekday_0709","at_practical_capacity":false},"geometry":{"type":"LineString","coordinates":[[-123.06626341116342,49.32399532048589],[-123.06613981709671,49.323995321116904]]}},{"id":"452","type":"Feature","properties":{"supply_spaces":30,"occupancy_peak":0.81,"occupancy_mean":0.55125,"peak_period":"weekend_1618","at_practical_capacity":false},"geometry":{"type":"LineString","coordinates":[[-123.06626341116342,49.32399532048589],[-123.06890165587873,49.32404179551339]]}},{"id":"453","type":"Feature","properties":{"supply_spaces":2,"occupancy_peak":0.0,"occupancy_mean":0.0,"peak_period":"weekday_0709","at_practical_capacity":false},"geometry":{"type":"LineString","coordinates":[[-123.0662919327877,49.324103760870436],[-123.06615407881179,49.32410066278383]]}},{"id":"454","type":"Feature","properties":{"supply_spaces":27,"occupancy_peak":0.92,"occupancy_mean":0.70125,"peak_period":"weekend_0709","at_practical_capacity":true},"geometry":{"type":"LineString","coordinates":[[-123.06872577256274,49.324137842974835],[-123.0662919327877,49.324103760870436]]}},{"id":"455","type":"Feature","properties":{"supply_spaces":9,"occupancy_peak":0.69,"occupancy_mean":0.5724999999999999,"peak_period":"weekday_1618","at_practical_capacity":false},"geometry":{"type":"MultiLineString","coordinates":[[[-123.06607737324502,49.32420201138886],[-123.06607737276741,49.32448755574491]],[[-123.06606968661264,49.324612794547214],[-123.06606712443138,49.324838222437464]]]}},{"id":"456","type":"Feature","properties":{"supply_spaces":3,"occupancy_peak":0.29,"occupancy_mean":0.03625,"peak_period":"weekend_1113","at_practical_capacity":false},"geometry":{"type":"MultiLineString","coordinates":[[[-123.06607737324502,49.32420201138886],[-123.06607993398255,49.32413187685248]],[[-123.06606712443138,49.324838222437464],[-123.06606968668758,49.32497180913083]]]}},{"id":"457","type":"Feature","properties":{"supply_spaces":2,"occupancy_peak":0.0,"occupancy_mean":0.0,"peak_period":"weekday_0709","at_practical_capacity":false},"geometry":{"type":"LineString","coordinates":[[-123.06627386216721,49.325031377479085],[-123.06613912933561,49.32503328606143]]}},{"id":"458","type":"Feature","properties":{"supply_spaces":16,"occupancy_peak":1.0,"occupancy_mean":0.9425000000000001,"peak_period":"weekday_0709","at_practical_capacity":true},"geometry":{"type":"MultiLineString","coordinates":[[[-123.06881327702371,49.3250943748985],[-123.06782621533966,49.32508101144313]],[[-123.06672492299455,49.3250294682545],[-123.06627386216721,49.325031377479085]]]}},{"id":"459","type":"Feature","properties":{"supply_spaces":12,"occupancy_peak":0.98,"occupancy_mean":0.8462500000000002,"peak_period":"weekday_0709","at_practical_capacity":true},"geometry":{"type":"LineString","coordinates":[[-123.06782621533966,49.32508101144313],[-123.06672785233943,49.325050467443106]]}},{"id":"460","type":"Feature","properties":{"supply_spaces":3,"occupancy_peak":0.0,"occupancy_mean":0.0,"peak_period":"weekday_0709","at_practical_capacity":false},"geometry":{"type":"LineString","coordinates":[[-123.06904929438016,49.324430781884566],[-123.0690467325269,49.32458273779786]]}},{"id":"461","type":"Feature","properties":{"supply_spaces":10,"occupancy_peak":0.89,"occupancy_mean":0.7525,"peak_period":"weekday_1113","at_practical_capacity":true},"geometry":{"type":"MultiLineString","coordinates":[[[-123.06918508036632,49.32496179081369],[-123.06920045223434,49.32474972192018]],[[-123.06920045233724,49.32465454107287],[-123.06921070052364,49.32427548552168]]]}},{"id":"462","type":"Feature","properties":{"supply_spaces":5,"occupancy_peak":1.16,"occupancy_mean":1.08875,"peak_period":"weekday_0709","at_practical_capacity":true},"geometry":{"type":"LineString","coordinates":[[-123.06904160846113,49.324706305774015],[-123.06903136022203,49.32500854575325]]}},{"id":"463","type":"Feature","properties":{"supply_spaces":1,"occupancy_peak":1.11,"occupancy_mean":1.11,"peak_period":"weekday_0709","at_practical_capacity":true},"geometry":{"type":"LineString","coordinates":[[-123.06916970997523,49.32494806538187],[-123.06916972421723,49.32489535673467]]}},{"id":"464","type":"Feature","properties":{"supply_spaces":2,"occupancy_peak":0.0,"occupancy_mean":0.0,"peak_period":"weekday_0709","at_practical_capacity":false},"geometry":{"type":"LineString","coordinates":[[-123.06918508036632,49.32496179081369],[-123.06919020413557,49.32507199941502]]}},{"id":"465","type":"Feature","properties":{"supply_spaces":1,"occupancy_peak":0.0,"occupancy_mean":0.0,"peak_period":"weekday_0709","at_practical_capacity":false},"geometry":{"type":"LineString","coordinates":[[-123.06938735596613,49.325124918182546],[-123.06925848021872,49.32512110059866]]}},{"id":"466","type":"Feature","properties":{"supply_spaces":4,"occupancy_peak":0.96,"occupancy_mean":0.48,"peak_period":"weekday_0709","at_practical_capacity":true},"geometry":{"type":"LineString","coordinates":[[-123.0691217412234,49.32554605289402],[-123.06912698311659,49.32530226254429]]}},{"id":"467","type":"Feature","properties":{"supply_spaces":6,"occupancy_peak":0.0,"occupancy_mean":0.0,"peak_period":"weekday_0709","at_practical_capacity":false},"geometry":{"type":"LineString","coordinates":[[-123.06915242860893,49.32527569646198],[-123.0691524282622,49.32560955798836]]}},{"id":"468","type":"Feature","properties":{"supply_spaces":11,"occupancy_peak":0.99,"occupancy_mean":0.7762500000000001,"peak_period":"weekday_2123","at_practical_capacity":true},"geometry":{"type":"MultiLineString","coordinates":[[[-123.0690168330874,49.326040208738554],[-123.06902544317484,49.3257147669135]],[[-123.0690383569768,49.32558851646346],[-123.0690448131234,49.325263070500874]]]}},{"id":"469","type":"Feature","properties":{"supply_spaces":5,"occupancy_peak":1.06,"occupancy_mean":0.98125,"peak_period":"weekday_0709","at_practical_capacity":true},"geometry":{"type":"LineString","coordinates":[[-123.06917395134285,49.32576246103757],[-123.06916964563962,49.32603880680053]]}},{"id":"470","type":"Feature","properties":{"supply_spaces":1,"occupancy_peak":0.0,"occupancy_mean":0.0,"peak_period":"weekday_0709","at_practical_capacity":false},"geometry":{"type":"LineString","coordinates":[[-123.06603938756055,49.320734229236486],[-123.06603778572098,49.32081235362627]]}},{"id":"471","type":"Feature","properties":{"supply_spaces":1,"occupancy_peak":0.0,"occupancy_mean":0.0,"peak_period":"weekday_0709","at_practical_capacity":false},"geometry":{"type":"LineString","coordinates":[[-123.06600332281276,49.32171353445393],[-123.06600342072808,49.32165912475419]]}},{"id":"472","type":"Feature","properties":{"supply_spaces":2,"occupancy_peak":0.0,"occupancy_mean":0.0,"peak_period":"weekday_0709","at_practical_capacity":false},"geometry":{"type":"LineString","coordinates":[[-123.06600332281276,49.32171353445393],[-123.06600247868276,49.3218273788925]]}},{"id":"473","type":"Feature","properties":{"supply_spaces":2,"occupancy_peak":0.0,"occupancy_mean":0.0,"peak_period":"weekday_0709","at_practical_capacity":false},"geometry":{"type":"LineString","coordinates":[[-123.06606173501343,49.32529673767734],[-123.06606388746474,49.32516206978308]]}},{"id":"474","type":"Feature","properties":{"supply_spaces":11,"occupancy_peak":1.02,"occupancy_mean":0.5337500000000001,"peak_period":"weekday_1618","at_practical_capacity":true},"geometry":{"type":"MultiLineString","coordinates":[[[-123.06603375495258,49.32601636136722],[-123.06604236343873,49.32565444640512]],[[-123.06605527721918,49.32556466875135],[-123.06606173501343,49.32529673767734]]]}},{"id":"475","type":"Feature","properties":{"supply_spaces":12,"occupancy_peak":0.57,"occupancy_mean":0.41,"peak_period":"weekday_1618","at_practical_capacity":false},"geometry":{"type":"MultiLineString","coordinates":[[[-123.06603699365182,49.32662900542372],[-123.06604824044979,49.326291818339186]],[[-123.0660276201992,49.32708591447051],[-123.0660369930254,49.326710858189394]]]}},{"id":"476","type":"Feature","properties":{"supply_spaces":13,"occupancy_peak":0.4,"occupancy_mean":0.21000000000000002,"peak_period":"weekend_2123","at_practical_capacity":false},"geometry":{"type":"MultiLineString","coordinates":[[[-123.06600230984571,49.32724950671275],[-123.06599745083523,49.32761845989871]],[[-123.06598773149919,49.32809192095138],[-123.0659925914731,49.327727720808774]]]}},{"id":"477","type":"Feature","properties":{"supply_spaces":12,"occupancy_peak":0.76,"occupancy_mean":0.2,"peak_period":"weekend_2123","at_practical_capacity":false},"geometry":{"type":"MultiLineString","coordinates":[[[-123.06598115396088,49.32908233501064],[-123.06598627737017,49.328726693620894]],[[-123.06598627697849,49.328626512462954],[-123.06599140197555,49.328287565056264]]]}},{"id":"478","type":"Feature","properties":{"supply_spaces":10,"occupancy_peak":0.1,"occupancy_mean":0.075,"peak_period":"weekday_0709","at_practical_capacity":false},"geometry":{"type":"MultiLineString","coordinates":[[[-123.0659350377483,49.329564867581134],[-123.06595041021761,49.3293077401284]],[[-123.06594272323214,49.33003904804221],[-123.06595297226508,49.32971012733484]]]}},{"id":"479","type":"Feature","properties":{"supply_spaces":1,"occupancy_peak":0.0,"occupancy_mean":0.0,"peak_period":"weekday_0709","at_practical_capacity":false},"geometry":{"type":"LineString","coordinates":[[-123.06625628813093,49.325117281845124],[-123.06614498755894,49.32511537296788]]}},{"id":"480","type":"Feature","properties":{"supply_spaces":19,"occupancy_peak":1.3,"occupancy_mean":0.83875,"peak_period":"weekday_2123","at_practical_capacity":true},"geometry":{"type":"MultiLineString","coordinates":[[[-123.06880742010857,49.32514973518214],[-123.06810153793627,49.32514591746111]],[[-123.06729607164492,49.32514400824621],[-123.06679814708947,49.32512873645288]],[[-123.06670734870353,49.325126827060394],[-123.06625628813093,49.325117281845124]]]}},{"id":"481","type":"Feature","properties":{"supply_spaces":9,"occupancy_peak":1.0,"occupancy_mean":0.9175,"peak_period":"weekday_1618","at_practical_capacity":true},"geometry":{"type":"LineString","coordinates":[[-123.06810153793627,49.32514591746111],[-123.06729607164492,49.32514400824621]]}},{"id":"482","type":"Feature","properties":{"supply_spaces":2,"occupancy_peak":0.0,"occupancy_mean":0.0,"peak_period":"weekday_0709","at_practical_capacity":false},"geometry":{"type":"LineString","coordinates":[[-123.06608436994468,49.32606556445754],[-123.06623410808459,49.32607021197082]]}},{"id":"483","type":"Feature","properties":{"supply_spaces":12,"occupancy_peak":0.76,"occupancy_mean":0.55875,"peak_period":"weekday_0709","at_practical_capacity":false},"geometry":{"type":"MultiLineString","coordinates":[[[-123.06820209630922,49.32613527412587],[-123.06732504032382,49.326124238620345]],[[-123.06640167254243,49.326077182380814],[-123.0662234122591,49.3260702118031]]]}},{"id":"484","type":"Feature","properties":{"supply_spaces":15,"occupancy_peak":1.48,"occupancy_mean":0.9225000000000001,"peak_period":"weekday_2123","at_practical_capacity":true},"geometry":{"type":"MultiLineString","coordinates":[[[-123.06886165716293,49.3261468915133],[-123.06821279214735,49.32613527321094]],[[-123.06709690216034,49.326085930696316],[-123.06641236836941,49.326077182532025]]]}},{"id":"485","type":"Feature","properties":{"supply_spaces":3,"occupancy_peak":0.0,"occupancy_mean":0.0,"peak_period":"weekday_0709","at_practical_capacity":false},"geometry":{"type":"LineString","coordinates":[[-123.06732504032382,49.326124238620345],[-123.06710045034968,49.326123655014]]}},{"id":"486","type":"Feature","properties":{"supply_spaces":1,"occupancy_peak":0.0,"occupancy_mean":0.0,"peak_period":"weekday_0709","at_practical_capacity":false},"geometry":{"type":"LineString","coordinates":[[-123.06623410813387,49.326193363977495],[-123.06613071673341,49.32619336381299]]}},{"id":"487","type":"Feature","properties":{"supply_spaces":15,"occupancy_peak":0.87,"occupancy_mean":0.49999999999999994,"peak_period":"weekend_0709","at_practical_capacity":true},"geometry":{"type":"MultiLineString","coordinates":[[[-123.06824487875949,49.32620730597428],[-123.0675033178645,49.32620498265587]],[[-123.06683662664076,49.326202658083325],[-123.06623410813387,49.326193363977495]]]}},{"id":"488","type":"Feature","properties":{"supply_spaces":14,"occupancy_peak":0.91,"occupancy_mean":0.5774999999999999,"peak_period":"weekend_0709","at_practical_capacity":true},"geometry":{"type":"MultiLineString","coordinates":[[[-123.06885452655587,49.32621660064274],[-123.06824487875949,49.32620730597428]],[[-123.0675033178645,49.32620498265587],[-123.06683662664076,49.326202658083325]]]}},{"id":"489","type":"Feature","properties":{"supply_spaces":29,"occupancy_peak":0.66,"occupancy_mean":0.59125,"peak_period":"weekend_0709","at_practical_capacity":false},"geometry":{"type":"MultiLineString","coordinates":[[[-123.068835289589,49.32717191484153],[-123.06741394029484,49.3271544961382]],[[-123.06725115351698,49.32715291338421],[-123.06610678499462,49.327146578983054]]]}},{"id":"490","type":"Feature","properties":{"supply_spaces":31,"occupancy_peak":0.8,"occupancy_mean":0.6312500000000001,"peak_period":"weekday_1618","at_practical_capacity":false},"geometry":{"type":"LineString","coordinates":[[-123.06890331998189,49.32723050440067],[-123.0661043557212,49.3271988347372]]}},{"id":"491","type":"Feature","properties":{"supply_spaces":31,"occupancy_peak":0.88,"occupancy_mean":0.72125,"peak_period":"weekend_2123","at_practical_capacity":true},"geometry":{"type":"LineString","coordinates":[[-123.06884543744832,49.328199071463175],[-123.06609900508319,49.32815398924867]]}},{"id":"492","type":"Feature","properties":{"supply_spaces":30,"occupancy_peak":0.81,"occupancy_mean":0.6475,"peak_period":"weekend_2123","at_practical_capacity":false},"geometry":{"type":"MultiLineString","coordinates":[[[-123.06606057483903,49.32824582244261],[-123.06747478278368,49.32827086821903]],[[-123.0675490798046,49.32826752901557],[-123.06879419928073,49.32829090509876]]]}},{"id":"493","type":"Feature","properties":{"supply_spaces":27,"occupancy_peak":0.73,"occupancy_mean":0.5049999999999999,"peak_period":"weekend_2123","at_practical_capacity":false},"geometry":{"type":"MultiLineString","coordinates":[[[-123.06748246947684,49.32914912217813],[-123.06609900408154,49.32912574639995]],[[-123.06871990146858,49.329187524470534],[-123.06764643459132,49.329164148896204]]]}},{"id":"494","type":"Feature","properties":{"supply_spaces":31,"occupancy_peak":0.74,"occupancy_mean":0.5012500000000001,"peak_period":"weekend_2123","at_practical_capacity":false},"geometry":{"type":"LineString","coordinates":[[-123.06880957089626,49.32926766875298],[-123.06604520272475,49.32920422074157]]}},{"id":"495","type":"Feature","properties":{"supply_spaces":27,"occupancy_peak":0.41,"occupancy_mean":0.2525,"peak_period":"weekend_1618","at_practical_capacity":false},"geometry":{"type":"MultiLineString","coordinates":[[[-123.06881439987804,49.33014026445891],[-123.06811693351153,49.33012606056785]],[[-123.06795564383883,49.330120378855746],[-123.06786410114849,49.33012037867067]],[[-123.0676766567511,49.33012321948917],[-123.06608991963732,49.33009765160337]]]}},{"id":"496","type":"Feature","properties":{"supply_spaces":4,"occupancy_peak":0.0,"occupancy_mean":0.0,"peak_period":"weekday_0709","at_practical_capacity":false},"geometry":{"type":"LineString","coordinates":[[-123.07218333258533,49.32337248307918],[-123.07217382608434,49.32362654693248]]}},{"id":"497","type":"Feature","properties":{"supply_spaces":7,"occupancy_peak":1.1,"occupancy_mean":0.9125000000000001,"peak_period":"weekday_0709","at_practical_capacity":true},"geometry":{"type":"MultiLineString","coordinates":[[[-123.07218808634072,49.32326559030268],[-123.07218333258533,49.32337248307918]],[[-123.07217382608434,49.32362654693248],[-123.0721714485092,49.32394412349554]]]}},{"id":"498","type":"Feature","properties":{"supply_spaces":3,"occupancy_peak":2.15,"occupancy_mean":0.985,"peak_period":"weekday_1113","at_practical_capacity":true},"geometry":{"type":"LineString","coordinates":[[-123.07236567689189,49.32373182358274],[-123.0723541070781,49.323568896087394]]}},{"id":"499","type":"Feature","properties":{"supply_spaces":5,"occupancy_peak":0.19,"occupancy_mean":0.02375,"peak_period":"weekday_1113","at_practical_capacity":false},"geometry":{"type":"LineString","coordinates":[[-123.07238324119216,49.323741684718044],[-123.07238156641576,49.32404398264448]]}},{"id":"500","type":"Feature","properties":{"supply_spaces":1,"occupancy_peak":0.0,"occupancy_mean":0.0,"peak_period":"weekday_0709","at_practical_capacity":false},"geometry":{"type":"LineString","coordinates":[[-123.0725702275015,49.324201355225505],[-123.0725014555826,49.32419927014302]]}},{"id":"501","type":"Feature","properties":{"supply_spaces":1,"occupancy_peak":0.0,"occupancy_mean":0.0,"peak_period":"weekday_0709","at_practical_capacity":false},"geometry":{"type":"LineString","coordinates":[[-123.0723351182452,49.32435642628459],[-123.07233142508608,49.3244140314792]]}},{"id":"502","type":"Feature","properties":{"supply_spaces":6,"occupancy_peak":0.0,"occupancy_mean":0.0,"peak_period":"weekday_0709","at_practical_capacity":false},"geometry":{"type":"LineString","coordinates":[[-123.0721485441427,49.32425785215528],[-123.07212952977574,49.3246327433101]]}},{"id":"503","type":"Feature","properties":{"supply_spaces":11,"occupancy_peak":0.93,"occupancy_mean":0.5600000000000002,"peak_period":"weekend_1113","at_practical_capacity":true},"geometry":{"type":"LineString","coordinates":[[-123.07238860011913,49.325040162321464],[-123.07240523825945,49.32441431538241]]}},{"id":"504","type":"Feature","properties":{"supply_spaces":3,"occupancy_peak":1.85,"occupancy_mean":0.74,"peak_period":"weekend_1618","at_practical_capacity":true},"geometry":{"type":"LineString","coordinates":[[-123.0721295293769,49.3248604643918],[-123.07212715234179,49.32501847485583]]}},{"id":"505","type":"Feature","properties":{"supply_spaces":1,"occupancy_peak":0.0,"occupancy_mean":0.0,"peak_period":"weekday_0709","at_practical_capacity":false},"geometry":{"type":"LineString","coordinates":[[-123.07238860011913,49.325040162321464],[-123.07239573090048,49.32507734183515]]}},{"id":"506","type":"Feature","properties":{"supply_spaces":3,"occupancy_peak":0.0,"occupancy_mean":0.0,"peak_period":"weekday_0709","at_practical_capacity":false},"geometry":{"type":"MultiLineString","coordinates":[[[-123.06945782673692,49.32416882617787],[-123.06928194343548,49.324178120247275]],[[-123.07143879871124,49.3241966099597],[-123.0714923636708,49.32419361205067]]]}},{"id":"507","type":"Feature","properties":{"supply_spaces":13,"occupancy_peak":1.13,"occupancy_mean":1.0487500000000003,"peak_period":"weekday_0709","at_practical_capacity":true},"geometry":{"type":"MultiLineString","coordinates":[[[-123.06966941043719,49.32417547124951],[-123.07013427958633,49.32418016889015]],[[-123.07041176099901,49.32418251790962],[-123.07028563375898,49.32418016869782]],[[-123.07084419786135,49.32418956398096],[-123.07143879871124,49.3241966099597]]]}},{"id":"508","type":"Feature","properties":{"supply_spaces":12,"occupancy_peak":0.0,"occupancy_mean":0.0,"peak_period":"weekday_0709","at_practical_capacity":false},"geometry":{"type":"MultiLineString","coordinates":[[[-123.07206583211087,49.324201308325186],[-123.07160096199235,49.32418956448881]],[[-123.07084419786135,49.32418956398096],[-123.07041176099901,49.32418251790962]],[[-123.07028563375898,49.32418016869782],[-123.07013427958633,49.32418016889015]]]}},{"id":"509","type":"Feature","properties":{"supply_spaces":21,"occupancy_peak":1.09,"occupancy_mean":0.9062500000000001,"peak_period":"weekday_1113","at_practical_capacity":true},"geometry":{"type":"MultiLineString","coordinates":[[[-123.0714112724584,49.32514973614714],[-123.07072088999848,49.32513924148019]],[[-123.0705833267879,49.32513671069288],[-123.06938735596613,49.325124918182546]]]}},{"id":"510","type":"Feature","properties":{"supply_spaces":2,"occupancy_peak":0.65,"occupancy_mean":0.08125,"peak_period":"weekend_0709","at_practical_capacity":false},"geometry":{"type":"LineString","coordinates":[[-123.0705833267879,49.32513671069288],[-123.07072088999848,49.32513924148019]]}},{"id":"511","type":"Feature","properties":{"supply_spaces":2,"occupancy_peak":0.95,"occupancy_mean":0.9500000000000001,"peak_period":"weekday_0709","at_practical_capacity":true},"geometry":{"type":"LineString","coordinates":[[-123.0698499925607,49.3252174006705],[-123.07003837520118,49.32521688638605]]}},{"id":"512","type":"Feature","properties":{"supply_spaces":8,"occupancy_peak":1.24,"occupancy_mean":0.5575000000000001,"peak_period":"weekend_2123","at_practical_capacity":true},"geometry":{"type":"MultiLineString","coordinates":[[[-123.07145520736537,49.325252821719566],[-123.07124725048885,49.32524900394491]],[[-123.0698499925607,49.3252174006705],[-123.06933463413361,49.325214641846244]]]}},{"id":"513","type":"Feature","properties":{"supply_spaces":8,"occupancy_peak":1.21,"occupancy_mean":0.9249999999999998,"peak_period":"weekday_1618","at_practical_capacity":true},"geometry":{"type":"MultiLineString","coordinates":[[[-123.07025432934411,49.32523945897425],[-123.07070539047176,49.32524518545468]],[[-123.0708166915293,49.325245185675655],[-123.07110373037399,49.325245185751335]]]}},{"id":"514","type":"Feature","properties":{"supply_spaces":14,"occupancy_peak":1.14,"occupancy_mean":1.04375,"peak_period":"weekday_1113","at_practical_capacity":true},"geometry":{"type":"MultiLineString","coordinates":[[[-123.06949626158138,49.326149215607046],[-123.07007738874154,49.32616548138442]],[[-123.0707547762658,49.32616548066714],[-123.07142859773556,49.32617477552615]]]}},{"id":"515","type":"Feature","properties":{"supply_spaces":8,"occupancy_peak":0.92,"occupancy_mean":0.7412500000000001,"peak_period":"weekday_2123","at_practical_capacity":true},"geometry":{"type":"LineString","coordinates":[[-123.0707547762658,49.32616548066714],[-123.07007738874154,49.32616548138442]]}},{"id":"516","type":"Feature","properties":{"supply_spaces":2,"occupancy_peak":0.0,"occupancy_mean":0.0,"peak_period":"weekday_0709","at_practical_capacity":false},"geometry":{"type":"LineString","coordinates":[[-123.0726298186327,49.32513217937166],[-123.07247829768669,49.325130243392486]]}},{"id":"517","type":"Feature","properties":{"supply_spaces":4,"occupancy_peak":1.1,"occupancy_mean":0.69,"peak_period":"weekday_1113","at_practical_capacity":true},"geometry":{"type":"MultiLineString","coordinates":[[[-123.07204393025307,49.325163098843916],[-123.07180668325795,49.325163098963806]],[[-123.07166023483198,49.32515737181996],[-123.07157236609514,49.32515737229543]]]}},{"id":"518","type":"Feature","properties":{"supply_spaces":3,"occupancy_peak":1.34,"occupancy_mean":0.75625,"peak_period":"weekday_1113","at_practical_capacity":true},"geometry":{"type":"LineString","coordinates":[[-123.07189748167482,49.325245185846825],[-123.07163094507827,49.32524136740848]]}},{"id":"519","type":"Feature","properties":{"supply_spaces":2,"occupancy_peak":0.0,"occupancy_mean":0.0,"peak_period":"weekday_0709","at_practical_capacity":false},"geometry":{"type":"LineString","coordinates":[[-123.07189748167482,49.325245185846825],[-123.07205271721303,49.325247095085516]]}},{"id":"520","type":"Feature","properties":{"supply_spaces":1,"occupancy_peak":0.0,"occupancy_mean":0.0,"peak_period":"weekday_0709","at_practical_capacity":false},"geometry":{"type":"LineString","coordinates":[[-123.0723855689373,49.3252986854356],[-123.07237871278079,49.32534560461566]]}},{"id":"521","type":"Feature","properties":{"supply_spaces":9,"occupancy_peak":1.09,"occupancy_mean":0.74875,"peak_period":"weekend_2123","at_practical_capacity":true},"geometry":{"type":"LineString","coordinates":[[-123.07237871278079,49.32534560461566],[-123.07238213968033,49.32588181793323]]}},{"id":"522","type":"Feature","properties":{"supply_spaces":12,"occupancy_peak":1.36,"occupancy_mean":0.52,"peak_period":"weekday_2123","at_practical_capacity":true},"geometry":{"type":"LineString","coordinates":[[-123.07210104537533,49.326076193494],[-123.07212161351602,49.3253456043195]]}},{"id":"523","type":"Feature","properties":{"supply_spaces":4,"occupancy_peak":0.0,"occupancy_mean":0.0,"peak_period":"weekday_0709","at_practical_capacity":false},"geometry":{"type":"LineString","coordinates":[[-123.07238213968033,49.32588181793323],[-123.07237528404423,49.32614322003945]]}},{"id":"524","type":"Feature","properties":{"supply_spaces":4,"occupancy_peak":1.02,"occupancy_mean":0.5125,"peak_period":"weekday_1618","at_practical_capacity":true},"geometry":{"type":"LineString","coordinates":[[-123.07159616205206,49.32617709962884],[-123.07194555053215,49.32617012824547]]}},{"id":"525","type":"Feature","properties":{"supply_spaces":2,"occupancy_peak":0.0,"occupancy_mean":0.0,"peak_period":"weekday_0709","at_practical_capacity":false},"geometry":{"type":"LineString","coordinates":[[-123.07234820032396,49.32646158191658],[-123.07235195823903,49.32633913277726]]}},{"id":"526","type":"Feature","properties":{"supply_spaces":24,"occupancy_peak":1.05,"occupancy_mean":0.9037499999999999,"peak_period":"weekend_1113","at_practical_capacity":true},"geometry":{"type":"LineString","coordinates":[[-123.07303684461405,49.326191375659405],[-123.07516704839682,49.32621267578682]]}},{"id":"527","type":"Feature","properties":{"supply_spaces":5,"occupancy_peak":0.22,"occupancy_mean":0.165,"peak_period":"weekday_0709","at_practical_capacity":false},"geometry":{"type":"LineString","coordinates":[[-123.07246344151608,49.32628625716232],[-123.07287938217448,49.326292065535476]]}},{"id":"528","type":"Feature","properties":{"supply_spaces":24,"occupancy_peak":1.09,"occupancy_mean":0.96,"peak_period":"weekday_2123","at_practical_capacity":true},"geometry":{"type":"LineString","coordinates":[[-123.07303090246293,49.32629206614201],[-123.07516110665276,49.326315302126005]]}},{"id":"529","type":"Feature","properties":{"supply_spaces":4,"occupancy_peak":1.17,"occupancy_mean":0.58125,"peak_period":"weekend_1113","at_practical_capacity":true},"geometry":{"type":"LineString","coordinates":[[-123.07284967151975,49.32721569545125],[-123.07246641280305,49.32721182291996]]}},{"id":"530","type":"Feature","properties":{"supply_spaces":24,"occupancy_peak":0.98,"occupancy_mean":0.8062499999999999,"peak_period":"weekday_2123","at_practical_capacity":true},"geometry":{"type":"LineString","coordinates":[[-123.07296851083933,49.32722150418475],[-123.07515813540773,49.32724474047717]]}},{"id":"531","type":"Feature","properties":{"supply_spaces":8,"occupancy_peak":0.95,"occupancy_mean":0.6825,"peak_period":"weekend_1618","at_practical_capacity":true},"geometry":{"type":"MultiLineString","coordinates":[[[-123.07241959406993,49.327308925640835],[-123.07290432053117,49.327321170878555]],[[-123.07334395724858,49.32732851788479],[-123.07307341161373,49.32732117113957]]]}},{"id":"532","type":"Feature","properties":{"supply_spaces":2,"occupancy_peak":0.0,"occupancy_mean":0.0,"peak_period":"weekday_0709","at_practical_capacity":false},"geometry":{"type":"LineString","coordinates":[[-123.07413304680519,49.327333416018845],[-123.07394141111925,49.32732851770699]]}},{"id":"533","type":"Feature","properties":{"supply_spaces":16,"occupancy_peak":0.95,"occupancy_mean":0.7587499999999999,"peak_period":"weekend_1618","at_practical_capacity":true},"geometry":{"type":"MultiLineString","coordinates":[[[-123.07516262221681,49.32734076300607],[-123.07471922852508,49.32733831328646]],[[-123.07450880440082,49.327333415466825],[-123.07413304680519,49.327333416018845]],[[-123.07394141111925,49.32732851770699],[-123.07334395724858,49.32732851788479]]]}},{"id":"534","type":"Feature","properties":{"supply_spaces":3,"occupancy_peak":0.0,"occupancy_mean":0.0,"peak_period":"weekday_0709","at_practical_capacity":false},"geometry":{"type":"LineString","coordinates":[[-123.07379860678802,49.32825803983024],[-123.07357399968221,49.328262686872236]]}},{"id":"535","type":"Feature","properties":{"supply_spaces":17,"occupancy_peak":1.24,"occupancy_mean":1.0,"peak_period":"weekday_2123","at_practical_capacity":true},"geometry":{"type":"MultiLineString","coordinates":[[[-123.07509122735499,49.328273803229045],[-123.07475304680837,49.32826645666327]],[[-123.07445460253336,49.32826965726203],[-123.07379860678802,49.32825803983024]],[[-123.07357399968221,49.328262686872236],[-123.07305704647722,49.32825106928902]]]}},{"id":"536","type":"Feature","properties":{"supply_spaces":16,"occupancy_peak":0.9,"occupancy_mean":0.73,"peak_period":"weekend_0709","at_practical_capacity":true},"geometry":{"type":"LineString","coordinates":[[-123.07064857962682,49.32627663969495],[-123.06925739308979,49.32625145524856]]}},{"id":"537","type":"Feature","properties":{"supply_spaces":5,"occupancy_peak":0.99,"occupancy_mean":0.5700000000000001,"peak_period":"weekday_1618","at_practical_capacity":true},"geometry":{"type":"LineString","coordinates":[[-123.07191846533826,49.32627396122759],[-123.07146640195374,49.32627931847396]]}},{"id":"538","type":"Feature","properties":{"supply_spaces":8,"occupancy_peak":1.06,"occupancy_mean":0.96125,"peak_period":"weekday_0709","at_practical_capacity":true},"geometry":{"type":"LineString","coordinates":[[-123.07064857962682,49.32627663969495],[-123.07132256454354,49.32628467575733]]}},{"id":"539","type":"Feature","properties":{"supply_spaces":22,"occupancy_peak":1.0,"occupancy_mean":0.7799999999999999,"peak_period":"weekday_1113","at_practical_capacity":true},"geometry":{"type":"LineString","coordinates":[[-123.06928547353539,49.32717265330411],[-123.07125930598602,49.3271983090085]]}},{"id":"540","type":"Feature","properties":{"supply_spaces":4,"occupancy_peak":1.05,"occupancy_mean":0.8225000000000001,"peak_period":"weekday_0709","at_practical_capacity":true},"geometry":{"type":"LineString","coordinates":[[-123.07180477997211,49.327195865663654],[-123.07146549886752,49.32719097931878]]}},{"id":"541","type":"Feature","properties":{"supply_spaces":17,"occupancy_peak":1.0,"occupancy_mean":0.87375,"peak_period":"weekday_2123","at_practical_capacity":true},"geometry":{"type":"LineString","coordinates":[[-123.0707513205439,49.32728626938737],[-123.06923298868458,49.327269165352874]]}},{"id":"542","type":"Feature","properties":{"supply_spaces":7,"occupancy_peak":0.86,"occupancy_mean":0.50375,"peak_period":"weekday_1113","at_practical_capacity":true},"geometry":{"type":"MultiLineString","coordinates":[[[-123.07186101510771,49.32730337259309],[-123.07172417769395,49.3272997075301]],[[-123.07158546627686,49.32730581574797],[-123.07110184881608,49.32729115630737]]]}},{"id":"543","type":"Feature","properties":{"supply_spaces":9,"occupancy_peak":0.67,"occupancy_mean":0.5587500000000001,"peak_period":"weekday_0709","at_practical_capacity":false},"geometry":{"type":"LineString","coordinates":[[-123.0709029271036,49.328220182245225],[-123.07170471407669,49.328229682969]]}},{"id":"544","type":"Feature","properties":{"supply_spaces":1,"occupancy_peak":0.0,"occupancy_mean":0.0,"peak_period":"weekday_0709","at_practical_capacity":false},"geometry":{"type":"LineString","coordinates":[[-123.0707061261382,49.3283278581573],[-123.07058950162916,49.32832785838157]]}},{"id":"545","type":"Feature","properties":{"supply_spaces":11,"occupancy_peak":0.0,"occupancy_mean":0.0,"peak_period":"weekday_0709","at_practical_capacity":false},"geometry":{"type":"LineString","coordinates":[[-123.07172172230301,49.32832944160722],[-123.0707061261382,49.3283278581573]]}},{"id":"546","type":"Feature","properties":{"supply_spaces":1,"occupancy_peak":0.0,"occupancy_mean":0.0,"peak_period":"weekday_0709","at_practical_capacity":false},"geometry":{"type":"LineString","coordinates":[[-123.06894722203072,49.32614456833865],[-123.06886165716293,49.3261468915133]]}},{"id":"547","type":"Feature","properties":{"supply_spaces":10,"occupancy_peak":0.96,"occupancy_mean":0.7325,"peak_period":"weekday_0709","at_practical_capacity":true},"geometry":{"type":"MultiLineString","coordinates":[[[-123.06914863612643,49.32706148109035],[-123.0691542606438,49.32675972611281]],[[-123.06915800900737,49.326361455649526],[-123.06915426064022,49.32666932170016]]]}},{"id":"548","type":"Feature","properties":{"supply_spaces":10,"occupancy_peak":0.8,"occupancy_mean":0.6250000000000001,"peak_period":"weekend_0709","at_practical_capacity":false},"geometry":{"type":"MultiLineString","coordinates":[[[-123.06900805116632,49.326363898400395],[-123.06900242728244,49.32665588290692]],[[-123.06899305465338,49.32706025898148],[-123.0689930540326,49.32676827785354]]]}},{"id":"549","type":"Feature","properties":{"supply_spaces":9,"occupancy_peak":0.98,"occupancy_mean":0.6224999999999999,"peak_period":"weekday_1618","at_practical_capacity":true},"geometry":{"type":"MultiLineString","coordinates":[[[-123.06896406131884,49.32798424444082],[-123.06896892165001,49.327800561515254]],[[-123.06897621022138,49.327320764582765],[-123.06897377983839,49.32767546639884]]]}},{"id":"550","type":"Feature","properties":{"supply_spaces":12,"occupancy_peak":0.8,"occupancy_mean":0.55,"peak_period":"weekend_2123","at_practical_capacity":false},"geometry":{"type":"LineString","coordinates":[[-123.06914142612844,49.327323931090106],[-123.06913413822774,49.32805075068012]]}},{"id":"551","type":"Feature","properties":{"supply_spaces":3,"occupancy_peak":0.0,"occupancy_mean":0.0,"peak_period":"weekday_0709","at_practical_capacity":false},"geometry":{"type":"LineString","coordinates":[[-123.06896406131884,49.32798424444082],[-123.06895677284344,49.32814892575297]]}},{"id":"552","type":"Feature","properties":{"supply_spaces":2,"occupancy_peak":0.0,"occupancy_mean":0.0,"peak_period":"weekday_0709","at_practical_capacity":false},"geometry":{"type":"LineString","coordinates":[[-123.06913413822774,49.32805075068012],[-123.06912927857155,49.328185345525]]}},{"id":"553","type":"Feature","properties":{"supply_spaces":11,"occupancy_peak":1.06,"occupancy_mean":0.925,"peak_period":"weekend_0709","at_practical_capacity":true},"geometry":{"type":"LineString","coordinates":[[-123.06929449514867,49.32820751396952],[-123.07031009130831,49.32821859875771]]}},{"id":"554","type":"Feature","properties":{"supply_spaces":10,"occupancy_peak":1.35,"occupancy_mean":0.7137500000000001,"peak_period":"weekday_1113","at_practical_capacity":true},"geometry":{"type":"MultiLineString","coordinates":[[[-123.06917787146863,49.32831202327866],[-123.06940868823257,49.32830885624788]],[[-123.0695155938624,49.32831202304069],[-123.06972454472081,49.3283167734251]],[[-123.06982415997581,49.32831677355626],[-123.07006469661735,49.32831994089101]],[[-123.07016431150636,49.328316773553304],[-123.07034653592433,49.32831994060475]]]}},{"id":"555","type":"Feature","properties":{"supply_spaces":10,"occupancy_peak":0.88,"occupancy_mean":0.41625,"peak_period":"weekend_2123","at_practical_capacity":true},"geometry":{"type":"MultiLineString","coordinates":[[[-123.06896328929949,49.328439507782676],[-123.06895816492474,49.32867660376615]],[[-123.06893766873687,49.32915413180231],[-123.06895560271808,49.32879515085463]]]}},{"id":"556","type":"Feature","properties":{"supply_spaces":11,"occupancy_peak":1.1,"occupancy_mean":0.5475000000000001,"peak_period":"weekend_1618","at_practical_capacity":true},"geometry":{"type":"LineString","coordinates":[[-123.07232941139969,49.327100765214176],[-123.07234820032396,49.32646158191658]]}},{"id":"557","type":"Feature","properties":{"supply_spaces":8,"occupancy_peak":1.03,"occupancy_mean":0.7875000000000001,"peak_period":"weekday_1618","at_practical_capacity":true},"geometry":{"type":"LineString","coordinates":[[-123.07228807786733,49.32789422138258],[-123.07230686686414,49.32743872002385]]}},{"id":"558","type":"Feature","properties":{"supply_spaces":9,"occupancy_peak":1.07,"occupancy_mean":0.6275000000000001,"peak_period":"weekday_1618","at_practical_capacity":true},"geometry":{"type":"MultiLineString","coordinates":[[[-123.07207013969955,49.32737994544242],[-123.07206638178887,49.32770565423102]],[[-123.0720588658169,49.32787707862038],[-123.0720513518998,49.3280999307103]]]}},{"id":"559","type":"Feature","properties":{"supply_spaces":5,"occupancy_peak":0.0,"occupancy_mean":0.0,"peak_period":"weekday_0709","at_practical_capacity":false},"geometry":{"type":"LineString","coordinates":[[-123.07227680607764,49.32819298911568],[-123.07228807786733,49.32789422138258]]}},{"id":"560","type":"Feature","properties":{"supply_spaces":1,"occupancy_peak":0.0,"occupancy_mean":0.0,"peak_period":"weekday_0709","at_practical_capacity":false},"geometry":{"type":"LineString","coordinates":[[-123.0720513518998,49.3280999307103],[-123.07204759428599,49.32818074416561]]}},{"id":"561","type":"Feature","properties":{"supply_spaces":3,"occupancy_peak":1.24,"occupancy_mean":0.58125,"peak_period":"weekend_1618","at_practical_capacity":true},"geometry":{"type":"LineString","coordinates":[[-123.07273974411032,49.32824642195416],[-123.07245096270492,49.32824409819863]]}},{"id":"562","type":"Feature","properties":{"supply_spaces":1,"occupancy_peak":0.0,"occupancy_mean":0.0,"peak_period":"weekday_0709","at_practical_capacity":false},"geometry":{"type":"LineString","coordinates":[[-123.07264504802053,49.328344820481064],[-123.07251729087697,49.32834482065197]]}},{"id":"563","type":"Feature","properties":{"supply_spaces":1,"occupancy_peak":0.0,"occupancy_mean":0.0,"peak_period":"weekday_0709","at_practical_capacity":false},"geometry":{"type":"LineString","coordinates":[[-123.0722667222633,49.32877316788743],[-123.07226835345902,49.32871602367767]]}},{"id":"564","type":"Feature","properties":{"supply_spaces":12,"occupancy_peak":1.19,"occupancy_mean":0.5225,"peak_period":"weekday_1113","at_practical_capacity":true},"geometry":{"type":"MultiLineString","coordinates":[[[-123.07228228190807,49.329213704994366],[-123.0722667222633,49.32877316788743]],[[-123.07226835345902,49.32871602367767],[-123.07228465859527,49.32847095988823]]]}},{"id":"565","type":"Feature","properties":{"supply_spaces":12,"occupancy_peak":0.84,"occupancy_mean":0.3875,"peak_period":"weekday_1618","at_practical_capacity":false},"geometry":{"type":"MultiLineString","coordinates":[[[-123.07200657311087,49.329545960956374],[-123.07202129016099,49.32894234805629]],[[-123.07202504755377,49.32888112684577],[-123.07202880584236,49.32878562079981]]]}},{"id":"566","type":"Feature","properties":{"supply_spaces":13,"occupancy_peak":0.47,"occupancy_mean":0.06874999999999999,"peak_period":"weekday_1618","at_practical_capacity":false},"geometry":{"type":"LineString","coordinates":[[-123.07052865349917,49.32914912232814],[-123.07054658779732,49.32839776574187]]}},{"id":"567","type":"Feature","properties":{"supply_spaces":14,"occupancy_peak":1.02,"occupancy_mean":0.8212499999999999,"peak_period":"weekend_0709","at_practical_capacity":true},"geometry":{"type":"LineString","coordinates":[[-123.0704005547258,49.328399435222614],[-123.07039286900263,49.32919921247569]]}},{"id":"568","type":"Feature","properties":{"supply_spaces":2,"occupancy_peak":0.0,"occupancy_mean":0.0,"peak_period":"weekday_0709","at_practical_capacity":false},"geometry":{"type":"LineString","coordinates":[[-123.07053377647999,49.32924095469677],[-123.07052865349917,49.32914912232814]]}},{"id":"569","type":"Feature","properties":{"supply_spaces":2,"occupancy_peak":0.0,"occupancy_mean":0.0,"peak_period":"weekday_0709","at_practical_capacity":false},"geometry":{"type":"LineString","coordinates":[[-123.07008543176754,49.3293110797935],[-123.0699086565379,49.32931275019843]]}},{"id":"570","type":"Feature","properties":{"supply_spaces":11,"occupancy_peak":0.84,"occupancy_mean":0.69125,"peak_period":"weekday_1113","at_practical_capacity":false},"geometry":{"type":"LineString","coordinates":[[-123.0706695615923,49.33018263727074],[-123.06971650804822,49.33017595881237]]}},{"id":"571","type":"Feature","properties":{"supply_spaces":4,"occupancy_peak":0.0,"occupancy_mean":0.0,"peak_period":"weekday_0709","at_practical_capacity":false},"geometry":{"type":"LineString","coordinates":[[-123.07104509293514,49.33018154352284],[-123.0706695615923,49.33018263727074]]}},{"id":"572","type":"Feature","properties":{"supply_spaces":10,"occupancy_peak":0.0,"occupancy_mean":0.0,"peak_period":"weekday_0709","at_practical_capacity":false},"geometry":{"type":"LineString","coordinates":[[-123.07192088167079,49.33018810441415],[-123.07104509293514,49.33018154352284]]}},{"id":"573","type":"Feature","properties":{"supply_spaces":12,"occupancy_peak":0.81,"occupancy_mean":0.435,"peak_period":"weekend_2123","at_practical_capacity":false},"geometry":{"type":"LineString","coordinates":[[-123.06908882454393,49.329160810362225],[-123.06911188293739,49.32844117756916]]}},{"id":"574","type":"Feature","properties":{"supply_spaces":9,"occupancy_peak":0.97,"occupancy_mean":0.6625,"peak_period":"weekday_0709","at_practical_capacity":true},"geometry":{"type":"MultiLineString","coordinates":[[[-123.07029551345774,49.32924095413065],[-123.06991890357763,49.329239284600575]],[[-123.0696524587084,49.32923761497086],[-123.06920155243611,49.32922592683081]]]}},{"id":"575","type":"Feature","properties":{"supply_spaces":1,"occupancy_peak":0.85,"occupancy_mean":0.10625,"peak_period":"weekend_2123","at_practical_capacity":true},"geometry":{"type":"LineString","coordinates":[[-123.06974469023409,49.329309410428344],[-123.06963964843548,49.32930607091823]]}},{"id":"576","type":"Feature","properties":{"supply_spaces":9,"occupancy_peak":0.74,"occupancy_mean":0.50625,"peak_period":"weekday_0709","at_practical_capacity":false},"geometry":{"type":"MultiLineString","coordinates":[[[-123.06917080875918,49.32930440141237],[-123.06963964843548,49.32930607091823]],[[-123.06974469023409,49.329309410428344],[-123.0699086565379,49.32931275019843]],[[-123.07008543176754,49.3293110797935],[-123.07029295143153,49.32931775856784]]]}},{"id":"577","type":"Feature","properties":{"supply_spaces":9,"occupancy_peak":0.58,"occupancy_mean":0.27625,"peak_period":"weekend_0709","at_practical_capacity":false},"geometry":{"type":"MultiLineString","coordinates":[[[-123.06893766816373,49.329598261354185],[-123.06893510732496,49.329372857329275]],[[-123.0689094868028,49.3300674320466],[-123.06891717282187,49.329786932333064]]]}},{"id":"578","type":"Feature","properties":{"supply_spaces":12,"occupancy_peak":0.73,"occupancy_mean":0.16125,"peak_period":"weekday_1618","at_practical_capacity":false},"geometry":{"type":"LineString","coordinates":[[-123.06906832933883,49.32937953581638],[-123.06903502334632,49.33010416418659]]}},{"id":"579","type":"Feature","properties":{"supply_spaces":6,"occupancy_peak":0.0,"occupancy_mean":0.0,"peak_period":"weekday_0709","at_practical_capacity":false},"geometry":{"type":"LineString","coordinates":[[-123.06971650804822,49.33017595881237],[-123.06915031285193,49.33017094955495]]}},{"id":"580","type":"Feature","properties":{"supply_spaces":1,"occupancy_peak":1.34,"occupancy_mean":0.67,"peak_period":"weekday_2123","at_practical_capacity":true},"geometry":{"type":"LineString","coordinates":[[-123.07228346977904,49.32930122209686],[-123.07228228190807,49.329213704994366]]}},{"id":"581","type":"Feature","properties":{"supply_spaces":1,"occupancy_peak":0.0,"occupancy_mean":0.0,"peak_period":"weekday_0709","at_practical_capacity":false},"geometry":{"type":"LineString","coordinates":[[-123.07228109305775,49.3293887396282],[-123.07228346977904,49.32930122209686]]}},{"id":"582","type":"Feature","properties":{"supply_spaces":3,"occupancy_peak":0.0,"occupancy_mean":0.0,"peak_period":"weekday_0709","at_practical_capacity":false},"geometry":{"type":"LineString","coordinates":[[-123.07265524829018,49.32950505996863],[-123.07234911709712,49.32950010320242]]}},{"id":"583","type":"Feature","properties":{"supply_spaces":3,"occupancy_peak":0.0,"occupancy_mean":0.0,"peak_period":"weekday_0709","at_practical_capacity":false},"geometry":{"type":"LineString","coordinates":[[-123.0722684967016,49.32969865933827],[-123.0722784789465,49.3295397348395]]}},{"id":"584","type":"Feature","properties":{"supply_spaces":10,"occupancy_peak":0.6,"occupancy_mean":0.19999999999999998,"peak_period":"weekend_1618","at_practical_capacity":false},"geometry":{"type":"LineString","coordinates":[[-123.07199587778818,49.33012914701056],[-123.07200657311087,49.329545960956374]]}},{"id":"585","type":"Feature","properties":{"supply_spaces":7,"occupancy_peak":0.0,"occupancy_mean":0.0,"peak_period":"weekday_0709","at_practical_capacity":false},"geometry":{"type":"LineString","coordinates":[[-123.07226421865786,49.33012803236614],[-123.0722684967016,49.32969865933827]]}},{"id":"586","type":"Feature","properties":{"supply_spaces":3,"occupancy_peak":0.0,"occupancy_mean":0.0,"peak_period":"weekday_0709","at_practical_capacity":false},"geometry":{"type":"LineString","coordinates":[[-123.07262877481476,49.330202707865766],[-123.07236265691418,49.3301986102035]]}},{"id":"587","type":"Feature","properties":{"supply_spaces":3,"occupancy_peak":0.31,"occupancy_mean":0.155,"peak_period":"weekday_1618","at_practical_capacity":false},"geometry":{"type":"LineString","coordinates":[[-123.07765064015517,49.31141582423712],[-123.07743134169002,49.31129642519348]]}},{"id":"588","type":"Feature","properties":{"supply_spaces":13,"occupancy_peak":1.03,"occupancy_mean":0.92,"peak_period":"weekday_1618","at_practical_capacity":true},"geometry":{"type":"LineString","coordinates":[[-123.07711300521892,49.31132130178586],[-123.07758523339326,49.31152254231134]]}},{"id":"589","type":"Feature","properties":{"supply_spaces":6,"occupancy_peak":1.22,"occupancy_mean":0.87,"peak_period":"weekday_1113","at_practical_capacity":true},"geometry":{"type":"LineString","coordinates":[[-123.07808139041747,49.31160007000895],[-123.07765064015517,49.31141582423712]]}},{"id":"590","type":"Feature","properties":{"supply_spaces":1,"occupancy_peak":0.83,"occupancy_mean":0.415,"peak_period":"weekday_1113","at_practical_capacity":false},"geometry":{"type":"LineString","coordinates":[[-123.0777621908764,49.31158549273352],[-123.07785240349224,49.31162407957367]]}},{"id":"591","type":"Feature","properties":{"supply_spaces":4,"occupancy_peak":0.96,"occupancy_mean":0.6599999999999999,"peak_period":"weekday_1113","at_practical_capacity":true},"geometry":{"type":"LineString","coordinates":[[-123.07801399961848,49.31169319982103],[-123.07832574015136,49.31182653965473]]}},{"id":"592","type":"Feature","properties":{"supply_spaces":5,"occupancy_peak":0.0,"occupancy_mean":0.0,"peak_period":"weekday_0709","at_practical_capacity":false},"geometry":{"type":"LineString","coordinates":[[-123.07841527402061,49.31196741822564],[-123.07817540209767,49.31220652913886]]}},{"id":"593","type":"Feature","properties":{"supply_spaces":9,"occupancy_peak":1.0,"occupancy_mean":0.625,"peak_period":"weekend_1618","at_practical_capacity":true},"geometry":{"type":"LineString","coordinates":[[-123.0780826546538,49.31255228002881],[-123.07852323563482,49.31211498377695]]}},{"id":"594","type":"Feature","properties":{"supply_spaces":4,"occupancy_peak":0.94,"occupancy_mean":0.38,"peak_period":"weekday_1113","at_practical_capacity":true},"geometry":{"type":"LineString","coordinates":[[-123.07806661200125,49.31227593802891],[-123.07785851019388,49.31248453332105]]}},{"id":"595","type":"Feature","properties":{"supply_spaces":7,"occupancy_peak":0.98,"occupancy_mean":0.6475,"peak_period":"weekend_1618","at_practical_capacity":true},"geometry":{"type":"LineString","coordinates":[[-123.07755003818204,49.312467580715634],[-123.07728416056096,49.312353106909256]]}},{"id":"596","type":"Feature","properties":{"supply_spaces":1,"occupancy_peak":1.3,"occupancy_mean":0.48750000000000004,"peak_period":"weekday_1618","at_practical_capacity":true},"geometry":{"type":"LineString","coordinates":[[-123.07760760405561,49.3124913224948],[-123.07755003818204,49.312467580715634]]}},{"id":"597","type":"Feature","properties":{"supply_spaces":6,"occupancy_peak":0.93,"occupancy_mean":0.54375,"peak_period":"weekday_1113","at_practical_capacity":true},"geometry":{"type":"LineString","coordinates":[[-123.0791925095287,49.312042621845976],[-123.07895063565125,49.31194032651295]]}},{"id":"598","type":"Feature","properties":{"supply_spaces":2,"occupancy_peak":1.22,"occupancy_mean":0.7675000000000001,"peak_period":"weekday_1113","at_practical_capacity":true},"geometry":{"type":"LineString","coordinates":[[-123.0789659066675,49.312088100655856],[-123.07915007774217,49.31216599212377]]}},{"id":"599","type":"Feature","properties":{"supply_spaces":2,"occupancy_peak":0.0,"occupancy_mean":0.0,"peak_period":"weekday_0709","at_practical_capacity":false},"geometry":{"type":"LineString","coordinates":[[-123.0789659066675,49.312088100655856],[-123.07915007774217,49.31216599212377]]}},{"id":"600","type":"Feature","properties":{"supply_spaces":5,"occupancy_peak":1.12,"occupancy_mean":1.04875,"peak_period":"weekday_1113","at_practical_capacity":true},"geometry":{"type":"LineString","coordinates":[[-123.07986266736869,49.31229018788145],[-123.07946112096933,49.31212036497576]]}},{"id":"601","type":"Feature","properties":{"supply_spaces":2,"occupancy_peak":1.61,"occupancy_mean":1.20875,"peak_period":"weekend_1618","at_practical_capacity":true},"geometry":{"type":"LineString","coordinates":[[-123.07939513047768,49.31223183838871],[-123.0795812935492,49.31231056974329]]}},{"id":"602","type":"Feature","properties":{"supply_spaces":1,"occupancy_peak":1.0,"occupancy_mean":0.75,"peak_period":"weekday_1618","at_practical_capacity":true},"geometry":{"type":"LineString","coordinates":[[-123.07986266736869,49.31229018788145],[-123.07991711263558,49.31231321285623]]}},{"id":"603","type":"Feature","properties":{"supply_spaces":4,"occupancy_peak":0.83,"occupancy_mean":0.62125,"peak_period":"weekday_1113","at_practical_capacity":false},"geometry":{"type":"LineString","coordinates":[[-123.0795812935492,49.31231056974329],[-123.07985297328072,49.31242546782315]]}},{"id":"604","type":"Feature","properties":{"supply_spaces":3,"occupancy_peak":0.64,"occupancy_mean":0.24000000000000002,"peak_period":"weekday_1618","at_practical_capacity":false},"geometry":{"type":"LineString","coordinates":[[-123.080650559215,49.31261919166974],[-123.08041451464612,49.31252130115547]]}},{"id":"605","type":"Feature","properties":{"supply_spaces":1,"occupancy_peak":0.95,"occupancy_mean":0.475,"peak_period":"weekday_0709","at_practical_capacity":true},"geometry":{"type":"LineString","coordinates":[[-123.08119975378705,49.3128733845319],[-123.08112216243352,49.31283908302924]]}},{"id":"606","type":"Feature","properties":{"supply_spaces":3,"occupancy_peak":0.68,"occupancy_mean":0.595,"peak_period":"weekday_0709","at_practical_capacity":false},"geometry":{"type":"LineString","coordinates":[[-123.08145617432314,49.31298674239102],[-123.08123763735189,49.31289013202351]]}},{"id":"607","type":"Feature","properties":{"supply_spaces":2,"occupancy_peak":1.21,"occupancy_mean":0.7562499999999999,"peak_period":"weekday_1113","at_practical_capacity":true},"geometry":{"type":"LineString","coordinates":[[-123.07732167371564,49.31251140057707],[-123.07750644227428,49.312591055504704]]}},{"id":"608","type":"Feature","properties":{"supply_spaces":5,"occupancy_peak":1.27,"occupancy_mean":0.7687499999999998,"peak_period":"weekend_1618","at_practical_capacity":true},"geometry":{"type":"LineString","coordinates":[[-123.07839232453391,49.312843329044696],[-123.07821761321506,49.31276599666936]]}},{"id":"609","type":"Feature","properties":{"supply_spaces":5,"occupancy_peak":0.0,"occupancy_mean":0.0,"peak_period":"weekday_0709","at_practical_capacity":false},"geometry":{"type":"LineString","coordinates":[[-123.07763894350668,49.312736195611215],[-123.0773620440629,49.3129750247367]]}},{"id":"610","type":"Feature","properties":{"supply_spaces":4,"occupancy_peak":0.96,"occupancy_mean":0.72,"peak_period":"weekday_1113","at_practical_capacity":true},"geometry":{"type":"LineString","coordinates":[[-123.07802619718012,49.31281150558062],[-123.07833453260804,49.31294823433035]]}},{"id":"611","type":"Feature","properties":{"supply_spaces":6,"occupancy_peak":0.96,"occupancy_mean":0.64,"peak_period":"weekday_1113","at_practical_capacity":true},"geometry":{"type":"LineString","coordinates":[[-123.07887671219225,49.31305018064819],[-123.07864524992993,49.3129475429681]]}},{"id":"612","type":"Feature","properties":{"supply_spaces":2,"occupancy_peak":1.01,"occupancy_mean":0.505,"peak_period":"weekday_1113","at_practical_capacity":true},"geometry":{"type":"LineString","coordinates":[[-123.0773620440629,49.3129750247367],[-123.07726535789413,49.31307219631665]]}},{"id":"613","type":"Feature","properties":{"supply_spaces":3,"occupancy_peak":1.35,"occupancy_mean":0.76,"peak_period":"weekday_1113","at_practical_capacity":true},"geometry":{"type":"LineString","coordinates":[[-123.07855356197122,49.31304902089148],[-123.07877255196546,49.313146128055564]]}},{"id":"614","type":"Feature","properties":{"supply_spaces":11,"occupancy_peak":0.0,"occupancy_mean":0.0,"peak_period":"weekday_0709","at_practical_capacity":false},"geometry":{"type":"LineString","coordinates":[[-123.07723806478396,49.313377150274476],[-123.07776205590618,49.31286238914557]]}},{"id":"615","type":"Feature","properties":{"supply_spaces":2,"occupancy_peak":0.54,"occupancy_mean":0.0675,"peak_period":"weekday_2123","at_practical_capacity":false},"geometry":{"type":"LineString","coordinates":[[-123.07740170428437,49.313554829479564],[-123.07726617245325,49.313491827450584]]}},{"id":"616","type":"Feature","properties":{"supply_spaces":4,"occupancy_peak":0.28,"occupancy_mean":0.035,"peak_period":"weekday_1113","at_practical_capacity":false},"geometry":{"type":"LineString","coordinates":[[-123.07767305158309,49.31367155709363],[-123.07740170428437,49.313554829479564]]}},{"id":"617","type":"Feature","properties":{"supply_spaces":1,"occupancy_peak":0.0,"occupancy_mean":0.0,"peak_period":"weekday_0709","at_practical_capacity":false},"geometry":{"type":"LineString","coordinates":[[-123.08234885255911,49.31256195350032],[-123.08229180889894,49.31261277792863]]}},{"id":"618","type":"Feature","properties":{"supply_spaces":5,"occupancy_peak":0.0,"occupancy_mean":0.0,"peak_period":"weekday_0709","at_practical_capacity":false},"geometry":{"type":"LineString","coordinates":[[-123.08192472318987,49.31312686742272],[-123.08215259257707,49.31290108447751]]}},{"id":"619","type":"Feature","properties":{"supply_spaces":2,"occupancy_peak":0.6,"occupancy_mean":0.45,"peak_period":"weekday_0709","at_practical_capacity":false},"geometry":{"type":"LineString","coordinates":[[-123.08191511173109,49.31299918300101],[-123.0818297588601,49.31307966080747]]}},{"id":"620","type":"Feature","properties":{"supply_spaces":5,"occupancy_peak":1.2,"occupancy_mean":1.1749999999999998,"peak_period":"weekday_0709","at_practical_capacity":true},"geometry":{"type":"LineString","coordinates":[[-123.08241929552953,49.31341512354138],[-123.08204771702113,49.31325236024651]]}},{"id":"621","type":"Feature","properties":{"supply_spaces":2,"occupancy_peak":0.0,"occupancy_mean":0.0,"peak_period":"weekday_0709","at_practical_capacity":false},"geometry":{"type":"LineString","coordinates":[[-123.08256318858395,49.31347690011373],[-123.08241929552953,49.31341512354138]]}},{"id":"622","type":"Feature","properties":{"supply_spaces":7,"occupancy_peak":1.22,"occupancy_mean":0.8975000000000001,"peak_period":"weekend_1113","at_practical_capacity":true},"geometry":{"type":"LineString","coordinates":[[-123.08184222192571,49.31336079469034],[-123.08239411914714,49.31359839921549]]}},{"id":"623","type":"Feature","properties":{"supply_spaces":6,"occupancy_peak":1.15,"occupancy_mean":0.53375,"peak_period":"weekday_1113","at_practical_capacity":true},"geometry":{"type":"LineString","coordinates":[[-123.083020289702,49.31367176331797],[-123.08256318858395,49.31347690011373]]}},{"id":"624","type":"Feature","properties":{"supply_spaces":2,"occupancy_peak":1.29,"occupancy_mean":0.8887500000000002,"peak_period":"weekday_1113","at_practical_capacity":true},"geometry":{"type":"LineString","coordinates":[[-123.08239411914714,49.31359839921549],[-123.08251068979769,49.313647104718925]]}},{"id":"625","type":"Feature","properties":{"supply_spaces":2,"occupancy_peak":1.0,"occupancy_mean":0.3125,"peak_period":"weekday_1113","at_practical_capacity":true},"geometry":{"type":"LineString","coordinates":[[-123.08317101907112,49.313734096415445],[-123.083020289702,49.31367176331797]]}},{"id":"626","type":"Feature","properties":{"supply_spaces":7,"occupancy_peak":1.0,"occupancy_mean":0.7812499999999999,"peak_period":"weekend_2123","at_practical_capacity":true},"geometry":{"type":"LineString","coordinates":[[-123.08251068979769,49.313647104718925],[-123.08303527088732,49.31387282601758]]}},{"id":"627","type":"Feature","properties":{"supply_spaces":4,"occupancy_peak":1.39,"occupancy_mean":1.07375,"peak_period":"weekday_2123","at_practical_capacity":true},"geometry":{"type":"LineString","coordinates":[[-123.0809966853383,49.312923054202386],[-123.0813170226865,49.31306301922018]]}},{"id":"628","type":"Feature","properties":{"supply_spaces":5,"occupancy_peak":0.93,"occupancy_mean":0.81375,"peak_period":"weekday_1113","at_practical_capacity":true},"geometry":{"type":"LineString","coordinates":[[-123.08155189789794,49.313030808579065],[-123.08145617432314,49.31298674239102]]}},{"id":"629","type":"Feature","properties":{"supply_spaces":2,"occupancy_peak":0.48,"occupancy_mean":0.06,"peak_period":"weekday_1113","at_practical_capacity":false},"geometry":{"type":"LineString","coordinates":[[-123.0813170226865,49.31306301922018],[-123.08147118009362,49.31313078428593]]}},{"id":"630","type":"Feature","properties":{"supply_spaces":4,"occupancy_peak":1.41,"occupancy_mean":0.87875,"peak_period":"weekend_1113","at_practical_capacity":true},"geometry":{"type":"LineString","coordinates":[[-123.07930969984342,49.31327256860069],[-123.07899454858608,49.31313282205705]]}},{"id":"631","type":"Feature","properties":{"supply_spaces":1,"occupancy_peak":1.04,"occupancy_mean":0.78,"peak_period":"weekday_0709","at_practical_capacity":true},"geometry":{"type":"LineString","coordinates":[[-123.07898886541598,49.313236341867515],[-123.07906020118362,49.313267973928504]]}},{"id":"632","type":"Feature","properties":{"supply_spaces":9,"occupancy_peak":1.11,"occupancy_mean":0.805,"peak_period":"weekday_1618","at_practical_capacity":true},"geometry":{"type":"LineString","coordinates":[[-123.07906020118362,49.313267973928504],[-123.07972704055092,49.31356366420075]]}},{"id":"633","type":"Feature","properties":{"supply_spaces":3,"occupancy_peak":0.0,"occupancy_mean":0.0,"peak_period":"weekday_0709","at_practical_capacity":false},"geometry":{"type":"LineString","coordinates":[[-123.08152676258476,49.31351841528582],[-123.08168267956854,49.313366225479506]]}},{"id":"634","type":"Feature","properties":{"supply_spaces":4,"occupancy_peak":0.0,"occupancy_mean":0.0,"peak_period":"weekday_0709","at_practical_capacity":false},"geometry":{"type":"LineString","coordinates":[[-123.08153412751044,49.31334919465892],[-123.08132915691434,49.31355568189843]]}},{"id":"635","type":"Feature","properties":{"supply_spaces":5,"occupancy_peak":1.11,"occupancy_mean":0.7887500000000001,"peak_period":"weekday_1113","at_practical_capacity":true},"geometry":{"type":"LineString","coordinates":[[-123.08012699597622,49.313628689522076],[-123.07972866142336,49.313452064140996]]}},{"id":"636","type":"Feature","properties":{"supply_spaces":2,"occupancy_peak":0.0,"occupancy_mean":0.0,"peak_period":"weekday_0709","at_practical_capacity":false},"geometry":{"type":"LineString","coordinates":[[-123.07985430869874,49.31361419731049],[-123.07972704055092,49.31356366420075]]}},{"id":"637","type":"Feature","properties":{"supply_spaces":1,"occupancy_peak":1.15,"occupancy_mean":1.1500000000000001,"peak_period":"weekday_0709","at_practical_capacity":true},"geometry":{"type":"LineString","coordinates":[[-123.07985430869874,49.31361419731049],[-123.07991883433243,49.31364280938329]]}},{"id":"638","type":"Feature","properties":{"supply_spaces":2,"occupancy_peak":0.0,"occupancy_mean":0.0,"peak_period":"weekday_0709","at_practical_capacity":false},"geometry":{"type":"LineString","coordinates":[[-123.08031296000105,49.313704588152234],[-123.08012699597622,49.313628689522076]]}},{"id":"639","type":"Feature","properties":{"supply_spaces":5,"occupancy_peak":0.0,"occupancy_mean":0.0,"peak_period":"weekday_0709","at_practical_capacity":false},"geometry":{"type":"LineString","coordinates":[[-123.08119311589263,49.313841373723015],[-123.08143626272216,49.313604871887556]]}},{"id":"640","type":"Feature","properties":{"supply_spaces":2,"occupancy_peak":1.54,"occupancy_mean":1.02125,"peak_period":"weekend_1618","at_practical_capacity":true},"geometry":{"type":"LineString","coordinates":[[-123.08045757190536,49.31376871007365],[-123.08031296000105,49.313704588152234]]}},{"id":"641","type":"Feature","properties":{"supply_spaces":4,"occupancy_peak":0.83,"occupancy_mean":0.5525,"peak_period":"weekday_1113","at_practical_capacity":false},"geometry":{"type":"LineString","coordinates":[[-123.08122367155026,49.313652612008944],[-123.08104531680807,49.31382869628701]]}},{"id":"642","type":"Feature","properties":{"supply_spaces":1,"occupancy_peak":1.67,"occupancy_mean":0.41874999999999996,"peak_period":"weekend_2123","at_practical_capacity":true},"geometry":{"type":"LineString","coordinates":[[-123.08045757190536,49.31376871007365],[-123.08054601127817,49.31380792389196]]}},{"id":"643","type":"Feature","properties":{"supply_spaces":3,"occupancy_peak":1.07,"occupancy_mean":0.7125,"peak_period":"weekday_1113","at_practical_capacity":true},"geometry":{"type":"LineString","coordinates":[[-123.08054601127817,49.31380792389196],[-123.08075398679374,49.31390013981811]]}},{"id":"644","type":"Feature","properties":{"supply_spaces":8,"occupancy_peak":1.06,"occupancy_mean":0.90125,"peak_period":"weekday_1618","at_practical_capacity":true},"geometry":{"type":"LineString","coordinates":[[-123.08036166855265,49.31385714312207],[-123.08067483322537,49.313996001288466]]}},{"id":"645","type":"Feature","properties":{"supply_spaces":1,"occupancy_peak":1.63,"occupancy_mean":0.20375,"peak_period":"weekend_1113","at_practical_capacity":true},"geometry":{"type":"LineString","coordinates":[[-123.08054294765017,49.31395584818145],[-123.08049778814213,49.31393415551517]]}},{"id":"646","type":"Feature","properties":{"supply_spaces":11,"occupancy_peak":0.95,"occupancy_mean":0.6287499999999999,"peak_period":"weekend_1618","at_practical_capacity":true},"geometry":{"type":"LineString","coordinates":[[-123.08123961780096,49.314084367767585],[-123.08163160012414,49.31425640129811]]}},{"id":"647","type":"Feature","properties":{"supply_spaces":5,"occupancy_peak":1.0,"occupancy_mean":0.875,"peak_period":"weekday_0709","at_practical_capacity":true},"geometry":{"type":"LineString","coordinates":[[-123.08386714030412,49.31404360769212],[-123.08358851375769,49.313922363648246]]}},{"id":"648","type":"Feature","properties":{"supply_spaces":2,"occupancy_peak":1.07,"occupancy_mean":0.20125,"peak_period":"weekday_1113","at_practical_capacity":true},"geometry":{"type":"LineString","coordinates":[[-123.08400581728066,49.31410395242415],[-123.08386714030412,49.31404360769212]]}},{"id":"649","type":"Feature","properties":{"supply_spaces":6,"occupancy_peak":1.05,"occupancy_mean":0.7450000000000001,"peak_period":"weekday_1113","at_practical_capacity":true},"geometry":{"type":"LineString","coordinates":[[-123.08443068991333,49.31428883267145],[-123.08400581728066,49.31410395242415]]}},{"id":"650","type":"Feature","properties":{"supply_spaces":6,"occupancy_peak":1.28,"occupancy_mean":0.9600000000000001,"peak_period":"weekday_1113","at_practical_capacity":true},"geometry":{"type":"LineString","coordinates":[[-123.08363636300506,49.31413418854053],[-123.08410085149718,49.31433852836404]]}},{"id":"651","type":"Feature","properties":{"supply_spaces":2,"occupancy_peak":0.43,"occupancy_mean":0.1075,"peak_period":"weekend_1113","at_practical_capacity":false},"geometry":{"type":"LineString","coordinates":[[-123.08163160012414,49.31425640129811],[-123.0818079109967,49.31432862802534]]}},{"id":"652","type":"Feature","properties":{"supply_spaces":2,"occupancy_peak":0.98,"occupancy_mean":0.49,"peak_period":"weekday_1113","at_practical_capacity":true},"geometry":{"type":"LineString","coordinates":[[-123.0845832405248,49.3143552121962],[-123.08443068991333,49.31428883267145]]}},{"id":"653","type":"Feature","properties":{"supply_spaces":1,"occupancy_peak":0.95,"occupancy_mean":0.2375,"peak_period":"weekend_0709","at_practical_capacity":true},"geometry":{"type":"LineString","coordinates":[[-123.08466155173444,49.3143892886601],[-123.0845832405248,49.3143552121962]]}},{"id":"654","type":"Feature","properties":{"supply_spaces":3,"occupancy_peak":1.1,"occupancy_mean":1.0075,"peak_period":"weekday_0709","at_practical_capacity":true},"geometry":{"type":"LineString","coordinates":[[-123.08152547067517,49.31434376671043],[-123.08172765879131,49.3144340627006]]}},{"id":"655","type":"Feature","properties":{"supply_spaces":2,"occupancy_peak":1.0,"occupancy_mean":0.875,"peak_period":"weekday_0709","at_practical_capacity":true},"geometry":{"type":"LineString","coordinates":[[-123.08435223790077,49.3144573434758],[-123.08423565134788,49.314401499516855]]}},{"id":"656","type":"Feature","properties":{"supply_spaces":13,"occupancy_peak":0.89,"occupancy_mean":0.58625,"peak_period":"weekend_2123","at_practical_capacity":true},"geometry":{"type":"LineString","coordinates":[[-123.0818079109967,49.31432862802534],[-123.0823033657842,49.314550088855256]]}},{"id":"657","type":"Feature","properties":{"supply_spaces":4,"occupancy_peak":0.0,"occupancy_mean":0.0,"peak_period":"weekday_0709","at_practical_capacity":false},"geometry":{"type":"LineString","coordinates":[[-123.07767305158309,49.31367155709363],[-123.07740170428437,49.313554829479564]]}},{"id":"658","type":"Feature","properties":{"supply_spaces":5,"occupancy_peak":0.0,"occupancy_mean":0.0,"peak_period":"weekday_0709","at_practical_capacity":false},"geometry":{"type":"LineString","coordinates":[[-123.07716440087835,49.31355877421354],[-123.0775635917217,49.31372962488645]]}},{"id":"659","type":"Feature","properties":{"supply_spaces":4,"occupancy_peak":0.0,"occupancy_mean":0.0,"peak_period":"weekday_0709","at_practical_capacity":false},"geometry":{"type":"LineString","coordinates":[[-123.07799203719503,49.31380877700969],[-123.07767305158309,49.31367155709363]]}},{"id":"660","type":"Feature","properties":{"supply_spaces":2,"occupancy_peak":1.21,"occupancy_mean":0.30125,"peak_period":"weekend_1618","at_practical_capacity":true},"geometry":{"type":"LineString","coordinates":[[-123.07775592448215,49.31380946232055],[-123.07787981203317,49.31386254909539]]}},{"id":"661","type":"Feature","properties":{"supply_spaces":2,"occupancy_peak":0.98,"occupancy_mean":0.7350000000000001,"peak_period":"weekday_1113","at_practical_capacity":true},"geometry":{"type":"LineString","coordinates":[[-123.07787981203317,49.31386254909539],[-123.07803203052426,49.31392802898662]]}},{"id":"662","type":"Feature","properties":{"supply_spaces":16,"occupancy_peak":1.07,"occupancy_mean":0.6124999999999999,"peak_period":"weekend_2123","at_practical_capacity":true},"geometry":{"type":"LineString","coordinates":[[-123.07849301592911,49.3140242821965],[-123.07799203719503,49.31380877700969]]}},{"id":"663","type":"Feature","properties":{"supply_spaces":17,"occupancy_peak":1.15,"occupancy_mean":0.69,"peak_period":"weekend_2123","at_practical_capacity":true},"geometry":{"type":"LineString","coordinates":[[-123.07803203052426,49.31392802898662],[-123.07926588945804,49.31445878686674]]}},{"id":"664","type":"Feature","properties":{"supply_spaces":8,"occupancy_peak":1.19,"occupancy_mean":1.13,"peak_period":"weekday_1113","at_practical_capacity":true},"geometry":{"type":"LineString","coordinates":[[-123.07766369105731,49.31477822290825],[-123.07703967110368,49.31450589667375]]}},{"id":"665","type":"Feature","properties":{"supply_spaces":4,"occupancy_peak":1.0,"occupancy_mean":0.9375,"peak_period":"weekday_1113","at_practical_capacity":true},"geometry":{"type":"LineString","coordinates":[[-123.077344394826,49.31475535194275],[-123.07758263413689,49.31485657811164]]}},{"id":"666","type":"Feature","properties":{"supply_spaces":3,"occupancy_peak":1.0,"occupancy_mean":0.91625,"peak_period":"weekday_1113","at_practical_capacity":true},"geometry":{"type":"LineString","coordinates":[[-123.07768536585361,49.31490363276262],[-123.07785803704716,49.31497777132161]]}},{"id":"667","type":"Feature","properties":{"supply_spaces":4,"occupancy_peak":0.0,"occupancy_mean":0.0,"peak_period":"weekday_0709","at_practical_capacity":false},"geometry":{"type":"LineString","coordinates":[[-123.0790148536896,49.314248756176355],[-123.07869986478465,49.31411326073692]]}},{"id":"668","type":"Feature","properties":{"supply_spaces":4,"occupancy_peak":0.0,"occupancy_mean":0.0,"peak_period":"weekday_0709","at_practical_capacity":false},"geometry":{"type":"LineString","coordinates":[[-123.08074362281303,49.314115860079404],[-123.08053973002696,49.314317347445304]]}},{"id":"669","type":"Feature","properties":{"supply_spaces":2,"occupancy_peak":1.0,"occupancy_mean":1.0,"peak_period":"weekday_0709","at_practical_capacity":true},"geometry":{"type":"LineString","coordinates":[[-123.08125003411497,49.314220494480374],[-123.08139796534115,49.314286737534964]]}},{"id":"670","type":"Feature","properties":{"supply_spaces":4,"occupancy_peak":0.0,"occupancy_mean":0.0,"peak_period":"weekday_0709","at_practical_capacity":false},"geometry":{"type":"LineString","coordinates":[[-123.08064904702145,49.314382958117946],[-123.08086057013303,49.31417218405223]]}},{"id":"671","type":"Feature","properties":{"supply_spaces":2,"occupancy_peak":0.0,"occupancy_mean":0.0,"peak_period":"weekday_0709","at_practical_capacity":false},"geometry":{"type":"LineString","coordinates":[[-123.08139796534115,49.314286737534964],[-123.08152547067517,49.31434376671043]]}},{"id":"672","type":"Feature","properties":{"supply_spaces":2,"occupancy_peak":0.49,"occupancy_mean":0.06125,"peak_period":"weekend_1618","at_practical_capacity":false},"geometry":{"type":"LineString","coordinates":[[-123.07937296864918,49.31440498729102],[-123.0792254095157,49.31433593401247]]}},{"id":"673","type":"Feature","properties":{"supply_spaces":3,"occupancy_peak":0.0,"occupancy_mean":0.0,"peak_period":"weekday_0709","at_practical_capacity":false},"geometry":{"type":"LineString","coordinates":[[-123.07977498516767,49.31457515282852],[-123.07951623985855,49.3144656616728]]}},{"id":"674","type":"Feature","properties":{"supply_spaces":5,"occupancy_peak":0.0,"occupancy_mean":0.0,"peak_period":"weekday_0709","at_practical_capacity":false},"geometry":{"type":"LineString","coordinates":[[-123.0804260233279,49.314412550981665],[-123.08018358995385,49.31466511095786]]}},{"id":"675","type":"Feature","properties":{"supply_spaces":4,"occupancy_peak":0.0,"occupancy_mean":0.0,"peak_period":"weekday_0709","at_practical_capacity":false},"geometry":{"type":"LineString","coordinates":[[-123.0803273841635,49.314695196046074],[-123.08054218128531,49.31448156344754]]}},{"id":"676","type":"Feature","properties":{"supply_spaces":9,"occupancy_peak":0.0,"occupancy_mean":0.0,"peak_period":"weekday_0709","at_practical_capacity":false},"geometry":{"type":"LineString","coordinates":[[-123.07926588945804,49.31445878686674],[-123.07994601473462,49.3147618579986]]}},{"id":"677","type":"Feature","properties":{"supply_spaces":2,"occupancy_peak":0.0,"occupancy_mean":0.0,"peak_period":"weekday_0709","at_practical_capacity":false},"geometry":{"type":"LineString","coordinates":[[-123.08172765879131,49.3144340627006],[-123.08184786738293,49.3144803870824]]}},{"id":"678","type":"Feature","properties":{"supply_spaces":3,"occupancy_peak":0.92,"occupancy_mean":0.8812500000000001,"peak_period":"weekday_0709","at_practical_capacity":true},"geometry":{"type":"LineString","coordinates":[[-123.08184786738293,49.3144803870824],[-123.08208285662084,49.314593268462446]]}},{"id":"679","type":"Feature","properties":{"supply_spaces":4,"occupancy_peak":0.0,"occupancy_mean":0.0,"peak_period":"weekday_0709","at_practical_capacity":false},"geometry":{"type":"LineString","coordinates":[[-123.0823033657842,49.314550088855256],[-123.08261812198967,49.314686949986424]]}},{"id":"680","type":"Feature","properties":{"supply_spaces":7,"occupancy_peak":0.0,"occupancy_mean":0.0,"peak_period":"weekday_0709","at_practical_capacity":false},"geometry":{"type":"LineString","coordinates":[[-123.08208285662084,49.314593268462446],[-123.08259469317888,49.314811860445865]]}},{"id":"681","type":"Feature","properties":{"supply_spaces":4,"occupancy_peak":1.19,"occupancy_mean":0.7999999999999999,"peak_period":"weekday_1113","at_practical_capacity":true},"geometry":{"type":"LineString","coordinates":[[-123.0846079265253,49.31467577410307],[-123.08438984861594,49.314876801886285]]}},{"id":"682","type":"Feature","properties":{"supply_spaces":14,"occupancy_peak":0.97,"occupancy_mean":0.78625,"peak_period":"weekend_2123","at_practical_capacity":true},"geometry":{"type":"LineString","coordinates":[[-123.08261812198967,49.314686949986424],[-123.08315482468888,49.31492217887992]]}},{"id":"683","type":"Feature","properties":{"supply_spaces":4,"occupancy_peak":0.93,"occupancy_mean":0.6100000000000001,"peak_period":"weekday_1113","at_practical_capacity":true},"geometry":{"type":"LineString","coordinates":[[-123.08450260820823,49.31493233455368],[-123.0847243179145,49.31472630530617]]}},{"id":"684","type":"Feature","properties":{"supply_spaces":13,"occupancy_peak":0.95,"occupancy_mean":0.805,"peak_period":"weekday_1113","at_practical_capacity":true},"geometry":{"type":"LineString","coordinates":[[-123.08315482468888,49.31492217887992],[-123.08362215100375,49.31512699709913]]}},{"id":"685","type":"Feature","properties":{"supply_spaces":16,"occupancy_peak":0.77,"occupancy_mean":0.5650000000000001,"peak_period":"weekend_2123","at_practical_capacity":false},"geometry":{"type":"LineString","coordinates":[[-123.08259469317888,49.314811860445865],[-123.08374954363453,49.31531439203084]]}},{"id":"686","type":"Feature","properties":{"supply_spaces":3,"occupancy_peak":1.21,"occupancy_mean":0.8287499999999999,"peak_period":"weekday_1113","at_practical_capacity":true},"geometry":{"type":"LineString","coordinates":[[-123.08427209752215,49.31499303016016],[-123.08411074208261,49.315155937870124]]}},{"id":"687","type":"Feature","properties":{"supply_spaces":13,"occupancy_peak":1.27,"occupancy_mean":0.9725,"peak_period":"weekday_1113","at_practical_capacity":true},"geometry":{"type":"LineString","coordinates":[[-123.07433402958729,49.31009317335861],[-123.07527377289969,49.31049834898634]]}},{"id":"688","type":"Feature","properties":{"supply_spaces":4,"occupancy_peak":1.66,"occupancy_mean":0.98,"peak_period":"weekend_2123","at_practical_capacity":true},"geometry":{"type":"LineString","coordinates":[[-123.07498028947067,49.31024394695749],[-123.07529361486291,49.31038052772231]]}},{"id":"689","type":"Feature","properties":{"supply_spaces":2,"occupancy_peak":0.0,"occupancy_mean":0.0,"peak_period":"weekday_0709","at_practical_capacity":false},"geometry":{"type":"LineString","coordinates":[[-123.07543566458817,49.31043874423153],[-123.07529361486291,49.31038052772231]]}},{"id":"690","type":"Feature","properties":{"supply_spaces":5,"occupancy_peak":0.88,"occupancy_mean":0.605,"peak_period":"weekday_1113","at_practical_capacity":true},"geometry":{"type":"LineString","coordinates":[[-123.075379589187,49.310637613702426],[-123.07515351306344,49.310858306260144]]}},{"id":"691","type":"Feature","properties":{"supply_spaces":4,"occupancy_peak":1.11,"occupancy_mean":0.6950000000000001,"peak_period":"weekend_1618","at_practical_capacity":true},"geometry":{"type":"LineString","coordinates":[[-123.07528432687006,49.31088597379725],[-123.07546333880582,49.31071122377463]]}},{"id":"692","type":"Feature","properties":{"supply_spaces":2,"occupancy_peak":0.86,"occupancy_mean":0.48375000000000007,"peak_period":"weekday_1618","at_practical_capacity":true},"geometry":{"type":"LineString","coordinates":[[-123.07502905555418,49.31097381714222],[-123.07491280093167,49.31108730046565]]}},{"id":"693","type":"Feature","properties":{"supply_spaces":2,"occupancy_peak":1.0,"occupancy_mean":0.75,"peak_period":"weekday_1113","at_practical_capacity":true},"geometry":{"type":"LineString","coordinates":[[-123.07507259036396,49.31109400159576],[-123.07515180055331,49.311017702890375]]}},{"id":"694","type":"Feature","properties":{"supply_spaces":1,"occupancy_peak":0.7,"occupancy_mean":0.0875,"peak_period":"weekday_1618","at_practical_capacity":false},"geometry":{"type":"LineString","coordinates":[[-123.07500007919437,49.31116342451848],[-123.07507259036396,49.31109400159576]]}},{"id":"695","type":"Feature","properties":{"supply_spaces":3,"occupancy_peak":0.0,"occupancy_mean":0.0,"peak_period":"weekday_0709","at_practical_capacity":false},"geometry":{"type":"LineString","coordinates":[[-123.07491280093167,49.31108730046565],[-123.07478670338132,49.311208947723436]]}},{"id":"696","type":"Feature","properties":{"supply_spaces":1,"occupancy_peak":1.46,"occupancy_mean":0.73,"peak_period":"weekday_1618","at_practical_capacity":true},"geometry":{"type":"LineString","coordinates":[[-123.07496610636441,49.31119658821884],[-123.07500007919437,49.31116342451848]]}},{"id":"697","type":"Feature","properties":{"supply_spaces":5,"occupancy_peak":0.84,"occupancy_mean":0.5775,"peak_period":"weekend_1113","at_practical_capacity":false},"geometry":{"type":"LineString","coordinates":[[-123.0761492398573,49.31074800561644],[-123.07579273158984,49.31059550444098]]}},{"id":"698","type":"Feature","properties":{"supply_spaces":2,"occupancy_peak":1.04,"occupancy_mean":0.455,"peak_period":"weekday_1113","at_practical_capacity":true},"geometry":{"type":"LineString","coordinates":[[-123.07629288978437,49.310809452864355],[-123.0761492398573,49.31074800561644]]}},{"id":"699","type":"Feature","properties":{"supply_spaces":30,"occupancy_peak":0.96,"occupancy_mean":0.66875,"peak_period":"weekend_1113","at_practical_capacity":true},"geometry":{"type":"LineString","coordinates":[[-123.0756804879167,49.310708535257994],[-123.07681669960782,49.311193528991076]]}},{"id":"700","type":"Feature","properties":{"supply_spaces":15,"occupancy_peak":1.18,"occupancy_mean":0.95375,"peak_period":"weekday_1618","at_practical_capacity":true},"geometry":{"type":"LineString","coordinates":[[-123.07743134169002,49.31129642519348],[-123.07629288978437,49.310809452864355]]}},{"id":"701","type":"Feature","properties":{"supply_spaces":2,"occupancy_peak":0.93,"occupancy_mean":0.63875,"peak_period":"weekday_1618","at_practical_capacity":true},"geometry":{"type":"LineString","coordinates":[[-123.07698257352992,49.311265670205685],[-123.07681669960782,49.311193528991076]]}},{"id":"702","type":"Feature","properties":{"supply_spaces":2,"occupancy_peak":0.0,"occupancy_mean":0.0,"peak_period":"weekday_0709","at_practical_capacity":false},"geometry":{"type":"LineString","coordinates":[[-123.07698257352992,49.311265670205685],[-123.07711300521892,49.31132130178586]]}},{"id":"703","type":"Feature","properties":{"supply_spaces":16,"occupancy_peak":1.09,"occupancy_mean":0.76,"peak_period":"weekend_1618","at_practical_capacity":true},"geometry":{"type":"LineString","coordinates":[[-123.07626657756926,49.31192044076664],[-123.07509838580205,49.31141678947935]]}},{"id":"704","type":"Feature","properties":{"supply_spaces":6,"occupancy_peak":1.22,"occupancy_mean":0.7187499999999999,"peak_period":"weekday_1113","at_practical_capacity":true},"geometry":{"type":"LineString","coordinates":[[-123.07550149728895,49.31172313212839],[-123.07593033082625,49.31190801681803]]}},{"id":"705","type":"Feature","properties":{"supply_spaces":2,"occupancy_peak":0.63,"occupancy_mean":0.1575,"peak_period":"weekday_1618","at_practical_capacity":false},"geometry":{"type":"LineString","coordinates":[[-123.07638383903934,49.311973054093514],[-123.07626657756926,49.31192044076664]]}},{"id":"706","type":"Feature","properties":{"supply_spaces":7,"occupancy_peak":1.22,"occupancy_mean":0.82875,"peak_period":"weekend_2123","at_practical_capacity":true},"geometry":{"type":"LineString","coordinates":[[-123.07605567744619,49.311966834503345],[-123.07660841972636,49.312205137187824]]}},{"id":"707","type":"Feature","properties":{"supply_spaces":4,"occupancy_peak":1.35,"occupancy_mean":0.7425000000000002,"peak_period":"weekday_0709","at_practical_capacity":true},"geometry":{"type":"LineString","coordinates":[[-123.07454167359674,49.31145907169661],[-123.07435703111199,49.311638178432915]]}},{"id":"708","type":"Feature","properties":{"supply_spaces":5,"occupancy_peak":0.96,"occupancy_mean":0.6212499999999999,"peak_period":"weekday_1618","at_practical_capacity":true},"geometry":{"type":"LineString","coordinates":[[-123.0744593072831,49.31169435013461],[-123.07472015037209,49.311441325089056]]}},{"id":"709","type":"Feature","properties":{"supply_spaces":2,"occupancy_peak":1.9,"occupancy_mean":1.1275,"peak_period":"weekend_2123","at_practical_capacity":true},"geometry":{"type":"LineString","coordinates":[[-123.07515422462653,49.311566634533825],[-123.07531169302524,49.31163452621252]]}},{"id":"710","type":"Feature","properties":{"supply_spaces":6,"occupancy_peak":0.0,"occupancy_mean":0.0,"peak_period":"weekday_0709","at_practical_capacity":false},"geometry":{"type":"LineString","coordinates":[[-123.07417422382305,49.31210490474453],[-123.0746244282701,49.31228930110893]]}},{"id":"711","type":"Feature","properties":{"supply_spaces":6,"occupancy_peak":1.01,"occupancy_mean":0.5449999999999999,"peak_period":"weekday_1113","at_practical_capacity":true},"geometry":{"type":"LineString","coordinates":[[-123.07548547616436,49.312709126546565],[-123.07504677944704,49.312512389258124]]}},{"id":"712","type":"Feature","properties":{"supply_spaces":11,"occupancy_peak":0.85,"occupancy_mean":0.59,"peak_period":"weekday_1113","at_practical_capacity":true},"geometry":{"type":"LineString","coordinates":[[-123.07466472504133,49.31245985780012],[-123.07544685345441,49.31281061231227]]}},{"id":"713","type":"Feature","properties":{"supply_spaces":13,"occupancy_peak":1.04,"occupancy_mean":0.77,"peak_period":"weekday_0709","at_practical_capacity":true},"geometry":{"type":"LineString","coordinates":[[-123.07477288091054,49.313627799782246],[-123.07384006787609,49.31322209054982]]}},{"id":"714","type":"Feature","properties":{"supply_spaces":8,"occupancy_peak":0.89,"occupancy_mean":0.6325,"peak_period":"weekend_2123","at_practical_capacity":true},"geometry":{"type":"LineString","coordinates":[[-123.07525071367196,49.31373096868125],[-123.07466387426737,49.31347359933585]]}},{"id":"715","type":"Feature","properties":{"supply_spaces":3,"occupancy_peak":0.0,"occupancy_mean":0.0,"peak_period":"weekday_0709","at_practical_capacity":false},"geometry":{"type":"LineString","coordinates":[[-123.07500577714062,49.31373113420032],[-123.07477288091054,49.313627799782246]]}},{"id":"716","type":"Feature","properties":{"supply_spaces":2,"occupancy_peak":1.04,"occupancy_mean":0.325,"peak_period":"weekday_1113","at_practical_capacity":true},"geometry":{"type":"LineString","coordinates":[[-123.07539605390775,49.31379156317476],[-123.07525071367196,49.31373096868125]]}},{"id":"717","type":"Feature","properties":{"supply_spaces":10,"occupancy_peak":1.14,"occupancy_mean":0.7499999999999999,"peak_period":"weekend_2123","at_practical_capacity":true},"geometry":{"type":"LineString","coordinates":[[-123.07710586418519,49.31228433321011],[-123.07638383903934,49.311973054093514]]}},{"id":"718","type":"Feature","properties":{"supply_spaces":3,"occupancy_peak":1.89,"occupancy_mean":0.7549999999999999,"peak_period":"weekend_2123","at_practical_capacity":true},"geometry":{"type":"LineString","coordinates":[[-123.07680998491222,49.31228846830133],[-123.077007963041,49.31237381905976]]}},{"id":"719","type":"Feature","properties":{"supply_spaces":1,"occupancy_peak":0.0,"occupancy_mean":0.0,"peak_period":"weekday_0709","at_practical_capacity":false},"geometry":{"type":"LineString","coordinates":[[-123.07555240517806,49.31273914183174],[-123.07548547616436,49.312709126546565]]}},{"id":"720","type":"Feature","properties":{"supply_spaces":3,"occupancy_peak":0.78,"occupancy_mean":0.14625,"peak_period":"weekday_1113","at_practical_capacity":false},"geometry":{"type":"LineString","coordinates":[[-123.07544685345441,49.31281061231227],[-123.07564059899914,49.31289219920974]]}},{"id":"721","type":"Feature","properties":{"supply_spaces":8,"occupancy_peak":0.91,"occupancy_mean":0.7312500000000001,"peak_period":"weekday_1113","at_practical_capacity":true},"geometry":{"type":"LineString","coordinates":[[-123.07611923920005,49.31299333829893],[-123.07555240517806,49.31273914183174]]}},{"id":"722","type":"Feature","properties":{"supply_spaces":2,"occupancy_peak":0.0,"occupancy_mean":0.0,"peak_period":"weekday_0709","at_practical_capacity":false},"geometry":{"type":"LineString","coordinates":[[-123.07564059899914,49.31289219920974],[-123.07581674330456,49.312961596338276]]}},{"id":"723","type":"Feature","properties":{"supply_spaces":2,"occupancy_peak":1.21,"occupancy_mean":0.3775,"peak_period":"weekend_1618","at_practical_capacity":true},"geometry":{"type":"LineString","coordinates":[[-123.07611923920005,49.31299333829893],[-123.07624225596872,49.31304718839735]]}},{"id":"724","type":"Feature","properties":{"supply_spaces":6,"occupancy_peak":0.99,"occupancy_mean":0.57875,"peak_period":"weekday_1113","at_practical_capacity":true},"geometry":{"type":"LineString","coordinates":[[-123.07581674330456,49.312961596338276],[-123.07626188771559,49.31316121926836]]}},{"id":"725","type":"Feature","properties":{"supply_spaces":1,"occupancy_peak":0.79,"occupancy_mean":0.29625,"peak_period":"weekday_2123","at_practical_capacity":false},"geometry":{"type":"LineString","coordinates":[[-123.07624225596872,49.31304718839735],[-123.0763409122807,49.31308404017468]]}},{"id":"726","type":"Feature","properties":{"supply_spaces":5,"occupancy_peak":0.0,"occupancy_mean":0.0,"peak_period":"weekday_0709","at_practical_capacity":false},"geometry":{"type":"LineString","coordinates":[[-123.07648806665428,49.313141061937195],[-123.07686545563013,49.31330836109294]]}},{"id":"727","type":"Feature","properties":{"supply_spaces":5,"occupancy_peak":0.0,"occupancy_mean":0.0,"peak_period":"weekday_0709","at_practical_capacity":false},"geometry":{"type":"LineString","coordinates":[[-123.07639157052638,49.313219204365026],[-123.07678111915686,49.313383624511374]]}},{"id":"728","type":"Feature","properties":{"supply_spaces":2,"occupancy_peak":0.54,"occupancy_mean":0.0675,"peak_period":"weekend_1618","at_practical_capacity":false},"geometry":{"type":"LineString","coordinates":[[-123.07654970839091,49.31375457873113],[-123.07646066130108,49.31384507647702]]}},{"id":"729","type":"Feature","properties":{"supply_spaces":10,"occupancy_peak":1.01,"occupancy_mean":0.5800000000000001,"peak_period":"weekend_1113","at_practical_capacity":true},"geometry":{"type":"LineString","coordinates":[[-123.07649020235073,49.31411518236434],[-123.07699000074481,49.31363647798974]]}},{"id":"730","type":"Feature","properties":{"supply_spaces":3,"occupancy_peak":0.73,"occupancy_mean":0.45374999999999993,"peak_period":"weekday_1113","at_practical_capacity":false},"geometry":{"type":"LineString","coordinates":[[-123.07646066130108,49.31384507647702],[-123.07633164255473,49.31398200911383]]}},{"id":"731","type":"Feature","properties":{"supply_spaces":4,"occupancy_peak":0.0,"occupancy_mean":0.0,"peak_period":"weekday_0709","at_practical_capacity":false},"geometry":{"type":"LineString","coordinates":[[-123.07545742259121,49.31392932305992],[-123.07576996883142,49.31406477676886]]}},{"id":"732","type":"Feature","properties":{"supply_spaces":4,"occupancy_peak":1.06,"occupancy_mean":0.7625000000000001,"peak_period":"weekday_1113","at_practical_capacity":true},"geometry":{"type":"LineString","coordinates":[[-123.07602223845736,49.314062469364195],[-123.0757402919276,49.31394127605052]]}},{"id":"733","type":"Feature","properties":{"supply_spaces":3,"occupancy_peak":1.19,"occupancy_mean":1.0399999999999998,"peak_period":"weekday_0709","at_practical_capacity":true},"geometry":{"type":"LineString","coordinates":[[-123.07576996883142,49.31406477676886],[-123.07595793382309,49.31414604847962]]}},{"id":"734","type":"Feature","properties":{"supply_spaces":4,"occupancy_peak":1.24,"occupancy_mean":1.02125,"peak_period":"weekend_1618","at_practical_capacity":true},"geometry":{"type":"LineString","coordinates":[[-123.07682548923368,49.31442250241784],[-123.07651841719908,49.31429990018213]]}},{"id":"735","type":"Feature","properties":{"supply_spaces":1,"occupancy_peak":1.07,"occupancy_mean":0.2675,"peak_period":"weekday_2123","at_practical_capacity":true},"geometry":{"type":"LineString","coordinates":[[-123.07618960523797,49.3144119250257],[-123.07623479362007,49.31436590045215]]}},{"id":"736","type":"Feature","properties":{"supply_spaces":5,"occupancy_peak":0.0,"occupancy_mean":0.0,"peak_period":"weekday_0709","at_practical_capacity":false},"geometry":{"type":"LineString","coordinates":[[-123.07578969437539,49.31451569577616],[-123.07603722810066,49.31427493966544]]}},{"id":"737","type":"Feature","properties":{"supply_spaces":5,"occupancy_peak":1.05,"occupancy_mean":0.91875,"peak_period":"weekend_0709","at_practical_capacity":true},"geometry":{"type":"LineString","coordinates":[[-123.07642858599863,49.31435469855978],[-123.07678484606623,49.314505828785855]]}},{"id":"738","type":"Feature","properties":{"supply_spaces":1,"occupancy_peak":0.89,"occupancy_mean":0.6675,"peak_period":"weekday_0709","at_practical_capacity":true},"geometry":{"type":"LineString","coordinates":[[-123.07618960523797,49.3144119250257],[-123.07612852797837,49.31446408662825]]}},{"id":"739","type":"Feature","properties":{"supply_spaces":4,"occupancy_peak":0.25,"occupancy_mean":0.0625,"peak_period":"weekday_1618","at_practical_capacity":false},"geometry":{"type":"LineString","coordinates":[[-123.07678484606623,49.314505828785855],[-123.0770777357084,49.31463700762566]]}},{"id":"740","type":"Feature","properties":{"supply_spaces":6,"occupancy_peak":0.78,"occupancy_mean":0.7000000000000001,"peak_period":"weekday_1113","at_practical_capacity":false},"geometry":{"type":"LineString","coordinates":[[-123.07581594076355,49.31477844775122],[-123.07612852797837,49.31446408662825]]}},{"id":"741","type":"Feature","properties":{"supply_spaces":4,"occupancy_peak":0.75,"occupancy_mean":0.6875,"peak_period":"weekday_1113","at_practical_capacity":false},"geometry":{"type":"LineString","coordinates":[[-123.0770777357084,49.31463700762566],[-123.07720887977996,49.314695467558266]]}},{"id":"742","type":"Feature","properties":{"supply_spaces":8,"occupancy_peak":0.87,"occupancy_mean":0.6225,"peak_period":"weekday_1618","at_practical_capacity":true},"geometry":{"type":"LineString","coordinates":[[-123.07539021415725,49.314907244088886],[-123.07578969437539,49.31451569577616]]}},{"id":"743","type":"Feature","properties":{"supply_spaces":5,"occupancy_peak":0.0,"occupancy_mean":0.0,"peak_period":"weekday_0709","at_practical_capacity":false},"geometry":{"type":"LineString","coordinates":[[-123.07581594076355,49.31477844775122],[-123.07559422278501,49.31500349898653]]}},{"id":"744","type":"Feature","properties":{"supply_spaces":4,"occupancy_peak":1.2,"occupancy_mean":1.14,"peak_period":"weekday_0709","at_practical_capacity":true},"geometry":{"type":"LineString","coordinates":[[-123.07595782381973,49.31528335346617],[-123.0756452715371,49.31514932782272]]}},{"id":"745","type":"Feature","properties":{"supply_spaces":2,"occupancy_peak":0.85,"occupancy_mean":0.7974999999999999,"peak_period":"weekday_0709","at_practical_capacity":true},"geometry":{"type":"LineString","coordinates":[[-123.07556275300293,49.31522720671835],[-123.07573609784319,49.31530412569694]]}},{"id":"746","type":"Feature","properties":{"supply_spaces":4,"occupancy_peak":0.0,"occupancy_mean":0.0,"peak_period":"weekday_0709","at_practical_capacity":false},"geometry":{"type":"LineString","coordinates":[[-123.07573609784319,49.31530412569694],[-123.07603918358751,49.31543625215286]]}},{"id":"747","type":"Feature","properties":{"supply_spaces":2,"occupancy_peak":1.24,"occupancy_mean":0.6975,"peak_period":"weekday_0709","at_practical_capacity":true},"geometry":{"type":"LineString","coordinates":[[-123.07551844641674,49.31384217709764],[-123.07539605390775,49.31379156317476]]}},{"id":"748","type":"Feature","properties":{"supply_spaces":6,"occupancy_peak":1.97,"occupancy_mean":1.1712500000000001,"peak_period":"weekend_2123","at_practical_capacity":true},"geometry":{"type":"LineString","coordinates":[[-123.07545742259121,49.31392932305992],[-123.07500577714062,49.31373113420032]]}},{"id":"749","type":"Feature","properties":{"supply_spaces":5,"occupancy_peak":0.81,"occupancy_mean":0.505,"peak_period":"weekend_0709","at_practical_capacity":false},"geometry":{"type":"LineString","coordinates":[[-123.07517828148124,49.31495852122425],[-123.07480490888608,49.31480406624074]]}},{"id":"750","type":"Feature","properties":{"supply_spaces":11,"occupancy_peak":0.88,"occupancy_mean":0.745,"peak_period":"weekend_1113","at_practical_capacity":true},"geometry":{"type":"LineString","coordinates":[[-123.07509396829806,49.31520017248372],[-123.07454147467043,49.31576220186104]]}},{"id":"751","type":"Feature","properties":{"supply_spaces":11,"occupancy_peak":0.97,"occupancy_mean":0.79875,"peak_period":"weekday_0709","at_practical_capacity":true},"geometry":{"type":"LineString","coordinates":[[-123.07531253324986,49.31529284914964],[-123.074730884274,49.31583228827738]]}},{"id":"752","type":"Feature","properties":{"supply_spaces":4,"occupancy_peak":1.17,"occupancy_mean":0.8787499999999999,"peak_period":"weekend_2123","at_practical_capacity":true},"geometry":{"type":"LineString","coordinates":[[-123.07509234737373,49.316173957706916],[-123.07477178041297,49.3160385074026]]}},{"id":"753","type":"Feature","properties":{"supply_spaces":3,"occupancy_peak":1.17,"occupancy_mean":0.78,"peak_period":"weekday_0709","at_practical_capacity":true},"geometry":{"type":"LineString","coordinates":[[-123.0746876081759,49.31610746177002],[-123.07487704005614,49.31619123310796]]}},{"id":"754","type":"Feature","properties":{"supply_spaces":5,"occupancy_peak":1.83,"occupancy_mean":0.7362500000000001,"peak_period":"weekday_2123","at_practical_capacity":true},"geometry":{"type":"LineString","coordinates":[[-123.07444646277088,49.31615500815871],[-123.07420046398147,49.31639671327823]]}},{"id":"755","type":"Feature","properties":{"supply_spaces":2,"occupancy_peak":0.81,"occupancy_mean":0.555,"peak_period":"weekday_2123","at_practical_capacity":false},"geometry":{"type":"LineString","coordinates":[[-123.07501219429503,49.31625278724164],[-123.07519870556663,49.31633072840819]]}},{"id":"756","type":"Feature","properties":{"supply_spaces":3,"occupancy_peak":0.0,"occupancy_mean":0.0,"peak_period":"weekday_0709","at_practical_capacity":false},"geometry":{"type":"LineString","coordinates":[[-123.07452793334353,49.31667530637956],[-123.07432727939386,49.31658967430656]]}},{"id":"757","type":"Feature","properties":{"supply_spaces":1,"occupancy_peak":0.92,"occupancy_mean":0.6900000000000001,"peak_period":"weekday_1618","at_practical_capacity":true},"geometry":{"type":"LineString","coordinates":[[-123.07603918358751,49.31543625215286],[-123.07612192815527,49.31546959657746]]}},{"id":"758","type":"Feature","properties":{"supply_spaces":9,"occupancy_peak":1.25,"occupancy_mean":1.135,"peak_period":"weekday_2123","at_practical_capacity":true},"geometry":{"type":"LineString","coordinates":[[-123.07684504306374,49.315667725868735],[-123.07618514093998,49.31538458968433]]}},{"id":"759","type":"Feature","properties":{"supply_spaces":3,"occupancy_peak":1.15,"occupancy_mean":0.97,"peak_period":"weekday_0709","at_practical_capacity":true},"geometry":{"type":"LineString","coordinates":[[-123.07623121897245,49.3155195032479],[-123.07648986319548,49.31563238127258]]}},{"id":"760","type":"Feature","properties":{"supply_spaces":1,"occupancy_peak":0.98,"occupancy_mean":0.9800000000000002,"peak_period":"weekday_0709","at_practical_capacity":true},"geometry":{"type":"LineString","coordinates":[[-123.07661736265273,49.31568703574344],[-123.0766902270648,49.315722687261854]]}},{"id":"761","type":"Feature","properties":{"supply_spaces":5,"occupancy_peak":1.57,"occupancy_mean":1.0037500000000001,"peak_period":"weekday_2123","at_practical_capacity":true},"geometry":{"type":"LineString","coordinates":[[-123.07677219185842,49.31575833268936],[-123.07715469388118,49.315921104683646]]}},{"id":"762","type":"Feature","properties":{"supply_spaces":10,"occupancy_peak":1.12,"occupancy_mean":0.9562500000000002,"peak_period":"weekday_2123","at_practical_capacity":true},"geometry":{"type":"LineString","coordinates":[[-123.07597938969633,49.316555362124966],[-123.07524717046888,49.316241686529544]]}},{"id":"763","type":"Feature","properties":{"supply_spaces":9,"occupancy_peak":1.3,"occupancy_mean":0.82625,"peak_period":"weekday_1113","at_practical_capacity":true},"geometry":{"type":"LineString","coordinates":[[-123.07533130249035,49.31638490513245],[-123.07576408321944,49.31657406760198]]}},{"id":"764","type":"Feature","properties":{"supply_spaces":3,"occupancy_peak":0.0,"occupancy_mean":0.0,"peak_period":"weekday_0709","at_practical_capacity":false},"geometry":{"type":"LineString","coordinates":[[-123.0761837571287,49.31676133281846],[-123.07594332275492,49.316656772548136]]}},{"id":"765","type":"Feature","properties":{"supply_spaces":2,"occupancy_peak":0.0,"occupancy_mean":0.0,"peak_period":"weekday_0709","at_practical_capacity":false},"geometry":{"type":"LineString","coordinates":[[-123.0761837571287,49.31676133281846],[-123.07634404871628,49.31683167414091]]}},{"id":"766","type":"Feature","properties":{"supply_spaces":17,"occupancy_peak":1.06,"occupancy_mean":0.8200000000000001,"peak_period":"weekend_1113","at_practical_capacity":true},"geometry":{"type":"LineString","coordinates":[[-123.07738921610078,49.31716369775996],[-123.07612329440424,49.31662309694722]]}},{"id":"767","type":"Feature","properties":{"supply_spaces":3,"occupancy_peak":0.0,"occupancy_mean":0.0,"peak_period":"weekday_0709","at_practical_capacity":false},"geometry":{"type":"LineString","coordinates":[[-123.07497432479028,49.316866557083415],[-123.07476347644469,49.31678100884165]]}},{"id":"768","type":"Feature","properties":{"supply_spaces":2,"occupancy_peak":0.0,"occupancy_mean":0.0,"peak_period":"weekday_0709","at_practical_capacity":false},"geometry":{"type":"LineString","coordinates":[[-123.07513643139123,49.316934281321444],[-123.07497432479028,49.316866557083415]]}},{"id":"769","type":"Feature","properties":{"supply_spaces":12,"occupancy_peak":1.17,"occupancy_mean":0.70875,"peak_period":"weekday_1618","at_practical_capacity":true},"geometry":{"type":"MultiLineString","coordinates":[[[-123.0757848719223,49.31722045509588],[-123.07513643139123,49.316934281321444]],[[-123.07476347644469,49.31678100884165],[-123.07452793334353,49.31667530637956]]]}},{"id":"770","type":"Feature","properties":{"supply_spaces":2,"occupancy_peak":0.0,"occupancy_mean":0.0,"peak_period":"weekday_0709","at_practical_capacity":false},"geometry":{"type":"LineString","coordinates":[[-123.07439562530512,49.31795386274395],[-123.07451835557974,49.31800422111255]]}},{"id":"771","type":"Feature","properties":{"supply_spaces":4,"occupancy_peak":0.48,"occupancy_mean":0.42,"peak_period":"weekday_0709","at_practical_capacity":false},"geometry":{"type":"LineString","coordinates":[[-123.07451835557974,49.31800422111255],[-123.07483705781515,49.31813334161832]]}},{"id":"772","type":"Feature","properties":{"supply_spaces":2,"occupancy_peak":0.0,"occupancy_mean":0.0,"peak_period":"weekday_0709","at_practical_capacity":false},"geometry":{"type":"LineString","coordinates":[[-123.07538306705298,49.31813169417741],[-123.075553110142,49.31807209212002]]}},{"id":"773","type":"Feature","properties":{"supply_spaces":4,"occupancy_peak":0.0,"occupancy_mean":0.0,"peak_period":"weekday_0709","at_practical_capacity":false},"geometry":{"type":"LineString","coordinates":[[-123.07483705781515,49.31813334161832],[-123.07517737128528,49.31816286581835]]}},{"id":"774","type":"Feature","properties":{"supply_spaces":7,"occupancy_peak":0.0,"occupancy_mean":0.0,"peak_period":"weekday_0709","at_practical_capacity":false},"geometry":{"type":"LineString","coordinates":[[-123.07449676899364,49.31883055095337],[-123.07445042121006,49.31867716907193],[-123.07433990032379,49.31857956131988],[-123.07415450978972,49.31849125030355]]}},{"id":"775","type":"Feature","properties":{"supply_spaces":20,"occupancy_peak":1.1,"occupancy_mean":0.85625,"peak_period":"weekend_1618","at_practical_capacity":true},"geometry":{"type":"MultiLineString","coordinates":[[[-123.07340581832214,49.31891653801661],[-123.0741786934558,49.31892779577512]],[[-123.07461483619251,49.31892779567395],[-123.07513297795509,49.31893709197517],[-123.07556080029781,49.319098219666465]]]}},{"id":"776","type":"Feature","properties":{"supply_spaces":20,"occupancy_peak":1.22,"occupancy_mean":1.02125,"peak_period":"weekend_1113","at_practical_capacity":true},"geometry":{"type":"MultiLineString","coordinates":[[[-123.07343765636207,49.31901565208872],[-123.07447393958789,49.31901565191859]],[[-123.07471161836165,49.31904044108271],[-123.07506338531522,49.31904663836666],[-123.07545317907595,49.319176780476845]]]}},{"id":"777","type":"Feature","properties":{"supply_spaces":6,"occupancy_peak":1.46,"occupancy_mean":1.035,"peak_period":"weekday_2123","at_practical_capacity":true},"geometry":{"type":"LineString","coordinates":[[-123.07634404871628,49.31683167414091],[-123.07664422667945,49.31695999326274]]}},{"id":"778","type":"Feature","properties":{"supply_spaces":1,"occupancy_peak":1.55,"occupancy_mean":1.16,"peak_period":"weekday_1618","at_practical_capacity":true},"geometry":{"type":"LineString","coordinates":[[-123.07676954980862,49.31701702910605],[-123.0768657248369,49.317058852763545]]}},{"id":"779","type":"Feature","properties":{"supply_spaces":5,"occupancy_peak":1.52,"occupancy_mean":0.8137500000000001,"peak_period":"weekend_0709","at_practical_capacity":true},"geometry":{"type":"LineString","coordinates":[[-123.07698957639565,49.31710541722596],[-123.07733056706289,49.317256555871936]]}},{"id":"780","type":"Feature","properties":{"supply_spaces":2,"occupancy_peak":0.0,"occupancy_mean":0.0,"peak_period":"weekday_0709","at_practical_capacity":false},"geometry":{"type":"LineString","coordinates":[[-123.0757848719223,49.31722045509588],[-123.0758790907714,49.31729687788951]]}},{"id":"781","type":"Feature","properties":{"supply_spaces":3,"occupancy_peak":0.89,"occupancy_mean":0.6675,"peak_period":"weekday_1618","at_practical_capacity":true},"geometry":{"type":"LineString","coordinates":[[-123.07600030615255,49.31765942663497],[-123.07598248072101,49.31746188482138]]}},{"id":"782","type":"Feature","properties":{"supply_spaces":4,"occupancy_peak":0.0,"occupancy_mean":0.0,"peak_period":"weekday_0709","at_practical_capacity":false},"geometry":{"type":"LineString","coordinates":[[-123.07696410908088,49.31784196725793],[-123.07717445663397,49.31763512902263]]}},{"id":"783","type":"Feature","properties":{"supply_spaces":4,"occupancy_peak":0.0,"occupancy_mean":0.0,"peak_period":"weekday_0709","at_practical_capacity":false},"geometry":{"type":"LineString","coordinates":[[-123.07696410908088,49.31784196725793],[-123.0767501975356,49.31804183175408]]}},{"id":"784","type":"Feature","properties":{"supply_spaces":5,"occupancy_peak":0.62,"occupancy_mean":0.20625,"peak_period":"weekend_2123","at_practical_capacity":false},"geometry":{"type":"LineString","coordinates":[[-123.07715306550566,49.31784893932163],[-123.07690706616735,49.318083664522206]]}},{"id":"785","type":"Feature","properties":{"supply_spaces":7,"occupancy_peak":1.13,"occupancy_mean":0.7775,"peak_period":"weekend_2123","at_practical_capacity":true},"geometry":{"type":"LineString","coordinates":[[-123.07646973549156,49.318546913709135],[-123.07611915808299,49.31889163659153]]}},{"id":"786","type":"Feature","properties":{"supply_spaces":7,"occupancy_peak":1.39,"occupancy_mean":0.695,"peak_period":"weekend_2123","at_practical_capacity":true},"geometry":{"type":"MultiLineString","coordinates":[[[-123.07629147649311,49.31856240687279],[-123.07607162176927,49.318756071875676]],[[-123.07591118845137,49.3189303696294],[-123.07573887102238,49.31906980716734]]]}},{"id":"787","type":"Feature","properties":{"supply_spaces":6,"occupancy_peak":0.0,"occupancy_mean":0.0,"peak_period":"weekday_0709","at_practical_capacity":false},"geometry":{"type":"LineString","coordinates":[[-123.08034215081192,49.31480812047547],[-123.08075309637117,49.314999183760584]]}},{"id":"788","type":"Feature","properties":{"supply_spaces":3,"occupancy_peak":0.0,"occupancy_mean":0.0,"peak_period":"weekday_0709","at_practical_capacity":false},"geometry":{"type":"LineString","coordinates":[[-123.0799616487114,49.31488667882723],[-123.07982498536568,49.315020051363646]]}},{"id":"789","type":"Feature","properties":{"supply_spaces":2,"occupancy_peak":0.0,"occupancy_mean":0.0,"peak_period":"weekday_0709","at_practical_capacity":false},"geometry":{"type":"LineString","coordinates":[[-123.07997829821267,49.31505231252686],[-123.08008587949129,49.31494466353468]]}},{"id":"790","type":"Feature","properties":{"supply_spaces":7,"occupancy_peak":0.0,"occupancy_mean":0.0,"peak_period":"weekday_0709","at_practical_capacity":false},"geometry":{"type":"LineString","coordinates":[[-123.08032927617879,49.3149499753466],[-123.0808348936092,49.315153347987696]]}},{"id":"791","type":"Feature","properties":{"supply_spaces":6,"occupancy_peak":0.5,"occupancy_mean":0.37250000000000005,"peak_period":"weekend_0709","at_practical_capacity":false},"geometry":{"type":"LineString","coordinates":[[-123.08119609396974,49.315197838337134],[-123.08075309637117,49.314999183760584]]}},{"id":"792","type":"Feature","properties":{"supply_spaces":5,"occupancy_peak":0.19,"occupancy_mean":0.02375,"peak_period":"weekend_1113","at_practical_capacity":false},"geometry":{"type":"LineString","coordinates":[[-123.0808348936092,49.315153347987696],[-123.08123271326457,49.31532823470939]]}},{"id":"793","type":"Feature","properties":{"supply_spaces":5,"occupancy_peak":0.6,"occupancy_mean":0.55,"peak_period":"weekday_0709","at_practical_capacity":false},"geometry":{"type":"LineString","coordinates":[[-123.08119609396974,49.315197838337134],[-123.08156477271535,49.31536131967704]]}},{"id":"794","type":"Feature","properties":{"supply_spaces":4,"occupancy_peak":0.84,"occupancy_mean":0.735,"peak_period":"weekday_1618","at_practical_capacity":false},"geometry":{"type":"LineString","coordinates":[[-123.07958509472819,49.31525250149929],[-123.07940772003316,49.31542493230293]]}},{"id":"795","type":"Feature","properties":{"supply_spaces":7,"occupancy_peak":0.0,"occupancy_mean":0.0,"peak_period":"weekday_0709","at_practical_capacity":false},"geometry":{"type":"LineString","coordinates":[[-123.07987805259243,49.31517433325419],[-123.07952438470504,49.31552264347452]]}},{"id":"796","type":"Feature","properties":{"supply_spaces":6,"occupancy_peak":0.99,"occupancy_mean":0.80125,"peak_period":"weekday_0709","at_practical_capacity":true},"geometry":{"type":"LineString","coordinates":[[-123.08123271326457,49.31532823470939],[-123.08168590372038,49.31552402428148]]}},{"id":"797","type":"Feature","properties":{"supply_spaces":4,"occupancy_peak":1.26,"occupancy_mean":0.8175,"peak_period":"weekend_2123","at_practical_capacity":true},"geometry":{"type":"LineString","coordinates":[[-123.08420278578828,49.31523123919512],[-123.08440450052726,49.31503950489878]]}},{"id":"798","type":"Feature","properties":{"supply_spaces":3,"occupancy_peak":1.11,"occupancy_mean":0.8325000000000001,"peak_period":"weekday_1113","at_practical_capacity":true},"geometry":{"type":"LineString","coordinates":[[-123.0820762566593,49.31558372271254],[-123.08187607008666,49.31549641141296]]}},{"id":"799","type":"Feature","properties":{"supply_spaces":4,"occupancy_peak":0.25,"occupancy_mean":0.03125,"peak_period":"weekday_1113","at_practical_capacity":false},"geometry":{"type":"LineString","coordinates":[[-123.08168590372038,49.31552402428148],[-123.08197880944769,49.31565423898546]]}},{"id":"800","type":"Feature","properties":{"supply_spaces":3,"occupancy_peak":1.18,"occupancy_mean":0.98,"peak_period":"weekday_1113","at_practical_capacity":true},"geometry":{"type":"LineString","coordinates":[[-123.08373131667577,49.31552843971682],[-123.0836019253231,49.31565133931439]]}},{"id":"801","type":"Feature","properties":{"supply_spaces":4,"occupancy_peak":1.18,"occupancy_mean":0.9775,"peak_period":"weekday_1618","at_practical_capacity":true},"geometry":{"type":"LineString","coordinates":[[-123.08393202689741,49.315496802201515],[-123.08371758770897,49.31570044452424]]}},{"id":"802","type":"Feature","properties":{"supply_spaces":2,"occupancy_peak":0.55,"occupancy_mean":0.06875,"peak_period":"weekday_1113","at_practical_capacity":false},"geometry":{"type":"LineString","coordinates":[[-123.08221177686788,49.315641697110664],[-123.0820762566593,49.31558372271254]]}},{"id":"803","type":"Feature","properties":{"supply_spaces":2,"occupancy_peak":1.17,"occupancy_mean":1.0225,"peak_period":"weekday_0709","at_practical_capacity":true},"geometry":{"type":"LineString","coordinates":[[-123.08197880944769,49.31565423898546],[-123.08210849759867,49.315707458320794]]}},{"id":"804","type":"Feature","properties":{"supply_spaces":5,"occupancy_peak":1.05,"occupancy_mean":0.76125,"peak_period":"weekday_1113","at_practical_capacity":true},"geometry":{"type":"LineString","coordinates":[[-123.08256442800472,49.3157956680106],[-123.08221177686788,49.315641697110664]]}},{"id":"805","type":"Feature","properties":{"supply_spaces":2,"occupancy_peak":0.0,"occupancy_mean":0.0,"peak_period":"weekday_0709","at_practical_capacity":false},"geometry":{"type":"LineString","coordinates":[[-123.08210849759867,49.315707458320794],[-123.08224548002984,49.31576828759108]]}},{"id":"806","type":"Feature","properties":{"supply_spaces":2,"occupancy_peak":0.88,"occupancy_mean":0.715,"peak_period":"weekday_0709","at_practical_capacity":true},"geometry":{"type":"LineString","coordinates":[[-123.08224548002984,49.31576828759108],[-123.08241452041663,49.315842421916805]]}},{"id":"807","type":"Feature","properties":{"supply_spaces":2,"occupancy_peak":1.0,"occupancy_mean":0.9375,"peak_period":"weekday_1113","at_practical_capacity":true},"geometry":{"type":"LineString","coordinates":[[-123.07797824897412,49.31502766988612],[-123.07807660757,49.315070442760806]]}},{"id":"808","type":"Feature","properties":{"supply_spaces":19,"occupancy_peak":1.14,"occupancy_mean":1.0574999999999999,"peak_period":"weekday_1113","at_practical_capacity":true},"geometry":{"type":"LineString","coordinates":[[-123.07918606012052,49.31543834410025],[-123.07774893571326,49.314816007183886]]}},{"id":"809","type":"Feature","properties":{"supply_spaces":2,"occupancy_peak":1.0,"occupancy_mean":1.0,"peak_period":"weekday_0709","at_practical_capacity":true},"geometry":{"type":"LineString","coordinates":[[-123.07817278367837,49.315114645453505],[-123.07826021171677,49.315151713660256]]}},{"id":"810","type":"Feature","properties":{"supply_spaces":3,"occupancy_peak":1.0,"occupancy_mean":0.9175,"peak_period":"weekday_1113","at_practical_capacity":true},"geometry":{"type":"LineString","coordinates":[[-123.07836293336496,49.31519162738396],[-123.07851157158284,49.315260069352135]]}},{"id":"811","type":"Feature","properties":{"supply_spaces":3,"occupancy_peak":1.0,"occupancy_mean":0.875,"peak_period":"weekday_1113","at_practical_capacity":true},"geometry":{"type":"LineString","coordinates":[[-123.0786011836832,49.315297135816415],[-123.07874107647739,49.315359871532]]}},{"id":"812","type":"Feature","properties":{"supply_spaces":1,"occupancy_peak":0.0,"occupancy_mean":0.0,"peak_period":"weekday_0709","at_practical_capacity":false},"geometry":{"type":"LineString","coordinates":[[-123.07725487995175,49.31596863725028],[-123.0773286279117,49.315998588464105]]}},{"id":"813","type":"Feature","properties":{"supply_spaces":2,"occupancy_peak":0.56,"occupancy_mean":0.56,"peak_period":"weekday_0709","at_practical_capacity":false},"geometry":{"type":"LineString","coordinates":[[-123.0773286279117,49.315998588464105],[-123.07746381603471,49.31605293821529]]}},{"id":"814","type":"Feature","properties":{"supply_spaces":18,"occupancy_peak":1.16,"occupancy_mean":1.01,"peak_period":"weekday_2123","at_practical_capacity":true},"geometry":{"type":"LineString","coordinates":[[-123.0783523193853,49.31632774924239],[-123.07700533816234,49.315741992655965]]}},{"id":"815","type":"Feature","properties":{"supply_spaces":1,"occupancy_peak":0.0,"occupancy_mean":0.0,"peak_period":"weekday_0709","at_practical_capacity":false},"geometry":{"type":"LineString","coordinates":[[-123.07746381603471,49.31605293821529],[-123.07754081515502,49.31608526722366]]}},{"id":"816","type":"Feature","properties":{"supply_spaces":2,"occupancy_peak":0.57,"occupancy_mean":0.57,"peak_period":"weekday_0709","at_practical_capacity":false},"geometry":{"type":"LineString","coordinates":[[-123.07754081515502,49.31608526722366],[-123.07767215444954,49.31614258140652]]}},{"id":"817","type":"Feature","properties":{"supply_spaces":4,"occupancy_peak":1.0,"occupancy_mean":0.9375,"peak_period":"weekday_1113","at_practical_capacity":true},"geometry":{"type":"LineString","coordinates":[[-123.0789640220267,49.31545539425834],[-123.07908205815457,49.31550957663553]]}},{"id":"818","type":"Feature","properties":{"supply_spaces":3,"occupancy_peak":0.99,"occupancy_mean":0.7837500000000001,"peak_period":"weekday_1618","at_practical_capacity":true},"geometry":{"type":"LineString","coordinates":[[-123.07963305043208,49.31563152838403],[-123.07985996091644,49.31572835543652]]}},{"id":"819","type":"Feature","properties":{"supply_spaces":2,"occupancy_peak":0.0,"occupancy_mean":0.0,"peak_period":"weekday_0709","at_practical_capacity":false},"geometry":{"type":"LineString","coordinates":[[-123.07985996091644,49.31572835543652],[-123.07997381296288,49.3157824210561]]}},{"id":"820","type":"Feature","properties":{"supply_spaces":5,"occupancy_peak":1.07,"occupancy_mean":0.8287500000000001,"peak_period":"weekday_2123","at_practical_capacity":true},"geometry":{"type":"LineString","coordinates":[[-123.07914457922286,49.31569071721597],[-123.07891341006777,49.315917448053206]]}},{"id":"821","type":"Feature","properties":{"supply_spaces":6,"occupancy_peak":0.71,"occupancy_mean":0.5575,"peak_period":"weekday_2123","at_practical_capacity":false},"geometry":{"type":"LineString","coordinates":[[-123.0790391116423,49.315984000726104],[-123.07931826375409,49.315712494075754]]}},{"id":"822","type":"Feature","properties":{"supply_spaces":11,"occupancy_peak":0.97,"occupancy_mean":0.70375,"peak_period":"weekend_2123","at_practical_capacity":true},"geometry":{"type":"LineString","coordinates":[[-123.07997381296288,49.3157824210561],[-123.08081638056066,49.31615303759347]]}},{"id":"823","type":"Feature","properties":{"supply_spaces":2,"occupancy_peak":0.0,"occupancy_mean":0.0,"peak_period":"weekday_0709","at_practical_capacity":false},"geometry":{"type":"LineString","coordinates":[[-123.08081638056066,49.31615303759347],[-123.08098759845619,49.31622312647228]]}},{"id":"824","type":"Feature","properties":{"supply_spaces":5,"occupancy_peak":0.93,"occupancy_mean":0.7425,"peak_period":"weekday_1113","at_practical_capacity":true},"geometry":{"type":"LineString","coordinates":[[-123.07865528820602,49.31636600929171],[-123.07891989553056,49.31610308047513]]}},{"id":"825","type":"Feature","properties":{"supply_spaces":33,"occupancy_peak":0.92,"occupancy_mean":0.5837500000000001,"peak_period":"weekend_2123","at_practical_capacity":true},"geometry":{"type":"LineString","coordinates":[[-123.08206082287522,49.31680934073993],[-123.07964119606893,49.31575542699923]]}},{"id":"826","type":"Feature","properties":{"supply_spaces":17,"occupancy_peak":0.81,"occupancy_mean":0.615,"peak_period":"weekend_2123","at_practical_capacity":false},"geometry":{"type":"LineString","coordinates":[[-123.08098759845619,49.31622312647228],[-123.08226088813797,49.31678984910796]]}},{"id":"827","type":"Feature","properties":{"supply_spaces":4,"occupancy_peak":1.05,"occupancy_mean":0.6875,"peak_period":"weekday_1113","at_practical_capacity":true},"geometry":{"type":"LineString","coordinates":[[-123.08347836238613,49.31577709050637],[-123.08329228641999,49.315963814200394]]}},{"id":"828","type":"Feature","properties":{"supply_spaces":2,"occupancy_peak":0.0,"occupancy_mean":0.0,"peak_period":"weekday_0709","at_practical_capacity":false},"geometry":{"type":"LineString","coordinates":[[-123.08241452041663,49.315842421916805],[-123.08255733580292,49.3159080068758]]}},{"id":"829","type":"Feature","properties":{"supply_spaces":7,"occupancy_peak":0.0,"occupancy_mean":0.0,"peak_period":"weekday_0709","at_practical_capacity":false},"geometry":{"type":"LineString","coordinates":[[-123.08309778446451,49.31603042637282],[-123.08256442800472,49.3157956680106]]}},{"id":"830","type":"Feature","properties":{"supply_spaces":5,"occupancy_peak":1.24,"occupancy_mean":0.9000000000000001,"peak_period":"weekday_1113","at_practical_capacity":true},"geometry":{"type":"LineString","coordinates":[[-123.08337597117648,49.31604697583921],[-123.08361766251062,49.31581118476801]]}},{"id":"831","type":"Feature","properties":{"supply_spaces":2,"occupancy_peak":0.92,"occupancy_mean":0.6325000000000001,"peak_period":"weekday_1113","at_practical_capacity":true},"geometry":{"type":"LineString","coordinates":[[-123.08255733580292,49.3159080068758],[-123.08272054512572,49.315978337281855]]}},{"id":"832","type":"Feature","properties":{"supply_spaces":4,"occupancy_peak":0.0,"occupancy_mean":0.0,"peak_period":"weekday_0709","at_practical_capacity":false},"geometry":{"type":"LineString","coordinates":[[-123.08272054512572,49.315978337281855],[-123.08299597065866,49.31610094573802]]}},{"id":"833","type":"Feature","properties":{"supply_spaces":5,"occupancy_peak":1.03,"occupancy_mean":0.74875,"peak_period":"weekday_1113","at_practical_capacity":true},"geometry":{"type":"LineString","coordinates":[[-123.08302914422774,49.31621723154789],[-123.08278780895134,49.316451593589825]]}},{"id":"834","type":"Feature","properties":{"supply_spaces":4,"occupancy_peak":1.0,"occupancy_mean":0.625,"peak_period":"weekend_1618","at_practical_capacity":true},"geometry":{"type":"LineString","coordinates":[[-123.08292530932468,49.3164971137768],[-123.08312156512692,49.31630062546152]]}},{"id":"835","type":"Feature","properties":{"supply_spaces":4,"occupancy_peak":1.22,"occupancy_mean":0.8199999999999998,"peak_period":"weekday_1113","at_practical_capacity":true},"geometry":{"type":"LineString","coordinates":[[-123.082494149948,49.31674691913701],[-123.08270059836276,49.316547806689314]]}},{"id":"836","type":"Feature","properties":{"supply_spaces":5,"occupancy_peak":1.1,"occupancy_mean":0.825,"peak_period":"weekend_2123","at_practical_capacity":true},"geometry":{"type":"LineString","coordinates":[[-123.08259820489174,49.31681983303597],[-123.08282354778748,49.31659952515242]]}},{"id":"837","type":"Feature","properties":{"supply_spaces":5,"occupancy_peak":1.02,"occupancy_mean":0.79,"peak_period":"weekend_0709","at_practical_capacity":true},"geometry":{"type":"LineString","coordinates":[[-123.07878982541304,49.31603748233616],[-123.07854701970179,49.31627469248034]]}},{"id":"838","type":"Feature","properties":{"supply_spaces":2,"occupancy_peak":1.0,"occupancy_mean":1.0,"peak_period":"weekday_0709","at_practical_capacity":true},"geometry":{"type":"LineString","coordinates":[[-123.07767215444954,49.31614258140652],[-123.0777393887554,49.31617655935368]]}},{"id":"839","type":"Feature","properties":{"supply_spaces":3,"occupancy_peak":1.47,"occupancy_mean":0.8825,"peak_period":"weekend_0709","at_practical_capacity":true},"geometry":{"type":"LineString","coordinates":[[-123.07784502944726,49.3162193275188],[-123.07810003416508,49.3163274432606]]}},{"id":"840","type":"Feature","properties":{"supply_spaces":5,"occupancy_peak":0.0,"occupancy_mean":0.0,"peak_period":"weekday_0709","at_practical_capacity":false},"geometry":{"type":"LineString","coordinates":[[-123.07817688072657,49.31679663084399],[-123.07842114789393,49.31655942140758]]}},{"id":"841","type":"Feature","properties":{"supply_spaces":3,"occupancy_peak":1.53,"occupancy_mean":0.5375,"peak_period":"weekday_2123","at_practical_capacity":true},"geometry":{"type":"LineString","coordinates":[[-123.0782038969969,49.31661478337403],[-123.07804105297791,49.31677292334818]]}},{"id":"842","type":"Feature","properties":{"supply_spaces":4,"occupancy_peak":2.47,"occupancy_mean":0.89375,"peak_period":"weekend_1113","at_practical_capacity":true},"geometry":{"type":"LineString","coordinates":[[-123.0778846867499,49.31711574385633],[-123.07808241955927,49.31691759723136]]}},{"id":"843","type":"Feature","properties":{"supply_spaces":5,"occupancy_peak":1.26,"occupancy_mean":0.60375,"peak_period":"weekend_1113","at_practical_capacity":true},"geometry":{"type":"LineString","coordinates":[[-123.07790765084677,49.31690343541853],[-123.0776706519358,49.31713397528463]]}},{"id":"844","type":"Feature","properties":{"supply_spaces":3,"occupancy_peak":1.03,"occupancy_mean":0.5575,"peak_period":"weekday_2123","at_practical_capacity":true},"geometry":{"type":"LineString","coordinates":[[-123.07730636826135,49.31748871543963],[-123.07717445663397,49.31763512902263]]}},{"id":"845","type":"Feature","properties":{"supply_spaces":5,"occupancy_peak":0.43,"occupancy_mean":0.215,"peak_period":"weekday_0709","at_practical_capacity":false},"geometry":{"type":"LineString","coordinates":[[-123.0774774973098,49.317544492028304],[-123.07724576030004,49.31777224707733]]}},{"id":"846","type":"Feature","properties":{"supply_spaces":7,"occupancy_peak":1.0,"occupancy_mean":0.6074999999999999,"peak_period":"weekday_2123","at_practical_capacity":true},"geometry":{"type":"LineString","coordinates":[[-123.0781958842702,49.318730701960455],[-123.07790353819001,49.31860985477158]]}},{"id":"847","type":"Feature","properties":{"supply_spaces":36,"occupancy_peak":0.8,"occupancy_mean":0.69375,"peak_period":"weekend_0709","at_practical_capacity":false},"geometry":{"type":"LineString","coordinates":[[-123.07872947522004,49.31648491657299],[-123.08142000923881,49.31764384498038]]}},{"id":"848","type":"Feature","properties":{"supply_spaces":37,"occupancy_peak":0.84,"occupancy_mean":0.69875,"peak_period":"weekend_2123","at_practical_capacity":false},"geometry":{"type":"LineString","coordinates":[[-123.08131543103306,49.317755397832244],[-123.07857736032211,49.31655928742108]]}},{"id":"849","type":"Feature","properties":{"supply_spaces":37,"occupancy_peak":0.85,"occupancy_mean":0.66125,"peak_period":"weekend_0709","at_practical_capacity":true},"geometry":{"type":"LineString","coordinates":[[-123.07791066873811,49.31723868785093],[-123.0806273473964,49.31843788088866]]}},{"id":"850","type":"Feature","properties":{"supply_spaces":2,"occupancy_peak":1.1,"occupancy_mean":0.4125,"peak_period":"weekday_1618","at_practical_capacity":true},"geometry":{"type":"LineString","coordinates":[[-123.0813659406558,49.31784345329551],[-123.08127579937717,49.317932051190716]]}},{"id":"851","type":"Feature","properties":{"supply_spaces":3,"occupancy_peak":0.0,"occupancy_mean":0.0,"peak_period":"weekday_0709","at_practical_capacity":false},"geometry":{"type":"LineString","coordinates":[[-123.0813592745856,49.31802168729694],[-123.08149871065089,49.31788921597052]]}},{"id":"852","type":"Feature","properties":{"supply_spaces":2,"occupancy_peak":1.19,"occupancy_mean":0.5912499999999999,"peak_period":"weekend_1618","at_practical_capacity":true},"geometry":{"type":"LineString","coordinates":[[-123.08121619183704,49.317992068055865],[-123.08113040760884,49.31807304750499]]}},{"id":"853","type":"Feature","properties":{"supply_spaces":36,"occupancy_peak":0.77,"occupancy_mean":0.55,"peak_period":"weekend_2123","at_practical_capacity":false},"geometry":{"type":"LineString","coordinates":[[-123.08034213235152,49.318698166178756],[-123.07762545393749,49.31752222067535]]}},{"id":"854","type":"Feature","properties":{"supply_spaces":9,"occupancy_peak":0.0,"occupancy_mean":0.0,"peak_period":"weekday_0709","at_practical_capacity":false},"geometry":{"type":"LineString","coordinates":[[-123.08091843545417,49.31846350963664],[-123.0813592745856,49.31802168729694]]}},{"id":"855","type":"Feature","properties":{"supply_spaces":4,"occupancy_peak":1.11,"occupancy_mean":0.4725000000000001,"peak_period":"weekend_1618","at_practical_capacity":true},"geometry":{"type":"LineString","coordinates":[[-123.08103446458774,49.3181768807169],[-123.08080910145875,49.318394091641544]]}},{"id":"856","type":"Feature","properties":{"supply_spaces":2,"occupancy_peak":0.0,"occupancy_mean":0.0,"peak_period":"weekday_0709","at_practical_capacity":false},"geometry":{"type":"LineString","coordinates":[[-123.08082247409483,49.31855687146007],[-123.08091843545417,49.31846350963664]]}},{"id":"857","type":"Feature","properties":{"supply_spaces":2,"occupancy_peak":1.0,"occupancy_mean":0.6875,"peak_period":"weekday_1113","at_practical_capacity":true},"geometry":{"type":"LineString","coordinates":[[-123.08222083205092,49.317016525893465],[-123.0821786680378,49.317056539196756]]}},{"id":"858","type":"Feature","properties":{"supply_spaces":2,"occupancy_peak":0.59,"occupancy_mean":0.295,"peak_period":"weekday_0709","at_practical_capacity":false},"geometry":{"type":"LineString","coordinates":[[-123.08205509143272,49.317177528626544],[-123.08197076753599,49.317260411941724]]}},{"id":"859","type":"Feature","properties":{"supply_spaces":6,"occupancy_peak":0.64,"occupancy_mean":0.38,"peak_period":"weekend_2123","at_practical_capacity":false},"geometry":{"type":"LineString","coordinates":[[-123.08200394201525,49.317399776803185],[-123.08231105914044,49.31709373336082]]}},{"id":"860","type":"Feature","properties":{"supply_spaces":2,"occupancy_peak":1.22,"occupancy_mean":0.6087500000000001,"peak_period":"weekend_0709","at_practical_capacity":true},"geometry":{"type":"LineString","coordinates":[[-123.08179629583891,49.31742618070668],[-123.08167125550817,49.317544314803065]]}},{"id":"861","type":"Feature","properties":{"supply_spaces":4,"occupancy_peak":0.68,"occupancy_mean":0.4825000000000001,"peak_period":"weekday_1618","at_practical_capacity":false},"geometry":{"type":"LineString","coordinates":[[-123.0816949770648,49.31769154096498],[-123.08192033980463,49.31747837429069]]}},{"id":"862","type":"Feature","properties":{"supply_spaces":7,"occupancy_peak":0.14,"occupancy_mean":0.0175,"peak_period":"weekday_1618","at_practical_capacity":false},"geometry":{"type":"LineString","coordinates":[[-123.08167236625795,49.32014822365704],[-123.08166492402148,49.32056059562902]]}},{"id":"863","type":"Feature","properties":{"supply_spaces":6,"occupancy_peak":0.0,"occupancy_mean":0.0,"peak_period":"weekday_0709","at_practical_capacity":false},"geometry":{"type":"LineString","coordinates":[[-123.09129385342409,49.320289208750715],[-123.09127627662436,49.32062836730767]]}},{"id":"864","type":"Feature","properties":{"supply_spaces":2,"occupancy_peak":0.0,"occupancy_mean":0.0,"peak_period":"weekday_0709","at_practical_capacity":false},"geometry":{"type":"LineString","coordinates":[[-123.0913912987434,49.320810342957536],[-123.091402042075,49.320713946397056]]}},{"id":"865","type":"Feature","properties":{"supply_spaces":8,"occupancy_peak":0.26,"occupancy_mean":0.16249999999999998,"peak_period":"weekday_0709","at_practical_capacity":false},"geometry":{"type":"LineString","coordinates":[[-123.08165748061809,49.3210796937143],[-123.08165748135572,49.32063821794366]]}},{"id":"866","type":"Feature","properties":{"supply_spaces":4,"occupancy_peak":0.0,"occupancy_mean":0.0,"peak_period":"weekday_0709","at_practical_capacity":false},"geometry":{"type":"LineString","coordinates":[[-123.09137717056,49.321045970390436],[-123.0913912987434,49.320810342957536]]}},{"id":"867","type":"Feature","properties":{"supply_spaces":30,"occupancy_peak":0.91,"occupancy_mean":0.64625,"peak_period":"weekday_0709","at_practical_capacity":true},"geometry":{"type":"MultiLineString","coordinates":[[[-123.07964335344582,49.31935817099577],[-123.0781958842702,49.318730701960455]],[[-123.07790353819001,49.31860985477158],[-123.07714771693612,49.31827520092619]]]}},{"id":"868","type":"Feature","properties":{"supply_spaces":14,"occupancy_peak":0.5,"occupancy_mean":0.34875,"peak_period":"weekday_0709","at_practical_capacity":false},"geometry":{"type":"MultiLineString","coordinates":[[[-123.07701224007137,49.318340272920864],[-123.07759693150115,49.318595910812185]],[[-123.0791299654709,49.31926521367736],[-123.07959344099645,49.31946042499757]]]}},{"id":"869","type":"Feature","properties":{"supply_spaces":21,"occupancy_peak":0.0,"occupancy_mean":0.0,"peak_period":"weekday_0709","at_practical_capacity":false},"geometry":{"type":"LineString","coordinates":[[-123.0791299654709,49.31926521367736],[-123.07759693150115,49.318595910812185]]}},{"id":"870","type":"Feature","properties":{"supply_spaces":13,"occupancy_peak":0.62,"occupancy_mean":0.09625,"peak_period":"weekday_1113","at_practical_capacity":false},"geometry":{"type":"LineString","coordinates":[[-123.07845017117026,49.31997655223263],[-123.07729367891582,49.31996895609302]]}},{"id":"871","type":"Feature","properties":{"supply_spaces":3,"occupancy_peak":0.0,"occupancy_mean":0.0,"peak_period":"weekday_0709","at_practical_capacity":false},"geometry":{"type":"LineString","coordinates":[[-123.07839190958465,49.32008288705821],[-123.07833947345905,49.32010567306111],[-123.07810934033095,49.320107572073994]]}},{"id":"872","type":"Feature","properties":{"supply_spaces":13,"occupancy_peak":1.14,"occupancy_mean":0.8362499999999999,"peak_period":"weekday_1618","at_practical_capacity":true},"geometry":{"type":"MultiLineString","coordinates":[[[-123.07660036758028,49.320103774138055],[-123.07686837016149,49.32009807769904]],[[-123.07744224629995,49.32009807778712],[-123.07708976368033,49.32009238115305]],[[-123.07810934033095,49.320107572073994],[-123.07755294337763,49.32010377392824]]]}},{"id":"873","type":"Feature","properties":{"supply_spaces":9,"occupancy_peak":0.98,"occupancy_mean":0.8287500000000001,"peak_period":"weekday_0709","at_practical_capacity":true},"geometry":{"type":"MultiLineString","coordinates":[[[-123.07852591088363,49.32093735639063],[-123.0785229968801,49.320637344283575]],[[-123.07854047601559,49.320221501684586],[-123.07854338829397,49.32035252166959]],[[-123.07853756297627,49.32041708177759],[-123.07854047617377,49.32052531443052]]]}},{"id":"874","type":"Feature","properties":{"supply_spaces":11,"occupancy_peak":0.95,"occupancy_mean":0.7587499999999999,"peak_period":"weekday_1113","at_practical_capacity":true},"geometry":{"type":"MultiLineString","coordinates":[[[-123.07865946673537,49.32099258732944],[-123.07867135120487,49.320613020448626]],[[-123.07867729257323,49.32044260213451],[-123.0786772932289,49.32020633911003]]]}},{"id":"875","type":"Feature","properties":{"supply_spaces":1,"occupancy_peak":0.0,"occupancy_mean":0.0,"peak_period":"weekday_0709","at_practical_capacity":false},"geometry":{"type":"LineString","coordinates":[[-123.07852591088363,49.32093735639063],[-123.0785259099814,49.321019005051824]]}},{"id":"876","type":"Feature","properties":{"supply_spaces":1,"occupancy_peak":0.0,"occupancy_mean":0.0,"peak_period":"weekday_0709","at_practical_capacity":false},"geometry":{"type":"LineString","coordinates":[[-123.07845471679526,49.32103978534184],[-123.07838578996373,49.32103978533504]]}},{"id":"877","type":"Feature","properties":{"supply_spaces":10,"occupancy_peak":0.0,"occupancy_mean":0.0,"peak_period":"weekday_0709","at_practical_capacity":false},"geometry":{"type":"MultiLineString","coordinates":[[[-123.07982161282493,49.31938605881596],[-123.08006404694456,49.319130424379516]],[[-123.08015674140634,49.31904211352176],[-123.08039917554078,49.31879112524472]]]}},{"id":"878","type":"Feature","properties":{"supply_spaces":11,"occupancy_peak":0.55,"occupancy_mean":0.43000000000000005,"peak_period":"weekend_0709","at_practical_capacity":false},"geometry":{"type":"MultiLineString","coordinates":[[[-123.08064160896528,49.31877718211776],[-123.08037065361522,49.31905140984005]],[[-123.08022804606641,49.31918619912158],[-123.07996422090325,49.319451128964495]]]}},{"id":"879","type":"Feature","properties":{"supply_spaces":28,"occupancy_peak":0.72,"occupancy_mean":0.535,"peak_period":"weekend_0709","at_practical_capacity":false},"geometry":{"type":"LineString","coordinates":[[-123.08118858406581,49.320123966465935],[-123.07869524689792,49.32011426276924]]}},{"id":"880","type":"Feature","properties":{"supply_spaces":13,"occupancy_peak":0.46,"occupancy_mean":0.2675,"peak_period":"weekend_0709","at_practical_capacity":false},"geometry":{"type":"MultiLineString","coordinates":[[[-123.07877236524244,49.32104681034944],[-123.07931902772333,49.32104293737342]],[[-123.0799132273145,49.32106617621032],[-123.08052525303518,49.32107004928216]]]}},{"id":"881","type":"Feature","properties":{"supply_spaces":18,"occupancy_peak":0.84,"occupancy_mean":0.44375000000000003,"peak_period":"weekday_2123","at_practical_capacity":false},"geometry":{"type":"MultiLineString","coordinates":[[[-123.07931902772333,49.32104293737342],[-123.0799132273145,49.32106617621032]],[[-123.08052525303518,49.32107004928216],[-123.08151756503545,49.32108941455784]]]}},{"id":"882","type":"Feature","properties":{"supply_spaces":19,"occupancy_peak":0.48,"occupancy_mean":0.36,"peak_period":"weekday_0709","at_practical_capacity":false},"geometry":{"type":"MultiLineString","coordinates":[[[-123.08116698734005,49.321151384872884],[-123.08015090747944,49.3211281462832]],[[-123.07930714390243,49.32111652646924],[-123.0786475824121,49.32110103422801]]]}},{"id":"883","type":"Feature","properties":{"supply_spaces":13,"occupancy_peak":0.76,"occupancy_mean":0.55125,"peak_period":"weekday_1618","at_practical_capacity":false},"geometry":{"type":"MultiLineString","coordinates":[[[-123.08155915926217,49.32115525734054],[-123.08116698734005,49.321151384872884]],[[-123.08015090747944,49.3211281462832],[-123.07938438985708,49.32112039980596]]]}},{"id":"884","type":"Feature","properties":{"supply_spaces":13,"occupancy_peak":0.3,"occupancy_mean":0.205,"peak_period":"weekday_0709","at_practical_capacity":false},"geometry":{"type":"MultiLineString","coordinates":[[[-123.08163046340665,49.32209641168323],[-123.08163046351456,49.32171685385962]],[[-123.08163046273306,49.321600662170674],[-123.08163640480345,49.32119786213751]]]}},{"id":"885","type":"Feature","properties":{"supply_spaces":22,"occupancy_peak":0.81,"occupancy_mean":0.60875,"peak_period":"weekend_0709","at_practical_capacity":false},"geometry":{"type":"MultiLineString","coordinates":[[[-123.08091980096258,49.322119650176234],[-123.08015922558353,49.32211655155141]],[[-123.07997383553594,49.32211965016751],[-123.07937488215534,49.322107256719335]],[[-123.07928456506001,49.3221165512955],[-123.07866659708753,49.32210415732439]]]}},{"id":"886","type":"Feature","properties":{"supply_spaces":7,"occupancy_peak":0.0,"occupancy_mean":0.0,"peak_period":"weekday_0709","at_practical_capacity":false},"geometry":{"type":"LineString","coordinates":[[-123.08158530337668,49.32212584679736],[-123.08091980096258,49.322119650176234]]}},{"id":"887","type":"Feature","properties":{"supply_spaces":1,"occupancy_peak":1.63,"occupancy_mean":0.20375,"peak_period":"weekday_0709","at_practical_capacity":true},"geometry":{"type":"LineString","coordinates":[[-123.07311656289188,49.318172367192034],[-123.07316504968723,49.31818909981197]]}},{"id":"888","type":"Feature","properties":{"supply_spaces":12,"occupancy_peak":0.99,"occupancy_mean":0.7000000000000001,"peak_period":"weekday_1113","at_practical_capacity":true},"geometry":{"type":"MultiLineString","coordinates":[[[-123.07296729995018,49.317979970463576],[-123.07329173253108,49.31811708737427]],[[-123.07341651416982,49.318175186810244],[-123.07400120631469,49.31842850236572]]]}},{"id":"889","type":"Feature","properties":{"supply_spaces":9,"occupancy_peak":1.04,"occupancy_mean":0.7387499999999999,"peak_period":"weekday_0709","at_practical_capacity":true},"geometry":{"type":"LineString","coordinates":[[-123.07409081543032,49.31856381969629],[-123.0734486007089,49.318284414846296]]}},{"id":"890","type":"Feature","properties":{"supply_spaces":2,"occupancy_peak":0.0,"occupancy_mean":0.0,"peak_period":"weekday_0709","at_practical_capacity":false},"geometry":{"type":"LineString","coordinates":[[-123.07409081543032,49.31856381969629],[-123.07425257851638,49.31864177822203]]}},{"id":"891","type":"Feature","properties":{"supply_spaces":4,"occupancy_peak":0.67,"occupancy_mean":0.39125000000000004,"peak_period":"weekend_1113","at_practical_capacity":false},"geometry":{"type":"LineString","coordinates":[[-123.07278190943532,49.318911889935464],[-123.0731776457841,49.318916537890246]]}},{"id":"892","type":"Feature","properties":{"supply_spaces":6,"occupancy_peak":1.03,"occupancy_mean":0.7062499999999999,"peak_period":"weekday_1113","at_practical_capacity":true},"geometry":{"type":"LineString","coordinates":[[-123.07269913734262,49.31900526098435],[-123.07322678680504,49.319008360414934]]}},{"id":"893","type":"Feature","properties":{"supply_spaces":15,"occupancy_peak":0.0,"occupancy_mean":0.0,"peak_period":"weekday_0709","at_practical_capacity":false},"geometry":{"type":"MultiLineString","coordinates":[[[-123.07286116354986,49.319919668250876],[-123.07261160066442,49.31991347116015]],[[-123.07306794485476,49.3199196681363],[-123.07322719080159,49.31992121795396]],[[-123.07339831924165,49.31992586602046],[-123.07353379658852,49.319924316398456]],[[-123.07458196437852,49.319939808985495],[-123.07537106182838,49.3199460065387]]]}},{"id":"894","type":"Feature","properties":{"supply_spaces":10,"occupancy_peak":1.07,"occupancy_mean":0.585,"peak_period":"weekday_1113","at_practical_capacity":true},"geometry":{"type":"MultiLineString","coordinates":[[[-123.07458196437852,49.319939808985495],[-123.0740418840968,49.319933460276644]],[[-123.07391029035283,49.31993163844],[-123.07353379658852,49.319924316398456]]]}},{"id":"895","type":"Feature","properties":{"supply_spaces":1,"occupancy_peak":0.0,"occupancy_mean":0.0,"peak_period":"weekday_0709","at_practical_capacity":false},"geometry":{"type":"LineString","coordinates":[[-123.0740418840968,49.319933460276644],[-123.07391029035283,49.31993163844]]}},{"id":"896","type":"Feature","properties":{"supply_spaces":3,"occupancy_peak":0.0,"occupancy_mean":0.0,"peak_period":"weekday_0709","at_practical_capacity":false},"geometry":{"type":"LineString","coordinates":[[-123.07309435391416,49.320056558910494],[-123.07279453379797,49.3200543077635]]}},{"id":"897","type":"Feature","properties":{"supply_spaces":1,"occupancy_peak":0.0,"occupancy_mean":0.0,"peak_period":"weekday_0709","at_practical_capacity":false},"geometry":{"type":"LineString","coordinates":[[-123.07599259393534,49.31928891730717],[-123.07590702816091,49.31925405808712]]}},{"id":"898","type":"Feature","properties":{"supply_spaces":2,"occupancy_peak":0.0,"occupancy_mean":0.0,"peak_period":"weekday_0709","at_practical_capacity":false},"geometry":{"type":"LineString","coordinates":[[-123.07553912071093,49.319306540079296],[-123.07548267150646,49.319424673859416]]}},{"id":"899","type":"Feature","properties":{"supply_spaces":10,"occupancy_peak":0.93,"occupancy_mean":0.76,"peak_period":"weekday_0709","at_practical_capacity":true},"geometry":{"type":"LineString","coordinates":[[-123.07670563261019,49.31961194488147],[-123.07599259393534,49.31928891730717]]}},{"id":"900","type":"Feature","properties":{"supply_spaces":2,"occupancy_peak":0.0,"occupancy_mean":0.0,"peak_period":"weekday_0709","at_practical_capacity":false},"geometry":{"type":"LineString","coordinates":[[-123.07623502619286,49.31950272001466],[-123.07637406897207,49.31956081853062]]}},{"id":"901","type":"Feature","properties":{"supply_spaces":15,"occupancy_peak":0.47,"occupancy_mean":0.19499999999999998,"peak_period":"weekday_1113","at_practical_capacity":false},"geometry":{"type":"MultiLineString","coordinates":[[[-123.07582859418437,49.31932842453824],[-123.07623502619286,49.31950272001466]],[[-123.07637406897207,49.31956081853062],[-123.07706571722852,49.3198629290639]]]}},{"id":"902","type":"Feature","properties":{"supply_spaces":8,"occupancy_peak":0.0,"occupancy_mean":0.0,"peak_period":"weekday_0709","at_practical_capacity":false},"geometry":{"type":"LineString","coordinates":[[-123.07722971617088,49.31992799910951],[-123.07719049893367,49.319839689662864],[-123.07670563261019,49.31961194488147]]}},{"id":"903","type":"Feature","properties":{"supply_spaces":13,"occupancy_peak":0.0,"occupancy_mean":0.0,"peak_period":"weekday_0709","at_practical_capacity":false},"geometry":{"type":"MultiLineString","coordinates":[[[-123.07704606784391,49.319968956812026],[-123.07634110361215,49.31996136138812]],[[-123.07616923249661,49.31995186710187],[-123.07567109668294,49.31994237255241]]]}},{"id":"904","type":"Feature","properties":{"supply_spaces":6,"occupancy_peak":0.0,"occupancy_mean":0.0,"peak_period":"weekday_0709","at_practical_capacity":false},"geometry":{"type":"MultiLineString","coordinates":[[[-123.07643723548063,49.32009807759346],[-123.07633819097688,49.320094279652494]],[[-123.07611679753845,49.320101875426836],[-123.07569731460205,49.32009617817419]]]}},{"id":"905","type":"Feature","properties":{"supply_spaces":2,"occupancy_peak":0.0,"occupancy_mean":0.0,"peak_period":"weekday_0709","at_practical_capacity":false},"geometry":{"type":"LineString","coordinates":[[-123.07633819097688,49.320094279652494],[-123.07611679753845,49.320101875426836]]}},{"id":"906","type":"Feature","properties":{"supply_spaces":2,"occupancy_peak":0.55,"occupancy_mean":0.06875,"peak_period":"weekday_1618","at_practical_capacity":false},"geometry":{"type":"LineString","coordinates":[[-123.07660036758028,49.320103774138055],[-123.07643723548063,49.32009807759346]]}},{"id":"907","type":"Feature","properties":{"supply_spaces":6,"occupancy_peak":0.0,"occupancy_mean":0.0,"peak_period":"weekday_0709","at_practical_capacity":false},"geometry":{"type":"LineString","coordinates":[[-123.07545296205328,49.319554427138954],[-123.07543216473185,49.319889460251275]]}},{"id":"908","type":"Feature","properties":{"supply_spaces":4,"occupancy_peak":0.0,"occupancy_mean":0.0,"peak_period":"weekday_0709","at_practical_capacity":false},"geometry":{"type":"LineString","coordinates":[[-123.07422782211403,49.32007769463958],[-123.0745890945997,49.320080793841385]]}},{"id":"909","type":"Feature","properties":{"supply_spaces":7,"occupancy_peak":0.0,"occupancy_mean":0.0,"peak_period":"weekday_0709","at_practical_capacity":false},"geometry":{"type":"LineString","coordinates":[[-123.07535917752304,49.32008699025311],[-123.07471981829225,49.32008389187466]]}},{"id":"910","type":"Feature","properties":{"supply_spaces":8,"occupancy_peak":1.0,"occupancy_mean":0.72,"peak_period":"weekday_0709","at_practical_capacity":true},"geometry":{"type":"MultiLineString","coordinates":[[[-123.07545844217105,49.32081583301149],[-123.07546135544237,49.3207303865081]],[[-123.07545844224586,49.320396193774464],[-123.07546135456438,49.320158840440634]]]}},{"id":"911","type":"Feature","properties":{"supply_spaces":2,"occupancy_peak":0.0,"occupancy_mean":0.0,"peak_period":"weekday_0709","at_practical_capacity":false},"geometry":{"type":"LineString","coordinates":[[-123.07505786090023,49.320991667706544],[-123.07489853197318,49.32099125025118]]}},{"id":"912","type":"Feature","properties":{"supply_spaces":7,"occupancy_peak":0.0,"occupancy_mean":0.0,"peak_period":"weekday_0709","at_practical_capacity":false},"geometry":{"type":"MultiLineString","coordinates":[[[-123.07431196066466,49.3210614741549],[-123.07431196008605,49.32096232280158],[-123.07435236605494,49.32093908402075],[-123.07460906011802,49.32094837876249]],[[-123.07505786090023,49.320991667706544],[-123.07520088264695,49.320993307195806]]]}},{"id":"913","type":"Feature","properties":{"supply_spaces":1,"occupancy_peak":0.0,"occupancy_mean":0.0,"peak_period":"weekday_0709","at_practical_capacity":false},"geometry":{"type":"LineString","coordinates":[[-123.07458996244026,49.32110549796859],[-123.07466970925661,49.32110544647466]]}},{"id":"914","type":"Feature","properties":{"supply_spaces":5,"occupancy_peak":0.38,"occupancy_mean":0.0475,"peak_period":"weekday_1113","at_practical_capacity":false},"geometry":{"type":"LineString","coordinates":[[-123.07532685206978,49.32111569725239],[-123.07485624701836,49.321111049400635]]}},{"id":"915","type":"Feature","properties":{"supply_spaces":4,"occupancy_peak":0.0,"occupancy_mean":0.0,"peak_period":"weekday_0709","at_practical_capacity":false},"geometry":{"type":"LineString","coordinates":[[-123.0745876679839,49.3211033037418],[-123.07453775519106,49.321124992580906],[-123.0742477871553,49.32112034524889]]}},{"id":"916","type":"Feature","properties":{"supply_spaces":8,"occupancy_peak":0.9,"occupancy_mean":0.1125,"peak_period":"weekday_1618","at_practical_capacity":true},"geometry":{"type":"MultiLineString","coordinates":[[[-123.07539482811077,49.321997208300886],[-123.07539958289988,49.3218082034692]],[[-123.07539958204663,49.32145343077375],[-123.07540908898713,49.32119006110978]]]}},{"id":"917","type":"Feature","properties":{"supply_spaces":7,"occupancy_peak":0.0,"occupancy_mean":0.0,"peak_period":"weekday_0709","at_practical_capacity":false},"geometry":{"type":"MultiLineString","coordinates":[[[-123.07559826970251,49.320644939683824],[-123.07560118196336,49.3205670877512]],[[-123.0756128344451,49.32013035734799],[-123.07560992145416,49.32048543876506]]]}},{"id":"918","type":"Feature","properties":{"supply_spaces":5,"occupancy_peak":1.32,"occupancy_mean":0.26,"peak_period":"weekday_1618","at_practical_capacity":true},"geometry":{"type":"LineString","coordinates":[[-123.0755895307715,49.32095444573145],[-123.07559826970251,49.320644939683824]]}},{"id":"919","type":"Feature","properties":{"supply_spaces":20,"occupancy_peak":1.0,"occupancy_mean":0.98125,"peak_period":"weekday_1113","at_practical_capacity":true},"geometry":{"type":"LineString","coordinates":[[-123.0777264669048,49.321028939949095],[-123.07638357612224,49.32101654587321]]}},{"id":"920","type":"Feature","properties":{"supply_spaces":13,"occupancy_peak":0.74,"occupancy_mean":0.57375,"peak_period":"weekend_1618","at_practical_capacity":false},"geometry":{"type":"MultiLineString","coordinates":[[[-123.07838578996373,49.32103978533504],[-123.0777264669048,49.321028939949095]],[[-123.07638357612224,49.32101654587321],[-123.07583928946362,49.32101189852469]]]}},{"id":"921","type":"Feature","properties":{"supply_spaces":24,"occupancy_peak":0.96,"occupancy_mean":0.8975,"peak_period":"weekend_0709","at_practical_capacity":true},"geometry":{"type":"MultiLineString","coordinates":[[[-123.07833112323786,49.32114823242346],[-123.07813622669796,49.32113738760999]],[[-123.07798411186285,49.32113428898659],[-123.07771078015415,49.32113583765009]],[[-123.07691455256474,49.32112034547354],[-123.07637026608691,49.321115697926786]],[[-123.07619200589563,49.321114148784645],[-123.07578082112066,49.321112599408444]]]}},{"id":"922","type":"Feature","properties":{"supply_spaces":6,"occupancy_peak":1.0,"occupancy_mean":0.125,"peak_period":"weekday_1618","at_practical_capacity":true},"geometry":{"type":"MultiLineString","coordinates":[[[-123.0755612046782,49.32200495418123],[-123.07556358093065,49.32194453514859]],[[-123.07557784212787,49.321437938994606],[-123.07558021871083,49.32114668282564]]]}},{"id":"923","type":"Feature","properties":{"supply_spaces":2,"occupancy_peak":0.0,"occupancy_mean":0.0,"peak_period":"weekday_0709","at_practical_capacity":false},"geometry":{"type":"LineString","coordinates":[[-123.07557546571543,49.321678068719905],[-123.07558497241958,49.321574270580236]]}},{"id":"924","type":"Feature","properties":{"supply_spaces":7,"occupancy_peak":1.02,"occupancy_mean":0.8187500000000001,"peak_period":"weekday_1113","at_practical_capacity":true},"geometry":{"type":"MultiLineString","coordinates":[[[-123.07556358093065,49.32194453514859],[-123.07557546571543,49.321678068719905]],[[-123.07558497241958,49.321574270580236],[-123.07557784212787,49.321437938994606]]]}},{"id":"925","type":"Feature","properties":{"supply_spaces":2,"occupancy_peak":0.0,"occupancy_mean":0.0,"peak_period":"weekday_0709","at_practical_capacity":false},"geometry":{"type":"LineString","coordinates":[[-123.07580458839705,49.322052979831064],[-123.07563345947622,49.32205297950526]]}},{"id":"926","type":"Feature","properties":{"supply_spaces":9,"occupancy_peak":0.76,"occupancy_mean":0.325,"peak_period":"weekday_1113","at_practical_capacity":false},"geometry":{"type":"MultiLineString","coordinates":[[[-123.07614447074718,49.32205452934661],[-123.07580458839705,49.322052979831064]],[[-123.07629658554787,49.32205762769268],[-123.07678382840412,49.322056078085865]]]}},{"id":"927","type":"Feature","properties":{"supply_spaces":6,"occupancy_peak":0.8,"occupancy_mean":0.44,"peak_period":"weekday_2123","at_practical_capacity":false},"geometry":{"type":"LineString","coordinates":[[-123.07337217551283,49.32007924396072],[-123.07393072163076,49.32008699082477]]}},{"id":"928","type":"Feature","properties":{"supply_spaces":6,"occupancy_peak":0.0,"occupancy_mean":0.0,"peak_period":"weekday_0709","at_practical_capacity":false},"geometry":{"type":"LineString","coordinates":[[-123.07308984126415,49.32201707135016],[-123.07255050939348,49.322004387135216]]}},{"id":"929","type":"Feature","properties":{"supply_spaces":2,"occupancy_peak":0.0,"occupancy_mean":0.0,"peak_period":"weekday_0709","at_practical_capacity":false},"geometry":{"type":"LineString","coordinates":[[-123.07345318332338,49.32202451743489],[-123.07328205663676,49.32202224595799]]}},{"id":"930","type":"Feature","properties":{"supply_spaces":1,"occupancy_peak":0.0,"occupancy_mean":0.0,"peak_period":"weekday_0709","at_practical_capacity":false},"geometry":{"type":"LineString","coordinates":[[-123.07396146726586,49.32203371371362],[-123.07383767309095,49.322031888601614]]}},{"id":"931","type":"Feature","properties":{"supply_spaces":10,"occupancy_peak":0.88,"occupancy_mean":0.36625,"peak_period":"weekend_1113","at_practical_capacity":true},"geometry":{"type":"MultiLineString","coordinates":[[[-123.0746939359639,49.32204968932816],[-123.07396146726586,49.32203371371362]],[[-123.07363751392913,49.322027944214234],[-123.07345318332338,49.32202451743489]]]}},{"id":"932","type":"Feature","properties":{"supply_spaces":1,"occupancy_peak":0.0,"occupancy_mean":0.0,"peak_period":"weekday_0709","at_practical_capacity":false},"geometry":{"type":"LineString","coordinates":[[-123.07383767309095,49.322031888601614],[-123.07375983648093,49.32205150087473]]}},{"id":"933","type":"Feature","properties":{"supply_spaces":5,"occupancy_peak":0.22,"occupancy_mean":0.0825,"peak_period":"weekday_0709","at_practical_capacity":false},"geometry":{"type":"LineString","coordinates":[[-123.07255607065713,49.32213304344822],[-123.07297029964201,49.32214029178532]]}},{"id":"934","type":"Feature","properties":{"supply_spaces":13,"occupancy_peak":1.08,"occupancy_mean":0.6749999999999999,"peak_period":"weekday_1113","at_practical_capacity":true},"geometry":{"type":"MultiLineString","coordinates":[[[-123.07318992419766,49.3221257958153],[-123.07361527350177,49.32212941966227]],[[-123.0738098772739,49.32213485542782],[-123.07433988854054,49.322126037842715]],[[-123.07488854069358,49.322149352485965],[-123.07509426487816,49.32215660039334]]]}},{"id":"935","type":"Feature","properties":{"supply_spaces":4,"occupancy_peak":0.75,"occupancy_mean":0.125,"peak_period":"weekend_1113","at_practical_capacity":false},"geometry":{"type":"MultiLineString","coordinates":[[[-123.07261828722474,49.32303476260236],[-123.07256599712073,49.323036312020584]],[[-123.07339312269931,49.32303476340443],[-123.07326002206182,49.3230301155198]],[[-123.07417289889463,49.32304790039827],[-123.07400158273639,49.32304095984607]]]}},{"id":"936","type":"Feature","properties":{"supply_spaces":12,"occupancy_peak":1.2,"occupancy_mean":0.69,"peak_period":"weekday_0709","at_practical_capacity":true},"geometry":{"type":"MultiLineString","coordinates":[[[-123.07455062225418,49.323047156346554],[-123.07439850739027,49.323048706175484]],[[-123.07400158273639,49.32304095984607],[-123.07339312269931,49.32303476340443]],[[-123.07297242909219,49.323044058177416],[-123.07261828722474,49.32303476260236]]]}},{"id":"937","type":"Feature","properties":{"supply_spaces":6,"occupancy_peak":1.15,"occupancy_mean":0.8025,"peak_period":"weekday_1113","at_practical_capacity":true},"geometry":{"type":"LineString","coordinates":[[-123.07539958289988,49.3218082034692],[-123.07539958204663,49.32145343077375]]}},{"id":"938","type":"Feature","properties":{"supply_spaces":5,"occupancy_peak":0.0,"occupancy_mean":0.0,"peak_period":"weekday_0709","at_practical_capacity":false},"geometry":{"type":"LineString","coordinates":[[-123.07532778951257,49.322044253279806],[-123.07485518045543,49.32204244108928]]}},{"id":"939","type":"Feature","properties":{"supply_spaces":2,"occupancy_peak":0.0,"occupancy_mean":0.0,"peak_period":"weekday_0709","at_practical_capacity":false},"geometry":{"type":"LineString","coordinates":[[-123.07433988854054,49.322126037842715],[-123.0745145902014,49.32212523091889]]}},{"id":"940","type":"Feature","properties":{"supply_spaces":1,"occupancy_peak":1.19,"occupancy_mean":0.14875,"peak_period":"weekend_1618","at_practical_capacity":true},"geometry":{"type":"LineString","coordinates":[[-123.07488854069358,49.322149352485965],[-123.07481347907843,49.32214935252434]]}},{"id":"941","type":"Feature","properties":{"supply_spaces":3,"occupancy_peak":0.0,"occupancy_mean":0.0,"peak_period":"weekday_0709","at_practical_capacity":false},"geometry":{"type":"LineString","coordinates":[[-123.0753222294607,49.322156600471914],[-123.07509426487816,49.32215660039334]]}},{"id":"942","type":"Feature","properties":{"supply_spaces":1,"occupancy_peak":2.78,"occupancy_mean":0.43499999999999994,"peak_period":"weekday_1618","at_practical_capacity":true},"geometry":{"type":"MultiLineString","coordinates":[[[-123.07538864798113,49.32298869503393],[-123.07536725737837,49.322962358703535]],[[-123.07538627256046,49.32219705651572],[-123.07538627156232,49.32224508142545]]]}},{"id":"943","type":"Feature","properties":{"supply_spaces":10,"occupancy_peak":0.79,"occupancy_mean":0.69,"peak_period":"weekday_0709","at_practical_capacity":false},"geometry":{"type":"MultiLineString","coordinates":[[[-123.07538627156232,49.32224508142545],[-123.0753791419207,49.322702095372094]],[[-123.07538627141722,49.322829128692995],[-123.07536725737837,49.322962358703535]]]}},{"id":"944","type":"Feature","properties":{"supply_spaces":2,"occupancy_peak":0.0,"occupancy_mean":0.0,"peak_period":"weekday_0709","at_practical_capacity":false},"geometry":{"type":"LineString","coordinates":[[-123.07538627141722,49.322829128692995],[-123.0753791419207,49.322702095372094]]}},{"id":"945","type":"Feature","properties":{"supply_spaces":5,"occupancy_peak":1.08,"occupancy_mean":0.5937500000000001,"peak_period":"weekday_1113","at_practical_capacity":true},"geometry":{"type":"LineString","coordinates":[[-123.07482336035419,49.323093632349575],[-123.07523632911678,49.32309556896384]]}},{"id":"946","type":"Feature","properties":{"supply_spaces":1,"occupancy_peak":0.0,"occupancy_mean":0.0,"peak_period":"weekday_0709","at_practical_capacity":false},"geometry":{"type":"LineString","coordinates":[[-123.07523632911678,49.32309556896384],[-123.07531060385541,49.3230975049119]]}},{"id":"947","type":"Feature","properties":{"supply_spaces":5,"occupancy_peak":0.2,"occupancy_mean":0.025,"peak_period":"weekend_2123","at_practical_capacity":false},"geometry":{"type":"LineString","coordinates":[[-123.0760731665391,49.322162973713574],[-123.07563345919712,49.32215522785826]]}},{"id":"948","type":"Feature","properties":{"supply_spaces":8,"occupancy_peak":0.93,"occupancy_mean":0.6300000000000001,"peak_period":"weekday_1113","at_practical_capacity":true},"geometry":{"type":"LineString","coordinates":[[-123.07695733461085,49.32216607186932],[-123.0762823244751,49.322161424522896]]}},{"id":"949","type":"Feature","properties":{"supply_spaces":3,"occupancy_peak":0.0,"occupancy_mean":0.0,"peak_period":"weekday_0709","at_practical_capacity":false},"geometry":{"type":"LineString","coordinates":[[-123.07720433009828,49.32216928570749],[-123.07695733461085,49.32216607186932]]}},{"id":"950","type":"Feature","properties":{"supply_spaces":2,"occupancy_peak":0.0,"occupancy_mean":0.0,"peak_period":"weekday_0709","at_practical_capacity":false},"geometry":{"type":"MultiLineString","coordinates":[[[-123.07800550198856,49.32218621176905],[-123.07789141604145,49.32218466239526]],[[-123.0760731665391,49.322162973713574],[-123.07616823856505,49.32216607198068]]]}},{"id":"951","type":"Feature","properties":{"supply_spaces":2,"occupancy_peak":0.0,"occupancy_mean":0.0,"peak_period":"weekday_0709","at_practical_capacity":false},"geometry":{"type":"LineString","coordinates":[[-123.07555264788898,49.322212548100964],[-123.0755526483588,49.322305500900846]]}},{"id":"952","type":"Feature","properties":{"supply_spaces":11,"occupancy_peak":0.46,"occupancy_mean":0.39250000000000007,"peak_period":"weekday_0709","at_practical_capacity":false},"geometry":{"type":"LineString","coordinates":[[-123.0755526483588,49.322305500900846],[-123.07553363269047,49.32294376873473]]}},{"id":"953","type":"Feature","properties":{"supply_spaces":19,"occupancy_peak":0.74,"occupancy_mean":0.655,"peak_period":"weekday_1618","at_practical_capacity":false},"geometry":{"type":"MultiLineString","coordinates":[[[-123.07827226639424,49.323122639416006],[-123.07791925237522,49.32311833811408]],[[-123.07769820522347,49.323118338506994],[-123.07741777261019,49.32311188739802]],[[-123.07716043573171,49.323116187340936],[-123.07689649913391,49.32311618784052]],[[-123.07678432647963,49.32311188719466],[-123.07634553296776,49.32310973660161]],[[-123.07605929432687,49.32309944152078],[-123.07570277541272,49.32309944171548]]]}},{"id":"954","type":"Feature","properties":{"supply_spaces":1,"occupancy_peak":0.0,"occupancy_mean":0.0,"peak_period":"weekday_0709","at_practical_capacity":false},"geometry":{"type":"LineString","coordinates":[[-123.07570878695844,49.32320220333096],[-123.0756362049779,49.3231806994647]]}},{"id":"955","type":"Feature","properties":{"supply_spaces":20,"occupancy_peak":0.88,"occupancy_mean":0.74,"peak_period":"weekday_1113","at_practical_capacity":true},"geometry":{"type":"MultiLineString","coordinates":[[[-123.07616077712623,49.32320005337997],[-123.07570878695844,49.32320220333096]],[[-123.07632573708484,49.32320650379624],[-123.07669854767045,49.32321295565665]],[[-123.07685690902495,49.32320865423852],[-123.07722641930377,49.32320865439719]],[[-123.07739138004969,49.32321725582222],[-123.07766851217886,49.32321510628841]],[[-123.07818648655339,49.32321940662142],[-123.07783017255132,49.32321725621188]]]}},{"id":"956","type":"Feature","properties":{"supply_spaces":12,"occupancy_peak":1.04,"occupancy_mean":0.97,"peak_period":"weekday_0709","at_practical_capacity":true},"geometry":{"type":"LineString","coordinates":[[-123.07551322493411,49.32403087633587],[-123.07552748559166,49.323302771259485]]}},{"id":"957","type":"Feature","properties":{"supply_spaces":5,"occupancy_peak":0.99,"occupancy_mean":0.7187500000000001,"peak_period":"weekday_0709","at_practical_capacity":true},"geometry":{"type":"LineString","coordinates":[[-123.07417289889463,49.32304790039827],[-123.07422819623643,49.32304849005783]]}},{"id":"958","type":"Feature","properties":{"supply_spaces":7,"occupancy_peak":1.35,"occupancy_mean":0.9287500000000002,"peak_period":"weekday_0709","at_practical_capacity":true},"geometry":{"type":"LineString","coordinates":[[-123.07422819623643,49.32304849005783],[-123.07439850739027,49.323048706175484]]}},{"id":"959","type":"Feature","properties":{"supply_spaces":5,"occupancy_peak":1.28,"occupancy_mean":0.61375,"peak_period":"weekday_1113","at_practical_capacity":true},"geometry":{"type":"LineString","coordinates":[[-123.07258619934537,49.32316140874522],[-123.0730051107756,49.32316528174952]]}},{"id":"960","type":"Feature","properties":{"supply_spaces":3,"occupancy_peak":0.0,"occupancy_mean":0.0,"peak_period":"weekday_0709","at_practical_capacity":false},"geometry":{"type":"MultiLineString","coordinates":[[[-123.07519473498864,49.32319432907692],[-123.07503133002156,49.32319045583496]],[[-123.0730051107756,49.32316528174952],[-123.07312395079948,49.32316140888664]]]}},{"id":"961","type":"Feature","properties":{"supply_spaces":15,"occupancy_peak":1.99,"occupancy_mean":0.8937499999999999,"peak_period":"weekday_1113","at_practical_capacity":true},"geometry":{"type":"MultiLineString","coordinates":[[[-123.07503133002156,49.32319045583496],[-123.07483524380049,49.323188519486095]],[[-123.07460944837675,49.32318464644942],[-123.07386075761785,49.323176900400746]],[[-123.07363496218872,49.323171090611794],[-123.07327844251809,49.323167218129164]]]}},{"id":"962","type":"Feature","properties":{"supply_spaces":2,"occupancy_peak":0.48,"occupancy_mean":0.24,"peak_period":"weekday_0709","at_practical_capacity":false},"geometry":{"type":"LineString","coordinates":[[-123.07270043927319,49.324096183523196],[-123.0725142503722,49.32409294351349]]}},{"id":"963","type":"Feature","properties":{"supply_spaces":1,"occupancy_peak":0.72,"occupancy_mean":0.6299999999999999,"peak_period":"weekday_0709","at_practical_capacity":false},"geometry":{"type":"LineString","coordinates":[[-123.07270043927319,49.324096183523196],[-123.07282427891025,49.324097361277374]]}},{"id":"964","type":"Feature","properties":{"supply_spaces":2,"occupancy_peak":0.9,"occupancy_mean":0.61875,"peak_period":"weekday_0709","at_practical_capacity":true},"geometry":{"type":"LineString","coordinates":[[-123.07302284282108,49.32409919782813],[-123.07282427891025,49.324097361277374]]}},{"id":"965","type":"Feature","properties":{"supply_spaces":8,"occupancy_peak":1.09,"occupancy_mean":0.8499999999999999,"peak_period":"weekday_2123","at_practical_capacity":true},"geometry":{"type":"LineString","coordinates":[[-123.07392762505849,49.324111120448364],[-123.07319134665191,49.32410317232551]]}},{"id":"966","type":"Feature","properties":{"supply_spaces":1,"occupancy_peak":0.0,"occupancy_mean":0.0,"peak_period":"weekday_0709","at_practical_capacity":false},"geometry":{"type":"LineString","coordinates":[[-123.07401390848699,49.32411053271603],[-123.07392762505849,49.324111120448364]]}},{"id":"967","type":"Feature","properties":{"supply_spaces":3,"occupancy_peak":0.0,"occupancy_mean":0.0,"peak_period":"weekday_0709","at_practical_capacity":false},"geometry":{"type":"MultiLineString","coordinates":[[[-123.07535160331219,49.32386821529501],[-123.07535635600863,49.32377681557569]],[[-123.07536111037207,49.323299672205295],[-123.07539676175365,49.32324390264975]]]}},{"id":"968","type":"Feature","properties":{"supply_spaces":10,"occupancy_peak":1.06,"occupancy_mean":0.965,"peak_period":"weekday_0709","at_practical_capacity":true},"geometry":{"type":"MultiLineString","coordinates":[[[-123.07536111037207,49.323299672205295],[-123.07535635600863,49.32377681557569]],[[-123.0753563563091,49.32399524654331],[-123.07535160331219,49.32386821529501]]]}},{"id":"969","type":"Feature","properties":{"supply_spaces":1,"occupancy_peak":0.0,"occupancy_mean":0.0,"peak_period":"weekday_0709","at_practical_capacity":false},"geometry":{"type":"LineString","coordinates":[[-123.07535160239325,49.324080449528516],[-123.0753563563091,49.32399524654331]]}},{"id":"970","type":"Feature","properties":{"supply_spaces":1,"occupancy_peak":0.0,"occupancy_mean":0.0,"peak_period":"weekday_0709","at_practical_capacity":false},"geometry":{"type":"LineString","coordinates":[[-123.07455684612617,49.32411337612004],[-123.07444207376585,49.32411398261042]]}},{"id":"971","type":"Feature","properties":{"supply_spaces":4,"occupancy_peak":1.11,"occupancy_mean":0.8624999999999999,"peak_period":"weekday_1113","at_practical_capacity":true},"geometry":{"type":"LineString","coordinates":[[-123.07522514677059,49.324126301721556],[-123.07482371028627,49.32412108877795]]}},{"id":"972","type":"Feature","properties":{"supply_spaces":1,"occupancy_peak":0.0,"occupancy_mean":0.0,"peak_period":"weekday_0709","at_practical_capacity":false},"geometry":{"type":"LineString","coordinates":[[-123.07454862739618,49.32423070913961],[-123.07468231898238,49.3242262413126]]}},{"id":"973","type":"Feature","properties":{"supply_spaces":4,"occupancy_peak":0.69,"occupancy_mean":0.575,"peak_period":"weekday_0709","at_practical_capacity":false},"geometry":{"type":"LineString","coordinates":[[-123.07516909290226,49.324230709352804],[-123.07478173045978,49.32423070966999]]}},{"id":"974","type":"Feature","properties":{"supply_spaces":1,"occupancy_peak":0.0,"occupancy_mean":0.0,"peak_period":"weekday_0709","at_practical_capacity":false},"geometry":{"type":"LineString","coordinates":[[-123.07534533555948,49.324310523342966],[-123.07534533539985,49.324256303519014]]}},{"id":"975","type":"Feature","properties":{"supply_spaces":1,"occupancy_peak":0.0,"occupancy_mean":0.0,"peak_period":"weekday_0709","at_practical_capacity":false},"geometry":{"type":"LineString","coordinates":[[-123.0755022046627,49.32432601489647],[-123.07550458148245,49.324264048730186]]}},{"id":"976","type":"Feature","properties":{"supply_spaces":8,"occupancy_peak":0.91,"occupancy_mean":0.7962500000000001,"peak_period":"weekday_2123","at_practical_capacity":true},"geometry":{"type":"LineString","coordinates":[[-123.07534533555948,49.324310523342966],[-123.07532987413447,49.32476223364004]]}},{"id":"977","type":"Feature","properties":{"supply_spaces":2,"occupancy_peak":2.46,"occupancy_mean":0.3075,"peak_period":"weekday_1618","at_practical_capacity":true},"geometry":{"type":"LineString","coordinates":[[-123.07818648655339,49.32321940662142],[-123.0784042342217,49.32321940663352]]}},{"id":"978","type":"Feature","properties":{"supply_spaces":1,"occupancy_peak":0.0,"occupancy_mean":0.0,"peak_period":"weekday_0709","at_practical_capacity":false},"geometry":{"type":"LineString","coordinates":[[-123.07847709138608,49.32335699228837],[-123.07847471457008,49.32327023874998]]}},{"id":"979","type":"Feature","properties":{"supply_spaces":11,"occupancy_peak":0.66,"occupancy_mean":0.51,"peak_period":"weekend_0709","at_practical_capacity":false},"geometry":{"type":"LineString","coordinates":[[-123.07846045386701,49.323973558174735],[-123.07847709138608,49.32335699228837]]}},{"id":"980","type":"Feature","properties":{"supply_spaces":8,"occupancy_peak":0.77,"occupancy_mean":0.485,"peak_period":"weekday_0709","at_practical_capacity":false},"geometry":{"type":"MultiLineString","coordinates":[[[-123.07854062635717,49.32414132729504],[-123.07855251012789,49.32396704795039]],[[-123.07857033677361,49.32325443323935],[-123.07856439520185,49.32353328303355]]]}},{"id":"981","type":"Feature","properties":{"supply_spaces":7,"occupancy_peak":0.4,"occupancy_mean":0.2,"peak_period":"weekday_1113","at_practical_capacity":false},"geometry":{"type":"LineString","coordinates":[[-123.07855251012789,49.32396704795039],[-123.07856439520185,49.32353328303355]]}},{"id":"982","type":"Feature","properties":{"supply_spaces":13,"occupancy_peak":0.31,"occupancy_mean":0.24000000000000002,"peak_period":"weekend_1618","at_practical_capacity":false},"geometry":{"type":"LineString","coordinates":[[-123.07843949204391,49.3250908612662],[-123.07846277867034,49.324329834922246]]}},{"id":"983","type":"Feature","properties":{"supply_spaces":16,"occupancy_peak":0.63,"occupancy_mean":0.44249999999999995,"peak_period":"weekday_1113","at_practical_capacity":false},"geometry":{"type":"LineString","coordinates":[[-123.07854775656303,49.325182341755344],[-123.07856914744318,49.32425751303972]]}},{"id":"984","type":"Feature","properties":{"supply_spaces":1,"occupancy_peak":0.0,"occupancy_mean":0.0,"peak_period":"weekday_0709","at_practical_capacity":false},"geometry":{"type":"LineString","coordinates":[[-123.07843949218278,49.32517325016512],[-123.07843949204391,49.3250908612662]]}},{"id":"985","type":"Feature","properties":{"supply_spaces":6,"occupancy_peak":1.44,"occupancy_mean":1.02,"peak_period":"weekday_2123","at_practical_capacity":true},"geometry":{"type":"LineString","coordinates":[[-123.077641888763,49.32518639896123],[-123.07708334158953,49.32519414521441]]}},{"id":"986","type":"Feature","properties":{"supply_spaces":1,"occupancy_peak":0.0,"occupancy_mean":0.0,"peak_period":"weekday_0709","at_practical_capacity":false},"geometry":{"type":"LineString","coordinates":[[-123.07835195680094,49.3252038272441],[-123.07824797158345,49.32520382662832]]}},{"id":"987","type":"Feature","properties":{"supply_spaces":5,"occupancy_peak":0.98,"occupancy_mean":0.83625,"peak_period":"weekday_1113","at_practical_capacity":true},"geometry":{"type":"LineString","coordinates":[[-123.09126747974896,49.32079378094615],[-123.09125164396681,49.32109009885749]]}},{"id":"988","type":"Feature","properties":{"supply_spaces":8,"occupancy_peak":0.72,"occupancy_mean":0.5999999999999999,"peak_period":"weekday_2123","at_practical_capacity":false},"geometry":{"type":"LineString","coordinates":[[-123.09157143825063,49.321159341288656],[-123.09231085992566,49.32116799286131]]}},{"id":"989","type":"Feature","properties":{"supply_spaces":1,"occupancy_peak":0.72,"occupancy_mean":0.09,"peak_period":"weekend_1113","at_practical_capacity":false},"geometry":{"type":"LineString","coordinates":[[-123.0924397968695,49.32116935960947],[-123.09231085992566,49.32116799286131]]}},{"id":"990","type":"Feature","properties":{"supply_spaces":4,"occupancy_peak":0.0,"occupancy_mean":0.0,"peak_period":"weekday_0709","at_practical_capacity":false},"geometry":{"type":"LineString","coordinates":[[-123.0924397968695,49.32116935960947],[-123.09276566796841,49.32117742799056]]}},{"id":"991","type":"Feature","properties":{"supply_spaces":11,"occupancy_peak":1.13,"occupancy_mean":0.9299999999999999,"peak_period":"weekend_0709","at_practical_capacity":true},"geometry":{"type":"LineString","coordinates":[[-123.09087134595678,49.32118202723288],[-123.08992288175205,49.3211684893195]]}},{"id":"992","type":"Feature","properties":{"supply_spaces":2,"occupancy_peak":1.5,"occupancy_mean":0.8125,"peak_period":"weekday_2123","at_practical_capacity":true},"geometry":{"type":"LineString","coordinates":[[-123.09112802193589,49.321180635084275],[-123.09100241364632,49.321180734053684]]}},{"id":"993","type":"Feature","properties":{"supply_spaces":8,"occupancy_peak":1.13,"occupancy_mean":0.8775,"peak_period":"weekday_1113","at_practical_capacity":true},"geometry":{"type":"LineString","coordinates":[[-123.09276566796841,49.32117742799056],[-123.09348111226801,49.32118756202033]]}},{"id":"994","type":"Feature","properties":{"supply_spaces":8,"occupancy_peak":0.12,"occupancy_mean":0.015,"peak_period":"weekend_1113","at_practical_capacity":false},"geometry":{"type":"LineString","coordinates":[[-123.08992288175205,49.3211684893195],[-123.08972280157074,49.321119701494204],[-123.08963063875277,49.32118886988167],[-123.08971627936496,49.321261531639756],[-123.08991572312776,49.32123632345486]]}},{"id":"995","type":"Feature","properties":{"supply_spaces":6,"occupancy_peak":1.24,"occupancy_mean":1.08375,"peak_period":"weekday_1113","at_practical_capacity":true},"geometry":{"type":"LineString","coordinates":[[-123.08991572312776,49.32123632345486],[-123.09050008457997,49.321239437520205]]}},{"id":"996","type":"Feature","properties":{"supply_spaces":4,"occupancy_peak":1.2,"occupancy_mean":1.02,"peak_period":"weekday_1113","at_practical_capacity":true},"geometry":{"type":"LineString","coordinates":[[-123.09067485474394,49.32124406075257],[-123.09104622426517,49.32124614890798]]}},{"id":"997","type":"Feature","properties":{"supply_spaces":3,"occupancy_peak":0.0,"occupancy_mean":0.0,"peak_period":"weekday_0709","at_practical_capacity":false},"geometry":{"type":"MultiLineString","coordinates":[[[-123.07813622669796,49.32113738760999],[-123.07798411186285,49.32113428898659]],[[-123.07718788431742,49.32113119036335],[-123.07707617487462,49.321128091438034]]]}},{"id":"998","type":"Feature","properties":{"supply_spaces":6,"occupancy_peak":1.03,"occupancy_mean":0.6837499999999999,"peak_period":"weekday_0709","at_practical_capacity":true},"geometry":{"type":"LineString","coordinates":[[-123.07771078015415,49.32113583765009],[-123.07718788431742,49.32113119036335]]}},{"id":"999","type":"Feature","properties":{"supply_spaces":1,"occupancy_peak":0.0,"occupancy_mean":0.0,"peak_period":"weekday_0709","at_practical_capacity":false},"geometry":{"type":"LineString","coordinates":[[-123.07844045613288,49.32114513321508],[-123.07832399307094,49.321145133941]]}},{"id":"1000","type":"Feature","properties":{"supply_spaces":1,"occupancy_peak":0.0,"occupancy_mean":0.0,"peak_period":"weekday_0709","at_practical_capacity":false},"geometry":{"type":"LineString","coordinates":[[-123.07852507039603,49.32118851226773],[-123.07852982364857,49.32124583400539]]}},{"id":"1001","type":"Feature","properties":{"supply_spaces":4,"occupancy_peak":0.76,"occupancy_mean":0.5712499999999999,"peak_period":"weekday_0709","at_practical_capacity":false},"geometry":{"type":"MultiLineString","coordinates":[[[-123.07852982364857,49.32124583400539],[-123.07852269387476,49.32135118243672]],[[-123.07851556239223,49.32142864331346],[-123.0785108094078,49.32155413108645]]]}},{"id":"1002","type":"Feature","properties":{"supply_spaces":7,"occupancy_peak":0.69,"occupancy_mean":0.60375,"peak_period":"weekday_1113","at_practical_capacity":false},"geometry":{"type":"LineString","coordinates":[[-123.07866540930239,49.321678123459044],[-123.07865352466376,49.32125595754542]]}},{"id":"1003","type":"Feature","properties":{"supply_spaces":8,"occupancy_peak":0.83,"occupancy_mean":0.4475,"peak_period":"weekend_0709","at_practical_capacity":false},"geometry":{"type":"MultiLineString","coordinates":[[[-123.0786594664753,49.32205768172773],[-123.07866540930239,49.321678123459044]],[[-123.07865352466376,49.32125595754542],[-123.07865352467014,49.32114363824484]]]}},{"id":"1004","type":"Feature","properties":{"supply_spaces":6,"occupancy_peak":0.71,"occupancy_mean":0.46375,"peak_period":"weekday_1113","at_practical_capacity":false},"geometry":{"type":"LineString","coordinates":[[-123.07851080893307,49.321667224858594],[-123.07849417235788,49.321997208417564]]}},{"id":"1005","type":"Feature","properties":{"supply_spaces":2,"occupancy_peak":0.0,"occupancy_mean":0.0,"peak_period":"weekday_0709","at_practical_capacity":false},"geometry":{"type":"LineString","coordinates":[[-123.0771403481379,49.32206847161999],[-123.0773304925551,49.322065373468405]]}},{"id":"1006","type":"Feature","properties":{"supply_spaces":9,"occupancy_peak":0.76,"occupancy_mean":0.325,"peak_period":"weekday_1113","at_practical_capacity":false},"geometry":{"type":"MultiLineString","coordinates":[[[-123.07806254570954,49.32207776774668],[-123.0773304925551,49.322065373468405]],[[-123.0771403481379,49.32206847161999],[-123.07698585604489,49.32206227535235]]]}},{"id":"1007","type":"Feature","properties":{"supply_spaces":2,"occupancy_peak":0.0,"occupancy_mean":0.0,"peak_period":"weekday_0709","at_practical_capacity":false},"geometry":{"type":"LineString","coordinates":[[-123.09151771096262,49.32124458647589],[-123.09165424481317,49.3212456683366]]}},{"id":"1008","type":"Feature","properties":{"supply_spaces":2,"occupancy_peak":1.63,"occupancy_mean":0.94625,"peak_period":"weekday_2123","at_practical_capacity":true},"geometry":{"type":"LineString","coordinates":[[-123.09165424481317,49.3212456683366],[-123.09181626252966,49.321245539740225]]}},{"id":"1009","type":"Feature","properties":{"supply_spaces":5,"occupancy_peak":1.15,"occupancy_mean":1.0050000000000001,"peak_period":"weekday_0709","at_practical_capacity":true},"geometry":{"type":"LineString","coordinates":[[-123.09181626252966,49.321245539740225],[-123.09228194388228,49.32125445001588]]}},{"id":"1010","type":"Feature","properties":{"supply_spaces":2,"occupancy_peak":0.0,"occupancy_mean":0.0,"peak_period":"weekday_0709","at_practical_capacity":false},"geometry":{"type":"LineString","coordinates":[[-123.09228194388228,49.32125445001588],[-123.09244469223624,49.321255748379464]]}},{"id":"1011","type":"Feature","properties":{"supply_spaces":5,"occupancy_peak":1.11,"occupancy_mean":0.7650000000000001,"peak_period":"weekday_1618","at_practical_capacity":true},"geometry":{"type":"LineString","coordinates":[[-123.09244469223624,49.321255748379464],[-123.0929296649358,49.32126249977601]]}},{"id":"1012","type":"Feature","properties":{"supply_spaces":5,"occupancy_peak":1.2,"occupancy_mean":0.75,"peak_period":"weekday_1618","at_practical_capacity":true},"geometry":{"type":"LineString","coordinates":[[-123.0929296649358,49.32126249977601],[-123.09321911983726,49.32126583593839]]}},{"id":"1013","type":"Feature","properties":{"supply_spaces":3,"occupancy_peak":1.37,"occupancy_mean":1.1150000000000002,"peak_period":"weekday_0709","at_practical_capacity":true},"geometry":{"type":"LineString","coordinates":[[-123.09134714002583,49.32154102679843],[-123.09136138158604,49.321367277596025]]}},{"id":"1014","type":"Feature","properties":{"supply_spaces":5,"occupancy_peak":0.0,"occupancy_mean":0.0,"peak_period":"weekday_0709","at_practical_capacity":false},"geometry":{"type":"LineString","coordinates":[[-123.09339469566847,49.32131210359065],[-123.09338798958967,49.321616743868965]]}},{"id":"1015","type":"Feature","properties":{"supply_spaces":5,"occupancy_peak":0.57,"occupancy_mean":0.285,"peak_period":"weekend_0709","at_practical_capacity":false},"geometry":{"type":"LineString","coordinates":[[-123.09133496697275,49.32184964440559],[-123.09134714002583,49.32154102679843]]}},{"id":"1016","type":"Feature","properties":{"supply_spaces":13,"occupancy_peak":1.19,"occupancy_mean":0.94,"peak_period":"weekend_2123","at_practical_capacity":true},"geometry":{"type":"LineString","coordinates":[[-123.09122303785972,49.3213721470864],[-123.09118253047087,49.322109967332295]]}},{"id":"1017","type":"Feature","properties":{"supply_spaces":6,"occupancy_peak":1.0,"occupancy_mean":0.77125,"peak_period":"weekday_2123","at_practical_capacity":true},"geometry":{"type":"LineString","coordinates":[[-123.09132082125606,49.3220753483931],[-123.09133496697275,49.32184964440559]]}},{"id":"1018","type":"Feature","properties":{"supply_spaces":2,"occupancy_peak":1.0,"occupancy_mean":0.875,"peak_period":"weekday_1113","at_practical_capacity":true},"geometry":{"type":"LineString","coordinates":[[-123.09162868903071,49.32218934357318],[-123.09157748603853,49.322188606077816]]}},{"id":"1019","type":"Feature","properties":{"supply_spaces":2,"occupancy_peak":0.59,"occupancy_mean":0.22125,"peak_period":"weekday_0709","at_practical_capacity":false},"geometry":{"type":"LineString","coordinates":[[-123.09177979445194,49.32219279294036],[-123.09162868903071,49.32218934357318]]}},{"id":"1020","type":"Feature","properties":{"supply_spaces":2,"occupancy_peak":0.0,"occupancy_mean":0.0,"peak_period":"weekday_0709","at_practical_capacity":false},"geometry":{"type":"LineString","coordinates":[[-123.09199460980406,49.322193812209555],[-123.09177979445194,49.32219279294036]]}},{"id":"1021","type":"Feature","properties":{"supply_spaces":2,"occupancy_peak":0.87,"occupancy_mean":0.435,"peak_period":"weekday_0709","at_practical_capacity":true},"geometry":{"type":"LineString","coordinates":[[-123.09219487089149,49.3221996029044],[-123.09199460980406,49.322193812209555]]}},{"id":"1022","type":"Feature","properties":{"supply_spaces":5,"occupancy_peak":1.08,"occupancy_mean":0.7312500000000001,"peak_period":"weekday_1618","at_practical_capacity":true},"geometry":{"type":"LineString","coordinates":[[-123.08956431220308,49.322201671340416],[-123.08914924331337,49.322199612137545]]}},{"id":"1023","type":"Feature","properties":{"supply_spaces":7,"occupancy_peak":1.22,"occupancy_mean":0.7612500000000001,"peak_period":"weekend_0709","at_practical_capacity":true},"geometry":{"type":"LineString","coordinates":[[-123.09263360812267,49.32220282225573],[-123.09219487089149,49.3221996029044]]}},{"id":"1024","type":"Feature","properties":{"supply_spaces":3,"occupancy_peak":0.72,"occupancy_mean":0.09,"peak_period":"weekday_0709","at_practical_capacity":false},"geometry":{"type":"LineString","coordinates":[[-123.08992477335582,49.32220734171371],[-123.08967354368606,49.322203966749086]]}},{"id":"1025","type":"Feature","properties":{"supply_spaces":3,"occupancy_peak":1.3,"occupancy_mean":0.7337500000000001,"peak_period":"weekday_1618","at_practical_capacity":true},"geometry":{"type":"LineString","coordinates":[[-123.09044178506511,49.322208128350304],[-123.09017053918164,49.322209529442055]]}},{"id":"1026","type":"Feature","properties":{"supply_spaces":5,"occupancy_peak":0.96,"occupancy_mean":0.8599999999999999,"peak_period":"weekday_0709","at_practical_capacity":true},"geometry":{"type":"LineString","coordinates":[[-123.09324165839553,49.322211852840965],[-123.09277560720655,49.32220508846523]]}},{"id":"1027","type":"Feature","properties":{"supply_spaces":3,"occupancy_peak":0.0,"occupancy_mean":0.0,"peak_period":"weekday_0709","at_practical_capacity":false},"geometry":{"type":"LineString","coordinates":[[-123.07832161611884,49.32207931683957],[-123.07806254570954,49.32207776774668]]}},{"id":"1028","type":"Feature","properties":{"supply_spaces":6,"occupancy_peak":0.99,"occupancy_mean":0.5175,"peak_period":"weekday_1618","at_practical_capacity":true},"geometry":{"type":"MultiLineString","coordinates":[[[-123.0781690120017,49.32218015732621],[-123.07806892886742,49.32218015750931]],[[-123.07764358026549,49.322178345476814],[-123.07720433009828,49.32216928570749]]]}},{"id":"1029","type":"Feature","properties":{"supply_spaces":1,"occupancy_peak":0.0,"occupancy_mean":0.0,"peak_period":"weekday_0709","at_practical_capacity":false},"geometry":{"type":"LineString","coordinates":[[-123.07775118530122,49.32217846563422],[-123.07764358026549,49.322178345476814]]}},{"id":"1030","type":"Feature","properties":{"supply_spaces":3,"occupancy_peak":0.33,"occupancy_mean":0.04125,"peak_period":"weekend_1113","at_practical_capacity":false},"geometry":{"type":"LineString","coordinates":[[-123.07843589719458,49.322187405578156],[-123.0781690120017,49.32218015732621]]}},{"id":"1031","type":"Feature","properties":{"supply_spaces":10,"occupancy_peak":0.31,"occupancy_mean":0.2325,"peak_period":"weekday_0709","at_practical_capacity":false},"geometry":{"type":"LineString","coordinates":[[-123.0786020124061,49.322739194172215],[-123.0786059894307,49.322181618601846]]}},{"id":"1032","type":"Feature","properties":{"supply_spaces":7,"occupancy_peak":0.9,"occupancy_mean":0.31875,"peak_period":"weekday_1618","at_practical_capacity":true},"geometry":{"type":"LineString","coordinates":[[-123.07849987619988,49.32268195572628],[-123.07850225305764,49.32229000916103]]}},{"id":"1033","type":"Feature","properties":{"supply_spaces":2,"occupancy_peak":0.0,"occupancy_mean":0.0,"peak_period":"weekday_0709","at_practical_capacity":false},"geometry":{"type":"MultiLineString","coordinates":[[[-123.0784808612813,49.32301193274477],[-123.07848086147611,49.32307699798745]],[[-123.07850225305764,49.32229000916103],[-123.0785022533407,49.32222958988509]]]}},{"id":"1034","type":"Feature","properties":{"supply_spaces":6,"occupancy_peak":0.71,"occupancy_mean":0.28875,"peak_period":"weekday_1618","at_practical_capacity":false},"geometry":{"type":"LineString","coordinates":[[-123.0784808612813,49.32301193274477],[-123.07849987619988,49.32268195572628]]}},{"id":"1035","type":"Feature","properties":{"supply_spaces":6,"occupancy_peak":0.66,"occupancy_mean":0.49250000000000005,"peak_period":"weekend_0709","at_practical_capacity":false},"geometry":{"type":"LineString","coordinates":[[-123.07859054010953,49.32309564228812],[-123.0786020124061,49.322739194172215]]}},{"id":"1036","type":"Feature","properties":{"supply_spaces":2,"occupancy_peak":0.0,"occupancy_mean":0.0,"peak_period":"weekday_0709","at_practical_capacity":false},"geometry":{"type":"LineString","coordinates":[[-123.07741777261019,49.32311188739802],[-123.07727920721388,49.3231118865814]]}},{"id":"1037","type":"Feature","properties":{"supply_spaces":5,"occupancy_peak":1.08,"occupancy_mean":0.7050000000000001,"peak_period":"weekday_1113","at_practical_capacity":true},"geometry":{"type":"LineString","coordinates":[[-123.09105529672176,49.32221716616411],[-123.09064568716602,49.32221391798065]]}},{"id":"1038","type":"Feature","properties":{"supply_spaces":14,"occupancy_peak":0.59,"occupancy_mean":0.39875,"peak_period":"weekday_2123","at_practical_capacity":false},"geometry":{"type":"LineString","coordinates":[[-123.08923492703617,49.32226737546764],[-123.09045102085403,49.32228070989062]]}},{"id":"1039","type":"Feature","properties":{"supply_spaces":3,"occupancy_peak":1.15,"occupancy_mean":1.0525,"peak_period":"weekday_1618","at_practical_capacity":true},"geometry":{"type":"LineString","coordinates":[[-123.09146319375337,49.322278723276376],[-123.09169621821653,49.32228210789638]]}},{"id":"1040","type":"Feature","properties":{"supply_spaces":2,"occupancy_peak":1.0,"occupancy_mean":0.8125,"peak_period":"weekday_2123","at_practical_capacity":true},"geometry":{"type":"LineString","coordinates":[[-123.09063125721612,49.32228651806484],[-123.0907714336942,49.32228759811237]]}},{"id":"1041","type":"Feature","properties":{"supply_spaces":1,"occupancy_peak":1.44,"occupancy_mean":0.8099999999999999,"peak_period":"weekend_1618","at_practical_capacity":true},"geometry":{"type":"LineString","coordinates":[[-123.09086427947331,49.32228871520989],[-123.09098625081657,49.32228861925439]]}},{"id":"1042","type":"Feature","properties":{"supply_spaces":10,"occupancy_peak":1.24,"occupancy_mean":0.8487499999999999,"peak_period":"weekday_1618","at_practical_capacity":true},"geometry":{"type":"LineString","coordinates":[[-123.09194926677053,49.32228428696381],[-123.09289046617756,49.32229543398179]]}},{"id":"1043","type":"Feature","properties":{"supply_spaces":2,"occupancy_peak":0.93,"occupancy_mean":0.695,"peak_period":"weekday_1618","at_practical_capacity":true},"geometry":{"type":"LineString","coordinates":[[-123.09307979900188,49.32229766176534],[-123.09326913633801,49.32230226934216]]}},{"id":"1044","type":"Feature","properties":{"supply_spaces":5,"occupancy_peak":0.93,"occupancy_mean":0.62625,"peak_period":"weekend_1618","at_practical_capacity":true},"geometry":{"type":"LineString","coordinates":[[-123.0913014036476,49.32240379872091],[-123.09128013660283,49.322716780692105]]}},{"id":"1045","type":"Feature","properties":{"supply_spaces":13,"occupancy_peak":0.68,"occupancy_mean":0.6125,"peak_period":"weekday_1618","at_practical_capacity":false},"geometry":{"type":"LineString","coordinates":[[-123.09117754992842,49.32237057679479],[-123.09112836234561,49.323139219196236]]}},{"id":"1046","type":"Feature","properties":{"supply_spaces":1,"occupancy_peak":0.81,"occupancy_mean":0.6075000000000002,"peak_period":"weekday_1618","at_practical_capacity":false},"geometry":{"type":"LineString","coordinates":[[-123.09127316876845,49.32288695303992],[-123.09127666918856,49.32281079225431]]}},{"id":"1047","type":"Feature","properties":{"supply_spaces":2,"occupancy_peak":1.08,"occupancy_mean":0.7425,"peak_period":"weekday_2123","at_practical_capacity":true},"geometry":{"type":"LineString","coordinates":[[-123.09126261164718,49.3230844985444],[-123.0912642321202,49.32297620870443]]}},{"id":"1048","type":"Feature","properties":{"supply_spaces":13,"occupancy_peak":0.75,"occupancy_mean":0.4675,"peak_period":"weekend_0709","at_practical_capacity":false},"geometry":{"type":"LineString","coordinates":[[-123.09039451662119,49.3232374985828],[-123.08920021212485,49.323205106794646]]}},{"id":"1049","type":"Feature","properties":{"supply_spaces":4,"occupancy_peak":0.48,"occupancy_mean":0.24,"peak_period":"weekend_1113","at_practical_capacity":false},"geometry":{"type":"LineString","coordinates":[[-123.09094067181371,49.32324063939989],[-123.09057292713419,49.323238548961925]]}},{"id":"1050","type":"Feature","properties":{"supply_spaces":6,"occupancy_peak":0.0,"occupancy_mean":0.0,"peak_period":"weekday_0709","at_practical_capacity":false},"geometry":{"type":"LineString","coordinates":[[-123.08920021212485,49.323205106794646],[-123.08916289322934,49.32327680864298],[-123.08922262409573,49.323341707256006],[-123.08950266258678,49.323341721010486]]}},{"id":"1051","type":"Feature","properties":{"supply_spaces":6,"occupancy_peak":0.0,"occupancy_mean":0.0,"peak_period":"weekday_0709","at_practical_capacity":false},"geometry":{"type":"LineString","coordinates":[[-123.0904256333218,49.3233291029503],[-123.09051674444659,49.32330097497736],[-123.09095353083825,49.32330369850925]]}},{"id":"1052","type":"Feature","properties":{"supply_spaces":8,"occupancy_peak":0.59,"occupancy_mean":0.20625,"peak_period":"weekend_0709","at_practical_capacity":false},"geometry":{"type":"LineString","coordinates":[[-123.08966648265529,49.3233285043466],[-123.0904256333218,49.3233291029503]]}},{"id":"1053","type":"Feature","properties":{"supply_spaces":2,"occupancy_peak":0.0,"occupancy_mean":0.0,"peak_period":"weekday_0709","at_practical_capacity":false},"geometry":{"type":"LineString","coordinates":[[-123.08950266258678,49.323341721010486],[-123.08966648265529,49.3233285043466]]}},{"id":"1054","type":"Feature","properties":{"supply_spaces":5,"occupancy_peak":0.2,"occupancy_mean":0.025,"peak_period":"weekday_0709","at_practical_capacity":false},"geometry":{"type":"LineString","coordinates":[[-123.07867135030911,49.3221630280057],[-123.07912294155972,49.322166126182786]]}},{"id":"1055","type":"Feature","properties":{"supply_spaces":28,"occupancy_peak":0.65,"occupancy_mean":0.47125,"peak_period":"weekend_2123","at_practical_capacity":false},"geometry":{"type":"LineString","coordinates":[[-123.07912294155972,49.322166126182786],[-123.08160431875561,49.322187815101664]]}},{"id":"1056","type":"Feature","properties":{"supply_spaces":12,"occupancy_peak":0.33,"occupancy_mean":0.25375,"peak_period":"weekend_0709","at_practical_capacity":false},"geometry":{"type":"MultiLineString","coordinates":[[[-123.08157579664959,49.323135921009865],[-123.0815853038494,49.322807494658235]],[[-123.08159956454358,49.32261849277804],[-123.0816138253119,49.322228094803314]]]}},{"id":"1057","type":"Feature","properties":{"supply_spaces":31,"occupancy_peak":0.48,"occupancy_mean":0.39375000000000004,"peak_period":"weekday_2123","at_practical_capacity":false},"geometry":{"type":"MultiLineString","coordinates":[[[-123.07859529321819,49.323132822149866],[-123.07925128953612,49.32313592096989]],[[-123.07936062159689,49.32313901942506],[-123.08149023101103,49.32315761011769]]]}},{"id":"1058","type":"Feature","properties":{"supply_spaces":31,"occupancy_peak":0.64,"occupancy_mean":0.525,"peak_period":"weekend_0709","at_practical_capacity":false},"geometry":{"type":"MultiLineString","coordinates":[[[-123.08150449257774,49.323238166579415],[-123.0796220694519,49.323219576133525]],[[-123.07952699673514,49.323231970290486],[-123.07859529241884,49.32320408502386]]]}},{"id":"1059","type":"Feature","properties":{"supply_spaces":15,"occupancy_peak":0.41,"occupancy_mean":0.255,"peak_period":"weekend_1113","at_practical_capacity":false},"geometry":{"type":"MultiLineString","coordinates":[[[-123.08155202778327,49.324173859366894],[-123.081556781964,49.323736998569814]],[[-123.08155678124392,49.32366573750173],[-123.08155678242335,49.32323816657322]]]}},{"id":"1060","type":"Feature","properties":{"supply_spaces":32,"occupancy_peak":0.41,"occupancy_mean":0.3475,"peak_period":"weekend_0709","at_practical_capacity":false},"geometry":{"type":"LineString","coordinates":[[-123.07861193034694,49.324169211334635],[-123.08146408706963,49.324201744159865]]}},{"id":"1061","type":"Feature","properties":{"supply_spaces":32,"occupancy_peak":0.25,"occupancy_mean":0.1825,"peak_period":"weekday_2123","at_practical_capacity":false},"geometry":{"type":"LineString","coordinates":[[-123.07864758260027,49.32423427569693],[-123.08147121689764,49.324266807962374]]}},{"id":"1062","type":"Feature","properties":{"supply_spaces":10,"occupancy_peak":0.5,"occupancy_mean":0.25,"peak_period":"weekend_1113","at_practical_capacity":false},"geometry":{"type":"MultiLineString","coordinates":[[[-123.08154727366092,49.325180793269205],[-123.08154727486065,49.325072355432766]],[[-123.08154252121784,49.32497630991265],[-123.08154252095208,49.32480280864912]],[[-123.08153776752313,49.324694369662375],[-123.08153776670494,49.324536357969684]],[[-123.08154252020626,49.32444650786147],[-123.08154252096058,49.32429779080813]]]}},{"id":"1063","type":"Feature","properties":{"supply_spaces":25,"occupancy_peak":0.45,"occupancy_mean":0.3125,"peak_period":"weekend_1113","at_practical_capacity":false},"geometry":{"type":"LineString","coordinates":[[-123.07929644809433,49.32521487404996],[-123.08149973784907,49.32522416883015]]}},{"id":"1064","type":"Feature","properties":{"supply_spaces":21,"occupancy_peak":0.28,"occupancy_mean":0.20125,"peak_period":"weekday_2123","at_practical_capacity":false},"geometry":{"type":"MultiLineString","coordinates":[[[-123.08150686807447,49.3252985254653],[-123.08063696092957,49.325298525784966]],[[-123.08052287506065,49.32530317303986],[-123.08038026718395,49.32530317335918]],[[-123.08027331129031,49.32529852616038],[-123.07992392161043,49.32529852542628]],[[-123.07980983567504,49.32530317287687],[-123.07928218680587,49.325303172622576]]]}},{"id":"1065","type":"Feature","properties":{"supply_spaces":10,"occupancy_peak":0.31,"occupancy_mean":0.06375,"peak_period":"weekday_2123","at_practical_capacity":false},"geometry":{"type":"MultiLineString","coordinates":[[[-123.08150686804608,49.32623727740256],[-123.08152112947711,49.32607462411291]],[[-123.08152112878513,49.32598167856827],[-123.08152112884873,49.32586084908745]],[[-123.0815068688522,49.32577255147351],[-123.0815068680286,49.32548441837518]]]}},{"id":"1066","type":"Feature","properties":{"supply_spaces":31,"occupancy_peak":0.48,"occupancy_mean":0.365,"peak_period":"weekend_0709","at_practical_capacity":false},"geometry":{"type":"MultiLineString","coordinates":[[[-123.08145695545564,49.32628374983016],[-123.07926079498135,49.326260513219594]],[[-123.07911818765791,49.326265160652085],[-123.07854775640077,49.326255865591335]]]}},{"id":"1067","type":"Feature","properties":{"supply_spaces":32,"occupancy_peak":0.57,"occupancy_mean":0.42625,"peak_period":"weekend_2123","at_practical_capacity":false},"geometry":{"type":"MultiLineString","coordinates":[[[-123.07857627736182,49.32633486911843],[-123.0807795680616,49.326339516369366]],[[-123.08092217608554,49.32633022181336],[-123.08152112879746,49.326353458041254]]]}},{"id":"1068","type":"Feature","properties":{"supply_spaces":14,"occupancy_peak":0.42,"occupancy_mean":0.21,"peak_period":"weekday_2123","at_practical_capacity":false},"geometry":{"type":"MultiLineString","coordinates":[[[-123.08147834604561,49.32729218960132],[-123.08149973725571,49.32731077819662],[-123.08148547717222,49.32694829988489]],[[-123.08148547654831,49.32685535615336],[-123.08149973765366,49.326413872570775]]]}},{"id":"1069","type":"Feature","properties":{"supply_spaces":30,"occupancy_peak":0.57,"occupancy_mean":0.44375,"peak_period":"weekday_2123","at_practical_capacity":false},"geometry":{"type":"MultiLineString","coordinates":[[[-123.07854062564381,49.327301484059944],[-123.0790967954874,49.32730613125139]],[[-123.07921088198827,49.327301483607165],[-123.08079382877048,49.327315425042315]],[[-123.08090078431077,49.32732471952978],[-123.0814070419466,49.32732471937161]]]}},{"id":"1070","type":"Feature","properties":{"supply_spaces":29,"occupancy_peak":0.63,"occupancy_mean":0.5225,"peak_period":"weekday_2123","at_practical_capacity":false},"geometry":{"type":"MultiLineString","coordinates":[[[-123.08139991277682,49.32738048505054],[-123.08090078485083,49.327380485584186]],[[-123.08077956869677,49.327380484912624],[-123.07922514370114,49.32736654352431]],[[-123.07908253455625,49.32737119091259],[-123.07856201675197,49.32736654371142]]]}},{"id":"1071","type":"Feature","properties":{"supply_spaces":25,"occupancy_peak":0.6,"occupancy_mean":0.485,"peak_period":"weekend_0709","at_practical_capacity":false},"geometry":{"type":"MultiLineString","coordinates":[[[-123.08144269371853,49.32921142179224],[-123.08144982451898,49.328528313358404]],[[-123.08145695464289,49.32821696170808],[-123.0814854773493,49.32743625107985]]]}},{"id":"1072","type":"Feature","properties":{"supply_spaces":26,"occupancy_peak":0.67,"occupancy_mean":0.47500000000000003,"peak_period":"weekend_2123","at_practical_capacity":false},"geometry":{"type":"MultiLineString","coordinates":[[[-123.08116104343476,49.32836334391127],[-123.08084374167925,49.32836334410593]],[[-123.08064409088,49.32836566759134],[-123.07917166474289,49.32834940237209]],[[-123.07908610066181,49.32835172591789],[-123.0785905375072,49.32834940229226]]]}},{"id":"1073","type":"Feature","properties":{"supply_spaces":4,"occupancy_peak":0.0,"occupancy_mean":0.0,"peak_period":"weekday_0709","at_practical_capacity":false},"geometry":{"type":"LineString","coordinates":[[-123.08123947778421,49.32840749074761],[-123.08132860746294,49.32840749103164],[-123.08133930400763,49.328363343631196],[-123.08128226060525,49.328342432365325],[-123.08120382658673,49.328358696674286]]}},{"id":"1074","type":"Feature","properties":{"supply_spaces":29,"occupancy_peak":0.52,"occupancy_mean":0.39999999999999997,"peak_period":"weekend_0709","at_practical_capacity":false},"geometry":{"type":"MultiLineString","coordinates":[[[-123.07853468369706,49.328391226111506],[-123.08059298887218,49.32841291223787]],[[-123.08074035059514,49.32840671610762],[-123.08119194210244,49.328403618475626]]]}},{"id":"1075","type":"Feature","properties":{"supply_spaces":31,"occupancy_peak":0.55,"occupancy_mean":0.44875,"peak_period":"weekend_0709","at_practical_capacity":false},"geometry":{"type":"LineString","coordinates":[[-123.08123472393376,49.329308233115206],[-123.07846813296429,49.32930823299858]]}},{"id":"1076","type":"Feature","properties":{"supply_spaces":29,"occupancy_peak":0.62,"occupancy_mean":0.4,"peak_period":"weekend_2123","at_practical_capacity":false},"geometry":{"type":"LineString","coordinates":[[-123.08120144886786,49.32936399644708],[-123.07859172565088,49.32935780019044]]}},{"id":"1077","type":"Feature","properties":{"supply_spaces":13,"occupancy_peak":0.32,"occupancy_mean":0.24000000000000002,"peak_period":"weekday_2123","at_practical_capacity":false},"geometry":{"type":"LineString","coordinates":[[-123.08143239385605,49.33013280181257],[-123.08143437540832,49.329394976313004]]}},{"id":"1078","type":"Feature","properties":{"supply_spaces":2,"occupancy_peak":0.0,"occupancy_mean":0.0,"peak_period":"weekday_0709","at_practical_capacity":false},"geometry":{"type":"LineString","coordinates":[[-123.0814383366028,49.33025284534224],[-123.08143239385605,49.33013280181257]]}},{"id":"1079","type":"Feature","properties":{"supply_spaces":21,"occupancy_peak":0.43,"occupancy_mean":0.38125000000000003,"peak_period":"weekday_1618","at_practical_capacity":false},"geometry":{"type":"LineString","coordinates":[[-123.07866104889929,49.33023942138821],[-123.080514950412,49.33025181287878]]}},{"id":"1080","type":"Feature","properties":{"supply_spaces":8,"occupancy_peak":0.0,"occupancy_mean":0.0,"peak_period":"weekday_0709","at_practical_capacity":false},"geometry":{"type":"LineString","coordinates":[[-123.08070271777204,49.33028924636712],[-123.0814062497863,49.33030163758308]]}},{"id":"1081","type":"Feature","properties":{"supply_spaces":5,"occupancy_peak":1.25,"occupancy_mean":0.8375,"peak_period":"weekend_1113","at_practical_capacity":true},"geometry":{"type":"LineString","coordinates":[[-123.07444207376585,49.32411398261042],[-123.07401390848699,49.32411053271603]]}},{"id":"1082","type":"Feature","properties":{"supply_spaces":3,"occupancy_peak":0.66,"occupancy_mean":0.33,"peak_period":"weekend_0709","at_practical_capacity":false},"geometry":{"type":"LineString","coordinates":[[-123.07284211609684,49.32420344016403],[-123.0725702275015,49.324201355225505]]}},{"id":"1083","type":"Feature","properties":{"supply_spaces":13,"occupancy_peak":0.99,"occupancy_mean":0.7725,"peak_period":"weekday_2123","at_practical_capacity":true},"geometry":{"type":"LineString","coordinates":[[-123.07306889643326,49.32419840277633],[-123.07424213998515,49.32421067371801]]}},{"id":"1084","type":"Feature","properties":{"supply_spaces":2,"occupancy_peak":0.0,"occupancy_mean":0.0,"peak_period":"weekday_0709","at_practical_capacity":false},"geometry":{"type":"LineString","coordinates":[[-123.07424213998515,49.32421067371801],[-123.07437904462368,49.32421153737856]]}},{"id":"1085","type":"Feature","properties":{"supply_spaces":3,"occupancy_peak":0.7,"occupancy_mean":0.5249999999999999,"peak_period":"weekday_1113","at_practical_capacity":false},"geometry":{"type":"LineString","coordinates":[[-123.07288532349456,49.32513798858369],[-123.0726298186327,49.32513217937166]]}},{"id":"1086","type":"Feature","properties":{"supply_spaces":2,"occupancy_peak":0.0,"occupancy_mean":0.0,"peak_period":"weekday_0709","at_practical_capacity":false},"geometry":{"type":"LineString","coordinates":[[-123.07411222241024,49.32514897397918],[-123.07389546230432,49.325151544145776]]}},{"id":"1087","type":"Feature","properties":{"supply_spaces":15,"occupancy_peak":0.84,"occupancy_mean":0.695,"peak_period":"weekend_1113","at_practical_capacity":false},"geometry":{"type":"MultiLineString","coordinates":[[[-123.07512664785379,49.32517291347818],[-123.07483384062954,49.325170274470885]],[[-123.07456127416796,49.325168515779865],[-123.07443912642555,49.32514853362305]],[[-123.07425941131991,49.32514727477688],[-123.07411222241024,49.32514897397918]],[[-123.07389546230432,49.325151544145776],[-123.07307970158068,49.32514477048881]]]}},{"id":"1088","type":"Feature","properties":{"supply_spaces":4,"occupancy_peak":0.9,"occupancy_mean":0.4475,"peak_period":"weekday_1618","at_practical_capacity":true},"geometry":{"type":"LineString","coordinates":[[-123.07289126550646,49.32523287243632],[-123.07249315286077,49.32523480850808]]}},{"id":"1089","type":"Feature","properties":{"supply_spaces":18,"occupancy_peak":0.88,"occupancy_mean":0.4,"peak_period":"weekend_1618","at_practical_capacity":true},"geometry":{"type":"MultiLineString","coordinates":[[[-123.07514625146544,49.32525610908539],[-123.0747689355094,49.32525804576936]],[[-123.07462335677252,49.325259982051726],[-123.07457879185017,49.32525804538516]],[[-123.07447183605889,49.32525030029949],[-123.07425792341924,49.325254172702174]],[[-123.07414205496362,49.32525610907532],[-123.0731586560487,49.325246427331045]]]}},{"id":"1090","type":"Feature","properties":{"supply_spaces":4,"occupancy_peak":1.01,"occupancy_mean":0.6337499999999999,"peak_period":"weekday_2123","at_practical_capacity":true},"geometry":{"type":"LineString","coordinates":[[-123.07283184516969,49.32618750309725],[-123.07247829684515,49.32617975747706]]}},{"id":"1091","type":"Feature","properties":{"supply_spaces":10,"occupancy_peak":1.11,"occupancy_mean":0.9225000000000001,"peak_period":"weekday_2123","at_practical_capacity":true},"geometry":{"type":"LineString","coordinates":[[-123.0754661554414,49.32490620500643],[-123.0755022046627,49.32432601489647]]}},{"id":"1092","type":"Feature","properties":{"supply_spaces":3,"occupancy_peak":0.58,"occupancy_mean":0.18124999999999997,"peak_period":"weekday_1618","at_practical_capacity":false},"geometry":{"type":"LineString","coordinates":[[-123.07532987413447,49.32476223364004],[-123.07532679931593,49.324963101825375]]}},{"id":"1093","type":"Feature","properties":{"supply_spaces":2,"occupancy_peak":0.0,"occupancy_mean":0.0,"peak_period":"weekday_0709","at_practical_capacity":false},"geometry":{"type":"LineString","coordinates":[[-123.0754623067539,49.32502807055554],[-123.0754661554414,49.32490620500643]]}},{"id":"1094","type":"Feature","properties":{"supply_spaces":2,"occupancy_peak":0.0,"occupancy_mean":0.0,"peak_period":"weekday_0709","at_practical_capacity":false},"geometry":{"type":"LineString","coordinates":[[-123.07532679931593,49.324963101825375],[-123.07535395939026,49.32505238216398]]}},{"id":"1095","type":"Feature","properties":{"supply_spaces":2,"occupancy_peak":0.0,"occupancy_mean":0.0,"peak_period":"weekday_0709","at_practical_capacity":false},"geometry":{"type":"LineString","coordinates":[[-123.07443912642555,49.32514853362305],[-123.07425941131991,49.32514727477688]]}},{"id":"1096","type":"Feature","properties":{"supply_spaces":2,"occupancy_peak":0.0,"occupancy_mean":0.0,"peak_period":"weekday_0709","at_practical_capacity":false},"geometry":{"type":"LineString","coordinates":[[-123.07548149851804,49.325421287285074],[-123.07547028830784,49.325329554396404]]}},{"id":"1097","type":"Feature","properties":{"supply_spaces":5,"occupancy_peak":0.0,"occupancy_mean":0.0,"peak_period":"weekday_0709","at_practical_capacity":false},"geometry":{"type":"LineString","coordinates":[[-123.0752949644666,49.32560573400903],[-123.07534129842702,49.325339984725076]]}},{"id":"1098","type":"Feature","properties":{"supply_spaces":13,"occupancy_peak":0.79,"occupancy_mean":0.5549999999999999,"peak_period":"weekend_2123","at_practical_capacity":false},"geometry":{"type":"LineString","coordinates":[[-123.07545654135048,49.32615788145695],[-123.07548149851804,49.325421287285074]]}},{"id":"1099","type":"Feature","properties":{"supply_spaces":8,"occupancy_peak":0.78,"occupancy_mean":0.6012500000000001,"peak_period":"weekend_2123","at_practical_capacity":false},"geometry":{"type":"MultiLineString","coordinates":[[[-123.07530114200415,49.326092936487846],[-123.0753011426323,49.32601844710566]],[[-123.07528569809513,49.32597818247373],[-123.0752949644666,49.32560573400903]]]}},{"id":"1100","type":"Feature","properties":{"supply_spaces":1,"occupancy_peak":0.0,"occupancy_mean":0.0,"peak_period":"weekday_0709","at_practical_capacity":false},"geometry":{"type":"LineString","coordinates":[[-123.0753011426323,49.32601844710566],[-123.07528569809513,49.32597818247373]]}},{"id":"1101","type":"Feature","properties":{"supply_spaces":1,"occupancy_peak":0.0,"occupancy_mean":0.0,"peak_period":"weekday_0709","at_practical_capacity":false},"geometry":{"type":"LineString","coordinates":[[-123.07551322493411,49.32403087633587],[-123.07550847115127,49.32409439211626]]}},{"id":"1102","type":"Feature","properties":{"supply_spaces":25,"occupancy_peak":0.81,"occupancy_mean":0.6350000000000001,"peak_period":"weekday_2123","at_practical_capacity":false},"geometry":{"type":"MultiLineString","coordinates":[[[-123.07833269980493,49.32416616897584],[-123.07781464360902,49.32416166696221]],[[-123.07764541176962,49.3241571653847],[-123.07631228264819,49.32414590989125]],[[-123.07578731991762,49.3241324037428],[-123.07613614340357,49.32413915648978]]]}},{"id":"1103","type":"Feature","properties":{"supply_spaces":28,"occupancy_peak":0.71,"occupancy_mean":0.59625,"peak_period":"weekday_2123","at_practical_capacity":false},"geometry":{"type":"MultiLineString","coordinates":[[[-123.07832924564494,49.32426071352228],[-123.07623284671655,49.32423820266905]],[[-123.07603253173902,49.324238202390326],[-123.07561808729479,49.32423144910573]]]}},{"id":"1104","type":"Feature","properties":{"supply_spaces":21,"occupancy_peak":0.57,"occupancy_mean":0.44999999999999996,"peak_period":"weekday_2123","at_practical_capacity":false},"geometry":{"type":"MultiLineString","coordinates":[[[-123.07824797158345,49.32520382662832],[-123.077641888763,49.32518639896123]],[[-123.07708334158953,49.32519414521441],[-123.07620095548592,49.32518059002645]],[[-123.0760167535303,49.32518446318321],[-123.07563943687103,49.325174781029354]]]}},{"id":"1105","type":"Feature","properties":{"supply_spaces":5,"occupancy_peak":0.0,"occupancy_mean":0.0,"peak_period":"weekday_0709","at_practical_capacity":false},"geometry":{"type":"MultiLineString","coordinates":[[[-123.07836086906815,49.32530451874315],[-123.07820934905592,49.32530451882777]],[[-123.0778765967334,49.32530064624147],[-123.07782014798896,49.32531420121193]],[[-123.07774884481789,49.32531032823102],[-123.07771022196819,49.3252987100379]],[[-123.07603457935485,49.32525610919038],[-123.07596030428292,49.32527934561933]],[[-123.07566023377811,49.32527547305342],[-123.07559487221133,49.32525029983445]]]}},{"id":"1106","type":"Feature","properties":{"supply_spaces":11,"occupancy_peak":0.71,"occupancy_mean":0.5525,"peak_period":"weekday_1113","at_practical_capacity":false},"geometry":{"type":"MultiLineString","coordinates":[[[-123.0765455904709,49.32528321866272],[-123.07725565867932,49.32529483744349]],[[-123.07596030428292,49.32527934561933],[-123.07566023377811,49.32527547305342]]]}},{"id":"1107","type":"Feature","properties":{"supply_spaces":25,"occupancy_peak":0.85,"occupancy_mean":0.675,"peak_period":"weekend_0709","at_practical_capacity":true},"geometry":{"type":"MultiLineString","coordinates":[[[-123.0783048776068,49.326243327505985],[-123.07785257767469,49.32624031925511]],[[-123.07768642590311,49.326234302686345],[-123.07623491251385,49.32622076638917]],[[-123.07593030168444,49.32622227029608],[-123.07563492241492,49.32622377455556]]]}},{"id":"1108","type":"Feature","properties":{"supply_spaces":26,"occupancy_peak":0.74,"occupancy_mean":0.665,"peak_period":"weekday_2123","at_practical_capacity":false},"geometry":{"type":"MultiLineString","coordinates":[[[-123.07831641552785,49.32634560035018],[-123.07800949821795,49.32634409613971]],[[-123.07791026838845,49.32634860845308],[-123.07781334720472,49.326350112062826]],[[-123.07767488750336,49.32634259173858],[-123.07611952915194,49.32632454342555]],[[-123.07593030151439,49.326317023852035],[-123.0755933835738,49.326309503510714]]]}},{"id":"1109","type":"Feature","properties":{"supply_spaces":3,"occupancy_peak":1.12,"occupancy_mean":0.5587500000000001,"peak_period":"weekday_0709","at_practical_capacity":true},"geometry":{"type":"LineString","coordinates":[[-123.07550277048902,49.328295216021544],[-123.0757416388823,49.328299863120456]]}},{"id":"1110","type":"Feature","properties":{"supply_spaces":3,"occupancy_peak":0.0,"occupancy_mean":0.0,"peak_period":"weekday_0709","at_practical_capacity":false},"geometry":{"type":"LineString","coordinates":[[-123.0757416388823,49.328299863120456],[-123.07597337636794,49.32829521617457]]}},{"id":"1111","type":"Feature","properties":{"supply_spaces":12,"occupancy_peak":1.36,"occupancy_mean":1.00125,"peak_period":"weekday_2123","at_practical_capacity":true},"geometry":{"type":"MultiLineString","coordinates":[[[-123.0765455904709,49.32528321866272],[-123.07628117301385,49.3252832189731]],[[-123.07771022196819,49.3252987100379],[-123.07725565867932,49.32529483744349]],[[-123.07820934905592,49.32530451882777],[-123.0778765967334,49.32530064624147]]]}},{"id":"1112","type":"Feature","properties":{"supply_spaces":1,"occupancy_peak":0.0,"occupancy_mean":0.0,"peak_period":"weekday_0709","at_practical_capacity":false},"geometry":{"type":"LineString","coordinates":[[-123.07843514433122,49.32535486525556],[-123.07842920285188,49.32543425651508]]}},{"id":"1113","type":"Feature","properties":{"supply_spaces":14,"occupancy_peak":0.36,"occupancy_mean":0.28875,"peak_period":"weekday_0709","at_practical_capacity":false},"geometry":{"type":"LineString","coordinates":[[-123.07851923445695,49.32620474598909],[-123.07854062670988,49.32539611895088]]}},{"id":"1114","type":"Feature","properties":{"supply_spaces":13,"occupancy_peak":0.16,"occupancy_mean":0.11000000000000001,"peak_period":"weekday_1618","at_practical_capacity":false},"geometry":{"type":"LineString","coordinates":[[-123.0784173185457,49.326179758410696],[-123.07842920285188,49.32543425651508]]}},{"id":"1115","type":"Feature","properties":{"supply_spaces":1,"occupancy_peak":0.0,"occupancy_mean":0.0,"peak_period":"weekday_0709","at_practical_capacity":false},"geometry":{"type":"LineString","coordinates":[[-123.07841332315797,49.32644563579088],[-123.07841228695031,49.326382422482126]]}},{"id":"1116","type":"Feature","properties":{"supply_spaces":8,"occupancy_peak":0.64,"occupancy_mean":0.43,"peak_period":"weekday_1618","at_practical_capacity":false},"geometry":{"type":"MultiLineString","coordinates":[[[-123.07852636439375,49.32719459951573],[-123.07852636511392,49.32692506387217]],[[-123.07853349551458,49.32677635373404],[-123.07852636507069,49.326585818840705]]]}},{"id":"1117","type":"Feature","properties":{"supply_spaces":12,"occupancy_peak":0.0,"occupancy_mean":0.0,"peak_period":"weekday_0709","at_practical_capacity":false},"geometry":{"type":"LineString","coordinates":[[-123.07840658275452,49.32744941411983],[-123.07842084372498,49.326774646493384]]}},{"id":"1118","type":"Feature","properties":{"supply_spaces":12,"occupancy_peak":0.64,"occupancy_mean":0.42000000000000004,"peak_period":"weekday_0709","at_practical_capacity":false},"geometry":{"type":"MultiLineString","coordinates":[[[-123.07834929576302,49.32818507171287],[-123.07834929493481,49.32814205262881]],[[-123.07835254080148,49.32811384358135],[-123.07835362302346,49.32802568992812]],[[-123.07835254184853,49.327993955033975],[-123.07835254112273,49.327965745488086]],[[-123.07835578774736,49.32793542079063],[-123.078356870522,49.32787970797829]],[[-123.07835362355475,49.32784303623929],[-123.0783557877554,49.32775417663217]],[[-123.07836011658311,49.32764698173364],[-123.07835903421112,49.32755812252543]],[[-123.07836444511977,49.32747631467393],[-123.07836444509967,49.32751792423059]],[[-123.07840556452544,49.32674145412348],[-123.07841332315797,49.32644563579088]]]}},{"id":"1119","type":"Feature","properties":{"supply_spaces":15,"occupancy_peak":0.53,"occupancy_mean":0.43000000000000005,"peak_period":"weekday_0709","at_practical_capacity":false},"geometry":{"type":"LineString","coordinates":[[-123.07849071214392,49.327413014994605],[-123.07846932125277,49.32830060885546]]}},{"id":"1120","type":"Feature","properties":{"supply_spaces":4,"occupancy_peak":0.69,"occupancy_mean":0.20124999999999998,"peak_period":"weekday_1113","at_practical_capacity":false},"geometry":{"type":"LineString","coordinates":[[-123.07785997111625,49.3283291108538],[-123.07824917031351,49.32833104732149]]}},{"id":"1121","type":"Feature","properties":{"supply_spaces":1,"occupancy_peak":0.0,"occupancy_mean":0.0,"peak_period":"weekday_0709","at_practical_capacity":false},"geometry":{"type":"LineString","coordinates":[[-123.07529338933276,49.326410271817096],[-123.07529569678556,49.32635311990389]]}},{"id":"1122","type":"Feature","properties":{"supply_spaces":1,"occupancy_peak":0.0,"occupancy_mean":0.0,"peak_period":"weekday_0709","at_practical_capacity":false},"geometry":{"type":"LineString","coordinates":[[-123.07544632239563,49.32636371146391],[-123.0754492933506,49.32642567411553]]}},{"id":"1123","type":"Feature","properties":{"supply_spaces":2,"occupancy_peak":0.0,"occupancy_mean":0.0,"peak_period":"weekday_0709","at_practical_capacity":false},"geometry":{"type":"LineString","coordinates":[[-123.07528068857405,49.32661535862217],[-123.07527979984575,49.32670672969076]]}},{"id":"1124","type":"Feature","properties":{"supply_spaces":7,"occupancy_peak":0.77,"occupancy_mean":0.3075,"peak_period":"weekend_1113","at_practical_capacity":false},"geometry":{"type":"MultiLineString","coordinates":[[[-123.07528068857405,49.32661535862217],[-123.07529338933276,49.326410271817096]],[[-123.0752772350753,49.32702390509108],[-123.07526800460076,49.32719987155712]]]}},{"id":"1125","type":"Feature","properties":{"supply_spaces":14,"occupancy_peak":0.59,"occupancy_mean":0.4312499999999999,"peak_period":"weekday_1618","at_practical_capacity":false},"geometry":{"type":"LineString","coordinates":[[-123.0754492933506,49.32642567411553],[-123.07542849616362,49.32722212426506]]}},{"id":"1126","type":"Feature","properties":{"supply_spaces":2,"occupancy_peak":0.0,"occupancy_mean":0.0,"peak_period":"weekday_0709","at_practical_capacity":false},"geometry":{"type":"LineString","coordinates":[[-123.0752772351483,49.3268795210507],[-123.07527031177128,49.32697276882623]]}},{"id":"1127","type":"Feature","properties":{"supply_spaces":7,"occupancy_peak":0.0,"occupancy_mean":0.0,"peak_period":"weekday_0709","at_practical_capacity":false},"geometry":{"type":"LineString","coordinates":[[-123.07541898821921,49.32763416924448],[-123.07542849616362,49.32722212426506]]}},{"id":"1128","type":"Feature","properties":{"supply_spaces":2,"occupancy_peak":0.0,"occupancy_mean":0.0,"peak_period":"weekday_0709","at_practical_capacity":false},"geometry":{"type":"LineString","coordinates":[[-123.07526338901573,49.32740591734188],[-123.07525646645877,49.327496156244905]]}},{"id":"1129","type":"Feature","properties":{"supply_spaces":3,"occupancy_peak":0.0,"occupancy_mean":0.0,"peak_period":"weekday_0709","at_practical_capacity":false},"geometry":{"type":"LineString","coordinates":[[-123.07524578791197,49.327751525224464],[-123.07524738380685,49.327603966690496]]}},{"id":"1130","type":"Feature","properties":{"supply_spaces":6,"occupancy_peak":0.78,"occupancy_mean":0.525,"peak_period":"weekday_0709","at_practical_capacity":false},"geometry":{"type":"LineString","coordinates":[[-123.07540948113841,49.32800903472936],[-123.07541898821921,49.32763416924448]]}},{"id":"1131","type":"Feature","properties":{"supply_spaces":9,"occupancy_peak":0.79,"occupancy_mean":0.32375,"peak_period":"weekend_0709","at_practical_capacity":false},"geometry":{"type":"MultiLineString","coordinates":[[[-123.07524738380685,49.327603966690496],[-123.07525646645877,49.327496156244905]],[[-123.07524723526691,49.32816391742596],[-123.07524578791197,49.327751525224464]]]}},{"id":"1132","type":"Feature","properties":{"supply_spaces":3,"occupancy_peak":1.96,"occupancy_mean":0.58875,"peak_period":"weekday_1618","at_practical_capacity":true},"geometry":{"type":"LineString","coordinates":[[-123.07541007493458,49.32815812819036],[-123.07540948113841,49.32800903472936]]}},{"id":"1133","type":"Feature","properties":{"supply_spaces":1,"occupancy_peak":0.0,"occupancy_mean":0.0,"peak_period":"weekday_0709","at_practical_capacity":false},"geometry":{"type":"LineString","coordinates":[[-123.07539938057447,49.32824409867575],[-123.07541007493458,49.32815812819036]]}},{"id":"1134","type":"Feature","properties":{"supply_spaces":1,"occupancy_peak":0.0,"occupancy_mean":0.0,"peak_period":"weekday_0709","at_practical_capacity":false},"geometry":{"type":"LineString","coordinates":[[-123.07445460253336,49.32826965726203],[-123.07455799339924,49.32826733374231]]}},{"id":"1135","type":"Feature","properties":{"supply_spaces":9,"occupancy_peak":0.0,"occupancy_mean":0.0,"peak_period":"weekday_0709","at_practical_capacity":false},"geometry":{"type":"MultiLineString","coordinates":[[[-123.07517013744794,49.328344821349624],[-123.0744599552435,49.328337474196445]],[[-123.07432092514767,49.32833747462764],[-123.07427207707937,49.32835461651352]]]}},{"id":"1136","type":"Feature","properties":{"supply_spaces":1,"occupancy_peak":0.0,"occupancy_mean":0.0,"peak_period":"weekday_0709","at_practical_capacity":false},"geometry":{"type":"LineString","coordinates":[[-123.07538807574204,49.32856032351562],[-123.0753918332401,49.32848930562377]]}},{"id":"1137","type":"Feature","properties":{"supply_spaces":1,"occupancy_peak":0.0,"occupancy_mean":0.0,"peak_period":"weekday_0709","at_practical_capacity":false},"geometry":{"type":"LineString","coordinates":[[-123.075221293568,49.3288229641555],[-123.0752083091275,49.328900240537806]]}},{"id":"1138","type":"Feature","properties":{"supply_spaces":7,"occupancy_peak":0.28,"occupancy_mean":0.035,"peak_period":"weekday_1618","at_practical_capacity":false},"geometry":{"type":"MultiLineString","coordinates":[[[-123.07524267568144,49.32872290490448],[-123.07523970569176,49.32848087289859]],[[-123.0752181167461,49.32919039367343],[-123.07521548898205,49.32935904725145]]]}},{"id":"1139","type":"Feature","properties":{"supply_spaces":1,"occupancy_peak":0.0,"occupancy_mean":0.0,"peak_period":"weekday_0709","at_practical_capacity":false},"geometry":{"type":"LineString","coordinates":[[-123.0752083091275,49.328900240537806],[-123.0752140417642,49.32897099408383]]}},{"id":"1140","type":"Feature","properties":{"supply_spaces":14,"occupancy_peak":0.94,"occupancy_mean":0.62625,"peak_period":"weekday_2123","at_practical_capacity":true},"geometry":{"type":"LineString","coordinates":[[-123.07535425731044,49.329366000928225],[-123.07538807574204,49.32856032351562]]}},{"id":"1141","type":"Feature","properties":{"supply_spaces":2,"occupancy_peak":0.6,"occupancy_mean":0.075,"peak_period":"weekend_2123","at_practical_capacity":false},"geometry":{"type":"LineString","coordinates":[[-123.07759258123345,49.32841237034518],[-123.07759258047672,49.32831555694508]]}},{"id":"1142","type":"Feature","properties":{"supply_spaces":4,"occupancy_peak":0.69,"occupancy_mean":0.11499999999999999,"peak_period":"weekday_1618","at_practical_capacity":false},"geometry":{"type":"LineString","coordinates":[[-123.07822837457606,49.32840462515492],[-123.07783917312403,49.32840075287236]]}},{"id":"1143","type":"Feature","properties":{"supply_spaces":13,"occupancy_peak":0.31,"occupancy_mean":0.2125,"peak_period":"weekday_0709","at_practical_capacity":false},"geometry":{"type":"MultiLineString","coordinates":[[[-123.0784538719521,49.329271056927034],[-123.07846813264801,49.32889929944899]],[[-123.0784633791237,49.32880326106317],[-123.07846813353125,49.328425304285965]]]}},{"id":"1144","type":"Feature","properties":{"supply_spaces":13,"occupancy_peak":0.52,"occupancy_mean":0.305,"peak_period":"weekend_0709","at_practical_capacity":false},"geometry":{"type":"LineString","coordinates":[[-123.07833235862647,49.32924108490767],[-123.07835137345961,49.32845884078299]]}},{"id":"1145","type":"Feature","properties":{"supply_spaces":17,"occupancy_peak":0.64,"occupancy_mean":0.40125,"peak_period":"weekend_1618","at_practical_capacity":false},"geometry":{"type":"MultiLineString","coordinates":[[[-123.07822065141754,49.32937350999574],[-123.07798772623246,49.32936731325451]],[[-123.0779069140563,49.32936266691319],[-123.07773103223745,49.329362666595685]],[[-123.07760030718461,49.329359568371835],[-123.07740065641812,49.329354921345974]],[[-123.07719862960367,49.32935956840222],[-123.07655451761359,49.3293502749124]],[[-123.07646657535021,49.32935027465854],[-123.07619324461744,49.329347176450845]]]}},{"id":"1146","type":"Feature","properties":{"supply_spaces":12,"occupancy_peak":0.32,"occupancy_mean":0.22,"peak_period":"weekend_2123","at_practical_capacity":false},"geometry":{"type":"MultiLineString","coordinates":[[[-123.0784110894088,49.33016326420316],[-123.07842059601013,49.329825590653954]],[[-123.07842059706618,49.329754337756476],[-123.07843961144707,49.329370191731854]]]}},{"id":"1147","type":"Feature","properties":{"supply_spaces":14,"occupancy_peak":0.59,"occupancy_mean":0.37875,"peak_period":"weekday_0709","at_practical_capacity":false},"geometry":{"type":"LineString","coordinates":[[-123.07830621608406,49.33019910971706],[-123.07832523043055,49.32940913623632]]}},{"id":"1148","type":"Feature","properties":{"supply_spaces":3,"occupancy_peak":0.0,"occupancy_mean":0.0,"peak_period":"weekday_0709","at_practical_capacity":false},"geometry":{"type":"LineString","coordinates":[[-123.07359634866164,49.3283244654073],[-123.07330209068675,49.328321266644735]]}},{"id":"1149","type":"Feature","properties":{"supply_spaces":10,"occupancy_peak":1.05,"occupancy_mean":0.8775,"peak_period":"weekday_0709","at_practical_capacity":true},"geometry":{"type":"MultiLineString","coordinates":[[[-123.07427207707937,49.32835461651352],[-123.07365959262783,49.328342372149926]],[[-123.07330209068675,49.328321266644735],[-123.07306965377708,49.32833992304811]]]}},{"id":"1150","type":"Feature","properties":{"supply_spaces":2,"occupancy_peak":1.19,"occupancy_mean":0.815,"peak_period":"weekend_1113","at_practical_capacity":true},"geometry":{"type":"LineString","coordinates":[[-123.07279535093166,49.328352167564056],[-123.07264504834554,49.3283497183147]]}},{"id":"1151","type":"Feature","properties":{"supply_spaces":3,"occupancy_peak":0.0,"occupancy_mean":0.0,"peak_period":"weekday_0709","at_practical_capacity":false},"geometry":{"type":"LineString","coordinates":[[-123.07299723019898,49.32949387136685],[-123.07323016896157,49.32949532604418]]}},{"id":"1152","type":"Feature","properties":{"supply_spaces":16,"occupancy_peak":0.86,"occupancy_mean":0.62125,"peak_period":"weekend_0709","at_practical_capacity":true},"geometry":{"type":"MultiLineString","coordinates":[[[-123.07433378850081,49.32950991861565],[-123.07323016896157,49.32949532604418]],[[-123.0746691074976,49.3295097024766],[-123.07502539078033,49.32951528349373]]]}},{"id":"1153","type":"Feature","properties":{"supply_spaces":9,"occupancy_peak":0.12,"occupancy_mean":0.03,"peak_period":"weekday_0709","at_practical_capacity":false},"geometry":{"type":"LineString","coordinates":[[-123.07295217206236,49.33020202476041],[-123.07372430070656,49.33021451566591]]}},{"id":"1154","type":"Feature","properties":{"supply_spaces":5,"occupancy_peak":0.0,"occupancy_mean":0.0,"peak_period":"weekday_0709","at_practical_capacity":false},"geometry":{"type":"LineString","coordinates":[[-123.07413692949252,49.33021162876228],[-123.07372430070656,49.33021451566591]]}},{"id":"1155","type":"Feature","properties":{"supply_spaces":1,"occupancy_peak":0.0,"occupancy_mean":0.0,"peak_period":"weekday_0709","at_practical_capacity":false},"geometry":{"type":"LineString","coordinates":[[-123.07606607152039,49.32839512768811],[-123.07603041939467,49.32831380482627]]}},{"id":"1156","type":"Feature","properties":{"supply_spaces":3,"occupancy_peak":0.63,"occupancy_mean":0.39125,"peak_period":"weekend_0709","at_practical_capacity":false},"geometry":{"type":"MultiLineString","coordinates":[[[-123.07586642049186,49.32836259858826],[-123.07575589881537,49.32836027478528]],[[-123.07563111825165,49.32835562777753],[-123.07545642360868,49.32835562772005]]]}},{"id":"1157","type":"Feature","properties":{"supply_spaces":1,"occupancy_peak":0.0,"occupancy_mean":0.0,"peak_period":"weekday_0709","at_practical_capacity":false},"geometry":{"type":"LineString","coordinates":[[-123.07596268077765,49.32836724520002],[-123.07586642049186,49.32836259858826]]}},{"id":"1158","type":"Feature","properties":{"supply_spaces":20,"occupancy_peak":0.54,"occupancy_mean":0.40375,"peak_period":"weekend_0709","at_practical_capacity":false},"geometry":{"type":"MultiLineString","coordinates":[[[-123.0782206492183,49.32929220147023],[-123.07773816002464,49.32928135867194]],[[-123.0776549708428,49.32927826001121],[-123.07677555637385,49.32926586847809]],[[-123.0766091812777,49.32926431927726],[-123.0761395709711,49.329263504300336]]]}},{"id":"1159","type":"Feature","properties":{"supply_spaces":1,"occupancy_peak":0.0,"occupancy_mean":0.0,"peak_period":"weekday_0709","at_practical_capacity":false},"geometry":{"type":"LineString","coordinates":[[-123.07614359863939,49.32930943603551],[-123.0761395709711,49.329263504300336]]}},{"id":"1160","type":"Feature","properties":{"supply_spaces":4,"occupancy_peak":0.0,"occupancy_mean":0.0,"peak_period":"weekday_0709","at_practical_capacity":false},"geometry":{"type":"MultiLineString","coordinates":[[[-123.07544952021854,49.330230655859474],[-123.07572047529156,49.33023499241003]],[[-123.07577846859293,49.33023375355686],[-123.07585357553086,49.330233753763636]]]}},{"id":"1161","type":"Feature","properties":{"supply_spaces":24,"occupancy_peak":0.41,"occupancy_mean":0.29875,"peak_period":"weekday_2123","at_practical_capacity":false},"geometry":{"type":"MultiLineString","coordinates":[[[-123.07585357553086,49.330233753763636],[-123.07679977916375,49.33024537125442]],[[-123.07758127011076,49.33025280550976],[-123.0767988281288,49.33024537098682]],[[-123.07820208821896,49.33025993132726],[-123.07775406276187,49.33025296105058]]]}},{"id":"1162","type":"Feature","properties":{"supply_spaces":4,"occupancy_peak":0.0,"occupancy_mean":0.0,"peak_period":"weekday_0709","at_practical_capacity":false},"geometry":{"type":"LineString","coordinates":[[-123.07433378850081,49.32950991861565],[-123.0746691074976,49.3295097024766]]}},{"id":"1163","type":"Feature","properties":{"supply_spaces":1,"occupancy_peak":0.0,"occupancy_mean":0.0,"peak_period":"weekday_0709","at_practical_capacity":false},"geometry":{"type":"LineString","coordinates":[[-123.07502539078033,49.32951528349373],[-123.07513947658734,49.32951652266797]]}},{"id":"1164","type":"Feature","properties":{"supply_spaces":3,"occupancy_peak":0.0,"occupancy_mean":0.0,"peak_period":"weekday_0709","at_practical_capacity":false},"geometry":{"type":"LineString","coordinates":[[-123.07536553099754,49.329647617620346],[-123.0753467432034,49.32944926179154]]}},{"id":"1165","type":"Feature","properties":{"supply_spaces":3,"occupancy_peak":0.93,"occupancy_mean":0.5425,"peak_period":"weekday_0709","at_practical_capacity":true},"geometry":{"type":"LineString","coordinates":[[-123.07521762637205,49.32963639093354],[-123.07521334718635,49.32982412598191]]}},{"id":"1166","type":"Feature","properties":{"supply_spaces":9,"occupancy_peak":0.67,"occupancy_mean":0.36375,"peak_period":"weekend_1618","at_practical_capacity":false},"geometry":{"type":"LineString","coordinates":[[-123.07535425695337,49.33016921580416],[-123.07536553099754,49.329647617620346]]}},{"id":"1167","type":"Feature","properties":{"supply_spaces":6,"occupancy_peak":0.66,"occupancy_mean":0.0825,"peak_period":"weekday_0709","at_practical_capacity":false},"geometry":{"type":"MultiLineString","coordinates":[[[-123.0751948080387,49.330175430918885],[-123.07521334718635,49.32982412598191]],[[-123.07511494833018,49.329892899951616],[-123.07511352247676,49.32989289997874]]]}},{"id":"1168","type":"Feature","properties":{"supply_spaces":10,"occupancy_peak":1.1,"occupancy_mean":0.7999999999999999,"peak_period":"weekend_0709","at_practical_capacity":true},"geometry":{"type":"LineString","coordinates":[[-123.07503405558876,49.33022322021604],[-123.07413692949252,49.33021162876228]]}}]}