{"type":"FeatureCollection","features":[{"id":"118","type":"Feature","properties":{"classification":"TOWNHOUSE_ROW","classification_basis":"unit count 4 (affordable-housing layer)","BUILDING_NAME":" ","height_m":null,"year_built":null},"geometry":{"type":"MultiPolygon","coordinates":[[[[-123.07785053521941,49.31673920319473],[-123.07790414995505,49.316753073525696],[-123.07797025688983,49.316687625415625],[-123.07795146251684,49.316679506503284],[-123.07799286858425,49.31663852377842],[-123.07801188324026,49.31664673248662],[-123.07815795782946,49.31650211816336],[-123.07816725028299,49.31648782762483],[-123.07816673910442,49.316477816399534],[-123.07815768302521,49.316467577079926],[-123.07797841446013,49.31639018720403],[-123.0778989928556,49.31645813594619],[-123.07799547018976,49.316499790255065],[-123.0778756483076,49.316618408774126],[-123.07782992235022,49.31659866829789],[-123.07784355035685,49.31658516643664],[-123.07779405182076,49.31656380036992],[-123.0776878161645,49.316668961839746],[-123.07785053521941,49.31673920319473]]]]}},{"id":"324","type":"Feature","properties":{"classification":"INSTITUTIONAL","classification_basis":"name/occupancy matched institutional keyword ('Lions Gate Hospital')","BUILDING_NAME":"Lions Gate Hospital","height_m":null,"year_built":null},"geometry":{"type":"MultiPolygon","coordinates":[[[[-123.06654624538004,49.32177820562819],[-123.06654675979689,49.32176169030344],[-123.06658603379898,49.32176219839533],[-123.06658620478169,49.321756333482746],[-123.06664401489827,49.32175708273762],[-123.06664527987644,49.32171554257335],[-123.06673414859755,49.32171670563506],[-123.06673352932341,49.32173704394462],[-123.06675635888341,49.32173734558969],[-123.06675494925598,49.32178378817549],[-123.06673055091983,49.321783469445684],[-123.06672846914593,49.321851878485994],[-123.06675739490828,49.32185225756705],[-123.06675667041922,49.32187619398244],[-123.0668069808983,49.32187684854104],[-123.06680713892177,49.32187159530345],[-123.0668805679972,49.32187255129344],[-123.0668803440645,49.32187993641116],[-123.06695842439633,49.32188095262584],[-123.06695907018648,49.321859939666695],[-123.0669757073161,49.32186015490469],[-123.06697652418165,49.321833384973566],[-123.0670022435937,49.3218337118807],[-123.06700432528051,49.32176551871798],[-123.06697969301841,49.32176520017641],[-123.0669804830175,49.32173891599654],[-123.06696943290324,49.321738769482955],[-123.06697034153359,49.321708635325635],[-123.06699794614308,49.32170898812667],[-123.0669983679146,49.3216952973191],[-123.06709111721742,49.32169651182743],[-123.06712673272183,49.32168830559405],[-123.0671251253829,49.32174089196226],[-123.06727900128098,49.321742889357715],[-123.06727886986158,49.32174743196663],[-123.06732009792762,49.32174796565692],[-123.06731959761613,49.32176454394278],[-123.06743729580758,49.32176606746282],[-123.06743817816678,49.321737057706464],[-123.06747080557845,49.32173747942461],[-123.06747233315525,49.32168721383743],[-123.06746140689805,49.32168706729858],[-123.06746203915334,49.321666378167876],[-123.0674910611378,49.32166675700916],[-123.0674929704078,49.321603799092514],[-123.0674404859639,49.32160311911573],[-123.067440920611,49.32158887060169],[-123.06732569981143,49.32158737262757],[-123.06732513338522,49.32160592088237],[-123.06725078271587,49.321604956715994],[-123.06725137533181,49.32158540998869],[-123.06719501030923,49.321584678187676],[-123.06719445749678,49.321603154473024],[-123.06709872196849,49.321611836406575],[-123.06709907787736,49.321600331449325],[-123.0670046224108,49.32159910894141],[-123.06701553634994,49.321488786536],[-123.06701789764209,49.3214745548964],[-123.06702080919179,49.321379079066524],[-123.06701278353438,49.32136659850163],[-123.06705154806964,49.3213670977356],[-123.06705082383993,49.321391115110735],[-123.06736971983841,49.321395265311175],[-123.06737572568969,49.32119807091323],[-123.06732127385945,49.32119735604874],[-123.06732356499838,49.32112164283482],[-123.06701083564475,49.321117578883],[-123.06701196851454,49.32108032945634],[-123.06674616394328,49.321076876224765],[-123.06674496490258,49.32111622154871],[-123.06643275854447,49.32111216472581],[-123.06643042596832,49.32118877745728],[-123.0663780795859,49.32118809691871],[-123.06637213602907,49.32138341124992],[-123.06669295845467,49.32138758919669],[-123.06669372288917,49.32136264530385],[-123.06678984297437,49.32136389408923],[-123.06678948763985,49.32137587578671],[-123.06677550653394,49.32137569496788],[-123.06677329311842,49.321448457725126],[-123.06669678221813,49.32144745846995],[-123.06669564923611,49.3214848068374],[-123.06674488596812,49.32148545304755],[-123.06674149994828,49.3215968055186],[-123.06668858892671,49.32159611645158],[-123.06668800882832,49.32161490757916],[-123.06664470297089,49.32161434787619],[-123.06664525611052,49.32159596154451],[-123.06658663428671,49.321595203762804],[-123.0665859489754,49.321617637971556],[-123.0665157816421,49.32161672489287],[-123.06651632171109,49.32159881531038],[-123.06641038958526,49.321597437009224],[-123.0664098489335,49.32161494181143],[-123.06636954298223,49.32161442525715],[-123.06636760559218,49.3216780038339],[-123.06637904100458,49.32167815917883],[-123.06637847447571,49.32169689632609],[-123.06636753445875,49.321696749691746],[-123.0663660056846,49.32174696129408],[-123.06640046331442,49.32174740924877],[-123.06640008096589,49.32175984071546],[-123.06644095125263,49.321760374924914],[-123.0664404504886,49.321776836270665],[-123.06654624538004,49.32177820562819]]]]}},{"id":"385","type":"Feature","properties":{"classification":"INSTITUTIONAL","classification_basis":"name/occupancy matched institutional keyword ('St. Thomas Aquinas School')","BUILDING_NAME":"St. Thomas Aquinas School","height_m":null,"year_built":null},"geometry":{"type":"MultiPolygon","coordinates":[[[[-123.08634705340388,49.31975746180407],[-123.0864404772689,49.31975279546399],[-123.08652448258601,49.31974440312616],[-123.0865846994725,49.31973774661848],[-123.08665376337002,49.319722789948365],[-123.08670588971977,49.31970859253962],[-123.08675921200805,49.31969372857089],[-123.08679492642439,49.31968184619077],[-123.08683330269498,49.31966563514821],[-123.08686517619148,49.3196527391837],[-123.08689449108323,49.31964030388506],[-123.08692291075656,49.319627419496356],[-123.08692939761261,49.319638532582836],[-123.08702668240251,49.31963860329169],[-123.08742966617689,49.31963992726481],[-123.08741676105998,49.319672130552185],[-123.08742708217994,49.3196726714474],[-123.08742893138525,49.31976119099953],[-123.08766162237544,49.31976418102411],[-123.0876758389632,49.319641431862046],[-123.0876848942027,49.31923122962532],[-123.08752591703853,49.31922739227699],[-123.08752684616562,49.31923922015381],[-123.0873517735004,49.31923754458744],[-123.0873501041712,49.319227300409445],[-123.08705463071657,49.31922560738592],[-123.0870529159668,49.319283240399635],[-123.0870053476367,49.319283447126175],[-123.08699525569925,49.3195223380701],[-123.08687837786768,49.31944473515398],[-123.08679879172561,49.31948535393798],[-123.08675083542325,49.31950764386528],[-123.08669938439199,49.31953016127215],[-123.08661040460585,49.31955785199284],[-123.0865480137732,49.31957232689938],[-123.08646642558608,49.31958574571706],[-123.0864033982837,49.31959039835319],[-123.08633921741031,49.31959636510388],[-123.08634705340388,49.31975746180407]]]]}},{"id":"518","type":"Feature","properties":{"classification":"HIGH_RISE_APARTMENT","classification_basis":"occupancy 'APT-CONCRETE HI-RISE'","BUILDING_NAME":" ","height_m":20.71052277,"year_built":"1966"},"geometry":{"type":"MultiPolygon","coordinates":[[[[-123.07208467610633,49.31739197721946],[-123.0725225249037,49.31758293056592],[-123.07256914421443,49.31753724207214],[-123.07255594028011,49.31753148448996],[-123.07269550920128,49.31739471593016],[-123.07227086521708,49.317209520848984],[-123.07208467610633,49.31739197721946]]]]}},{"id":"602","type":"Feature","properties":{"classification":"HIGH_RISE_APARTMENT","classification_basis":"occupancy 'STRATA APT - HI-RISE'","BUILDING_NAME":" ","height_m":37.15981105,"year_built":"1990"},"geometry":{"type":"MultiPolygon","coordinates":[[[[-123.0832749037884,49.31130391296307],[-123.0832715079423,49.31128898349331],[-123.08323224256756,49.311272424757696],[-123.08329208334933,49.31121175446558],[-123.08328677517997,49.31119683536936],[-123.08324902432649,49.311180923197135],[-123.08331144703257,49.3111176334511],[-123.0833056294644,49.31110249883956],[-123.08330816270696,49.311103567434074],[-123.08333036414541,49.31110137460653],[-123.08338237603135,49.31104863462076],[-123.08337891101709,49.31103348932023],[-123.08334274351235,49.31101823268044],[-123.0833994798938,49.310960703869355],[-123.08328721908025,49.31091337149035],[-123.08322632050039,49.31096658558132],[-123.08318482504806,49.3109490839459],[-123.08303232844371,49.31108509204686],[-123.0829975515436,49.31107042797872],[-123.08297020639235,49.31107364088501],[-123.08291388142142,49.31113075541293],[-123.08288081170075,49.31111680969544],[-123.08284778580457,49.311120782237516],[-123.08279324611173,49.31117607840993],[-123.08279811479866,49.31119154654669],[-123.08293844793744,49.31125071483806],[-123.0828894569496,49.311300385115956],[-123.08289362959673,49.31131917295071],[-123.0829737159637,49.31135294616601],[-123.08300113084455,49.31135020095576],[-123.08304933890159,49.31130132276504],[-123.08319480799436,49.31136265487971],[-123.08322030943134,49.31135926334548],[-123.0832749037884,49.31130391296307]]]]}},{"id":"693","type":"Feature","properties":{"classification":"OTHER","classification_basis":"non-residential occupancy 'CLASS A OFFICE'","BUILDING_NAME":"BC Rail","height_m":23.60640862,"year_built":"1982"},"geometry":{"type":"MultiPolygon","coordinates":[[[[-123.08348466021708,49.31231564176136],[-123.08368153294238,49.31240106104498],[-123.08369635330901,49.31238646920929],[-123.08368854849144,49.31236790891537],[-123.08373170462374,49.312325384667886],[-123.08376217174938,49.312321125884615],[-123.08377511032903,49.31230837940387],[-123.08357993132412,49.31222370564916],[-123.08356542687626,49.312237982412384],[-123.08357323925269,49.31225291767257],[-123.08352630585361,49.312299168574775],[-123.0834984779136,49.31230202214904],[-123.08348466021708,49.31231564176136]]]]}},{"id":"1479","type":"Feature","properties":{"classification":"SENIORS_RESIDENCE","classification_basis":"affordable-housing eligibility 'Families, 55+, People with disabilities'","BUILDING_NAME":" ","height_m":null,"year_built":null},"geometry":{"type":"MultiPolygon","coordinates":[[[[-123.07729619159132,49.315742465935216],[-123.0774680636975,49.315817064352196],[-123.07770568747385,49.31558306760165],[-123.07765740144954,49.315562114433305],[-123.07767032870821,49.31554937764637],[-123.07714473378728,49.3153212535298],[-123.0771337434929,49.31533208199943],[-123.07708511374305,49.31531097590347],[-123.07684505668895,49.31554735671454],[-123.07701632161539,49.315621686355584],[-123.07710710212791,49.31553229525265],[-123.07738647725284,49.31565356068232],[-123.07729619159132,49.315742465935216]]]]}},{"id":"1539","type":"Feature","properties":{"classification":"HIGH_RISE_APARTMENT","classification_basis":"occupancy 'STRATA APT - HI-RISE'","BUILDING_NAME":" ","height_m":22.90654047,"year_built":"1982"},"geometry":{"type":"MultiPolygon","coordinates":[[[[-123.0753770936859,49.31546988596868],[-123.07562978267488,49.31558041487928],[-123.07563542922026,49.315574906168486],[-123.0756457692039,49.315579423948286],[-123.07574358727155,49.31548384965968],[-123.07568810110345,49.31545957219115],[-123.07570299359928,49.315445017322084],[-123.07553999129784,49.31537371168948],[-123.07552546970481,49.31538789749527],[-123.07546659678334,49.31536214693286],[-123.07536848991982,49.315458009021334],[-123.07538282266374,49.315464287265115],[-123.0753770936859,49.31546988596868]]]]}},{"id":"1847","type":"Feature","properties":{"classification":"INSTITUTIONAL","classification_basis":"name/occupancy matched institutional keyword ('Lions Gate Hospital')","BUILDING_NAME":"Lions Gate Hospital","height_m":34.71799902,"year_built":"1970"},"geometry":{"type":"MultiPolygon","coordinates":[[[[-123.06777581847159,49.32034232507207],[-123.06780500388093,49.3203430329599],[-123.06780335792715,49.32039700462043],[-123.06785925957877,49.32039697181192],[-123.0678565035342,49.32058137240109],[-123.06784708209385,49.32092319231069],[-123.06774645325642,49.32091875468126],[-123.06773995407971,49.32119760704766],[-123.06773466676884,49.32141798954857],[-123.06815050316872,49.32142224355296],[-123.06813505962029,49.32144923800078],[-123.0683642619611,49.32144910265371],[-123.06835574750077,49.321822404015265],[-123.06829425459777,49.32182244036766],[-123.06829343670957,49.32185392464784],[-123.06816916006062,49.32185399801498],[-123.06816834967516,49.32188997894687],[-123.06833993061768,49.321889877619604],[-123.06834074710075,49.321858393340115],[-123.06849513177909,49.32186280040557],[-123.06849432786761,49.3219032779931],[-123.06852873130882,49.32190325759951],[-123.06853036890243,49.32184478929037],[-123.06849510682741,49.321844810193326],[-123.06849594330212,49.321826819470495],[-123.06840520730756,49.32182687320895],[-123.06841128318074,49.321557016199634],[-123.06843149494037,49.3215570042343],[-123.06843231135977,49.32152551995237],[-123.06849466393791,49.321525483016984],[-123.06849630431195,49.32146701470283],[-123.06853801575942,49.32146698997512],[-123.06853799703295,49.32145349641552],[-123.06857325882854,49.3214534754996],[-123.0685740439321,49.321399504348655],[-123.0685400715513,49.321399524500166],[-123.0685392552026,49.321431008783506],[-123.0684966837421,49.32143103402135],[-123.06850120118806,49.321278114400904],[-123.0685596853345,49.3212780797231],[-123.06883190007645,49.32128691304013],[-123.06883108391307,49.32131839552706],[-123.06901083885896,49.32132278679189],[-123.06901328699747,49.32122833572897],[-123.06899608620016,49.32122834599865],[-123.06899692110609,49.32121035527117],[-123.06894445869331,49.321210386578265],[-123.06896030560135,49.320549237067006],[-123.06891311882848,49.320548678730546],[-123.06891065876012,49.32040984148633],[-123.06891226722682,49.32032888448462],[-123.0689380665769,49.320328869098866],[-123.06893845470861,49.320297386861064],[-123.06891394334642,49.32029740147893],[-123.06891598112735,49.32021644421959],[-123.06780481863936,49.320208106329034],[-123.06780320973706,49.32028906331701],[-123.06778041362779,49.32028457823072],[-123.06778002613648,49.32031606226322],[-123.06777609479477,49.3203160645687],[-123.06777581847159,49.32034232507207]]]]}},{"id":"1900","type":"Feature","properties":{"classification":"OTHER","classification_basis":"non-residential occupancy 'STRATA OFFICE'","BUILDING_NAME":" ","height_m":20.68481702,"year_built":"1978"},"geometry":{"type":"MultiPolygon","coordinates":[[[[-123.07434213645371,49.32399772037039],[-123.07446776526902,49.32399825116287],[-123.07446919693953,49.32385256543153],[-123.07457888961441,49.323853034409126],[-123.07458005966575,49.323734801919564],[-123.07434644554212,49.32373381904553],[-123.07434596739176,49.32378184424918],[-123.07431666926573,49.3237817191698],[-123.07431551120706,49.323899196058605],[-123.07434310297806,49.32389931324077],[-123.07434213645371,49.32399772037039]]]]}},{"id":"1916","type":"Feature","properties":{"classification":"LOW_RISE_APARTMENT","classification_basis":"unit count 42 (affordable-housing layer)","BUILDING_NAME":" ","height_m":null,"year_built":null},"geometry":{"type":"MultiPolygon","coordinates":[[[[-123.07971928453068,49.31395307487472],[-123.07976361305724,49.31390938194645],[-123.07974937669302,49.31390321211924],[-123.0797791579518,49.3138738584582],[-123.07977024990092,49.31386999670272],[-123.0797982041282,49.31384243432781],[-123.07977764814774,49.313833516358606],[-123.07978439287162,49.31382686430421],[-123.07980406767687,49.31383539609026],[-123.07984922022811,49.31379089299785],[-123.07983071572446,49.31378286413815],[-123.07990526464549,49.313709376406706],[-123.07964145255154,49.31359498757402],[-123.07956173838888,49.313673560939236],[-123.07954668979976,49.313667040836016],[-123.07950657849626,49.31370658402843],[-123.07952283869813,49.31371363401561],[-123.07951627252591,49.31372010602951],[-123.07949741013469,49.31371192444542],[-123.07946935966258,49.31373958576077],[-123.07946041035555,49.31373570601946],[-123.07942942016118,49.31376625678176],[-123.07941343531438,49.31375932352893],[-123.07936927145508,49.31380285429862],[-123.07943851095837,49.313892344215446],[-123.07956315466933,49.313946391144185],[-123.07971928453068,49.31395307487472]]]]}},{"id":"2118","type":"Feature","properties":{"classification":"INSTITUTIONAL","classification_basis":"name/occupancy matched institutional keyword ('St. Paul's Church')","BUILDING_NAME":"St. Paul's Church","height_m":null,"year_built":null},"geometry":{"type":"MultiPolygon","coordinates":[[[[-123.08795952050232,49.31587922302792],[-123.08789374323456,49.315905385913815],[-123.08789997426292,49.315912064551654],[-123.0878178763137,49.31594471629468],[-123.0878276915961,49.315955260115885],[-123.08779230048374,49.31596933738793],[-123.08782107086284,49.31600024975876],[-123.08785373959307,49.31598725396225],[-123.08786307239248,49.31599727643],[-123.08793964781431,49.3159694592386],[-123.08795829545728,49.3159716758387],[-123.08802127176104,49.315948798269694],[-123.08804629713178,49.315978229241395],[-123.08812667631014,49.31594626227626],[-123.08810001496445,49.31591761514461],[-123.08822436456495,49.31586815505001],[-123.08816136439684,49.31580046084928],[-123.08803797736947,49.315849542348296],[-123.08800944129646,49.315818881715664],[-123.08793201838134,49.31584967698475],[-123.08795952050232,49.31587922302792]]]]}},{"id":"2276","type":"Feature","properties":{"classification":"HIGH_RISE_APARTMENT","classification_basis":"occupancy 'STRATA APT - HI-RISE'","BUILDING_NAME":" ","height_m":18.6269184,"year_built":"1996"},"geometry":{"type":"MultiPolygon","coordinates":[[[[-123.07428790879432,49.32401092407942],[-123.07429172122004,49.32391979216559],[-123.0742362750397,49.323918793354416],[-123.07424040645336,49.32382009634796],[-123.0742905129534,49.32382099064815],[-123.07429432519763,49.32372975079002],[-123.07423586543108,49.323728708940216],[-123.07423615767347,49.32372171955145],[-123.07422534095629,49.32372151961099],[-123.07422710792261,49.32367941236258],[-123.07415129469399,49.323678048794406],[-123.07415078983605,49.32369008457658],[-123.07409358242668,49.32368905984156],[-123.07409132401857,49.32374305893927],[-123.07401791901073,49.32374174771048],[-123.07401450445418,49.32382321861442],[-123.07394339754347,49.32382195084215],[-123.07393973067214,49.32390961953526],[-123.07401674150448,49.32391099147038],[-123.07401340660442,49.32399052837216],[-123.07408554770048,49.323993018773464],[-123.07408503317848,49.32404448912438],[-123.07420883841085,49.32404939299079],[-123.07421078769401,49.324009543400656],[-123.07428790879432,49.32401092407942]]]]}},{"id":"2386","type":"Feature","properties":{"classification":"INSTITUTIONAL","classification_basis":"name/occupancy matched institutional keyword ('Larson Elementary School')","BUILDING_NAME":"Larson Elementary School","height_m":null,"year_built":null},"geometry":{"type":"MultiPolygon","coordinates":[[[[-123.08481008783528,49.33337748817263],[-123.08494062767988,49.33337848971685],[-123.08493807984007,49.333521612559984],[-123.08500864917829,49.333522145361215],[-123.08500700451548,49.333614148409765],[-123.08512521218316,49.33361505087353],[-123.08512305349109,49.33373609946415],[-123.08531858939331,49.333737592402244],[-123.08531876464765,49.333727499775776],[-123.0854469104244,49.333728475530194],[-123.08545322223576,49.333375197473316],[-123.08536314919401,49.33337450844254],[-123.08536366425726,49.33334602059296],[-123.08536831655489,49.33334605313733],[-123.08537152875655,49.333165995923906],[-123.08536358682726,49.33316592982885],[-123.08536614761583,49.33302305882039],[-123.08496228084994,49.33301997423975],[-123.08496072410408,49.33310711987897],[-123.08485638241228,49.33311681228688],[-123.0848562818408,49.33312236233519],[-123.08481465905959,49.33312204207638],[-123.08481008783528,49.33337748817263]]]]}},{"id":"2423","type":"Feature","properties":{"classification":"INSTITUTIONAL","classification_basis":"name/occupancy matched institutional keyword ('Larson Elementary School')","BUILDING_NAME":"Larson Elementary School","height_m":null,"year_built":null},"geometry":{"type":"MultiPolygon","coordinates":[[[[-123.08549671601732,49.333978853157824],[-123.0854978492045,49.333909940895715],[-123.0853245009647,49.333908728722136],[-123.08532336753554,49.33397764098268],[-123.08549671601732,49.333978853157824]]]]}},{"id":"3067","type":"Feature","properties":{"classification":"OTHER","classification_basis":"non-residential occupancy 'STRATA RETAIL GENERAL'","BUILDING_NAME":" ","height_m":38.48326184,"year_built":"1991"},"geometry":{"type":"MultiPolygon","coordinates":[[[[-123.0789804569214,49.31301300669413],[-123.07906364608519,49.312930860277824],[-123.0790205388757,49.3129121978843],[-123.07905336942176,49.31287978397677],[-123.07900405296444,49.31285843628078],[-123.07899747310823,49.31286492626577],[-123.07894381982142,49.31284170152661],[-123.07895013866211,49.3128354545914],[-123.07889970709626,49.3128136218756],[-123.07886956891224,49.31284339833003],[-123.07882793500887,49.31282537351305],[-123.07873334416185,49.31291878043403],[-123.07897148687081,49.31302186402942],[-123.0789804569214,49.31301300669413]]]]}},{"id":"3079","type":"Feature","properties":{"classification":"HIGH_RISE_APARTMENT","classification_basis":"occupancy 'APT-CONCRETE HI-RISE'","BUILDING_NAME":" ","height_m":21.5672934,"year_built":"1964"},"geometry":{"type":"MultiPolygon","coordinates":[[[[-123.07460505376501,49.31651346136454],[-123.07479595516126,49.316325528819824],[-123.07453919006225,49.31621405624125],[-123.07434828811894,49.31640198836573],[-123.07460505376501,49.31651346136454]]]]}},{"id":"3153","type":"Feature","properties":{"classification":"INSTITUTIONAL","classification_basis":"name/occupancy matched institutional keyword ('Fire Hall')","BUILDING_NAME":"Fire Hall","height_m":null,"year_built":null},"geometry":{"type":"MultiPolygon","coordinates":[[[[-123.06972515206614,49.319806662204805],[-123.070105051311,49.31981101090727],[-123.07011097135712,49.31959027614177],[-123.06986463239444,49.31958745692579],[-123.06986544260617,49.31955711590594],[-123.06973188410342,49.319555586438895],[-123.06972515206614,49.319806662204805]]]]}},{"id":"3268","type":"Feature","properties":{"classification":"LOW_RISE_APARTMENT","classification_basis":"unit count 27 (affordable-housing layer)","BUILDING_NAME":" ","height_m":null,"year_built":null},"geometry":{"type":"MultiPolygon","coordinates":[[[[-123.06949448337858,49.31906926447871],[-123.06949237675258,49.31915632949091],[-123.0695105127907,49.31915651647736],[-123.06950789948498,49.319264855246416],[-123.06949071286598,49.31926467668384],[-123.06948830766306,49.319364478958825],[-123.06983656786528,49.31936806498663],[-123.06983893308129,49.31926967496196],[-123.06980366541907,49.319269309477775],[-123.06980631700446,49.3191593065821],[-123.0698168573766,49.31915941715187],[-123.06981895003943,49.31907261300057],[-123.06949448337858,49.31906926447871]]]]}},{"id":"3331","type":"Feature","properties":{"classification":"HIGH_RISE_APARTMENT","classification_basis":"occupancy 'APT-CONCRETE HI-RISE'","BUILDING_NAME":" ","height_m":18.85581152,"year_built":"1967"},"geometry":{"type":"MultiPolygon","coordinates":[[[[-123.07577243381712,49.316735547052765],[-123.07559870521472,49.316904760113026],[-123.0757158080625,49.31695614454463],[-123.07572767850229,49.31694457803634],[-123.0763306277071,49.31720915067826],[-123.07632109294684,49.31721843993994],[-123.07643476882718,49.31726831472322],[-123.07660809743001,49.317099496467115],[-123.07649464205441,49.317049711658164],[-123.07648200239454,49.317062025349124],[-123.07587580474713,49.316796016403586],[-123.0758865073311,49.316785602020936],[-123.07577243381712,49.316735547052765]]]]}},{"id":"3534","type":"Feature","properties":{"classification":"LOW_RISE_APARTMENT","classification_basis":"unit count 43 (affordable-housing layer)","BUILDING_NAME":" ","height_m":null,"year_built":null},"geometry":{"type":"MultiPolygon","coordinates":[[[[-123.09271715386392,49.322881765779805],[-123.0928224561969,49.32288299454406],[-123.09282306100351,49.322860668188554],[-123.09283833616254,49.32286084481707],[-123.0928402804241,49.32278974588373],[-123.09282206033465,49.32278952664507],[-123.09282308953188,49.32275138653985],[-123.09284051143229,49.32275158842932],[-123.09284245568661,49.32268048949457],[-123.09282693288476,49.322680313065504],[-123.09282749875416,49.32265923706115],[-123.09272325653116,49.322658025441285],[-123.09271715386392,49.322881765779805]]]]}},{"id":"3818","type":"Feature","properties":{"classification":"SENIORS_RESIDENCE","classification_basis":"affordable-housing eligibility 'Families, 55+'","BUILDING_NAME":" ","height_m":null,"year_built":null},"geometry":{"type":"MultiPolygon","coordinates":[[[[-123.04332626401647,49.324440029828885],[-123.04339381907025,49.32440829672625],[-123.04341497370432,49.32442753831497],[-123.04346435721315,49.32440433935867],[-123.0434596883024,49.32440007743272],[-123.04348649843783,49.32438748319106],[-123.04349531287272,49.3243954945164],[-123.04356681567764,49.32436190683421],[-123.04352401055326,49.32432297413926],[-123.04349941514633,49.32433452412361],[-123.04346736644395,49.324305374037415],[-123.04341252197067,49.324331138652795],[-123.04340527762162,49.32432454795865],[-123.04334296366386,49.32435381444326],[-123.043350690041,49.324360836725695],[-123.04327716497396,49.32439536951784],[-123.04332626401647,49.324440029828885]]]]}},{"id":"3867","type":"Feature","properties":{"classification":"INSTITUTIONAL","classification_basis":"name/occupancy matched institutional keyword ('St Alcuin College')","BUILDING_NAME":"St Alcuin College","height_m":null,"year_built":null},"geometry":{"type":"MultiPolygon","coordinates":[[[[-123.06886561967222,49.3177059448849],[-123.06893984161984,49.3177075917181],[-123.06893793854472,49.31774398710874],[-123.0690063950752,49.31774551140635],[-123.0690083782575,49.317707397898836],[-123.06908332951154,49.31770907118978],[-123.0690916508018,49.31769686883276],[-123.06909505345435,49.31753252595312],[-123.06909977786584,49.31737863460848],[-123.06886281789497,49.31737411656727],[-123.06885918312786,49.31753042694037],[-123.06885317838884,49.317694249646266],[-123.06886561967222,49.3177059448849]]]]}},{"id":"3956","type":"Feature","properties":{"classification":"HIGH_RISE_APARTMENT","classification_basis":"occupancy 'STRATA APT - HI-RISE'","BUILDING_NAME":" ","height_m":57.07228651,"year_built":"2005"},"geometry":{"type":"MultiPolygon","coordinates":[[[[-123.07981777408874,49.3131729764832],[-123.07987283292766,49.31319708136654],[-123.07984239229563,49.31322678632076],[-123.07988028230686,49.31324338313366],[-123.07986721866597,49.3132561382576],[-123.07997277940281,49.31330238117071],[-123.079985623258,49.31328985106523],[-123.08002501408345,49.31330709444097],[-123.08004370976026,49.31328884837111],[-123.08008166873717,49.31330548105057],[-123.08009312515227,49.313294301163594],[-123.08011098254846,49.31330213253771],[-123.08021985941465,49.31319587853301],[-123.08020238755215,49.31318821781546],[-123.08021553352204,49.31317539063531],[-123.08019138411787,49.31316482012929],[-123.08021661831384,49.31314019194855],[-123.08019642038496,49.31313134576528],[-123.0802099372478,49.31311816751828],[-123.0801687428629,49.31310012488977],[-123.08018143550738,49.313087738788994],[-123.08009588017123,49.31305027044166],[-123.08008307762302,49.3130627645508],[-123.08003848259776,49.31304323104086],[-123.08002525421257,49.313056148209526],[-123.08000706648532,49.31304817312849],[-123.07998162617672,49.31307299929931],[-123.07995660946996,49.31306204255381],[-123.07994408161402,49.313074266603635],[-123.07992671999149,49.313066659738794],[-123.07981777408874,49.3131729764832]]]]}},{"id":"3979","type":"Feature","properties":{"classification":"HIGH_RISE_APARTMENT","classification_basis":"occupancy 'APT-CONCRETE HI-RISE'","BUILDING_NAME":" ","height_m":19.90942255,"year_built":"1967"},"geometry":{"type":"MultiPolygon","coordinates":[[[[-123.07383609247049,49.31813795227757],[-123.07460936596972,49.31847558220948],[-123.07478256638613,49.318306065191834],[-123.07400929434601,49.317968427412985],[-123.07383609247049,49.31813795227757]]]]}},{"id":"4058","type":"Feature","properties":{"classification":"INSTITUTIONAL","classification_basis":"name/occupancy matched institutional keyword ('Queensbury Elementary School')","BUILDING_NAME":"Queensbury Elementary School","height_m":null,"year_built":null},"geometry":{"type":"MultiPolygon","coordinates":[[[[-123.05893470780836,49.3278684460015],[-123.05891409683483,49.32782671023203],[-123.05928707586534,49.32774801924198],[-123.05918837963775,49.32754818961535],[-123.05923972794871,49.3275373511932],[-123.05911264058656,49.32728003033814],[-123.05894339497578,49.32730609463599],[-123.05879494994466,49.32734862713844],[-123.0589137445877,49.3275891677022],[-123.05876260234288,49.32762106032736],[-123.05877774731486,49.32767259457359],[-123.05850639221298,49.32772984216675],[-123.05853560768307,49.327809218162294],[-123.05841652312503,49.327834347765645],[-123.05843693095449,49.32790247536102],[-123.05848079639321,49.327964222552076],[-123.05893470780836,49.3278684460015]]]]}},{"id":"4202","type":"Feature","properties":{"classification":"INSTITUTIONAL","classification_basis":"name/occupancy matched institutional keyword ('Memorial Community Recreation Centre')","BUILDING_NAME":"Memorial Community Recreation Centre","height_m":null,"year_built":null},"geometry":{"type":"MultiPolygon","coordinates":[[[[-123.06927594023487,49.32976696461475],[-123.06927045995336,49.33004958497578],[-123.06960103989489,49.33005231878344],[-123.06960067626757,49.33005797692076],[-123.06967973462837,49.33006014208156],[-123.06968221251046,49.33002150663001],[-123.06968802076224,49.33002166504001],[-123.06969430989507,49.32992374058003],[-123.0696824456667,49.329923414914646],[-123.06968380592573,49.329902293597556],[-123.06968472163933,49.32988799983003],[-123.0696993106513,49.329888116964774],[-123.06970160820838,49.32977051362777],[-123.06961752886372,49.32976980871265],[-123.06927594023487,49.32976696461475]]]]}},{"id":"4292","type":"Feature","properties":{"classification":"HIGH_RISE_APARTMENT","classification_basis":"occupancy 'APT-CONCRETE HI-RISE'","BUILDING_NAME":" ","height_m":20.20674908,"year_built":"1966"},"geometry":{"type":"MultiPolygon","coordinates":[[[[-123.0719875889504,49.31735451908466],[-123.07218363133074,49.31716349336069],[-123.07192876613802,49.3170517169735],[-123.07173273697423,49.31724274226057],[-123.0719875889504,49.31735451908466]]]]}},{"id":"4378","type":"Feature","properties":{"classification":"LOW_RISE_APARTMENT","classification_basis":"unit count 7 (affordable-housing layer)","BUILDING_NAME":" ","height_m":null,"year_built":null},"geometry":{"type":"MultiPolygon","coordinates":[[[[-123.07404657210019,49.328680348859336],[-123.07404785018056,49.32864240669594],[-123.0743638627459,49.32864695322301],[-123.07436267712872,49.328682160819106],[-123.07448763162749,49.3286839513398],[-123.07448975253618,49.32862105621235],[-123.0745145534718,49.32862140902522],[-123.07451496182914,49.32860929235806],[-123.07448928006008,49.328608922122754],[-123.07449036026081,49.32857688086914],[-123.07452373553022,49.32857736308026],[-123.07452750281803,49.32846550654206],[-123.07436726061636,49.32846319906848],[-123.07436672081612,49.32847944457243],[-123.07405346192132,49.328474941264474],[-123.0740539624659,49.32845998208693],[-123.07392551275495,49.32845813936237],[-123.07391809429075,49.32867850614452],[-123.07404657210019,49.328680348859336]]]]}},{"id":"4620","type":"Feature","properties":{"classification":"HIGH_RISE_APARTMENT","classification_basis":"occupancy 'STRATA APT - HI-RISE'","BUILDING_NAME":" ","height_m":40.87736115,"year_built":"2002"},"geometry":{"type":"MultiPolygon","coordinates":[[[[-123.07939510732395,49.31274819386131],[-123.07956417076366,49.31257833952485],[-123.07963799308924,49.31260975363776],[-123.07971270308747,49.3125346917568],[-123.07968858209941,49.31252441796429],[-123.07969926868861,49.312513688402056],[-123.07965890189338,49.31249651754677],[-123.07967719819376,49.31247813688194],[-123.07924423829671,49.31229632818307],[-123.07901401961978,49.31252648225244],[-123.07902755317896,49.31253224787143],[-123.07898590512643,49.31257408569959],[-123.07939510732395,49.31274819386131]]]]}},{"id":"5230","type":"Feature","properties":{"classification":"HIGH_RISE_APARTMENT","classification_basis":"occupancy 'STRATA APT - HI-RISE'","BUILDING_NAME":" ","height_m":38.8179993,"year_built":"2005"},"geometry":{"type":"MultiPolygon","coordinates":[[[[-123.08144091481772,49.31328544355159],[-123.08136653696309,49.313252186983604],[-123.08137799617184,49.31324288694877],[-123.0812021365311,49.31316789233461],[-123.08121135310483,49.3131585759016],[-123.08104032935661,49.3130873286102],[-123.08102897764951,49.313095081374485],[-123.080960549837,49.313065400433224],[-123.08094264901668,49.31308147826973],[-123.08091263682034,49.313069922556174],[-123.08086123642676,49.3131209069333],[-123.08085337343064,49.313116657739144],[-123.08082467262882,49.31314139642504],[-123.08062398191122,49.313134817243046],[-123.08062411955646,49.31312642469304],[-123.08044603386368,49.31311978445464],[-123.08044734370358,49.313129948037016],[-123.0803843405179,49.31312779706413],[-123.08036878309649,49.31329897616309],[-123.08044988227248,49.31330322840406],[-123.08078983080975,49.3133146669398],[-123.08075193825952,49.313347237792485],[-123.08096826600627,49.31344175115606],[-123.08100050247765,49.3134084016212],[-123.08107063630759,49.31343775751585],[-123.081034185934,49.31347044798345],[-123.0810874825002,49.31349159052784],[-123.0810991864571,49.3134804553434],[-123.08119544314901,49.31352369929433],[-123.08123063738617,49.31349022168593],[-123.08121912677974,49.31348504858254],[-123.08123769918821,49.31346736909966],[-123.08124984314085,49.31347282060491],[-123.08131124742766,49.31341439904518],[-123.08129706570644,49.3134080224817],[-123.08131668208638,49.31338936178265],[-123.08132802744599,49.313394454036555],[-123.08138779685298,49.3133375897428],[-123.08137536376898,49.31333200352859],[-123.08139418334525,49.313314098967865],[-123.08140545985893,49.31331916427734],[-123.08144091481772,49.31328544355159]]]]}},{"id":"5311","type":"Feature","properties":{"classification":"SENIORS_RESIDENCE","classification_basis":"affordable-housing eligibility '55+'","BUILDING_NAME":" ","height_m":null,"year_built":null},"geometry":{"type":"MultiPolygon","coordinates":[[[[-123.06556818330672,49.32186166359852],[-123.06565871769565,49.321863105390705],[-123.06565800039542,49.3218824992627],[-123.06578085970155,49.321884453302985],[-123.06578157761255,49.321865554161086],[-123.06587402481621,49.32186703067637],[-123.06588165134536,49.32166299916296],[-123.06578464960423,49.321661444290214],[-123.06578524719862,49.321645198774625],[-123.06566691585944,49.32164330513228],[-123.06566621168038,49.32166221326148],[-123.0655756914203,49.321660771467165],[-123.06556818330672,49.32186166359852]]]]}},{"id":"5405","type":"Feature","properties":{"classification":"INSTITUTIONAL","classification_basis":"name/occupancy matched institutional keyword ('St. Edmunds Elementary School')","BUILDING_NAME":"St. Edmunds Elementary School","height_m":null,"year_built":null},"geometry":{"type":"MultiPolygon","coordinates":[[[[-123.08123294387302,49.31839839102281],[-123.08131699366695,49.31843459124287],[-123.08129387356855,49.318457536066504],[-123.08142705366964,49.31851489413884],[-123.08172453577355,49.31821972520869],[-123.08150233576815,49.31812402112545],[-123.08134310630152,49.31828201564273],[-123.08135610479573,49.31828761045291],[-123.08134865913944,49.31829500068697],[-123.08134063147784,49.31829155221116],[-123.08123294387302,49.31839839102281]]]]}},{"id":"5530","type":"Feature","properties":{"classification":"OTHER","classification_basis":"non-residential occupancy 'CLASS B OFFICE'","BUILDING_NAME":"ICBC","height_m":30.67899591,"year_built":"1980"},"geometry":{"type":"MultiPolygon","coordinates":[[[[-123.08197677033203,49.311630635669694],[-123.08213469492789,49.311471471652794],[-123.08217493989306,49.311431927437106],[-123.08233114320166,49.311280850992226],[-123.08253317021394,49.311078748220396],[-123.0825669865959,49.311045612989254],[-123.08272596320772,49.310892537099676],[-123.08312004420699,49.31050205453569],[-123.08310090835565,49.31043724937737],[-123.08297728202317,49.3104535474327],[-123.08293881994445,49.31031679506568],[-123.08273064725968,49.31034590859858],[-123.08270621715094,49.31026577046283],[-123.08259996407352,49.31028033761058],[-123.08258346853518,49.310296693554],[-123.08260304141514,49.31036001429032],[-123.08254513511326,49.310335031207],[-123.0822131334435,49.310663994948655],[-123.0822125965044,49.31066376145719],[-123.08202934299169,49.31084553935367],[-123.08201519460323,49.310858853194],[-123.0818117521696,49.31105437163411],[-123.0816214491621,49.311242936189416],[-123.08161810361145,49.31124149033615],[-123.08145437729488,49.31140371608686],[-123.08151817688248,49.31143124117732],[-123.08154198664029,49.31151144295131],[-123.08161158265219,49.31154147354115],[-123.08158280682072,49.31156998143478],[-123.08170390824164,49.311622229550395],[-123.08173256040553,49.31159383865103],[-123.08179326264897,49.311620034499995],[-123.08191331443395,49.31160326350685],[-123.08197677033203,49.311630635669694]]]]}},{"id":"5570","type":"Feature","properties":{"classification":"LOW_RISE_APARTMENT","classification_basis":"unit count 38 (affordable-housing layer)","BUILDING_NAME":" ","height_m":null,"year_built":null},"geometry":{"type":"MultiPolygon","coordinates":[[[[-123.09709593090173,49.3231153532802],[-123.09711398596015,49.32311555399359],[-123.0971138452718,49.32312098715974],[-123.09718987742579,49.323121822760235],[-123.09719001877849,49.32311673140768],[-123.0973716840313,49.32311873732857],[-123.0973730141288,49.32306748205664],[-123.09754108289818,49.32306934624841],[-123.09753977921818,49.32311995385193],[-123.09772364633452,49.3231219843467],[-123.09772353188269,49.32312673386287],[-123.09780011451933,49.32312757759159],[-123.0978002163071,49.32312338578301],[-123.09781576678738,49.32312356152074],[-123.09782231130556,49.32287054145104],[-123.09754372533556,49.32286745770752],[-123.097542460317,49.3229167340035],[-123.097613510539,49.32291751955901],[-123.0976122443087,49.322966148208245],[-123.09757142689523,49.322965193211374],[-123.09734934833351,49.322964498957106],[-123.09730868329115,49.32296404746541],[-123.09731003921756,49.322911901654905],[-123.09737624539868,49.322912628468806],[-123.09737742237903,49.322867472010515],[-123.09719760207102,49.32286548253745],[-123.09719776889068,49.32285934773016],[-123.09712018208535,49.32285848645597],[-123.09712004115069,49.32286379369101],[-123.09710245407885,49.32286360158053],[-123.09709593090173,49.3231153532802]]]]}},{"id":"5733","type":"Feature","properties":{"classification":"INSTITUTIONAL","classification_basis":"name/occupancy matched institutional keyword ('Lions Gate Hospital')","BUILDING_NAME":"Lions Gate Hospital","height_m":null,"year_built":null},"geometry":{"type":"MultiPolygon","coordinates":[[[[-123.06781281967943,49.32083801968435],[-123.06782180961346,49.32047040203408],[-123.06753068962726,49.320467361244624],[-123.06752168375391,49.32083496988635],[-123.06781281967943,49.32083801968435]]]]}},{"id":"5994","type":"Feature","properties":{"classification":"HIGH_RISE_APARTMENT","classification_basis":"occupancy 'STRATA APT - HI-RISE'","BUILDING_NAME":" ","height_m":28.29900037,"year_built":"2008"},"geometry":{"type":"MultiPolygon","coordinates":[[[[-123.07686208462559,49.31763040875951],[-123.0768130543141,49.31760969860883],[-123.07682057330351,49.317604854236556],[-123.07675669789107,49.31757625621246],[-123.0767457614479,49.317586697814924],[-123.0767164086398,49.317575581343455],[-123.076727716233,49.31756490562424],[-123.07666421282624,49.31753655916527],[-123.07665855327765,49.31754262563051],[-123.07660803556679,49.31752092691586],[-123.07657323748012,49.3175297921799],[-123.07654402619983,49.317538923587065],[-123.07651663838156,49.317552704256954],[-123.0764948511294,49.31756675106721],[-123.07648053238535,49.317578885965794],[-123.07647385362225,49.31757543625897],[-123.0763795639406,49.317667698594434],[-123.07638885743158,49.317671398441824],[-123.07638546443329,49.31767504370811],[-123.0764140496917,49.31768810371689],[-123.07640650690135,49.31769538575599],[-123.0763404604082,49.31769532145915],[-123.0763393547458,49.31776337926892],[-123.0763975953812,49.31776072320513],[-123.07639849355935,49.31778097062682],[-123.07644901069254,49.31780218369603],[-123.07645806405,49.31779295770905],[-123.07665193290984,49.317878264943104],[-123.07669264414817,49.31784039546534],[-123.07671194903864,49.317849269832024],[-123.07673609935327,49.31782400449789],[-123.07674539214563,49.317827218580526],[-123.0768404374875,49.317734478705326],[-123.07683113170236,49.31773175037542],[-123.07684739328977,49.317712552972516],[-123.07685613435423,49.31769722847032],[-123.07686347428051,49.31767457387619],[-123.07686703557683,49.31765531295509],[-123.07686208462559,49.31763040875951]]]]}},{"id":"6201","type":"Feature","properties":{"classification":"LOW_RISE_APARTMENT","classification_basis":"unit count 24 (affordable-housing layer)","BUILDING_NAME":" ","height_m":null,"year_built":null},"geometry":{"type":"MultiPolygon","coordinates":[[[[-123.07612428145303,49.32139077519738],[-123.07612588729587,49.321343441847155],[-123.07621358608581,49.32134471532706],[-123.0762176400857,49.32122530250689],[-123.07610442869533,49.32122365904239],[-123.07610288820133,49.32126876156183],[-123.07601818943921,49.32126753100036],[-123.07601975602259,49.32122144799738],[-123.07573733996739,49.32121735173497],[-123.07573165257001,49.32138507836855],[-123.07612428145303,49.32139077519738]]]]}},{"id":"6214","type":"Feature","properties":{"classification":"HIGH_RISE_APARTMENT","classification_basis":"occupancy 'STRATA APT - HI-RISE'","BUILDING_NAME":" ","height_m":34.54699957,"year_built":"2004"},"geometry":{"type":"MultiPolygon","coordinates":[[[[-123.08128931254106,49.31284348473425],[-123.08136016438668,49.3128747918937],[-123.08142186149736,49.31290274128173],[-123.08143423803259,49.312890778036596],[-123.08151709560495,49.312927113911094],[-123.08153410389593,49.31291225095707],[-123.08156407495575,49.31292386050937],[-123.08175324001945,49.312800178769116],[-123.08156139276761,49.31272427850123],[-123.08155285702367,49.31269587790987],[-123.08161944393126,49.31263568947587],[-123.08142772303717,49.312552466860275],[-123.08130008521414,49.31267623073916],[-123.0811443297162,49.31276949374989],[-123.08123399618906,49.312805195388265],[-123.08128931254106,49.31284348473425]]]]}},{"id":"6300","type":"Feature","properties":{"classification":"INSTITUTIONAL","classification_basis":"name/occupancy matched institutional keyword ('Sutherland Secondary School')","BUILDING_NAME":"Sutherland Secondary School","height_m":null,"year_built":null},"geometry":{"type":"MultiPolygon","coordinates":[[[[-123.05346885603039,49.32673149600535],[-123.05347155275021,49.32645129721419],[-123.05313910033044,49.32645011926514],[-123.05313938762008,49.32641016287231],[-123.05322795784531,49.32640774740906],[-123.05323002772633,49.32622142182678],[-123.05297644265107,49.32620326028062],[-123.05297792164296,49.326132315198635],[-123.05322346788586,49.32611083001461],[-123.05322362003272,49.32592002574272],[-123.0529782459706,49.32589587867232],[-123.05297833805622,49.32582778567116],[-123.0531357070761,49.32582903571132],[-123.05313828320358,49.325614096443125],[-123.0529816452512,49.325613781562545],[-123.05298053949241,49.32555799441396],[-123.052910696945,49.32555693800006],[-123.05290665868336,49.325589834956105],[-123.0524849842433,49.325540716030716],[-123.052478853358,49.32556015724156],[-123.05234617372179,49.3255456813152],[-123.05231482164126,49.32566014925507],[-123.05233802647335,49.32566231556545],[-123.05231306199137,49.32575284463011],[-123.0528144687635,49.32580932175256],[-123.05279825594432,49.325885355803315],[-123.05243865403028,49.32588323475756],[-123.05243793824106,49.32597378882195],[-123.05244444759295,49.325973731897854],[-123.05244452549336,49.32599524815764],[-123.05241847431243,49.32599547585804],[-123.05238633443153,49.32601608022892],[-123.05238452289868,49.32612461600532],[-123.05249823116672,49.326130744051206],[-123.05250935971587,49.32621670522743],[-123.052364752536,49.32622078265123],[-123.05238460237659,49.32647194400377],[-123.05264487623228,49.32646356823892],[-123.05266002266742,49.326677644855764],[-123.0529098111522,49.32666960609045],[-123.05290964212382,49.326678826151046],[-123.05295450739537,49.326679390286024],[-123.0529543651782,49.326726434753176],[-123.05346885603039,49.32673149600535]]]]}},{"id":"6320","type":"Feature","properties":{"classification":"HIGH_RISE_APARTMENT","classification_basis":"occupancy 'STRATA APT - HI-RISE'","BUILDING_NAME":" ","height_m":22.56828897,"year_built":"1989"},"geometry":{"type":"MultiPolygon","coordinates":[[[[-123.07573831563839,49.31420833543759],[-123.0757438394006,49.31420361837169],[-123.07574025995952,49.314193222352216],[-123.0756968357634,49.314174109174544],[-123.07568208814973,49.314175216238255],[-123.07567517652272,49.31418108558608],[-123.07560494631242,49.314150278269224],[-123.07559959141135,49.31414846475675],[-123.07560322878412,49.31414279544812],[-123.07559927750778,49.31413214780389],[-123.07556967824056,49.31412030259093],[-123.07555491840859,49.31412240810538],[-123.07553149165688,49.31414319316365],[-123.07553426305783,49.314156054382245],[-123.07553988005975,49.31415831748271],[-123.07547874643762,49.31421885864003],[-123.07547161648499,49.31421692934426],[-123.07545838234982,49.31421806237645],[-123.07543536563547,49.314237120083014],[-123.07543931688491,49.314247767732674],[-123.07545988810281,49.31425805372189],[-123.07546602927938,49.31425218489012],[-123.0756979342908,49.31435226591277],[-123.07569625503525,49.31436079439158],[-123.07572622559026,49.31437239645999],[-123.075741755992,49.314370299413916],[-123.07575825810751,49.31435586941177],[-123.07575135709048,49.31434175158822],[-123.0758192907462,49.31427446847805],[-123.07583364470054,49.314276824778496],[-123.07585710962553,49.31425406070678],[-123.07585469702117,49.31424195485117],[-123.0758281115663,49.31423062044865],[-123.07581146637196,49.314232466374165],[-123.0758049656219,49.31423710312797],[-123.07573831563839,49.31420833543759]]]]}},{"id":"6325","type":"Feature","properties":{"classification":"HIGH_RISE_APARTMENT","classification_basis":"occupancy 'STRATA APT - HI-RISE'","BUILDING_NAME":" ","height_m":30.74954999,"year_built":"2010"},"geometry":{"type":"MultiPolygon","coordinates":[[[[-123.07938701324986,49.31045961350121],[-123.07935786597174,49.310488534877294],[-123.07933484593413,49.31051207295122],[-123.07929385607935,49.31052562076486],[-123.07927299822676,49.31050770777655],[-123.07922701695252,49.3104799983215],[-123.07919068201947,49.310462230854185],[-123.07913552089589,49.3104408692202],[-123.07907241139732,49.310421689820224],[-123.07901183105734,49.310409677776626],[-123.0789602287068,49.31040266086088],[-123.07890253640089,49.310398562502726],[-123.07886329763497,49.31039731197666],[-123.07882486505946,49.31039260675682],[-123.07852751500738,49.31026742604022],[-123.07846129358809,49.31033288361658],[-123.07842854173914,49.31031872052452],[-123.07836749862196,49.310379056302324],[-123.07839548708942,49.31039116275764],[-123.07838006146066,49.31040641097358],[-123.07919937390602,49.31076076431499],[-123.07920797157144,49.31075161037432],[-123.07935094254978,49.31082909530445],[-123.07943323968854,49.31073388827206],[-123.07963663217541,49.31053650305656],[-123.0795876889155,49.31051493946096],[-123.07957516148295,49.31052708251986],[-123.07952799426994,49.31050630924765],[-123.0795127333374,49.310521116739736],[-123.07947648372587,49.31050515732513],[-123.07948083811327,49.31050093561384],[-123.07938701324986,49.31045961350121]]]]}},{"id":"6427","type":"Feature","properties":{"classification":"OTHER","classification_basis":"non-residential occupancy 'STRATA OFFICE'","BUILDING_NAME":" ","height_m":70.78304123,"year_built":"1990"},"geometry":{"type":"MultiPolygon","coordinates":[[[[-123.07844791366799,49.31338658623124],[-123.07862589474327,49.31343079327001],[-123.07866148668239,49.31336953022564],[-123.0786317842161,49.31336217443396],[-123.07862154232373,49.31334136667765],[-123.0786427388353,49.31333806003953],[-123.07862964539673,49.31330637911542],[-123.07864449171112,49.31329833636512],[-123.07865442738057,49.31329099857496],[-123.07866444991664,49.31327773293598],[-123.0786669708875,49.31326244849884],[-123.07866265620368,49.313248598939666],[-123.0786492883895,49.31323469257562],[-123.07862457131674,49.3132216844492],[-123.07860348847463,49.31321857748095],[-123.07858121374797,49.313218673584615],[-123.0785581075974,49.313223699578906],[-123.07852193248726,49.31319507468216],[-123.07853203054017,49.31317737440533],[-123.07843989745565,49.31315576771201],[-123.0783750413078,49.313269105341256],[-123.07836785971341,49.31326929910893],[-123.07835878218249,49.3132712122309],[-123.07835076837193,49.31327585015461],[-123.07834498893057,49.3132839586822],[-123.07834713325542,49.313291378208525],[-123.07835647135438,49.313297605500914],[-123.07836434636782,49.31330087438776],[-123.07837720829887,49.31329948041631],[-123.07842154757263,49.31328817944386],[-123.07846474926637,49.313348939190554],[-123.07842794966052,49.31336028903397],[-123.07841733351127,49.31336367840549],[-123.07841233360458,49.3133688270106],[-123.07840997730325,49.313375224144615],[-123.07841137790028,49.313382149442205],[-123.07841658570487,49.31338662548207],[-123.07842783354211,49.31339114239866],[-123.078437644218,49.313391702433655],[-123.07844791366799,49.31338658623124]]]]}},{"id":"6540","type":"Feature","properties":{"classification":"SENIORS_RESIDENCE","classification_basis":"affordable-housing eligibility '55+'","BUILDING_NAME":" ","height_m":37.20885741,"year_built":"1970"},"geometry":{"type":"MultiPolygon","coordinates":[[[[-123.08029556942384,49.31414234715701],[-123.08042260853516,49.314018809714995],[-123.08039149174607,49.31400513178677],[-123.0804000360961,49.313996823341576],[-123.0803859509428,49.31399063549741],[-123.08039279191647,49.31398398334074],[-123.08022655152892,49.31391091451207],[-123.08021862532277,49.313918619842035],[-123.0802039481713,49.313912171527846],[-123.08019560987522,49.31392029091803],[-123.080162606926,49.31390577769001],[-123.08003713346055,49.31402778459288],[-123.08007287637618,49.314043501304994],[-123.08006396104847,49.31405216079282],[-123.08007490696431,49.31405696560185],[-123.08006791482599,49.31406376176636],[-123.08023502291752,49.31413721700934],[-123.08024305905005,49.3141294036607],[-123.08025746090807,49.314135735224234],[-123.08026464534476,49.314128750017154],[-123.08029556942384,49.31414234715701]]]]}},{"id":"6755","type":"Feature","properties":{"classification":"HIGH_RISE_APARTMENT","classification_basis":"occupancy 'STRATA APT - HI-RISE'","BUILDING_NAME":" ","height_m":55.581,"year_built":"1999"},"geometry":{"type":"MultiPolygon","coordinates":[[[[-123.06952649079469,49.32037528672669],[-123.06975940662775,49.32037739425755],[-123.06975958597192,49.32036895133354],[-123.06989339391161,49.32037016219076],[-123.06989643776834,49.32022630145991],[-123.06988011088036,49.32022615391817],[-123.06988133625306,49.32016829838923],[-123.06989917647377,49.320149770254794],[-123.06988196220243,49.32013123993093],[-123.06977538901457,49.32013074302505],[-123.06977544866908,49.32012524247546],[-123.069735853024,49.32012505768662],[-123.0696971510835,49.3201116882034],[-123.0696595447776,49.32012486623299],[-123.06961352053139,49.32012484449026],[-123.06961350718608,49.320136853878],[-123.06953034373265,49.3201368148873],[-123.06952847281686,49.320181148443005],[-123.06951045439943,49.3202022276422],[-123.06952788815221,49.32022328551673],[-123.06952649079469,49.32037528672669]]]]}},{"id":"6760","type":"Feature","properties":{"classification":"HIGH_RISE_APARTMENT","classification_basis":"occupancy 'STRATA APT - HI-RISE'","BUILDING_NAME":" ","height_m":138.915,"year_built":"2009"},"geometry":{"type":"MultiPolygon","coordinates":[[[[-123.07497598523457,49.32016851664473],[-123.07497525660479,49.32019343089108],[-123.0749969033465,49.3201936399255],[-123.07499575477601,49.320245568577484],[-123.07497400588721,49.3202451635156],[-123.07497300697621,49.32027695020571],[-123.07499477930989,49.320277380438895],[-123.07499413278163,49.32030017358325],[-123.07497219135321,49.32029985409954],[-123.07497081200304,49.32034118395475],[-123.07496912857331,49.32041063363901],[-123.07502729648346,49.32041144413285],[-123.07502661274704,49.32043147490091],[-123.07512964555171,49.32043252876236],[-123.07512991455629,49.320417595795504],[-123.07516929376784,49.32041825741732],[-123.07516890909172,49.320434031502835],[-123.07531132652089,49.320435671248376],[-123.07531138861886,49.32043398192512],[-123.07530507601456,49.32042991574839],[-123.07530662117064,49.32037928753032],[-123.07527564291362,49.3203787527122],[-123.07527651947608,49.320350781827926],[-123.07530459811854,49.320351133235725],[-123.07530682696462,49.320285935181836],[-123.0752785994291,49.32028537518487],[-123.07527932397174,49.32026419841042],[-123.07530268964189,49.32026455468735],[-123.07530554846642,49.32016941507783],[-123.07524148606731,49.320168713804435],[-123.07524157858347,49.320162602462155],[-123.07520839608415,49.320162087051216],[-123.07520838923253,49.32015758769848],[-123.0751461320079,49.32015675476835],[-123.07514594215657,49.320167634485024],[-123.07506919450816,49.32016630181044],[-123.07506985479667,49.32014896419428],[-123.07505769720002,49.32014874811195],[-123.07505750657204,49.32015279154055],[-123.07498389011104,49.32015190833068],[-123.0749780800801,49.32014801181752],[-123.07497628986052,49.32014801297889],[-123.07497598523457,49.32016851664473]]]]}},{"id":"6763","type":"Feature","properties":{"classification":"HIGH_RISE_APARTMENT","classification_basis":"occupancy 'STRATA APT - HI-RISE'","BUILDING_NAME":" ","height_m":47.9,"year_built":"2001"},"geometry":{"type":"MultiPolygon","coordinates":[[[[-123.07363346156407,49.32348812966476],[-123.07363364320067,49.323370913355454],[-123.07361117569774,49.32337031510001],[-123.07361017106344,49.32332503614845],[-123.07358676782,49.32332443938373],[-123.07358672040496,49.32329262010689],[-123.07337515693742,49.32329091960976],[-123.07337612724841,49.323314170457195],[-123.07334617182957,49.32331418947089],[-123.07334342314567,49.32335457656659],[-123.0733228303746,49.323355201300075],[-123.07332321660562,49.32348186391455],[-123.07335484549594,49.32348184384472],[-123.07335583081189,49.32351427329336],[-123.07362043976185,49.32351430833627],[-123.07361953651603,49.32348812324371],[-123.07363346156407,49.32348812966476]]]]}},{"id":"6765","type":"Feature","properties":{"classification":"HIGH_RISE_APARTMENT","classification_basis":"occupancy 'STRATA APT - HI-RISE'","BUILDING_NAME":" ","height_m":55.0,"year_built":"2009"},"geometry":{"type":"MultiPolygon","coordinates":[[[[-123.07420596518313,49.32037257398216],[-123.07438020182911,49.320375028288304],[-123.07438088870812,49.320359651594934],[-123.0744121162698,49.320360360997626],[-123.0744119370589,49.32037567080046],[-123.07445918458647,49.32037643553945],[-123.07445977091321,49.3203619206425],[-123.07453997124722,49.320363194825816],[-123.07453961986675,49.320377457708396],[-123.07457466291133,49.320377973010366],[-123.07457483035667,49.320374953241874],[-123.07460488106065,49.320375427679785],[-123.0746082918247,49.32026036355096],[-123.07457741808987,49.32025973672805],[-123.07457829747551,49.320237019894144],[-123.07460148963729,49.32023730356435],[-123.07460343187465,49.32016759015949],[-123.07444362220343,49.32016506932952],[-123.07444333188614,49.32017421575078],[-123.07441299080834,49.32017363891351],[-123.07441326697652,49.32015509800191],[-123.07430955697977,49.320153527617585],[-123.0743089764959,49.32017195358711],[-123.0742692318023,49.3201715149859],[-123.07426930602072,49.32015315590579],[-123.07420050464421,49.32015248858346],[-123.07420071309446,49.320156597418794],[-123.07418236181091,49.32015627817874],[-123.07417918125807,49.320241123955846],[-123.07420287324776,49.320241625067034],[-123.0742026466198,49.320265715932734],[-123.07417869067756,49.3202653867976],[-123.0741761619559,49.32033439175529],[-123.07420669814881,49.32033471666623],[-123.07420596518313,49.32037257398216]]]]}},{"id":"6766","type":"Feature","properties":{"classification":"HIGH_RISE_APARTMENT","classification_basis":"occupancy 'APT-CONCRETE HI-RISE'","BUILDING_NAME":" ","height_m":62.48049139,"year_built":"1972"},"geometry":{"type":"MultiPolygon","coordinates":[[[[-123.07419462058782,49.321345894112035],[-123.07419335449396,49.32138703857828],[-123.0742023842525,49.32138703278137],[-123.07420369527743,49.321400524611256],[-123.0742939997678,49.32140046659784],[-123.07429358935605,49.32141395953323],[-123.07440840578423,49.32141388567136],[-123.07440882156492,49.321404890289294],[-123.0744979027267,49.32140664991722],[-123.07449824566645,49.321391340011466],[-123.07451071697218,49.321391331972045],[-123.07451191813314,49.32133286295365],[-123.07452834484882,49.321333256242895],[-123.07453136691925,49.321269578777645],[-123.07451521141671,49.32126925637539],[-123.07451789201694,49.32121272934662],[-123.0745063464804,49.321212493921934],[-123.07450702658689,49.32119811929018],[-123.07441568065258,49.32119626218124],[-123.07441620099802,49.321185431728075],[-123.07429656235486,49.32118299906075],[-123.0742959488524,49.321195952420354],[-123.07420727257252,49.32119414740121],[-123.07420651203164,49.32120999728164],[-123.07419455366477,49.32120975309573],[-123.07419191258468,49.321265353594775],[-123.07417363786507,49.321264978534465],[-123.0741704627729,49.321331526429574],[-123.07419390844613,49.32132984728494],[-123.07419462058782,49.321345894112035]]]]}},{"id":"6860","type":"Feature","properties":{"classification":"SENIORS_RESIDENCE","classification_basis":"affordable-housing eligibility 'Families, 55+, People with disabilities'","BUILDING_NAME":" ","height_m":null,"year_built":null},"geometry":{"type":"MultiPolygon","coordinates":[[[[-123.07309002798642,49.30908410302645],[-123.0730563010208,49.30906945328871],[-123.07304759159832,49.309078031156375],[-123.07301145558904,49.30906233949268],[-123.07295220664382,49.3091206653742],[-123.07295563440746,49.30912215640256],[-123.07293945184094,49.309138079008285],[-123.07293211450283,49.3091348903665],[-123.07289778491197,49.30916867975696],[-123.07295105977614,49.30919180860908],[-123.07293854504313,49.309204112855525],[-123.07297326322856,49.309219193767845],[-123.07296407295077,49.30922823967951],[-123.0730017371101,49.309244596032165],[-123.07299855005508,49.309247737346844],[-123.07308739683066,49.30928632428601],[-123.0730896360254,49.30928412805737],[-123.07312808494169,49.309300825687465],[-123.07315542217401,49.3092739129376],[-123.07317859064315,49.30928397281893],[-123.07329236263223,49.309171965282175],[-123.07309002798642,49.30908410302645]]]]}},{"id":"6864","type":"Feature","properties":{"classification":"HIGH_RISE_APARTMENT","classification_basis":"occupancy 'STRATA APT - HI-RISE'","BUILDING_NAME":" ","height_m":45.13008246,"year_built":"1996"},"geometry":{"type":"MultiPolygon","coordinates":[[[[-123.0748685761635,49.318630904210494],[-123.0751695221151,49.31875919514318],[-123.07530681557289,49.31862157040217],[-123.07526917149714,49.31860552964215],[-123.07530218612253,49.31857243308447],[-123.07527623182862,49.31856136800549],[-123.07530480875235,49.318532717925805],[-123.07512286749339,49.318455163477196],[-123.07508514036896,49.318492985483424],[-123.07502645773243,49.318467972186276],[-123.07488392934656,49.318610844144075],[-123.0748685761635,49.318630904210494]]]]}},{"id":"6865","type":"Feature","properties":{"classification":"HIGH_RISE_APARTMENT","classification_basis":"occupancy 'STRATA APT - HI-RISE'","BUILDING_NAME":" ","height_m":37.10035638,"year_built":"1976"},"geometry":{"type":"MultiPolygon","coordinates":[[[[-123.07120919037546,49.31700681816358],[-123.07139658879693,49.31708861212185],[-123.07140975177296,49.317075731971336],[-123.07148286086527,49.31710764644139],[-123.07160855436526,49.31698457834011],[-123.07159122023411,49.316977015186794],[-123.07164181074258,49.31692748368552],[-123.07145351759247,49.31684529489042],[-123.0714412065763,49.316857346968646],[-123.07136992903986,49.3168262319057],[-123.07124368572228,49.31694982180681],[-123.0712600973238,49.316956980800626],[-123.07120919037546,49.31700681816358]]]]}},{"id":"6866","type":"Feature","properties":{"classification":"HIGH_RISE_APARTMENT","classification_basis":"occupancy 'APT-CONCRETE HI-RISE'","BUILDING_NAME":" ","height_m":32.54843469,"year_built":"1991"},"geometry":{"type":"MultiPolygon","coordinates":[[[[-123.07098473019389,49.31675656804497],[-123.07097136141091,49.31675072043108],[-123.07096688211784,49.3167550858156],[-123.07093084821548,49.31673729759549],[-123.07097673163925,49.31668651895019],[-123.07096338877588,49.31666996712458],[-123.07093925541596,49.3166512181163],[-123.07091950166823,49.316664084268375],[-123.07088495246617,49.31664532364949],[-123.07084555423688,49.316632142968196],[-123.07085788609949,49.31661537749638],[-123.0707957976398,49.31660144612179],[-123.07073911541833,49.316653913393836],[-123.0707060455091,49.31664001817686],[-123.07071052341125,49.31663467233495],[-123.07069565491102,49.316628816611484],[-123.07067030904145,49.31664727211216],[-123.07065726841836,49.31665917163633],[-123.0706397258438,49.31667885469098],[-123.07063076459079,49.3166953752112],[-123.07064376356497,49.31670244642712],[-123.07064898379097,49.31669661439735],[-123.07068056631903,49.31670953906702],[-123.0706331883523,49.31676420440037],[-123.07067177652203,49.31679780457493],[-123.07068855556405,49.316782988343576],[-123.07072682053546,49.316802241478584],[-123.0707732894774,49.316814212524065],[-123.07075612970945,49.316832186288366],[-123.07081897382312,49.31684514574759],[-123.07087490081875,49.31679365936953],[-123.07090797157562,49.316808040273884],[-123.07090349437645,49.3168138718594],[-123.07091613322243,49.31681923419241],[-123.07093401749785,49.31680758353005],[-123.07094930087595,49.3167956825982],[-123.07096868748961,49.316776250228024],[-123.07098473019389,49.31675656804497]]]]}},{"id":"6867","type":"Feature","properties":{"classification":"HIGH_RISE_APARTMENT","classification_basis":"occupancy 'APT-CONCRETE HI-RISE'","BUILDING_NAME":" ","height_m":34.06211084,"year_built":"1971"},"geometry":{"type":"MultiPolygon","coordinates":[[[[-123.0704437075081,49.31612739344565],[-123.07053285279136,49.31616540643436],[-123.0705659651614,49.31613223020005],[-123.0705756162593,49.316136344073065],[-123.07066769859811,49.316044060813766],[-123.07065818519258,49.31604000983007],[-123.07068780754378,49.31601031680624],[-123.07063281979292,49.31598687315482],[-123.07064517160407,49.315974497311515],[-123.07051253487978,49.31591794501744],[-123.0705011997767,49.315929303777594],[-123.07044705201328,49.315906210334845],[-123.07041881726752,49.315934508207995],[-123.07040593084473,49.315929011043806],[-123.07031219948443,49.31602295020214],[-123.07032280050012,49.31602746829896],[-123.070289619356,49.3160607254621],[-123.07037814485155,49.31609846909382],[-123.07038915027506,49.3160874433664],[-123.07045538614979,49.31611568367232],[-123.0704437075081,49.31612739344565]]]]}},{"id":"6868","type":"Feature","properties":{"classification":"HIGH_RISE_APARTMENT","classification_basis":"occupancy 'STRATA APT - HI-RISE'","BUILDING_NAME":" ","height_m":49.37060455,"year_built":"1990"},"geometry":{"type":"MultiPolygon","coordinates":[[[[-123.07312464811325,49.315818140052585],[-123.07325260150557,49.31569305379699],[-123.07324660080748,49.315673331294775],[-123.07305982405529,49.31559167485034],[-123.07302950392716,49.31559497723334],[-123.07289909090184,49.31572247548854],[-123.07290420103344,49.31573552418895],[-123.07310010628586,49.315821168944126],[-123.07312464811325,49.315818140052585]]]]}},{"id":"6869","type":"Feature","properties":{"classification":"HIGH_RISE_APARTMENT","classification_basis":"occupancy 'APT-CONCRETE HI-RISE'","BUILDING_NAME":" ","height_m":42.49635236,"year_built":"1975"},"geometry":{"type":"MultiPolygon","coordinates":[[[[-123.07240915738815,49.31547916855372],[-123.07242285441427,49.31546501963709],[-123.07244356058246,49.31547358800782],[-123.07247695817836,49.315439070769536],[-123.07250245539085,49.31544961505236],[-123.07252707424342,49.31542417938606],[-123.07253839103977,49.31542885874318],[-123.07257202208554,49.31539409846228],[-123.07256465652164,49.315391044745034],[-123.07260005975057,49.315354457332894],[-123.07258832993108,49.3153495983387],[-123.07260077670517,49.31533674548371],[-123.07254393122838,49.31531323194478],[-123.0725398235256,49.315317480221516],[-123.07240393979578,49.31526128293937],[-123.07241100121482,49.31525398346979],[-123.07235737748483,49.31523180809367],[-123.07234557639686,49.31524401286954],[-123.07232906938212,49.3152371869071],[-123.07229524590964,49.315272127141085],[-123.07228364004945,49.31526732200912],[-123.07225022867541,49.31530183920118],[-123.07226556547629,49.31530818016984],[-123.07223850114214,49.31533614493928],[-123.07227793080683,49.31535245543201],[-123.07225442468332,49.31537675696427],[-123.07224146961751,49.31537140396909],[-123.07221926857423,49.31539433741951],[-123.0722398645396,49.31540286092008],[-123.0722295883046,49.315413472593725],[-123.0722737264694,49.31543173208676],[-123.0722743859022,49.315431048044985],[-123.07235364466877,49.315463821658994],[-123.07235890641894,49.31545838531012],[-123.07240915738815,49.31547916855372]]]]}},{"id":"6870","type":"Feature","properties":{"classification":"HIGH_RISE_APARTMENT","classification_basis":"occupancy 'STRATA APT - HI-RISE'","BUILDING_NAME":" ","height_m":39.14915741,"year_built":"1974"},"geometry":{"type":"MultiPolygon","coordinates":[[[[-123.07357567933606,49.31802097490963],[-123.07363102020017,49.317965008011626],[-123.0736159300203,49.31795863108937],[-123.0737384681211,49.31783470816278],[-123.07365329692506,49.31779871902626],[-123.0736402861142,49.31781187818251],[-123.07345894316597,49.31773524722176],[-123.07340299784707,49.31779182609167],[-123.07341666980555,49.317797601269795],[-123.07329674142372,49.31791888663073],[-123.07338262852765,49.31795518140877],[-123.07339363353304,49.317944047457594],[-123.07357567933606,49.31802097490963]]]]}},{"id":"6871","type":"Feature","properties":{"classification":"HIGH_RISE_APARTMENT","classification_basis":"occupancy 'STRATA APT - HI-RISE'","BUILDING_NAME":" ","height_m":32.52021936,"year_built":"1980"},"geometry":{"type":"MultiPolygon","coordinates":[[[[-123.07585758286265,49.318522263911184],[-123.07586846343138,49.31851102186564],[-123.07593312119796,49.318537892799235],[-123.07595822654373,49.31853368457679],[-123.0760577044187,49.31843137163724],[-123.07604922638001,49.318412226607585],[-123.07598970443031,49.31838749320007],[-123.07600386843369,49.31837292978365],[-123.07600111822508,49.31836513282385],[-123.07582094186307,49.31829025885678],[-123.075789493353,49.31829447120938],[-123.07573390871079,49.31835162665354],[-123.07572009878508,49.3183458878209],[-123.07570430315889,49.31834632993423],[-123.0756512324579,49.318400902092165],[-123.07565731819273,49.31842139798498],[-123.07576044533906,49.31846425513835],[-123.07575562324196,49.31846922360487],[-123.07575990789638,49.31848167004108],[-123.07585758286265,49.318522263911184]]]]}},{"id":"6872","type":"Feature","properties":{"classification":"HIGH_RISE_APARTMENT","classification_basis":"occupancy 'APT-CONCRETE HI-RISE'","BUILDING_NAME":" ","height_m":34.99732074,"year_built":"1969"},"geometry":{"type":"MultiPolygon","coordinates":[[[[-123.0754555665547,49.31681524425286],[-123.07547933522173,49.316792255191764],[-123.07549760630575,49.316800329872144],[-123.07557580917214,49.31672469275277],[-123.0755558307708,49.316715854615474],[-123.07557887117021,49.316693567629095],[-123.07549833812722,49.316657981592506],[-123.07552555519449,49.316631653078325],[-123.07548831095387,49.31661519834749],[-123.07549919225951,49.31660465795195],[-123.07540458787322,49.31656285641646],[-123.0753932668756,49.31657380187047],[-123.07535547196501,49.31655709559247],[-123.07532782893952,49.31658383812018],[-123.0752489760321,49.31654899740927],[-123.07522545465925,49.316571734399595],[-123.07520831273685,49.316564162667945],[-123.07513145599445,49.316638494372945],[-123.07514991970528,49.316646640944256],[-123.0751245709398,49.31667115114084],[-123.0752063979932,49.31670731228352],[-123.0751804996708,49.316732362557026],[-123.07521555467534,49.31674784733835],[-123.07520479690672,49.3167582526997],[-123.07529988340674,49.31680026996618],[-123.07531073732937,49.316789765587046],[-123.07534938604859,49.31680684012237],[-123.07537671317394,49.316780394635614],[-123.0754555665547,49.31681524425286]]]]}},{"id":"6873","type":"Feature","properties":{"classification":"HIGH_RISE_APARTMENT","classification_basis":"occupancy 'STRATA APT - HI-RISE'","BUILDING_NAME":" ","height_m":43.54363907,"year_built":"1993"},"geometry":{"type":"MultiPolygon","coordinates":[[[[-123.07491480869177,49.315972267345074],[-123.07516273727543,49.31608197280174],[-123.07523919481568,49.31600811806997],[-123.07518277164155,49.31598315734164],[-123.07522540368836,49.31594197691338],[-123.07508654898596,49.31588053157245],[-123.07504171862247,49.31592382723123],[-123.0749890819373,49.31590052804714],[-123.07491480869177,49.315972267345074]]]]}},{"id":"6881","type":"Feature","properties":{"classification":"INSTITUTIONAL","classification_basis":"name/occupancy matched institutional keyword ('Bodwell High School')","BUILDING_NAME":"Bodwell High School","height_m":null,"year_built":null},"geometry":{"type":"MultiPolygon","coordinates":[[[[-123.10046366291711,49.31429437041962],[-123.10102037418044,49.31429728530337],[-123.10101822749014,49.314472053489155],[-123.10148843846527,49.31447451098102],[-123.101490534981,49.3143029181099],[-123.10150880675236,49.314303010004494],[-123.101511044875,49.314120020177896],[-123.10149707968296,49.314119951487015],[-123.10150066272203,49.3138281374256],[-123.10124722678744,49.31382681256505],[-123.10124364263845,49.31411881551698],[-123.10046587045879,49.314114735822706],[-123.10046366291711,49.31429437041962]]]]}},{"id":"6882","type":"Feature","properties":{"classification":"HIGH_RISE_APARTMENT","classification_basis":"occupancy 'STRATA APT - HI-RISE'","BUILDING_NAME":" ","height_m":29.11,"year_built":"1999"},"geometry":{"type":"MultiPolygon","coordinates":[[[[-123.07189933587935,49.3211709280973],[-123.07184428348992,49.32117172062005],[-123.07184419061736,49.32118071489294],[-123.0716405373967,49.32117981226633],[-123.07164044448834,49.32118880743858],[-123.07161292441009,49.32118868506941],[-123.07161182562974,49.321294501579445],[-123.0716106955188,49.321403388139444],[-123.07161048181418,49.32142398078702],[-123.0716380033996,49.32142410315585],[-123.07163790911297,49.32143309742904],[-123.07184156337937,49.32143400095928],[-123.07184146912981,49.32144299523263],[-123.07189651094694,49.32144323985457],[-123.07189933587935,49.3211709280973]]]]}},{"id":"6889","type":"Feature","properties":{"classification":"INSTITUTIONAL","classification_basis":"name/occupancy matched institutional keyword ('City Library')","BUILDING_NAME":"City Library","height_m":null,"year_built":null},"geometry":{"type":"MultiPolygon","coordinates":[[[[-123.07396029246392,49.32129061820508],[-123.07396042330464,49.321285181474124],[-123.07404156743266,49.32128533910564],[-123.07404195161449,49.32120107082659],[-123.07405594210104,49.32120109874299],[-123.07405634173675,49.32111338802229],[-123.07328060256786,49.321111874768555],[-123.07327959685075,49.3213317897681],[-123.07361380754746,49.32133244271388],[-123.07361376053214,49.32128705339595],[-123.07396029246392,49.32129061820508]]]]}},{"id":"6893","type":"Feature","properties":{"classification":"INSTITUTIONAL","classification_basis":"name/occupancy matched institutional keyword ('Sutherland Church')","BUILDING_NAME":"Sutherland Church","height_m":null,"year_built":null},"geometry":{"type":"MultiPolygon","coordinates":[[[[-123.05488726810195,49.32640868940225],[-123.05493569757009,49.326409287055974],[-123.0549347567594,49.32644191275268],[-123.0549612827132,49.32644764801467],[-123.05498378686528,49.32645044378423],[-123.05500501086426,49.326452988295685],[-123.05503186154853,49.326453722108006],[-123.05505657794495,49.32645341349849],[-123.05508019143669,49.326451369353826],[-123.05510072080155,49.32644805836473],[-123.05511946010722,49.32644386670528],[-123.05512042742642,49.32641044042998],[-123.05516856789522,49.326411038123936],[-123.05524840248924,49.32641165663247],[-123.05524916718794,49.32636941524876],[-123.05526173207237,49.32636950818802],[-123.0552633403623,49.32628176015817],[-123.05525226181167,49.32628167550368],[-123.05525323458897,49.32622861290658],[-123.05517396453428,49.3262279941319],[-123.0551741844877,49.32621546384375],[-123.05489291211244,49.326212017719804],[-123.05488726810195,49.32640868940225]]]]}},{"id":"6894","type":"Feature","properties":{"classification":"INSTITUTIONAL","classification_basis":"name/occupancy matched institutional keyword ('St Andrew's Church')","BUILDING_NAME":"St Andrew's Church","height_m":null,"year_built":null},"geometry":{"type":"MultiPolygon","coordinates":[[[[-123.0688779886687,49.317310583985446],[-123.06913685207536,49.317314045460954],[-123.0691390651035,49.317243621337184],[-123.06914016404325,49.3171636810411],[-123.06910409967485,49.31716319888357],[-123.06910917058151,49.317001310658824],[-123.06890507253023,49.31699858106863],[-123.06890355723687,49.317046642904],[-123.0689171518596,49.31704682369585],[-123.0689135687802,49.317161144824674],[-123.0688765137189,49.31716065419173],[-123.06887855452175,49.317232874800524],[-123.0688779886687,49.317310583985446]]]]}},{"id":"6895","type":"Feature","properties":{"classification":"INSTITUTIONAL","classification_basis":"name/occupancy matched institutional keyword ('North Shore Alliance Church')","BUILDING_NAME":"North Shore Alliance Church","height_m":null,"year_built":null},"geometry":{"type":"MultiPolygon","coordinates":[[[[-123.06826074833276,49.33005321705246],[-123.0687071881721,49.33005744108624],[-123.06870866431674,49.32999072354651],[-123.06875784049063,49.32999118903347],[-123.06876204853626,49.3298009491402],[-123.06826822425381,49.32979627657533],[-123.0682663328108,49.32988158723059],[-123.0681950805207,49.32988091867944],[-123.06819386253375,49.329935753533206],[-123.06826333945511,49.329936414138565],[-123.06826074833276,49.33005321705246]]]]}},{"id":"6896","type":"Feature","properties":{"classification":"INSTITUTIONAL","classification_basis":"name/occupancy matched institutional keyword ('St Agnes Anglican Church')","BUILDING_NAME":"St Agnes Anglican Church","height_m":null,"year_built":null},"geometry":{"type":"MultiPolygon","coordinates":[[[[-123.0587413725394,49.31930787072368],[-123.05874410437417,49.3191867770655],[-123.05857896776783,49.31918518779053],[-123.05857904627418,49.31918176960608],[-123.05858442652574,49.31918182084972],[-123.05858502757562,49.31915491614872],[-123.05857977116757,49.31915486484235],[-123.05857988894823,49.31914975555592],[-123.05858544808777,49.319149815703945],[-123.05858607560053,49.31912202047274],[-123.05858165856989,49.31912197773609],[-123.05858171093216,49.319119719935046],[-123.05872941540684,49.319123063118326],[-123.05881767345389,49.319123908753085],[-123.05882014337848,49.31901414007572],[-123.05871544209634,49.319013131890394],[-123.05871484100155,49.31903993764648],[-123.05852969755756,49.31903815157561],[-123.05853025979663,49.31901330677583],[-123.05846529794825,49.319012683012325],[-123.0584651416628,49.31903177073111],[-123.05846259231689,49.319144858638985],[-123.0584418143812,49.3191446622597],[-123.05843820626382,49.319304957075694],[-123.0587413725394,49.31930787072368]]]]}},{"id":"6897","type":"Feature","properties":{"classification":"INSTITUTIONAL","classification_basis":"name/occupancy matched institutional keyword ('St John's Anglican Church')","BUILDING_NAME":"St John's Anglican Church","height_m":null,"year_built":null},"geometry":{"type":"MultiPolygon","coordinates":[[[[-123.07671459691694,49.31988184101706],[-123.07671302582087,49.31983598495401],[-123.07664202449283,49.31983703051706],[-123.07664128997328,49.31981592845984],[-123.07662323066091,49.31980328430445],[-123.07659653638416,49.319803679793786],[-123.07659659364326,49.319805109979434],[-123.07658028345827,49.31979347211121],[-123.07660581216261,49.3197779476114],[-123.07649137253193,49.3197007823373],[-123.07646956758504,49.31971290419404],[-123.07645246115055,49.31970241820942],[-123.07645168312209,49.31967982298982],[-123.0763202485014,49.31968175385624],[-123.07632085378556,49.31969945584707],[-123.07631820500555,49.31978409265253],[-123.07629890360592,49.31979573608247],[-123.07631448560018,49.31980813006106],[-123.07629565012095,49.31981853185662],[-123.0763153579021,49.3198294389171],[-123.07629870117556,49.31984284364351],[-123.07631681523802,49.31985534389146],[-123.0762715436761,49.319881891380724],[-123.07631832361558,49.31991427890092],[-123.0763631784382,49.31988518605076],[-123.07638060378196,49.3198972100025],[-123.07640002772241,49.319884711941995],[-123.07641635283835,49.31989711441055],[-123.07643225854173,49.319887461127685],[-123.07645287737076,49.319900184575694],[-123.07647494394688,49.31988812551521],[-123.07658082684868,49.31988656221605],[-123.07670542871429,49.31988821564491],[-123.07671459691694,49.31988184101706]]]]}},{"id":"6898","type":"Feature","properties":{"classification":"INSTITUTIONAL","classification_basis":"name/occupancy matched institutional keyword ('St Andrew's and St Stephen's Presbyterian Church')","BUILDING_NAME":"St Andrew's and St Stephen's Presbyterian Church","height_m":null,"year_built":null},"geometry":{"type":"MultiPolygon","coordinates":[[[[-123.07577932546728,49.33407731053361],[-123.07578617767648,49.333905418775444],[-123.07577811199756,49.333905505019516],[-123.07577621019028,49.33383224121803],[-123.07576697459824,49.333832346218486],[-123.075764473111,49.333736037375296],[-123.07547865190296,49.3337392017513],[-123.07540390014597,49.333740033114594],[-123.07540325291208,49.33376685691044],[-123.07543499351998,49.33376717801323],[-123.07543347921067,49.33383006371095],[-123.0753762331697,49.33382948039546],[-123.07537395568926,49.33392445209276],[-123.0754123583826,49.33392484981303],[-123.07541074130539,49.333992565941614],[-123.07542190425889,49.33399268458937],[-123.07541996331712,49.33407364170791],[-123.07577932546728,49.33407731053361]]]]}},{"id":"6899","type":"Feature","properties":{"classification":"INSTITUTIONAL","classification_basis":"name/occupancy matched institutional keyword ('Holy Trinity Church')","BUILDING_NAME":"Holy Trinity Church","height_m":null,"year_built":null},"geometry":{"type":"MultiPolygon","coordinates":[[[[-123.07269220161375,49.334516931595275],[-123.07269500354046,49.33449416325057],[-123.07271343513865,49.3344014931942],[-123.07270026196699,49.33430754772286],[-123.07231895469464,49.3343015623224],[-123.07231653863025,49.334371734563135],[-123.07227528670585,49.33437154448309],[-123.07226655321652,49.334395027139216],[-123.07227375872807,49.33441845485378],[-123.07231559436694,49.33442244949394],[-123.07231199175263,49.33449070652047],[-123.07251121978155,49.33449266857],[-123.07251057868855,49.33450600869636],[-123.07254991692791,49.3345058220997],[-123.07254837687975,49.334516248380105],[-123.07269220161375,49.334516931595275]]]]}},{"id":"6900","type":"Feature","properties":{"classification":"INSTITUTIONAL","classification_basis":"name/occupancy matched institutional keyword ('St. Edmunds Roman Catholic Church')","BUILDING_NAME":"St. Edmunds Roman Catholic Church","height_m":null,"year_built":null},"geometry":{"type":"MultiPolygon","coordinates":[[[[-123.08128943283269,49.31878584304201],[-123.08141430644402,49.31866177542246],[-123.08109703969947,49.31852529965513],[-123.08097216565014,49.318649375930164],[-123.08128943283269,49.31878584304201]]]]}},{"id":"6909","type":"Feature","properties":{"classification":"INSTITUTIONAL","classification_basis":"name/occupancy matched institutional keyword ('Carson Graham Secondary School')","BUILDING_NAME":"Carson Graham Secondary School","height_m":null,"year_built":null},"geometry":{"type":"MultiPolygon","coordinates":[[[[-123.08228878395052,49.3291120985633],[-123.08233154264454,49.32910772752643],[-123.08233159225364,49.32913747699382],[-123.08282497118815,49.329116894509205],[-123.0828139351649,49.3290502635483],[-123.0829031278706,49.32903710993401],[-123.08291044312212,49.32905614417094],[-123.08323809861656,49.32901306949162],[-123.08323624971206,49.32899641144302],[-123.08331872642074,49.328982309762814],[-123.0833272871247,49.32899753544874],[-123.08369856810666,49.328912778878376],[-123.08369307742086,49.32889612302415],[-123.08373493996226,49.328887762788575],[-123.0837568549734,49.32892701638104],[-123.08388034298873,49.328899042009496],[-123.08398044590139,49.3288763650749],[-123.08410993535792,49.32884703143451],[-123.08394738955535,49.32855084460766],[-123.08355064398181,49.32864871051787],[-123.08315387679195,49.32873467500804],[-123.08313375109438,49.32867638052769],[-123.08281702789094,49.32872301723785],[-123.08277675670905,49.328594528097796],[-123.08273670577506,49.32859693687881],[-123.08273303625185,49.32858027967447],[-123.08259102257249,49.328580381240585],[-123.08258727148998,49.32851493509825],[-123.08224133280063,49.32851042200818],[-123.08224922093682,49.3286484246689],[-123.08224965330882,49.32865599374066],[-123.08224675398283,49.328980970886754],[-123.08228958456313,49.32898139915118],[-123.08228887048107,49.32909795550189],[-123.08228878395052,49.3291120985633]]]]}},{"id":"6910","type":"Feature","properties":{"classification":"INSTITUTIONAL","classification_basis":"name/occupancy matched institutional keyword ('Carson Graham Secondary School')","BUILDING_NAME":"Carson Graham Secondary School","height_m":null,"year_built":null},"geometry":{"type":"MultiPolygon","coordinates":[[[[-123.08224965330882,49.32865599374066],[-123.08222968323629,49.3286557740773],[-123.08223063590852,49.32859149439096],[-123.08222265434473,49.32859197680966],[-123.08221997570611,49.32853718054499],[-123.08215973968525,49.32853913933591],[-123.0821623488791,49.32856878534216],[-123.0819495622436,49.32857611450081],[-123.08193214137462,49.32863580036704],[-123.08192042688577,49.328634342468646],[-123.0818589401511,49.328844925416696],[-123.08183336362707,49.328841732276324],[-123.08181636668091,49.328899915639944],[-123.08185429100611,49.32890464719776],[-123.08182904197263,49.32899111700957],[-123.081839407506,49.32899240496535],[-123.08181164033658,49.32908750285842],[-123.08213373009545,49.32912767143187],[-123.0821408003919,49.32915019913929],[-123.08225588416681,49.329165975660736],[-123.08226773584592,49.329109271094254],[-123.08228878395052,49.3291120985633],[-123.08228887048107,49.32909795550189],[-123.08228958456313,49.32898139915118],[-123.08224675398283,49.328980970886754],[-123.08224965330882,49.32865599374066]]]]}},{"id":"7081","type":"Feature","properties":{"classification":"HIGH_RISE_APARTMENT","classification_basis":"occupancy 'STRATA APT - HI-RISE'","BUILDING_NAME":" ","height_m":42.81599997,"year_built":"2015"},"geometry":{"type":"MultiPolygon","coordinates":[[[[-123.076880852003,49.30916952585679],[-123.077024231064,49.30923166771592],[-123.07703989031046,49.309216221629185],[-123.07706555128209,49.309227349490854],[-123.0771030097813,49.30919039048776],[-123.07708418110397,49.30918481706999],[-123.07725241781654,49.30902564378463],[-123.07733067699418,49.30895160646918],[-123.07744552179776,49.30883715643644],[-123.07751925250267,49.30876198863839],[-123.0775515264754,49.308726697064145],[-123.07758946701719,49.308690556133776],[-123.07759500230479,49.30869368272419],[-123.07759592464089,49.308694068895676],[-123.07760637316562,49.308698424519974],[-123.07761816841011,49.308684321223105],[-123.07764601060477,49.30863034070892],[-123.07764672768845,49.30862267637256],[-123.07764222134858,49.30861774107128],[-123.07763336790062,49.308612898641435],[-123.0776326932222,49.30861253029413],[-123.07754415010128,49.30857606949239],[-123.07753010943117,49.30858824932957],[-123.07751303899515,49.308580857784406],[-123.07748841074734,49.30857017908519],[-123.076880852003,49.30916952585679]]]]}},{"id":"7121","type":"Feature","properties":{"classification":"HIGH_RISE_APARTMENT","classification_basis":"occupancy 'STRATA APT - HI-RISE'","BUILDING_NAME":" ","height_m":37.48799968,"year_built":"2010"},"geometry":{"type":"MultiPolygon","coordinates":[[[[-123.07680166388081,49.3096643917919],[-123.077156310204,49.309818844864964],[-123.07734050616057,49.3096061127873],[-123.07702931259053,49.309473174663836],[-123.07680166388081,49.3096643917919]]]]}},{"id":"7184","type":"Feature","properties":{"classification":"HIGH_RISE_APARTMENT","classification_basis":"occupancy 'STRATA APT - HI-RISE'","BUILDING_NAME":" ","height_m":39.50700011,"year_built":"2010"},"geometry":{"type":"MultiPolygon","coordinates":[[[[-123.07746972512903,49.30995425481128],[-123.07782323412698,49.31010894946163],[-123.07800401833916,49.30989742398201],[-123.07770151480659,49.30976381616918],[-123.07746972512903,49.30995425481128]]]]}},{"id":"7218","type":"Feature","properties":{"classification":"HIGH_RISE_APARTMENT","classification_basis":"occupancy 'STRATA APT - HI-RISE'","BUILDING_NAME":" ","height_m":61.679,"year_built":"2008"},"geometry":{"type":"MultiPolygon","coordinates":[[[[-123.07626315817691,49.31020891793044],[-123.07663037758337,49.31036991276156],[-123.07680269205555,49.31020190424112],[-123.07671536826965,49.31016360699684],[-123.07672781375412,49.310151455306546],[-123.07653338362455,49.31006621142794],[-123.07651927593241,49.31007996533155],[-123.07643383865596,49.31004250317201],[-123.07626315817691,49.31020891793044]]]]}},{"id":"7230","type":"Feature","properties":{"classification":"HIGH_RISE_APARTMENT","classification_basis":"occupancy 'STRATA APT - HI-RISE'","BUILDING_NAME":" ","height_m":34.20299985,"year_built":"2007"},"geometry":{"type":"MultiPolygon","coordinates":[[[[-123.07717090330583,49.31058282766323],[-123.07729212140809,49.31063504435109],[-123.07731928935566,49.31060643065565],[-123.07733915491919,49.31061487278685],[-123.07735521270298,49.310598931662255],[-123.07744289164829,49.31051192600156],[-123.07745301037467,49.31051629085453],[-123.07753910931639,49.310430842336224],[-123.07756010390445,49.31043987735089],[-123.07758061212368,49.31041953458824],[-123.07744360359358,49.31036051946862],[-123.07728014920197,49.31029010705073],[-123.07722580840328,49.31034402421466],[-123.07723671179396,49.31034873037735],[-123.07718370332086,49.310401333341254],[-123.07719518490565,49.310406272995095],[-123.07717096772062,49.31043029717491],[-123.07718023285713,49.31043429382138],[-123.07710678450226,49.310507185424115],[-123.07713047736912,49.310517388083504],[-123.07710745518942,49.31054024208488],[-123.07718161767848,49.310572188262974],[-123.07717090330583,49.31058282766323]]]]}},{"id":"7292","type":"Feature","properties":{"classification":"HIGH_RISE_APARTMENT","classification_basis":"occupancy 'STRATA APT - HI-RISE'","BUILDING_NAME":" ","height_m":70.65499959,"year_built":"2007"},"geometry":{"type":"MultiPolygon","coordinates":[[[[-123.07822164652798,49.31103472027741],[-123.07829835876672,49.31106861595394],[-123.07839920007865,49.31097104037293],[-123.07840896043896,49.31097487467226],[-123.07847030012513,49.31091026599038],[-123.07841717030537,49.31088597022325],[-123.07843740442972,49.31086640107735],[-123.07839497325975,49.31084765702913],[-123.07840292678809,49.31083996079669],[-123.07836214775217,49.31082195321626],[-123.07837139253938,49.310813014782326],[-123.07828626879137,49.31077540986183],[-123.07827852130755,49.3107829080539],[-123.07824159721817,49.31076659789944],[-123.07823081391555,49.31077703055631],[-123.0781986395768,49.31076281303843],[-123.07817903730191,49.31078177904163],[-123.07811733202563,49.31075452953868],[-123.07804971803176,49.31081881844769],[-123.07805072309962,49.31081929451086],[-123.07802315341596,49.310845965700146],[-123.07805066062795,49.310858126533724],[-123.07802244528838,49.310885418822764],[-123.0780923973478,49.31091631482677],[-123.0780835233818,49.310924893182445],[-123.07812884565182,49.3109449126989],[-123.07812317236923,49.310950403563886],[-123.0781825236904,49.310976629210394],[-123.07814735757303,49.31101066358425],[-123.07821542375952,49.31104073323633],[-123.07822164652798,49.31103472027741]]]]}},{"id":"7337","type":"Feature","properties":{"classification":"HIGH_RISE_APARTMENT","classification_basis":"occupancy 'STRATA APT - HI-RISE'","BUILDING_NAME":" ","height_m":20.812,"year_built":"2008"},"geometry":{"type":"MultiPolygon","coordinates":[[[[-123.07870113539558,49.311320763724794],[-123.0788553987313,49.31138728550144],[-123.07888473782074,49.31135734767609],[-123.07889613736532,49.31136235917724],[-123.07917292800373,49.31109336840632],[-123.07869929939116,49.31088504084669],[-123.07852160336856,49.31105773330016],[-123.07862908646055,49.31110537039634],[-123.07862179235522,49.31111247251677],[-123.07880675861065,49.31119383342514],[-123.07876987592071,49.311229677178915],[-123.07877758573828,49.31123307208313],[-123.07872292781776,49.31128618059668],[-123.07873113323949,49.31128977305925],[-123.07870113539558,49.311320763724794]]]]}},{"id":"7339","type":"Feature","properties":{"classification":"HIGH_RISE_APARTMENT","classification_basis":"occupancy 'STRATA APT - HI-RISE'","BUILDING_NAME":" ","height_m":56.38500041,"year_built":"1975"},"geometry":{"type":"MultiPolygon","coordinates":[[[[-123.0753785826162,49.31137823564026],[-123.0754572488619,49.31141331028795],[-123.07560470996191,49.31127192740531],[-123.07552490115131,49.3112363408814],[-123.07554307616165,49.3112189144303],[-123.07537892951575,49.31114572928625],[-123.07536215572874,49.311161814523615],[-123.07528271897856,49.31112638950156],[-123.0751323449646,49.31127056236097],[-123.07521391574711,49.31130693058536],[-123.07519716931267,49.311322979799975],[-123.07536033880953,49.31139573407089],[-123.0753785826162,49.31137823564026]]]]}},{"id":"7341","type":"Feature","properties":{"classification":"SENIORS_RESIDENCE","classification_basis":"affordable-housing eligibility '55+'","BUILDING_NAME":" ","height_m":null,"year_built":null},"geometry":{"type":"MultiPolygon","coordinates":[[[[-123.07270819330951,49.31137326311649],[-123.07283187267143,49.311426409424826],[-123.07285655942789,49.311401846155036],[-123.07287043620043,49.31140781017249],[-123.07300977787533,49.31126919722614],[-123.0727237495606,49.31114627920794],[-123.07271817203818,49.311151823717836],[-123.07268469179508,49.31113743458024],[-123.07270255082528,49.311119657964355],[-123.07271769401403,49.31112616091158],[-123.07276197062771,49.31108210188033],[-123.07255121912743,49.31099154546903],[-123.07252524107972,49.31101739578939],[-123.07251373229047,49.31101244669411],[-123.07244721404335,49.31107862061112],[-123.07243061165399,49.3110714888838],[-123.07231331818039,49.31118817520542],[-123.07234792720436,49.31120304948086],[-123.07234158031355,49.31120935904024],[-123.07243963932187,49.31125149377436],[-123.0724461235599,49.31124503120633],[-123.07248797386464,49.311263013215296],[-123.07248025321685,49.31127069989876],[-123.07271142167447,49.31137004082885],[-123.07270819330951,49.31137326311649]]]]}},{"id":"7370","type":"Feature","properties":{"classification":"OTHER","classification_basis":"non-residential occupancy 'STRATA RETAIL GENERAL'","BUILDING_NAME":" ","height_m":23.1840002,"year_built":"2005"},"geometry":{"type":"MultiPolygon","coordinates":[[[[-123.07849633169191,49.311517554545695],[-123.0786742929367,49.31159670761627],[-123.07882131530327,49.311453081143696],[-123.07856230934692,49.31134109722229],[-123.07849617753918,49.31140321755196],[-123.07846521516808,49.31139010568759],[-123.07838547547112,49.31146886718698],[-123.07849657893448,49.311517302514126],[-123.07849633169191,49.311517554545695]]]]}},{"id":"7433","type":"Feature","properties":{"classification":"SENIORS_RESIDENCE","classification_basis":"affordable-housing eligibility '55+, People with disabilities under 55'","BUILDING_NAME":" ","height_m":45.51999986,"year_built":"1976"},"geometry":{"type":"MultiPolygon","coordinates":[[[[-123.07504678939335,49.311898549968376],[-123.0751170503247,49.31192475210974],[-123.07514465927927,49.311913427284104],[-123.07513775884298,49.31189030529321],[-123.07519504463296,49.31183428234991],[-123.07522611798528,49.31183031326635],[-123.07523245872947,49.311811122527864],[-123.07521024239645,49.311803976864745],[-123.07523102929565,49.31178493863656],[-123.0752175327314,49.31173979187128],[-123.07518741178905,49.31172768603651],[-123.0752033496687,49.311713625274244],[-123.07518436442929,49.311696070138524],[-123.07514816042965,49.31170069919169],[-123.07506266646497,49.311663308026645],[-123.07506376497416,49.31164379687691],[-123.07502988451444,49.31163832285325],[-123.07502230145558,49.311645793733646],[-123.0749830947748,49.31168439928896],[-123.07487722001734,49.31169792464666],[-123.07487181392929,49.31171661103321],[-123.07490047117659,49.31172524577888],[-123.07491429928966,49.31177148077698],[-123.07489383469336,49.31178539151559],[-123.07490365937169,49.31179542371292],[-123.07490677349611,49.31179859697524],[-123.07491227143944,49.31180419737726],[-123.0749057522358,49.31182373002874],[-123.07493436841354,49.311832454743765],[-123.07494782329299,49.31187748463169],[-123.07492676944054,49.3118929609105],[-123.07494506833146,49.311911550972866],[-123.07504678939335,49.311898549968376]]]]}},{"id":"7462","type":"Feature","properties":{"classification":"OTHER","classification_basis":"non-residential occupancy 'CLASS A OFFICE'","BUILDING_NAME":" ","height_m":19.40099994,"year_built":"1990"},"geometry":{"type":"MultiPolygon","coordinates":[[[[-123.08007189351282,49.311832850378494],[-123.08045459745337,49.31199981304395],[-123.08050235804924,49.31195302310327],[-123.08052188087841,49.31196154588053],[-123.08063672840129,49.31184900869712],[-123.0806185823969,49.31184109664752],[-123.0806650240158,49.311795593861866],[-123.08028094415775,49.3116280211744],[-123.08007189351282,49.311832850378494]]]]}},{"id":"7495","type":"Feature","properties":{"classification":"HIGH_RISE_APARTMENT","classification_basis":"occupancy 'APT-CONCRETE HI-RISE'","BUILDING_NAME":" ","height_m":38.19599933,"year_built":"1976"},"geometry":{"type":"MultiPolygon","coordinates":[[[[-123.07450978334164,49.31211627371953],[-123.07459345989098,49.31215253307747],[-123.07462266501955,49.31214119835167],[-123.07461204079333,49.31212102014183],[-123.07465098832418,49.31208348530321],[-123.07468285008595,49.31208216042456],[-123.0746883614271,49.31206021774332],[-123.07471536615255,49.312049523070044],[-123.07470541541454,49.31202892166202],[-123.07474510660829,49.31199196199857],[-123.07477630887453,49.31199126717972],[-123.0747785442561,49.31197743122473],[-123.07477964824284,49.311970549236605],[-123.07469445566493,49.31193242900043],[-123.07469125032566,49.311932619969745],[-123.07467481193736,49.31187965827616],[-123.0746409334382,49.31187556039222],[-123.07462787708035,49.31189379295581],[-123.07452136925957,49.31190755226909],[-123.07449846892634,49.31189383147083],[-123.07446992689113,49.31190688380818],[-123.07447564559592,49.31192205490613],[-123.07444264628373,49.31192621392612],[-123.07440327410171,49.31196499929192],[-123.07441094163491,49.31198611491864],[-123.07438585228024,49.31198968414582],[-123.07437939160062,49.312011690389774],[-123.07440756687235,49.31201997475737],[-123.0744291474768,49.31208916038876],[-123.07440938676802,49.31210472569118],[-123.07442765734908,49.31212286609656],[-123.07450900702739,49.31211238832434],[-123.07450978334164,49.31211627371953]]]]}},{"id":"7524","type":"Feature","properties":{"classification":"OTHER","classification_basis":"non-residential occupancy 'STRATA RETAIL GENERAL'","BUILDING_NAME":" ","height_m":22.33800009,"year_built":"2016"},"geometry":{"type":"MultiPolygon","coordinates":[[[[-123.08012080990642,49.31228652179833],[-123.08024722701114,49.312341736141086],[-123.08042136193622,49.31217130132816],[-123.0799828279804,49.31197976653525],[-123.07996601473315,49.3119962212663],[-123.07991800639097,49.31197525084744],[-123.07994098726037,49.31195276512065],[-123.07969888106686,49.31184701468423],[-123.079606407796,49.311937515449195],[-123.07963457662376,49.31194981937],[-123.07961351871437,49.31197042372917],[-123.0796478417657,49.31198542194581],[-123.07957025846501,49.31206135829798],[-123.07977711976024,49.312151706688226],[-123.0797843588638,49.31214463151951],[-123.08011723846373,49.31229002337934],[-123.08012080990642,49.31228652179833]]]]}},{"id":"7538","type":"Feature","properties":{"classification":"OTHER","classification_basis":"non-residential occupancy 'STRATA RETAIL GENERAL'","BUILDING_NAME":" ","height_m":46.09700035,"year_built":"1991"},"geometry":{"type":"MultiPolygon","coordinates":[[[[-123.07616796715894,49.3123758356271],[-123.07637618673009,49.31246690881398],[-123.07655048693651,49.312296569681614],[-123.07634510342326,49.31220645741147],[-123.07616796715894,49.3123758356271]]]]}},{"id":"7580","type":"Feature","properties":{"classification":"OTHER","classification_basis":"non-residential occupancy 'STRATA RETAIL GENERAL'","BUILDING_NAME":" ","height_m":20.67099939,"year_built":"2016"},"geometry":{"type":"MultiPolygon","coordinates":[[[[-123.07811272181591,49.31265055307556],[-123.0785375577581,49.3128375617118],[-123.07856493578674,49.312810971495644],[-123.07857356828649,49.31281477056612],[-123.07865338064967,49.31273726822419],[-123.0786348490037,49.3127291042632],[-123.078710608713,49.312655535508945],[-123.07859132360582,49.312603031167555],[-123.07857567714436,49.31261823457814],[-123.07853681040108,49.31260112527732],[-123.07853202198336,49.31258347109435],[-123.07854949548756,49.31256650340266],[-123.07856473652535,49.31257321240374],[-123.07872754723053,49.31241512016988],[-123.07863786350312,49.31237563864262],[-123.07865933436469,49.31235480030836],[-123.07856205098005,49.312311977706166],[-123.07855196804428,49.31232176226478],[-123.0784827160151,49.3122912708515],[-123.07811272181591,49.31265055307556]]]]}},{"id":"7587","type":"Feature","properties":{"classification":"OTHER","classification_basis":"non-residential occupancy 'STRATA RETAIL GENERAL'","BUILDING_NAME":" ","height_m":23.03700046,"year_built":"2016"},"geometry":{"type":"MultiPolygon","coordinates":[[[[-123.0760531147673,49.31283221612826],[-123.0761368490135,49.31286868121459],[-123.07615979068959,49.31284616028886],[-123.07617779866993,49.312854010162205],[-123.0763048566571,49.31272926286534],[-123.07624043836687,49.31270121359406],[-123.07623854260048,49.312703076836165],[-123.07604645841782,49.31261944975014],[-123.07604913721691,49.31261681241487],[-123.07598597206125,49.31258931087948],[-123.07585826797026,49.312714696906895],[-123.07587562876034,49.312722250413046],[-123.07585370359118,49.31274377215648],[-123.07593860776868,49.312780740346255],[-123.07593257698022,49.312786663102926],[-123.0760482241942,49.31283701374959],[-123.0760531147673,49.31283221612826]]]]}},{"id":"7656","type":"Feature","properties":{"classification":"HIGH_RISE_APARTMENT","classification_basis":"occupancy 'STRATA APT - HI-RISE'","BUILDING_NAME":" ","height_m":19.18000053,"year_built":"2014"},"geometry":{"type":"MultiPolygon","coordinates":[[[[-123.0793231510839,49.313176366376844],[-123.07937477968188,49.31319788325502],[-123.07939813051573,49.31317394917149],[-123.07945249891661,49.31319661550899],[-123.07947793754325,49.31317053913367],[-123.07948757488587,49.313174553327705],[-123.07954510012789,49.31311557767358],[-123.07952751885266,49.3131082407538],[-123.07954996299547,49.313085224766134],[-123.0795691688399,49.31309323519859],[-123.07959815115346,49.31306352232495],[-123.07958045974958,49.313056140513396],[-123.07960128305452,49.31303479872535],[-123.07962139754791,49.31304318631871],[-123.07965025620767,49.313013617438976],[-123.07963195904077,49.31300598418913],[-123.07965239767799,49.31298502045209],[-123.07967154843764,49.312993012915385],[-123.0797006542527,49.31296317399856],[-123.07968348603424,49.31295600772493],[-123.07970327906166,49.312935710063265],[-123.0797228428215,49.312943864145616],[-123.07978639744628,49.31287871355187],[-123.07976739816998,49.31287079296393],[-123.07980342928975,49.312835534173466],[-123.07982187844432,49.31284359006243],[-123.07988612443285,49.3127807326928],[-123.07985281959589,49.312766183601774],[-123.0798737815672,49.31274566022435],[-123.07974978698272,49.3126914872401],[-123.07971276690196,49.31272771817068],[-123.0796675390829,49.31270796007479],[-123.07962219452324,49.31275232831011],[-123.07959205641687,49.31273916221186],[-123.07956815465297,49.312762539017776],[-123.07955943952183,49.31275873108333],[-123.07948614086085,49.31283056264057],[-123.07948954121504,49.31283183761005],[-123.0794816706789,49.31283990265775],[-123.07950163362999,49.31284822741055],[-123.07948254104157,49.31286778695575],[-123.0794612977099,49.312858932367476],[-123.07943024134211,49.31289076948352],[-123.07944834568859,49.31289832194184],[-123.07940374587581,49.312944038847114],[-123.0793823510827,49.312935121382594],[-123.07935259950493,49.312965617307064],[-123.07937309943598,49.31297417558652],[-123.07935039427164,49.3129974525782],[-123.07930304759537,49.31297771378562],[-123.07929089146396,49.312990180378186],[-123.07925907461042,49.31297690740383],[-123.07919080777701,49.31304688232369],[-123.07919727853034,49.31304957642797],[-123.07917127666182,49.31307623781118],[-123.07922441954835,49.3130984013687],[-123.07920128843946,49.31312211038867],[-123.07925247638528,49.313143456716226],[-123.07927033293811,49.313125157375644],[-123.0793046142866,49.31313945410002],[-123.07928822747766,49.31315625025123],[-123.0793269971069,49.31317242387124],[-123.0793231510839,49.313176366376844]]]]}},{"id":"7665","type":"Feature","properties":{"classification":"HIGH_RISE_APARTMENT","classification_basis":"CNV high-rise layer, height 19.6 m (~7 storeys assuming 3.0 m/storey)","BUILDING_NAME":" ","height_m":19.59199998,"year_built":"1982"},"geometry":{"type":"MultiPolygon","coordinates":[[[[-123.08337890799042,49.313191897563826],[-123.08352926035347,49.31325725553244],[-123.08370400393645,49.31308542111438],[-123.08331430098863,49.31291600961769],[-123.08313886983476,49.31308850059039],[-123.08329123176092,49.31315472995147],[-123.08325148081713,49.313193815436556],[-123.08333848403205,49.31323164020844],[-123.08337890799042,49.313191897563826]]]]}},{"id":"7666","type":"Feature","properties":{"classification":"HIGH_RISE_APARTMENT","classification_basis":"occupancy 'APT-CONCRETE HI-RISE'","BUILDING_NAME":" ","height_m":18.13100018,"year_built":"2011"},"geometry":{"type":"MultiPolygon","coordinates":[[[[-123.08213766648066,49.31322564559023],[-123.08224098338853,49.31326992708914],[-123.08226202636718,49.31324894447106],[-123.08228105385513,49.313256954579685],[-123.08229376175625,49.31326227964216],[-123.0823570423238,49.31319958350278],[-123.08223929633954,49.31314910573753],[-123.08234518383546,49.31304351749352],[-123.08239198199458,49.313063579255484],[-123.082396185076,49.31305939352461],[-123.08246625158792,49.313089432251864],[-123.08253214078225,49.313023729780575],[-123.0824727722272,49.31299827996957],[-123.08248532647391,49.3129857677824],[-123.08231639081997,49.31291336051515],[-123.08229122735793,49.31293845685184],[-123.08226140549793,49.31292566902014],[-123.08207354396589,49.31311300918235],[-123.082045619147,49.31314069802235],[-123.08206676823319,49.313150442719824],[-123.08203636976191,49.3131798693735],[-123.08211458701538,49.31321340163196],[-123.08212615240294,49.31320185266555],[-123.08215089390973,49.31321245832692],[-123.08213766648066,49.31322564559023]]]]}},{"id":"7688","type":"Feature","properties":{"classification":"HIGH_RISE_APARTMENT","classification_basis":"occupancy 'STRATA APT - HI-RISE'","BUILDING_NAME":"Ventana","height_m":42.92399971,"year_built":"2008"},"geometry":{"type":"MultiPolygon","coordinates":[[[[-123.08046576441834,49.313677891370844],[-123.08063190703707,49.313750330267645],[-123.08064878984798,49.3137341182647],[-123.08068168492406,49.31372468640265],[-123.0809345976776,49.313650884453715],[-123.08091653278328,49.31361732729004],[-123.08089271313104,49.3135898998328],[-123.08086842129357,49.31356817561137],[-123.08083433010314,49.313544425340424],[-123.0807938148796,49.31352138117035],[-123.08075318394013,49.31350327539151],[-123.08071776431717,49.31349164245022],[-123.08068465977837,49.31348223867331],[-123.08068364170238,49.31347384693058],[-123.08049281290893,49.31346629815707],[-123.08047710684868,49.31364741697912],[-123.08046832650838,49.3136459478921],[-123.08046784532647,49.313654619529274],[-123.08046576441834,49.313677891370844]]]]}},{"id":"7744","type":"Feature","properties":{"classification":"HIGH_RISE_APARTMENT","classification_basis":"CNV high-rise layer, height 25.4 m (~8 storeys assuming 3.0 m/storey)","BUILDING_NAME":" ","height_m":25.35,"year_built":"2003"},"geometry":{"type":"MultiPolygon","coordinates":[[[[-123.100363261923,49.31439416862746],[-123.10039080734312,49.314394369581834],[-123.10039138413434,49.314359989708045],[-123.10040558336416,49.3143600943097],[-123.10041166585528,49.31399513874777],[-123.10037746137998,49.31399488961142],[-123.10037757215704,49.31398846699457],[-123.10032392646032,49.31398808180883],[-123.10032385296967,49.313992543455576],[-123.10028733701343,49.313992278308774],[-123.10028738494412,49.313988779162806],[-123.10023712392051,49.31398841798505],[-123.10023706352351,49.31399255579582],[-123.10020049255147,49.31399229966441],[-123.10020031958148,49.31400198756607],[-123.10021015715448,49.31400205999267],[-123.10020966571234,49.31403109668833],[-123.10019495750846,49.31403099250385],[-123.10018905600317,49.314384218250154],[-123.1003634093369,49.31438546121721],[-123.100363261923,49.31439416862746]]]]}},{"id":"7771","type":"Feature","properties":{"classification":"HIGH_RISE_APARTMENT","classification_basis":"occupancy 'STRATA APT - HI-RISE'","BUILDING_NAME":" ","height_m":39.92699823,"year_built":"1981"},"geometry":{"type":"MultiPolygon","coordinates":[[[[-123.07641271793281,49.314710404187856],[-123.07649638714173,49.31474706693814],[-123.07662184307807,49.31462468611283],[-123.0765374580389,49.314587709097296],[-123.07656713217662,49.314558761119414],[-123.0764569871509,49.31451050323064],[-123.07642808231367,49.31453870407636],[-123.07634470265101,49.314502176010976],[-123.07621667731581,49.31462706787234],[-123.07630195708843,49.314664422326345],[-123.0762739450345,49.31469174102105],[-123.07638290622,49.31473947814797],[-123.07641271793281,49.314710404187856]]]]}},{"id":"7773","type":"Feature","properties":{"classification":"HIGH_RISE_APARTMENT","classification_basis":"occupancy 'STRATA APT - HI-RISE'","BUILDING_NAME":" ","height_m":34.01699951,"year_built":"1981"},"geometry":{"type":"MultiPolygon","coordinates":[[[[-123.07521705704772,49.31474361595914],[-123.07530467701086,49.314782112005965],[-123.07532717707728,49.31477593568272],[-123.07537261015196,49.314731731003675],[-123.075370388441,49.3147184286629],[-123.07540191817259,49.31468777070113],[-123.07539457979607,49.31468454623873],[-123.07543741617316,49.31464287085757],[-123.075438159041,49.31462478117626],[-123.07537366953612,49.31459644363324],[-123.07537468579831,49.314586188527876],[-123.07531805793629,49.31456131794443],[-123.07529899511117,49.31456581893347],[-123.07519525321405,49.31452023621776],[-123.07517239354837,49.31452511745148],[-123.07512838927703,49.314567926880216],[-123.07512190455505,49.3145650796408],[-123.07508732481625,49.314598725889965],[-123.07507197089615,49.3145993205475],[-123.07502550728033,49.31464452423722],[-123.07502734841663,49.31466096613046],[-123.07511259998222,49.31469842042641],[-123.07510026282141,49.31471043693563],[-123.07520421155006,49.3147561095518],[-123.07521705704772,49.31474361595914]]]]}},{"id":"7819","type":"Feature","properties":{"classification":"INSTITUTIONAL","classification_basis":"name/occupancy matched institutional keyword ('Ridgeway Elementary School')","BUILDING_NAME":"Ridgeway Elementary School","height_m":null,"year_built":null},"geometry":{"type":"MultiPolygon","coordinates":[[[[-123.06163843831055,49.31549097375746],[-123.06168651287335,49.31549132590309],[-123.06168658954138,49.315486612417565],[-123.06180614302397,49.31548749303257],[-123.06180779817292,49.315391775039565],[-123.06178556339276,49.31539161602113],[-123.06178607701789,49.3153622466684],[-123.06178417825262,49.31536222969324],[-123.061784280224,49.315355753149795],[-123.06179585165873,49.31535583691448],[-123.06179787788038,49.315237774833804],[-123.06180267981752,49.3152378172417],[-123.06180315439367,49.3152102379386],[-123.06179916424931,49.3152102040918],[-123.06180002390042,49.31516048758303],[-123.06180629804886,49.31516053819864],[-123.0618067854696,49.315132230283275],[-123.06180337321832,49.31513220512267],[-123.06180532326378,49.315019261303604],[-123.06179804472157,49.31501920222988],[-123.0617986478846,49.31498442675775],[-123.0618181306789,49.31498456925544],[-123.06181978474176,49.31488801470793],[-123.0617218756311,49.3148872934573],[-123.06172204271753,49.31487786647787],[-123.06163527842571,49.31487722915266],[-123.06163515056785,49.314885027993576],[-123.06153704884146,49.31488430668909],[-123.06153535531372,49.31498275922473],[-123.06154047366935,49.314982792479924],[-123.06154006331664,49.315006818674796],[-123.06152532738193,49.31500670958382],[-123.06152376151242,49.31509721035972],[-123.06111292954611,49.31509418109108],[-123.06110997685906,49.31526544081372],[-123.06152240630242,49.315268478237705],[-123.06152078941673,49.31536221728106],[-123.06153441096681,49.315362317970845],[-123.06153397496143,49.315387846363386],[-123.06152391702226,49.31538777076193],[-123.06152226184989,49.31548391152167],[-123.061638540638,49.31548476706781],[-123.06163843831055,49.31549097375746]]]]}},{"id":"7823","type":"Feature","properties":{"classification":"HIGH_RISE_APARTMENT","classification_basis":"occupancy 'STRATA APT - HI-RISE'","BUILDING_NAME":" ","height_m":25.13600043,"year_built":"1973"},"geometry":{"type":"MultiPolygon","coordinates":[[[[-123.07444810493499,49.31550273564263],[-123.07453334060386,49.315528982446814],[-123.07470329837079,49.315359980272596],[-123.07463086058661,49.315316715550225],[-123.07456613752545,49.315288899427955],[-123.07448538541405,49.315261147571704],[-123.0743129680705,49.3154326066786],[-123.07437765258426,49.31547134304693],[-123.07444810493499,49.31550273564263]]]]}},{"id":"8062","type":"Feature","properties":{"classification":"OTHER","classification_basis":"non-residential occupancy 'CLASS A OFFICE'","BUILDING_NAME":" ","height_m":17.7129978,"year_built":"1997"},"geometry":{"type":"MultiPolygon","coordinates":[[[[-123.07263121023581,49.31841434419199],[-123.0730201912346,49.31841661772179],[-123.07302506466635,49.31818560199116],[-123.07283479715657,49.31810367756922],[-123.07283890452159,49.31809906048438],[-123.07276904359537,49.31806932165109],[-123.07274414031222,49.318061268705954],[-123.07272406118838,49.318058807684395],[-123.0726995028349,49.318060730100186],[-123.07267977595353,49.31806387280884],[-123.07265780175872,49.318073331500884],[-123.07264363543857,49.31808693203152],[-123.07263614762356,49.318103946508685],[-123.07263537315623,49.318119994288594],[-123.07264573324396,49.31813800500141],[-123.0726594584118,49.31815188483792],[-123.07268138228723,49.31816431130291],[-123.07265005639576,49.318195885877344],[-123.07265749099712,49.31819881361264],[-123.07265715613424,49.318214375379625],[-123.07263542911045,49.31821418214874],[-123.07263121023581,49.31841434419199]]]]}},{"id":"8084","type":"Feature","properties":{"classification":"OTHER","classification_basis":"non-residential occupancy 'RETAIL GENERAL'","BUILDING_NAME":" ","height_m":19.27000116,"year_built":"2009"},"geometry":{"type":"MultiPolygon","coordinates":[[[[-123.07268182185624,49.3186219826839],[-123.07310801363539,49.318625815652425],[-123.07311219191173,49.3184274076727],[-123.07301998579825,49.318426575448335],[-123.0730201912346,49.31841661772179],[-123.07263121023581,49.31841434419199],[-123.0726275837164,49.31858691782675],[-123.07268255530121,49.31858741398141],[-123.07268182185624,49.3186219826839]]]]}},{"id":"8155","type":"Feature","properties":{"classification":"LOW_RISE_APARTMENT","classification_basis":"occupancy 'STRATA APT - LOW RISE'","BUILDING_NAME":" ","height_m":21.64599979,"year_built":"2017"},"geometry":{"type":"MultiPolygon","coordinates":[[[[-123.09255674245526,49.319387786736435],[-123.0925649395764,49.31941506236494],[-123.0926921739484,49.319397365941214],[-123.09268393963214,49.31937230315053],[-123.09272283121282,49.31936787334269],[-123.09272845259102,49.31938638978105],[-123.0928522637925,49.31937041399496],[-123.09284875539402,49.319356006634145],[-123.0929180806311,49.31934960036672],[-123.09291758005507,49.31934683027274],[-123.09294926097836,49.319342235278256],[-123.09295189811681,49.319354304606044],[-123.09307731123644,49.31934145759154],[-123.09305872428403,49.31927731037993],[-123.09303332945123,49.3192806680134],[-123.09302082031712,49.31923619722163],[-123.09301095679984,49.31923750945204],[-123.09300748618926,49.31922126706112],[-123.09302956573144,49.31921839783829],[-123.09301875230153,49.319182929794515],[-123.09300627514567,49.31918464890837],[-123.09298823317475,49.31911754185114],[-123.09300930939138,49.31911531209275],[-123.09299114837754,49.31905074175444],[-123.09286810469384,49.319064648196346],[-123.09287073819486,49.31907480156921],[-123.09282467828784,49.31907945306745],[-123.09284545980282,49.31916201156355],[-123.09282882751543,49.31916394987897],[-123.09282569962002,49.31915430962414],[-123.09279438987085,49.319158661418726],[-123.09276364412631,49.31916293179606],[-123.09277531118538,49.31919876797843],[-123.09274867862653,49.31920247735258],[-123.09274110819202,49.31917922205117],[-123.09268726529868,49.31918671320189],[-123.09269100198821,49.31919815199583],[-123.09261864280793,49.31920821257672],[-123.09261229038637,49.31918872524546],[-123.09237957160516,49.319221087030975],[-123.09238537047378,49.31923893770585],[-123.09234906701916,49.319243985995435],[-123.09235950201686,49.319276009273466],[-123.09232782072783,49.31928041520914],[-123.09233842191692,49.319313014043715],[-123.09231712678579,49.31931597245907],[-123.09232675915183,49.31934556769886],[-123.0923539971129,49.31934177698224],[-123.09236285453248,49.31936901611717],[-123.09239167451257,49.31936500824454],[-123.09239891273407,49.31938728336577],[-123.09243989351603,49.31938158367124],[-123.09244106991072,49.319385207762934],[-123.09247690573365,49.319380222784595],[-123.09248343013593,49.3193960399768],[-123.09255674245526,49.319387786736435]]]]}},{"id":"8165","type":"Feature","properties":{"classification":"INSTITUTIONAL","classification_basis":"name/occupancy matched institutional keyword ('St. Thomas Aquinas School')","BUILDING_NAME":"St. Thomas Aquinas School","height_m":null,"year_built":null},"geometry":{"type":"MultiPolygon","coordinates":[[[[-123.08539560096528,49.31950243753018],[-123.08547958036957,49.319503068073644],[-123.08548020734963,49.319467806748335],[-123.08550574653134,49.319467994744315],[-123.08550657354968,49.31942112057349],[-123.08549083172856,49.319420997291964],[-123.08549194593964,49.31935719409646],[-123.08560378971328,49.31935802881278],[-123.08560367677015,49.31936431648388],[-123.08572625360615,49.31936523308268],[-123.08572863262442,49.319229611923056],[-123.08560794127087,49.319228702925365],[-123.08560790474601,49.31923144646345],[-123.08550684931423,49.319230693721224],[-123.08550677422878,49.31923501143349],[-123.08545913617243,49.31923465987793],[-123.08545923636976,49.31922894790381],[-123.085254566103,49.31922741697365],[-123.08525462861495,49.31922377390469],[-123.0851321209385,49.319222856754784],[-123.08512976516701,49.31935694871481],[-123.0852530575179,49.319357874283554],[-123.08525312006114,49.31935424920488],[-123.0853583863982,49.31935503503958],[-123.08535723443413,49.319420979099725],[-123.08534253839876,49.31942086402075],[-123.08534179947888,49.319463069659186],[-123.08537845702244,49.31946334841919],[-123.0853783193757,49.31947128221475],[-123.08539615276987,49.319471412961335],[-123.08539560096528,49.31950243753018]]]]}},{"id":"8175","type":"Feature","properties":{"classification":"HIGH_RISE_APARTMENT","classification_basis":"occupancy 'STRATA APT - HI-RISE'","BUILDING_NAME":" ","height_m":47.79699628,"year_built":"2014"},"geometry":{"type":"MultiPolygon","coordinates":[[[[-123.07159980952505,49.31976995835117],[-123.0716811472672,49.319770609552485],[-123.07168133934908,49.31976074179015],[-123.07169322832986,49.319760833362146],[-123.07169333082533,49.31975560713565],[-123.07179123818048,49.31976731197369],[-123.07180600791021,49.3196855641707],[-123.07180213170459,49.31948020805397],[-123.07176557052864,49.31947991593299],[-123.0717668476641,49.31941186707697],[-123.07161680531775,49.31941066485176],[-123.07161633283134,49.31943593242935],[-123.07157905614902,49.31943563169759],[-123.07157840442848,49.319470164356765],[-123.07154195334238,49.319469872096846],[-123.07154191466788,49.319471671144264],[-123.0715219484461,49.3194715125945],[-123.07151667349123,49.319753269911985],[-123.07160010278534,49.31975393786634],[-123.07159980952505,49.31976995835117]]]]}},{"id":"8176","type":"Feature","properties":{"classification":"INSTITUTIONAL","classification_basis":"name/occupancy matched institutional keyword ('Queen Mary Elementary School')","BUILDING_NAME":"Queen Mary Elementary School","height_m":null,"year_built":null},"geometry":{"type":"MultiPolygon","coordinates":[[[[-123.07773819674925,49.31976852920006],[-123.07781485115957,49.31980098596854],[-123.0780482729685,49.31957009482335],[-123.0780370400766,49.31956719698548],[-123.0780752024155,49.31952705298818],[-123.07820341076925,49.31958222331423],[-123.07819049646787,49.31959503210387],[-123.07832929396402,49.31965476464487],[-123.07850594394338,49.31947935693586],[-123.07836907445848,49.31942045084871],[-123.0783605428465,49.319428921039176],[-123.07790647992813,49.31923349424107],[-123.07791782800096,49.319222233698554],[-123.07777901844375,49.31916249167222],[-123.07760118549555,49.31933907743431],[-123.07773853577008,49.319398190995756],[-123.07775103794256,49.3193857693235],[-123.07787755193608,49.31944022154268],[-123.07783407959863,49.319472597269915],[-123.0778267958039,49.319469633786156],[-123.07761392765066,49.31968074841473],[-123.07759142348282,49.31970307141562],[-123.07766987280444,49.31973952090755],[-123.07766770194307,49.31974159124334],[-123.07773597079196,49.319770563593714],[-123.07773819674925,49.31976852920006]]]]}},{"id":"8178","type":"Feature","properties":{"classification":"LOW_RISE_APARTMENT","classification_basis":"occupancy 'STRATA APT - LOW RISE'","BUILDING_NAME":" ","height_m":23.5449998,"year_built":"2015"},"geometry":{"type":"MultiPolygon","coordinates":[[[[-123.09356316197697,49.31994142644413],[-123.09358074505714,49.319969117169954],[-123.0936279873826,49.31995629684689],[-123.09363454312495,49.31996663592081],[-123.09370779276638,49.319946760310444],[-123.09367403422544,49.31989358155733],[-123.0936595658548,49.3198975061591],[-123.09364376309846,49.31987259349377],[-123.09369331585948,49.319859150608636],[-123.09370040983946,49.31987032578858],[-123.09379423408168,49.31984487445823],[-123.09374388607247,49.31976555138439],[-123.09374645791927,49.31976485667429],[-123.09373304286586,49.31974372902835],[-123.09377976233853,49.31973106198373],[-123.0937496612649,49.31968364615343],[-123.09371127624526,49.3196940576491],[-123.09368793800644,49.31965731352362],[-123.09372591040166,49.319647010311655],[-123.09370106780948,49.31960789269736],[-123.09367427671668,49.31961515548458],[-123.09367256531921,49.319612449341186],[-123.09368590585085,49.31960883148583],[-123.0936581787693,49.319565146680276],[-123.09362632656047,49.31957378981072],[-123.09361636194933,49.31955809240659],[-123.09361878249354,49.31955743380231],[-123.09361567718149,49.31955254297347],[-123.09361233518396,49.319553454187336],[-123.09360289501878,49.31953857491296],[-123.09363639757507,49.31952948069597],[-123.0935853187068,49.31944902475607],[-123.09356991524727,49.31945320196741],[-123.09354289221761,49.31941062296261],[-123.09355820171378,49.31940769615232],[-123.09354618513719,49.319318420335414],[-123.09351822766811,49.319320053086834],[-123.09351405569676,49.31928958100161],[-123.09354410446076,49.31928782962201],[-123.09353732302148,49.319238182056985],[-123.09350483902655,49.319240079326974],[-123.09350003908047,49.31920496626772],[-123.09353370629886,49.31920300507569],[-123.09352678528835,49.319152305193384],[-123.09350936695404,49.31915331774565],[-123.09350498555345,49.31912123570242],[-123.09352416497458,49.31912012277945],[-123.09351778827399,49.31907346126375],[-123.0935155043476,49.31907358904343],[-123.09350854149797,49.319022574363615],[-123.09352433625774,49.31902164408133],[-123.09351758275292,49.31897218538776],[-123.09348282877026,49.318974210420066],[-123.0934810845604,49.31896142077183],[-123.09350302937297,49.3189601437034],[-123.09349634575364,49.3189112426489],[-123.09349126886441,49.31891153459962],[-123.09348960852553,49.31889943750769],[-123.09350188108296,49.31889871696528],[-123.09349394140172,49.318840479992716],[-123.09344569046591,49.3188432985068],[-123.09344422521359,49.318832487558375],[-123.09338932893502,49.318835689216606],[-123.09338807312209,49.3188264792294],[-123.09331397003093,49.318830802769554],[-123.09331275624282,49.318821979537745],[-123.093228361822,49.31882690500939],[-123.09322717580687,49.318818207685936],[-123.09314447367231,49.31882303278497],[-123.09315301277798,49.31888559595073],[-123.0931670601873,49.31888477506701],[-123.09318363602787,49.319006132842865],[-123.09317883431028,49.31900641556287],[-123.09318551756041,49.319055280654695],[-123.09321780882284,49.319053392624944],[-123.09322107388029,49.31907734399254],[-123.09318955306219,49.31907917743126],[-123.09319615294093,49.31912760182828],[-123.09322793519652,49.31912575018665],[-123.09323290232037,49.31916205947353],[-123.09320040458667,49.31916394767395],[-123.09320718549029,49.31921349631343],[-123.09321509668068,49.31921304017717],[-123.09322850534988,49.319311166103525],[-123.09321903938888,49.31931169545567],[-123.09322000151788,49.31931841403302],[-123.09323407719762,49.319317925937824],[-123.09323500670855,49.31932923205169],[-123.09321344627782,49.319330121969],[-123.09321802183005,49.31936309438221],[-123.09321982569548,49.319378357642876],[-123.09325456653596,49.31937650360771],[-123.09325680121498,49.319415873436874],[-123.09322361240562,49.319416224036104],[-123.0932292282044,49.319468130332844],[-123.09325337638245,49.31946765210011],[-123.09328764481667,49.31952163113382],[-123.09326456706641,49.31952789237078],[-123.09329415695788,49.31957451717083],[-123.09331946273447,49.31956765145617],[-123.09332674977419,49.31957911434748],[-123.09330068757414,49.319586187562074],[-123.0933539191213,49.31967003304639],[-123.09339561870317,49.319658719479186],[-123.09341982625524,49.319696857204235],[-123.09338681864074,49.31970580703634],[-123.093415069998,49.31975031003785],[-123.09342794297662,49.31974681852189],[-123.09344174437793,49.31976857554908],[-123.09343329992339,49.31977086713591],[-123.09345316011628,49.31980215408806],[-123.09341478870216,49.31981256547401],[-123.09342814841004,49.319833594255044],[-123.0934161831084,49.319836833174016],[-123.09344389631754,49.3198804910614],[-123.09347786676226,49.319871279576134],[-123.09350004567837,49.31990622565707],[-123.09349029464222,49.319908869114585],[-123.09351862902626,49.31995350694883],[-123.09356316197697,49.31994142644413]]]]}},{"id":"8179","type":"Feature","properties":{"classification":"LOW_RISE_APARTMENT","classification_basis":"occupancy 'APT-WITH ELEVATOR'","BUILDING_NAME":" ","height_m":18.28500007,"year_built":"2014"},"geometry":{"type":"MultiPolygon","coordinates":[[[[-123.09276702656115,49.31999673153264],[-123.09277936982551,49.31999687454165],[-123.09277948537122,49.31999245784633],[-123.09283377098221,49.31999309788426],[-123.0928340151647,49.31998391367342],[-123.09289117673381,49.31998458735475],[-123.09289130515,49.319979702902884],[-123.0929755888743,49.31998069655495],[-123.09297544714643,49.319985814890686],[-123.09302625131605,49.31998641266323],[-123.09302601889642,49.319994517450944],[-123.09314083745298,49.3199958731913],[-123.09314130162679,49.3199793307966],[-123.09317873049227,49.31997977736823],[-123.09317844757076,49.319990274898174],[-123.09329197262063,49.31999161354097],[-123.09329438026079,49.31990398116459],[-123.09328942644804,49.31990392219745],[-123.09329028867944,49.31987231265888],[-123.093223370979,49.31987152111303],[-123.09322317809024,49.31987868138209],[-123.09319224431039,49.319878319539],[-123.09319317124634,49.3198445061451],[-123.09315224731344,49.31984402641469],[-123.09315316127942,49.31981061781165],[-123.0931385888347,49.31981044065854],[-123.09313932239674,49.31978351768055],[-123.09306498787019,49.319782633073466],[-123.09306510361021,49.3197783333141],[-123.0930513155421,49.3197781735086],[-123.09305104513462,49.31978802338006],[-123.09301557041879,49.31978760217973],[-123.09301533884535,49.319796156722916],[-123.09299645936852,49.31979593804252],[-123.09299694902606,49.319778289227855],[-123.09291335367497,49.319777304033124],[-123.09291249061162,49.3198085987409],[-123.09288784544013,49.319808303721665],[-123.09288771668565,49.319813008271595],[-123.09287269015338,49.319812831449916],[-123.0928732314456,49.31979334759037],[-123.09283823835234,49.31979293494373],[-123.0928386634417,49.31977750797566],[-123.09278364875877,49.319776859530236],[-123.09278367393031,49.31977560918868],[-123.09277210131074,49.31977547455669],[-123.09277202371693,49.31977811918353],[-123.09272110968273,49.319777521387394],[-123.09272069754006,49.31979253456924],[-123.0926855668463,49.319792121986765],[-123.0926850385482,49.31981123703517],[-123.09266837451544,49.31981104350986],[-123.09266850320641,49.319806293984634],[-123.09265958635564,49.31980618419727],[-123.09265944506802,49.319811554395706],[-123.09263599707067,49.319811276353185],[-123.09258277032748,49.31977346754852],[-123.09258350481589,49.319746877392575],[-123.09261472749063,49.31974724816216],[-123.09261541049662,49.319722565012086],[-123.09263907863196,49.319722851877444],[-123.09263998034696,49.319690063950745],[-123.09264498917831,49.319690122901626],[-123.09264523447439,49.31968151437735],[-123.09264069350753,49.319681464046596],[-123.09264169872189,49.31964516794078],[-123.0926165307463,49.319644873282755],[-123.09261704583197,49.31962603709335],[-123.09262981558584,49.31962618877164],[-123.09263161885485,49.31956052296608],[-123.09261436318604,49.31956031191693],[-123.09261523957024,49.31952868438003],[-123.09261989060427,49.319528734623596],[-123.0926201483821,49.31951944246018],[-123.09261632295815,49.31951939155502],[-123.0926166580347,49.31950729285284],[-123.09251509197225,49.31950609689158],[-123.09251511772337,49.319505152383584],[-123.09240888685916,49.319503897097135],[-123.09240830705157,49.31952495513188],[-123.09232647349074,49.319523995089426],[-123.09232281404094,49.319656900878776],[-123.09233336836054,49.319657027374184],[-123.09233260838764,49.31968477791949],[-123.09231006865905,49.31968451707547],[-123.09230903737777,49.31972172170581],[-123.09230343683774,49.31972165421784],[-123.09230321802728,49.31972974100333],[-123.09230791037741,49.31972980022155],[-123.09230699587471,49.319763226808945],[-123.0923311456188,49.31976350435759],[-123.0923304371863,49.319789383876724],[-123.0923220019641,49.319789282673696],[-123.09232107384418,49.31982278123267],[-123.09231555587093,49.319822722674424],[-123.09231527232964,49.31983298632994],[-123.09232140953172,49.31983305338866],[-123.09232050719923,49.31986562542968],[-123.09232870851018,49.3198657268197],[-123.09232825742188,49.31988205331814],[-123.09231764801319,49.31988192686627],[-123.09231643683468,49.31992594993802],[-123.09233194502565,49.31992613544235],[-123.09233096551803,49.3199615859821],[-123.09232683733403,49.31996153530924],[-123.09232652734997,49.31997237467316],[-123.09233128850776,49.31997242484035],[-123.09233108245212,49.31997997190835],[-123.0924478549505,49.319981344766376],[-123.09244788060212,49.31998034628784],[-123.09248361689716,49.31998076745312],[-123.09248377075185,49.31997474959657],[-123.09248843560489,49.31997480882947],[-123.09248802369316,49.31998998392187],[-123.09253897922459,49.31999058178748],[-123.0925388756817,49.319994071975856],[-123.09255048963277,49.31999420659815],[-123.0925505919949,49.31999008675248],[-123.09260595091953,49.31999073503304],[-123.09260636373958,49.319976063666054],[-123.09264127439906,49.31997647644897],[-123.09264180293513,49.31995747833767],[-123.09265782026735,49.31995766339016],[-123.0926577425659,49.31996025404623],[-123.09266436142771,49.31996033869084],[-123.09266445224773,49.31995740620979],[-123.0926812539495,49.31995760862041],[-123.09268069929219,49.319977344352466],[-123.092714068751,49.31997773136395],[-123.09271365665528,49.31999277153053],[-123.09276711663176,49.31999340326697],[-123.09276702656115,49.31999673153264]]]]}},{"id":"8191","type":"Feature","properties":{"classification":"HIGH_RISE_APARTMENT","classification_basis":"occupancy 'STRATA APT - HI-RISE'","BUILDING_NAME":" ","height_m":55.72699652,"year_built":"2017"},"geometry":{"type":"MultiPolygon","coordinates":[[[[-123.07178676039996,49.320340870363864],[-123.07179326963966,49.32034126210577],[-123.07179250824169,49.32033811428814],[-123.07178850817995,49.320293680899645],[-123.07178562150699,49.32027681685],[-123.07178933458464,49.320275285373974],[-123.07179999595634,49.32027327284035],[-123.07183471466405,49.320264678921006],[-123.07191131779555,49.320235702990516],[-123.07189357096601,49.320172316452265],[-123.07186421667325,49.32016994200732],[-123.07186288490422,49.32011525252834],[-123.07185359316324,49.3201128386191],[-123.07183948495596,49.32011018483487],[-123.07180785666566,49.32010534712718],[-123.07179983274898,49.32010421872754],[-123.07178803773263,49.32010256195788],[-123.07176076068083,49.32009976342593],[-123.07174091808662,49.32009963182257],[-123.07170844108715,49.320097834963796],[-123.07167860586291,49.32009589253567],[-123.07164307673878,49.32009593255513],[-123.07160366488255,49.320094373838494],[-123.07156507785297,49.320092265895596],[-123.07154601556097,49.320089345289546],[-123.07147227838112,49.3200924132713],[-123.07147133559678,49.32009702834901],[-123.0714395494353,49.3200971739326],[-123.07143813048812,49.32010555825811],[-123.0714064643137,49.320112558037074],[-123.07140210231496,49.32028389970519],[-123.07144047635356,49.320300382029544],[-123.07145000486776,49.32031426459848],[-123.07148754544356,49.320315797539585],[-123.07149577845672,49.32033777651041],[-123.07178676039996,49.320340870363864]]]]}},{"id":"8214","type":"Feature","properties":{"classification":"LOW_RISE_APARTMENT","classification_basis":"unit count 6 (affordable-housing layer)","BUILDING_NAME":" ","height_m":null,"year_built":null},"geometry":{"type":"MultiPolygon","coordinates":[[[[-123.07609984118196,49.3205147840129],[-123.07615829707129,49.32051575296148],[-123.0761603088698,49.32046401172927],[-123.07623686014239,49.32046528354157],[-123.07624154445303,49.32034422418025],[-123.07616310815308,49.32034292662794],[-123.07616713126443,49.3202391473212],[-123.07608612187671,49.320237806436744],[-123.07608802753732,49.320188583905754],[-123.07592788039854,49.32018593672008],[-123.0759298523614,49.32013498708537],[-123.07588723548254,49.320134277475944],[-123.075887089993,49.32013810049596],[-123.07584730782328,49.32013744298119],[-123.07584747982814,49.32013296330033],[-123.07582576544647,49.320132599753606],[-123.07582380655666,49.32018317158309],[-123.07574556318175,49.320181882615955],[-123.07574402777799,49.32022152509981],[-123.0757515136182,49.32022165512039],[-123.07575053381673,49.32024673414673],[-123.07578671076163,49.32024733109309],[-123.07578623407797,49.32025951079306],[-123.0757436721351,49.32025880109467],[-123.07574261342242,49.32028626387828],[-123.07575135149403,49.32028641106844],[-123.07575088852026,49.32029856377384],[-123.0757856343825,49.32029913467314],[-123.07578513129536,49.32031204299471],[-123.0757421840028,49.32031132455333],[-123.07574117799842,49.320337267127506],[-123.07574939317054,49.320337405665384],[-123.07574890348901,49.32035008910001],[-123.07578458512171,49.32035067737655],[-123.07578408208897,49.32036362167843],[-123.0757408595575,49.32036291241214],[-123.07573711381896,49.32045972030506],[-123.07581622456803,49.32046102669918],[-123.07581429243103,49.320511112771825],[-123.07587233548368,49.32051207314071],[-123.07587252043265,49.320507062739765],[-123.07591177999007,49.320507711594004],[-123.0759127459819,49.320482650566724],[-123.07593265784672,49.3204829793009],[-123.07593155977867,49.320511629466324],[-123.07604230670397,49.32051346361903],[-123.0760434046247,49.32048475948192],[-123.07606251837251,49.32048507972374],[-123.07606157881384,49.32050938514515],[-123.07610002649594,49.320510025474604],[-123.07609984118196,49.3205147840129]]]]}},{"id":"8260","type":"Feature","properties":{"classification":"HIGH_RISE_APARTMENT","classification_basis":"CNV high-rise layer, height 23.9 m (~8 storeys assuming 3.0 m/storey)","BUILDING_NAME":" ","height_m":23.86800073,"year_built":"2014"},"geometry":{"type":"MultiPolygon","coordinates":[[[[-123.0664630624238,49.32083831801747],[-123.06688835341099,49.32084401843936],[-123.06689016042502,49.32078629573996],[-123.06689899484641,49.320786416558285],[-123.06690123731148,49.32071494007488],[-123.06684631813938,49.32071420726694],[-123.06686381014266,49.32015696772178],[-123.0665806307577,49.32015316435552],[-123.06658134314797,49.320130415296404],[-123.06646543768701,49.320128862888524],[-123.0664557395315,49.32043779672649],[-123.06646070713937,49.32043786583095],[-123.06645903155102,49.32049136074715],[-123.06645649958288,49.3204913262226],[-123.06644954589977,49.320712861923354],[-123.06640044753459,49.320712206512816],[-123.06639830983346,49.3207802647825],[-123.06645716466427,49.32078105850616],[-123.06645663670892,49.32079775374342],[-123.06646434274461,49.32079785725356],[-123.0664630624238,49.32083831801747]]]]}},{"id":"8261","type":"Feature","properties":{"classification":"INSTITUTIONAL","classification_basis":"name/occupancy matched institutional keyword ('City Hall')","BUILDING_NAME":"City Hall","height_m":null,"year_built":null},"geometry":{"type":"MultiPolygon","coordinates":[[[[-123.07357158783948,49.32088128992858],[-123.07371570452332,49.32088290717138],[-123.07371720238481,49.32082622799492],[-123.07428399471198,49.32083257544838],[-123.07429055326212,49.320582111237364],[-123.07411321910374,49.32058012023181],[-123.07411400014499,49.320550408863795],[-123.07408558432176,49.32055009426286],[-123.074085792871,49.320542349334524],[-123.07399927941549,49.32054137931515],[-123.07400379620235,49.320369137944496],[-123.07396133086294,49.32036866140092],[-123.0739629451853,49.32030725071057],[-123.0738945548867,49.32030648489631],[-123.07372710059836,49.32041437131833],[-123.07373035538467,49.32029023664094],[-123.07358753393187,49.3202886365821],[-123.07358607581108,49.32034437124964],[-123.07333901742341,49.32034160487234],[-123.07332839135933,49.32074734530373],[-123.07357503896105,49.32075011196539],[-123.07357158783948,49.32088128992858]]]]}},{"id":"8262","type":"Feature","properties":{"classification":"HIGH_RISE_APARTMENT","classification_basis":"occupancy 'STRATA APT - HI-RISE'","BUILDING_NAME":" ","height_m":79.5000033,"year_built":"2017"},"geometry":{"type":"MultiPolygon","coordinates":[[[[-123.07102586682518,49.32088738895455],[-123.0712323316223,49.3208883862795],[-123.07123327008468,49.32088074884838],[-123.07133765793341,49.320880954317275],[-123.07134423787473,49.32086356269818],[-123.07135634657595,49.32082506512509],[-123.07136536177678,49.320778869642005],[-123.0713675230234,49.32073184184459],[-123.07136890149111,49.32068590293908],[-123.0713655957633,49.320655114700145],[-123.07136091641384,49.3206355262279],[-123.07133587247176,49.320635622644254],[-123.07132046800768,49.32057396163891],[-123.07119144975921,49.320583432082906],[-123.07119053733543,49.32059958787249],[-123.071025508428,49.32060947609185],[-123.07101956290565,49.320637490535134],[-123.07100342108238,49.32063695175084],[-123.07100297782237,49.32066363153565],[-123.07100229630055,49.320696868905834],[-123.07100149498102,49.320732921820515],[-123.07100104707555,49.320765943164005],[-123.07100289786138,49.32079943983626],[-123.07100656480655,49.32082320267788],[-123.07101174609913,49.32084744132996],[-123.07102022964136,49.32087148006003],[-123.07102586682518,49.32088738895455]]]]}},{"id":"8265","type":"Feature","properties":{"classification":"HIGH_RISE_APARTMENT","classification_basis":"occupancy 'STRATA APT - HI-RISE'","BUILDING_NAME":" ","height_m":22.0,"year_built":"2017"},"geometry":{"type":"MultiPolygon","coordinates":[[[[-123.07086302806331,49.32089951537897],[-123.07123579315301,49.320903217090816],[-123.07123517030315,49.32089116402048],[-123.0712363970359,49.320883040675454],[-123.0713373879978,49.32088460650063],[-123.07134182130898,49.320876751028685],[-123.07137045658808,49.320876454500855],[-123.07139503328801,49.32087670018005],[-123.07144172352606,49.3208771750551],[-123.07144674329682,49.32066595764982],[-123.07144780286681,49.320665965989924],[-123.07145498083823,49.32037718235835],[-123.07145539671708,49.32036028027841],[-123.07145876723304,49.32035973848757],[-123.07148710013392,49.32035989187353],[-123.0721600768804,49.32036691261993],[-123.07216536138311,49.32009415940811],[-123.07200772107421,49.32009283650248],[-123.0720084046388,49.32010865848628],[-123.0716088056606,49.32009052074367],[-123.07154756798818,49.320087626261284],[-123.07146544685818,49.32008799189848],[-123.07146588268257,49.32009438715672],[-123.07143609314845,49.32009548498706],[-123.07143522660435,49.3201052452239],[-123.07140350416593,49.3201113994959],[-123.07126942362753,49.320111536224566],[-123.07109646799157,49.32011018553868],[-123.07099986591442,49.32010705165672],[-123.07099390774549,49.320107091297196],[-123.0709951433712,49.32009556779417],[-123.07076607291134,49.320094044182376],[-123.07076595443014,49.320097786223315],[-123.07069104269448,49.320097454271824],[-123.07066046579126,49.320096447526616],[-123.0705291188546,49.32009326252726],[-123.0705302842582,49.32008066865318],[-123.07028179319613,49.32007572879202],[-123.07028087169019,49.320105044436495],[-123.0701785602007,49.32010265993443],[-123.07016749547081,49.320469703366506],[-123.070306382704,49.320471903722584],[-123.07030624281504,49.32050896368437],[-123.07066629311683,49.3205146628872],[-123.07066627671173,49.32047434678865],[-123.07083669135176,49.320478083381495],[-123.07083570127935,49.32073759307147],[-123.07067150152524,49.320731082181624],[-123.07066967755334,49.320773864065295],[-123.07066469766704,49.32089026390058],[-123.07066301282953,49.320895653004634],[-123.07086302806331,49.32089951537897]],[[-123.07123327008468,49.32088074884838],[-123.0712323316223,49.3208883862795],[-123.07102586682518,49.32088738895455],[-123.07102022964136,49.32087148006003],[-123.07101174609913,49.32084744132996],[-123.07100656480655,49.32082320267788],[-123.07100289786138,49.32079943983626],[-123.07100104707555,49.320765943164005],[-123.07100149498102,49.320732921820515],[-123.07100229630055,49.320696868905834],[-123.07100297782237,49.32066363153565],[-123.07100342108238,49.32063695175084],[-123.07101956290565,49.320637490535134],[-123.071025508428,49.32060947609185],[-123.07119053733543,49.32059958787249],[-123.07119144975921,49.320583432082906],[-123.07132046800768,49.32057396163891],[-123.07133587247176,49.320635622644254],[-123.07136091641384,49.3206355262279],[-123.0713655957633,49.320655114700145],[-123.07136890149111,49.32068590293908],[-123.0713675230234,49.32073184184459],[-123.07136536177678,49.320778869642005],[-123.07135634657595,49.32082506512509],[-123.07134423787473,49.32086356269818],[-123.07133765793341,49.320880954317275],[-123.07123327008468,49.32088074884838]],[[-123.0714064643137,49.320112558037074],[-123.07143813048812,49.32010555825811],[-123.0714395494353,49.3200971739326],[-123.07147133559678,49.32009702834901],[-123.07147227838112,49.3200924132713],[-123.07154601556097,49.320089345289546],[-123.07156507785297,49.320092265895596],[-123.07160366488255,49.320094373838494],[-123.07164307673878,49.32009593255513],[-123.07167860586291,49.32009589253567],[-123.07170844108715,49.320097834963796],[-123.07174091808662,49.32009963182257],[-123.07176076068083,49.32009976342593],[-123.07178803773263,49.32010256195788],[-123.07179983274898,49.32010421872754],[-123.07180785666566,49.32010534712718],[-123.07183948495596,49.32011018483487],[-123.07185359316324,49.3201128386191],[-123.07186288490422,49.32011525252834],[-123.07186421667325,49.32016994200732],[-123.07189357096601,49.320172316452265],[-123.07191131779555,49.320235702990516],[-123.07183471466405,49.320264678921006],[-123.07179999595634,49.32027327284035],[-123.07178933458464,49.320275285373974],[-123.07178562150699,49.32027681685],[-123.07178850817995,49.320293680899645],[-123.07179250824169,49.32033811428814],[-123.07179326963966,49.32034126210577],[-123.07178676039996,49.320340870363864],[-123.07149577845672,49.32033777651041],[-123.07148754544356,49.320315797539585],[-123.07145000486776,49.32031426459848],[-123.07144047635356,49.320300382029544],[-123.07140210231496,49.32028389970519],[-123.0714064643137,49.320112558037074]]]]}},{"id":"8268","type":"Feature","properties":{"classification":"HIGH_RISE_APARTMENT","classification_basis":"occupancy 'APT-CONCRETE HI-RISE'","BUILDING_NAME":" ","height_m":43.95300031,"year_built":"2016"},"geometry":{"type":"MultiPolygon","coordinates":[[[[-123.07505730532083,49.320911313804444],[-123.07516890978344,49.32091545998174],[-123.0751697617884,49.32090566374717],[-123.07525585272643,49.32090886395412],[-123.07525648828728,49.320901523526274],[-123.07526720836866,49.32090192132568],[-123.07527144134612,49.3208533179613],[-123.0752750743732,49.32085347750723],[-123.07527479540158,49.32081489763933],[-123.07525160773166,49.32081413016409],[-123.07525299278765,49.320801976861425],[-123.07525413760852,49.32077665486622],[-123.07527860520771,49.32077756542917],[-123.07528172894384,49.320741519967],[-123.07527237126895,49.32074117525233],[-123.07527461625989,49.32071542077458],[-123.07527118969146,49.32071528807951],[-123.07527331290767,49.32069089194343],[-123.0752619185808,49.3206904765934],[-123.07526220252024,49.3206871752011],[-123.07517254779746,49.320683842390075],[-123.07517291300503,49.320679686409164],[-123.07515937190935,49.320679182494146],[-123.07515949361819,49.32067777917698],[-123.07506644586367,49.32067825342399],[-123.07506318445154,49.32067813860571],[-123.07506256239284,49.320685326107025],[-123.07497565993373,49.32068209030202],[-123.07497497019322,49.32069002444136],[-123.07496797945667,49.320689759122615],[-123.07496582915581,49.3207145420606],[-123.0749632420466,49.32071445378749],[-123.07496109157847,49.32073912878402],[-123.07495477515415,49.32073889900757],[-123.07495144807551,49.320777121410664],[-123.07497994771754,49.320778173343825],[-123.07497714819387,49.32081038666809],[-123.07495519890912,49.320809573354445],[-123.07495168233217,49.32084987375158],[-123.07496064094273,49.320850200760816],[-123.07495846353346,49.32087526256414],[-123.07496471117256,49.320875492384985],[-123.07496250662544,49.32090080606909],[-123.07497121755556,49.32090113323815],[-123.07497077124083,49.32090626074331],[-123.07505746765861,49.32090947869552],[-123.07505730532083,49.320911313804444]]]]}},{"id":"8425","type":"Feature","properties":{"classification":"HIGH_RISE_APARTMENT","classification_basis":"occupancy 'APT-CONCRETE HI-RISE'","BUILDING_NAME":" ","height_m":43.735,"year_built":"2000"},"geometry":{"type":"MultiPolygon","coordinates":[[[[-123.07329956223786,49.321859339647865],[-123.07344016127327,49.32186248863462],[-123.07344453663663,49.321778822301695],[-123.07352601137455,49.3217675805775],[-123.0735280059989,49.321757873580765],[-123.07352997883937,49.321742778524666],[-123.0735281976654,49.32172948487956],[-123.0735262801971,49.32171707284227],[-123.07352203295488,49.32170183782121],[-123.07351551174793,49.32168429250212],[-123.07350385585474,49.32166545515184],[-123.07344513602804,49.32167294943064],[-123.07344810656922,49.32161623334921],[-123.07329783411109,49.32161287462457],[-123.07329755298555,49.3216181639299],[-123.07324437965173,49.32161697430408],[-123.07323992103595,49.32185813613155],[-123.07329956243811,49.32185947457446],[-123.07329956223786,49.321859339647865]]]]}},{"id":"8431","type":"Feature","properties":{"classification":"SENIORS_RESIDENCE","classification_basis":"occupancy 'INDEPENDENT LIVING'","BUILDING_NAME":" ","height_m":50.45300311,"year_built":"2001"},"geometry":{"type":"MultiPolygon","coordinates":[[[[-123.07391583763128,49.32193077314198],[-123.07414356935467,49.32193310093096],[-123.07414417784118,49.321907608388734],[-123.07420947402632,49.32190827709592],[-123.07421427852725,49.32170813272986],[-123.07414907893208,49.32170746396344],[-123.07414964846731,49.32168352759988],[-123.07392253711535,49.321681190431065],[-123.07392102096401,49.32174389633977],[-123.07387049055895,49.32174337994514],[-123.07386716151692,49.321882095721804],[-123.0739170040095,49.321882603562734],[-123.07391583763128,49.32193077314198]]]]}},{"id":"8436","type":"Feature","properties":{"classification":"SENIORS_RESIDENCE","classification_basis":"affordable-housing eligibility '55+'","BUILDING_NAME":" ","height_m":null,"year_built":null},"geometry":{"type":"MultiPolygon","coordinates":[[[[-123.07367814158096,49.321955112773274],[-123.07371646598739,49.32195540316485],[-123.0737190412161,49.32180921293565],[-123.07370276199033,49.321809088391255],[-123.0737054647243,49.321656106766284],[-123.07372101016445,49.32166249237767],[-123.0737227316194,49.32158965784135],[-123.07334303644801,49.321583899671765],[-123.0733434794087,49.32159492740053],[-123.07334283222394,49.32161316990251],[-123.0732975999515,49.32161272185614],[-123.07329736006811,49.32161798414996],[-123.07324413167818,49.32161678556383],[-123.07324014629965,49.32183373224542],[-123.07323682993223,49.321833725351816],[-123.07323337714469,49.32193659565889],[-123.0735034818609,49.32194117361614],[-123.0735099244322,49.321933604628214],[-123.07352071300024,49.321924404759855],[-123.07353661725713,49.32191296185243],[-123.07355398887563,49.32190737382791],[-123.0735732525977,49.3219063990896],[-123.07359309838884,49.3219081854773],[-123.07360759467896,49.32191229600798],[-123.07361657269168,49.32191628412024],[-123.07362300660182,49.32192138025138],[-123.07362410923832,49.32192256690397],[-123.0736281890555,49.321926998896004],[-123.07363364746467,49.32193311209581],[-123.07363850510632,49.32194238296297],[-123.07364122037814,49.32195455162154],[-123.07364951797616,49.32195442040277],[-123.07367814158096,49.321955112773274]],[[-123.07344453663663,49.321778822301695],[-123.07344016127327,49.32186248863462],[-123.07329956223786,49.321859339647865],[-123.07329956243811,49.32185947457446],[-123.07323992103595,49.32185813613155],[-123.07324437965173,49.32161697430408],[-123.07329755298555,49.3216181639299],[-123.07329783411109,49.32161287462457],[-123.07344810656922,49.32161623334921],[-123.07344513602804,49.32167294943064],[-123.07350385585474,49.32166545515184],[-123.07351551174793,49.32168429250212],[-123.07352203295488,49.32170183782121],[-123.0735262801971,49.32171707284227],[-123.0735281976654,49.32172948487956],[-123.07352997883937,49.321742778524666],[-123.0735280059989,49.321757873580765],[-123.07352601137455,49.3217675805775],[-123.07344453663663,49.321778822301695]]]]}},{"id":"8522","type":"Feature","properties":{"classification":"HIGH_RISE_APARTMENT","classification_basis":"occupancy 'STRATA APT - HI-RISE'","BUILDING_NAME":" ","height_m":57.82399939,"year_built":"2014"},"geometry":{"type":"MultiPolygon","coordinates":[[[[-123.07437755288109,49.3225048059134],[-123.07437801210475,49.3225173358098],[-123.07441895013076,49.32251668879477],[-123.07441867818021,49.32250972675268],[-123.07453199733949,49.322507917675786],[-123.07453163876157,49.32249827514623],[-123.07457513624588,49.32249758144977],[-123.07457338636472,49.32245053813929],[-123.07460630186006,49.3224500131704],[-123.07460482491906,49.3224105885444],[-123.07457775773818,49.32241102878331],[-123.0745776426923,49.32240774564136],[-123.07454252552473,49.32240830800256],[-123.07453809403735,49.3222894854189],[-123.07440322624724,49.322291632200006],[-123.07440245217697,49.32227106986993],[-123.07434917108725,49.322271913717316],[-123.07434952991224,49.322281745145034],[-123.07430266125459,49.32228248589951],[-123.07430221703127,49.32227076555283],[-123.07424827544266,49.32227162776856],[-123.0742493940873,49.32230175168338],[-123.07422308377369,49.32230216436768],[-123.07422466134344,49.32234465626814],[-123.07421346018913,49.32234483436822],[-123.07421731712859,49.32244813176738],[-123.07421768867493,49.3224481315288],[-123.0742183055144,49.322464844052185],[-123.07423391011508,49.32246460015766],[-123.07423535792805,49.322503152280774],[-123.07432240795659,49.322501765059116],[-123.07432255145535,49.32250567784085],[-123.07437755288109,49.3225048059134]]]]}},{"id":"8577","type":"Feature","properties":{"classification":"OTHER","classification_basis":"non-residential occupancy 'REGIONAL SHOPPING CENTRE'","BUILDING_NAME":"Capilano Mall","height_m":24.50999986,"year_built":"1980"},"geometry":{"type":"MultiPolygon","coordinates":[[[[-123.09934841090516,49.322641168624834],[-123.1000644767281,49.32289731639436],[-123.10008465603792,49.32287287719005],[-123.1004245969189,49.32276470392614],[-123.10045464143545,49.32277347503746],[-123.10047998548714,49.32274452472273],[-123.10048474131922,49.32274182205409],[-123.10053441457596,49.3227600299415],[-123.10057918443263,49.32270846698136],[-123.1005214892975,49.32269064388493],[-123.10058082902486,49.322624082391776],[-123.10071160323247,49.32246363061297],[-123.10072222046557,49.322453816686945],[-123.10073169747915,49.32245170357103],[-123.10090009229306,49.32247940555545],[-123.10097868972562,49.322429656899466],[-123.10095173541801,49.3224178878519],[-123.10095361261519,49.32241394635239],[-123.10130488418959,49.321995600059516],[-123.10099707611666,49.321885472407246],[-123.10100925273862,49.321871177524066],[-123.1009146332419,49.32183749251828],[-123.10091124265145,49.32184157026562],[-123.1008900217899,49.32183401490524],[-123.10093772362485,49.321776764325676],[-123.10052787705175,49.3216306001076],[-123.1004774424217,49.32169076731244],[-123.10014750780672,49.321572372125345],[-123.0993044414015,49.32127101661356],[-123.09929809289986,49.32126861137711],[-123.09928902200193,49.32128099644895],[-123.09917439542116,49.32124661658728],[-123.09916142974865,49.321258762123016],[-123.09910109910433,49.32122938185126],[-123.09909295739243,49.32125224542063],[-123.09907661928243,49.321298161501666],[-123.09903237281067,49.32128148649844],[-123.09893467318955,49.32137820469603],[-123.09900577145831,49.321404049745446],[-123.09889928386404,49.32153096304488],[-123.09890091067234,49.321532481827234],[-123.09885519653355,49.32151824568891],[-123.0988252519292,49.321552002978734],[-123.0988015805917,49.32154369374021],[-123.09857478894065,49.32181210372575],[-123.09836419459104,49.322068302094436],[-123.0984115405341,49.322086377949994],[-123.09839402679239,49.32210213431105],[-123.0983878063993,49.32211571323372],[-123.09837910653701,49.32213494319822],[-123.0983774725418,49.32215054211688],[-123.09838023111827,49.3221675675197],[-123.09842052338949,49.322160822860496],[-123.09842304629295,49.32216315944172],[-123.09839471763121,49.322179509694315],[-123.09838896070602,49.322183976171786],[-123.09838358897736,49.322188388350405],[-123.09838014440037,49.32219311371735],[-123.0983804806649,49.322196126794324],[-123.09838575675137,49.32219896475917],[-123.09841395089535,49.32219796928299],[-123.09844466173016,49.32218928982895],[-123.09844876557918,49.3221908424881],[-123.09844449675306,49.322196270177955],[-123.09842149677529,49.32221423501863],[-123.09848850549197,49.32223832981792],[-123.09852688085195,49.322250179655704],[-123.09855661984267,49.32225788110294],[-123.09858674202937,49.3222645207922],[-123.09860890290584,49.322267407308786],[-123.09861771602095,49.32225668660856],[-123.0986298618421,49.32226102987947],[-123.09861045015853,49.32228420886141],[-123.09873401549679,49.32232841330029],[-123.09876035984044,49.322296943874164],[-123.09942732421315,49.322535525119044],[-123.09942799229573,49.32254611179291],[-123.09934841090516,49.322641168624834]]]]}},{"id":"8578","type":"Feature","properties":{"classification":"HIGH_RISE_APARTMENT","classification_basis":"occupancy 'STRATA APT - HI-RISE'","BUILDING_NAME":" ","height_m":45.90299725,"year_built":"2005"},"geometry":{"type":"MultiPolygon","coordinates":[[[[-123.07338489277814,49.32293331995928],[-123.07359661120655,49.32293568597803],[-123.07359700232283,49.322921113647574],[-123.07364478173544,49.322921649905],[-123.0736454066265,49.32289774949421],[-123.07368601634876,49.32289820035174],[-123.07368703128874,49.32285904398184],[-123.0736730084822,49.32285888201415],[-123.07367376374998,49.3228301421495],[-123.07369031861444,49.32283032049294],[-123.0736914122772,49.322788591470264],[-123.0736443348209,49.322788063779946],[-123.07364488131599,49.322766960898456],[-123.07363402364777,49.32276684188476],[-123.07363501323688,49.322729115753454],[-123.0736061145126,49.32272879234708],[-123.0736061013415,49.322729188140386],[-123.0734406355167,49.32272734146023],[-123.07343562670698,49.32272748856463],[-123.07343581484058,49.32272444809714],[-123.07343587990053,49.32272192942435],[-123.07337706413205,49.32272127415621],[-123.0733768946075,49.322727579837554],[-123.07334385374165,49.322727214019686],[-123.07334302009889,49.322758904329234],[-123.07334325403694,49.32275890418077],[-123.07333981561902,49.32288987519546],[-123.07330859113668,49.322889526205145],[-123.07330745809489,49.32293275743209],[-123.07338487945815,49.32293361680644],[-123.07338489277814,49.32293331995928]]]]}},{"id":"8594","type":"Feature","properties":{"classification":"HIGH_RISE_APARTMENT","classification_basis":"occupancy 'STRATA APT - HI-RISE'","BUILDING_NAME":" ","height_m":45.50099957,"year_built":"1991"},"geometry":{"type":"MultiPolygon","coordinates":[[[[-123.0710335730173,49.323135829735484],[-123.0711213852504,49.32313731389724],[-123.07112222170817,49.323116138889816],[-123.07114970345101,49.32311660771134],[-123.07114914573837,49.32313066741412],[-123.07126821036934,49.32313268092308],[-123.07126903336639,49.323111757785995],[-123.07131975829556,49.323112617012264],[-123.0713220680474,49.323053976453956],[-123.07127783860794,49.32305323015947],[-123.0712798700177,49.3230019297843],[-123.07131907646833,49.3230025892265],[-123.07132138651473,49.32294415555445],[-123.0712717076293,49.32294331367407],[-123.0712723983204,49.32292606961862],[-123.0711525084949,49.322924038631754],[-123.07115200366525,49.32293659611876],[-123.07112083395356,49.322936066601436],[-123.07112172387217,49.322913794156726],[-123.07103788909981,49.32291237951151],[-123.07103657437958,49.32294549132651],[-123.07101308356,49.322945091986945],[-123.07101074653188,49.32300415532716],[-123.0710178199349,49.32300427691261],[-123.07101598737432,49.32305050391795],[-123.07101016625477,49.32305039955321],[-123.071007842682,49.32310925599644],[-123.07103460881368,49.32310970729477],[-123.0710335730173,49.323135829735484]]]]}},{"id":"8639","type":"Feature","properties":{"classification":"OTHER","classification_basis":"non-residential occupancy 'CLASS D OFFICE'","BUILDING_NAME":" ","height_m":39.03300171,"year_built":"1970"},"geometry":{"type":"MultiPolygon","coordinates":[[[[-123.07455978291223,49.32349366507268],[-123.07456786361499,49.323495539837744],[-123.07457389288587,49.32347852619248],[-123.07460424281267,49.32347359527526],[-123.07460576512356,49.32342461591214],[-123.0746103065665,49.32342476589742],[-123.07461733846917,49.32342469839206],[-123.07462255357446,49.323424425171716],[-123.0746275493561,49.32342471878477],[-123.07463149929652,49.32342502206805],[-123.0746325140572,49.32341355264596],[-123.07463194608054,49.3234110613669],[-123.07465591347665,49.32340794257459],[-123.07465402035362,49.32340276261333],[-123.07465287035158,49.323397591167165],[-123.07465273800159,49.323391969308084],[-123.07465289210833,49.323384674173276],[-123.0746530046594,49.32337719916308],[-123.07465554972573,49.32336759074027],[-123.07463195692414,49.32336360315267],[-123.07463208844993,49.32335047020518],[-123.07460471450106,49.323348589909585],[-123.07460751601627,49.323299222929855],[-123.07457805611162,49.323292018868486],[-123.07457182622466,49.323276407374735],[-123.07456497508586,49.32327769809588],[-123.07455815114322,49.32327877291641],[-123.0745481614435,49.323279400022926],[-123.07453485371754,49.323278985835444],[-123.07452294861687,49.323277896108685],[-123.0745173486086,49.32328755147395],[-123.07441855316769,49.32328515046825],[-123.07441490518973,49.32327518623355],[-123.0744106959141,49.323276286347216],[-123.07440435285156,49.32327685712282],[-123.0743959451606,49.323277132388384],[-123.0743861334199,49.32327713870366],[-123.07437634897133,49.32327699208362],[-123.07436442813577,49.32327458906441],[-123.07435969845275,49.323286501635],[-123.07435633416182,49.323291289198764],[-123.0743266864419,49.32329641749193],[-123.0743258398098,49.323346493821504],[-123.07430046173971,49.32334493599434],[-123.07429913499651,49.32335946395207],[-123.07427421669637,49.323361665780126],[-123.07427446522381,49.32336221432221],[-123.0742751170887,49.32336559606514],[-123.07427561797245,49.32336923876335],[-123.07427636723497,49.32337333105747],[-123.07427710454938,49.32337862870422],[-123.07427698805841,49.32338352211962],[-123.07427710533258,49.32338829844834],[-123.07427587707652,49.32339511753203],[-123.07427330011015,49.32340186552154],[-123.07429795418146,49.323406958898794],[-123.07429778194609,49.32342053263237],[-123.07432442571066,49.32342183778307],[-123.07432199505354,49.323470934663035],[-123.07435211313049,49.32347651924606],[-123.07435797385712,49.32349375010862],[-123.07436412343692,49.32349261276807],[-123.07436911704296,49.3234914581808],[-123.07437279055614,49.3234909610859],[-123.07437705596624,49.32349057155131],[-123.07438280766083,49.323490226035595],[-123.07438996315356,49.323489978562314],[-123.07439570215728,49.3234903436679],[-123.07439808315452,49.32349054002771],[-123.07440328653962,49.32349161609147],[-123.07440959131425,49.32349301526996],[-123.07441273228886,49.323486140982844],[-123.07441385557539,49.3234827311125],[-123.07451094250362,49.3234834691281],[-123.07451508774079,49.3234946383837],[-123.07452431868712,49.323492734463564],[-123.07452852918689,49.323492434909895],[-123.07453458387286,49.32349225110325],[-123.07454036306191,49.32349188757175],[-123.07454617024867,49.32349183885078],[-123.07455314775419,49.32349219415463],[-123.07455978291223,49.32349366507268]]]]}},{"id":"8715","type":"Feature","properties":{"classification":"HIGH_RISE_APARTMENT","classification_basis":"occupancy 'STRATA APT - HI-RISE'","BUILDING_NAME":" ","height_m":57.60499811,"year_built":"2013"},"geometry":{"type":"MultiPolygon","coordinates":[[[[-123.0711167967312,49.324002673375496],[-123.07120275073333,49.32400278236697],[-123.07120276226392,49.3240012352009],[-123.07122823471146,49.32400127347631],[-123.07122826920525,49.32398702520041],[-123.07123325084719,49.323987031125355],[-123.07123344389531,49.323920521160716],[-123.07122288888522,49.323920509675304],[-123.07122304306681,49.32386520764151],[-123.07123589622715,49.32386522670559],[-123.07123608863557,49.32379827597954],[-123.07123083178564,49.32379827022433],[-123.0712308800789,49.323784048924765],[-123.07120886186803,49.323784026512044],[-123.071208870882,49.32378073429603],[-123.07111413751306,49.32378062171623],[-123.07111407481156,49.323803973061835],[-123.07101422214828,49.32380384555966],[-123.07101428439252,49.323780143405095],[-123.07092354182893,49.32378003721206],[-123.07092354406392,49.323781593364814],[-123.07089632405149,49.32378156508938],[-123.07089627732782,49.3237969467571],[-123.07089435072547,49.323796938943765],[-123.07089414406651,49.32386387168772],[-123.07090387338214,49.32386388370969],[-123.07090371366401,49.32391557870716],[-123.0708879430768,49.32391556139552],[-123.07088773708028,49.3239829618834],[-123.07089214074274,49.32398296817753],[-123.0708920929071,49.32399757626591],[-123.07091866626529,49.323997613934274],[-123.0709186555397,49.32399972779176],[-123.07100752695526,49.32399983513825],[-123.07100758117143,49.32398011782329],[-123.07111686076587,49.32398024852624],[-123.0711167967312,49.324002673375496]]]]}},{"id":"8718","type":"Feature","properties":{"classification":"HIGH_RISE_APARTMENT","classification_basis":"occupancy 'STRATA APT - HI-RISE'","BUILDING_NAME":" ","height_m":19.31500287,"year_built":"2013"},"geometry":{"type":"MultiPolygon","coordinates":[[[[-123.07166739639989,49.32403467069456],[-123.0717575486978,49.3240354692936],[-123.0717576900871,49.32402859694161],[-123.07179104823351,49.324028900050116],[-123.07179156295005,49.324004316094154],[-123.07179988870806,49.32400438288318],[-123.07180048042986,49.323975975957346],[-123.07183930188329,49.323976320633385],[-123.07183950794598,49.32396661478129],[-123.07201485813167,49.32396816975209],[-123.07201578388687,49.32392355342796],[-123.07207250911581,49.32392405777569],[-123.07207442433672,49.32383140694369],[-123.07206506647908,49.32383132282776],[-123.07207558369849,49.323324603680994],[-123.07182134163203,49.32332235125943],[-123.07181954104125,49.32340897529966],[-123.07132521659888,49.3234045949601],[-123.07132565467727,49.32338395990468],[-123.0712903841312,49.323383639851286],[-123.07129114328289,49.32334709224607],[-123.07113713928557,49.32334572992864],[-123.07113775683031,49.323315883769304],[-123.07111605509012,49.32331569023703],[-123.07111673720439,49.323282893641405],[-123.07096811410936,49.32328157276324],[-123.0709676118981,49.32330556303356],[-123.07095305233759,49.32330543704588],[-123.07095193242314,49.32335924648906],[-123.07095101040774,49.32335923805995],[-123.07095034129746,49.3233915848906],[-123.07095464863022,49.323391627221916],[-123.0709542497289,49.32341090399004],[-123.070948511212,49.32341085354215],[-123.07094784168586,49.3234429125292],[-123.07095651139245,49.32344298816296],[-123.07095646030244,49.32344574069832],[-123.07095037775012,49.32344569046174],[-123.07094377480755,49.323763509771474],[-123.07087276450524,49.32376232100677],[-123.07087090431084,49.323837350364464],[-123.0708928000361,49.32383830840818],[-123.0708928095234,49.323864088388945],[-123.07090289721592,49.323864504971176],[-123.07090283213454,49.32391502155111],[-123.07088669026125,49.32391519336438],[-123.07088675143372,49.32393863458442],[-123.07087111841436,49.32393859020076],[-123.07086836616166,49.3239386098786],[-123.07086815315493,49.323991555228346],[-123.07086742910491,49.3240144302376],[-123.07088549769901,49.324014320211134],[-123.07089180050393,49.32401437031604],[-123.07089163544866,49.32402401317544],[-123.07099027840576,49.32402473520387],[-123.07099492981625,49.324024768327256],[-123.07100924185757,49.3240248764715],[-123.07100951306438,49.32403164962285],[-123.07111133385094,49.324031623001396],[-123.07111155007479,49.3240193175576],[-123.07125311580081,49.324020651597635],[-123.07125341786745,49.324010639853746],[-123.07125486769219,49.32394725941294],[-123.07137434576002,49.323948319076024],[-123.0713727502451,49.32402504835186],[-123.0714030670618,49.324025317469975],[-123.071402951143,49.3240308045588],[-123.07147597022968,49.32403145204892],[-123.07147608623151,49.324026027925726],[-123.0716675514587,49.32402772637334],[-123.07166739639989,49.32403467069456]],[[-123.07123344389531,49.323920521160716],[-123.07123325084719,49.323987031125355],[-123.07122826920525,49.32398702520041],[-123.07122823471146,49.32400127347631],[-123.07120276226392,49.3240012352009],[-123.07120275073333,49.32400278236697],[-123.0711167967312,49.324002673375496],[-123.07111686076587,49.32398024852624],[-123.07100758117143,49.32398011782329],[-123.07100752695526,49.32399983513825],[-123.0709186555397,49.32399972779176],[-123.07091866626529,49.323997613934274],[-123.0708920929071,49.32399757626591],[-123.07089214074274,49.32398296817753],[-123.07088773708028,49.3239829618834],[-123.0708879430768,49.32391556139552],[-123.07090371366401,49.32391557870716],[-123.07090387338214,49.32386388370969],[-123.07089414406651,49.32386387168772],[-123.07089435072547,49.323796938943765],[-123.07089627732782,49.3237969467571],[-123.07089632405149,49.32378156508938],[-123.07092354406392,49.323781593364814],[-123.07092354182893,49.32378003721206],[-123.07101428439252,49.323780143405095],[-123.07101422214828,49.32380384555966],[-123.07111407481156,49.323803973061835],[-123.07111413751306,49.32378062171623],[-123.071208870882,49.32378073429603],[-123.07120886186803,49.323784026512044],[-123.0712308800789,49.323784048924765],[-123.07123083178564,49.32379827022433],[-123.07123608863557,49.32379827597954],[-123.07123589622715,49.32386522670559],[-123.07122304306681,49.32386520764151],[-123.07122288888522,49.323920509675304],[-123.07123344389531,49.323920521160716]]]]}},{"id":"9240","type":"Feature","properties":{"classification":"LOW_RISE_APARTMENT","classification_basis":"occupancy 'APT-WITH ELEVATOR'","BUILDING_NAME":" ","height_m":18.21400024,"year_built":"2017"},"geometry":{"type":"MultiPolygon","coordinates":[[[[-123.06994402206647,49.32815206730098],[-123.07071425359133,49.32816781679974],[-123.07072428257844,49.32779035810936],[-123.07045990109827,49.32778736230134],[-123.07045458554326,49.32798763254017],[-123.06994891441065,49.32798188597071],[-123.06994729438384,49.32804296370677],[-123.06992743469941,49.32804273285596],[-123.06992642856567,49.328080566871456],[-123.06994591666384,49.328080788952214],[-123.06994402206647,49.32815206730098]]]]}},{"id":"9344","type":"Feature","properties":{"classification":"LOW_RISE_APARTMENT","classification_basis":"unit count 16 (affordable-housing layer)","BUILDING_NAME":" ","height_m":null,"year_built":null},"geometry":{"type":"MultiPolygon","coordinates":[[[[-123.07483912067012,49.32903986738732],[-123.07511487736005,49.32904295372795],[-123.0751149446414,49.32904194623273],[-123.07511949170319,49.32884644371719],[-123.07484413553053,49.32884355502056],[-123.07483942992019,49.329035054807264],[-123.07483912067012,49.32903986738732]]]]}},{"id":"9360","type":"Feature","properties":{"classification":"HIGH_RISE_APARTMENT","classification_basis":"CNV high-rise layer, height 25.3 m (~8 storeys assuming 3.0 m/storey)","BUILDING_NAME":" ","height_m":25.25300189,"year_built":"2011"},"geometry":{"type":"MultiPolygon","coordinates":[[[[-123.0725011803804,49.32933457090466],[-123.07274886165713,49.32933726672309],[-123.07275060501904,49.329268812899656],[-123.07283678963132,49.329269757076645],[-123.07284317799817,49.32901950930638],[-123.07275920967443,49.329018590724324],[-123.07276243616039,49.32889191066421],[-123.07251156410123,49.328889180896454],[-123.07250962470567,49.328964938866996],[-123.07250007316885,49.32896483691747],[-123.07249810810276,49.32904187220747],[-123.07250865059032,49.32904198253058],[-123.0725011803804,49.32933457090466]]]]}},{"id":"9361","type":"Feature","properties":{"classification":"LOW_RISE_APARTMENT","classification_basis":"occupancy 'STRATA APT - LOW RISE'","BUILDING_NAME":" ","height_m":18.51400311,"year_built":"2012"},"geometry":{"type":"MultiPolygon","coordinates":[[[[-123.0736826861789,49.329353936788365],[-123.07374228154211,49.329355239051495],[-123.07374291018031,49.32934304129218],[-123.07379446773041,49.329344168754325],[-123.07379410696848,49.329351419036826],[-123.07386318529302,49.329352931065216],[-123.07386319863876,49.32935265220853],[-123.07396744236507,49.329354933265556],[-123.07397296491976,49.3292471234334],[-123.07394589244956,49.329246538084924],[-123.07394641399134,49.329236382280975],[-123.07395266254906,49.329236522204745],[-123.07395311713437,49.32922760776767],[-123.07396414156713,49.32922785257621],[-123.07396608062457,49.32919009889151],[-123.07394492640202,49.329189635686724],[-123.07394572863755,49.32917392072993],[-123.0739524451243,49.32917406035434],[-123.07395283292932,49.32916650422033],[-123.0739653713157,49.32916678404046],[-123.07396733699265,49.32912842766647],[-123.07394743525518,49.3291279906459],[-123.07394946768392,49.32908824898348],[-123.07395588137683,49.32908838880143],[-123.07395632258813,49.32907973523065],[-123.07396771859761,49.32907998879617],[-123.0739696843772,49.329041704382306],[-123.07395040202822,49.32904128495606],[-123.07395240774733,49.32900209201133],[-123.07395716983882,49.329002196905535],[-123.07395741053577,49.32899750130802],[-123.07397103616752,49.32899779842204],[-123.07397316231048,49.3289563206435],[-123.07395152647689,49.32895584875306],[-123.07395442829394,49.32889929468625],[-123.07395330044706,49.328899763153245],[-123.07395603292439,49.32886798170711],[-123.07396036834372,49.32886807787909],[-123.0739631494475,49.32881363773759],[-123.07385759934921,49.328811321531056],[-123.07385738537528,49.32881548640038],[-123.07376053363171,49.328813362438794],[-123.0737606006716,49.32881217504245],[-123.07364797630449,49.3288097102421],[-123.0736451543433,49.32886467211798],[-123.07365021920172,49.32886477683191],[-123.07364770508926,49.32891390968466],[-123.07368903609549,49.32891480983701],[-123.07368832745024,49.32892873470766],[-123.0736665402408,49.32892826286038],[-123.07366628622349,49.32893327329444],[-123.07365085761955,49.328932932317855],[-123.07364889157014,49.32897119873698],[-123.07366616445414,49.32897157451875],[-123.0736640055682,49.32901895309957],[-123.0736503397711,49.32901941156354],[-123.07364816763793,49.329057920981136],[-123.07366588097591,49.32905830547741],[-123.07366559615294,49.329107239015784],[-123.07368204322074,49.329107552355815],[-123.07368177584398,49.329112832651326],[-123.07360844350494,49.329156379691085],[-123.0735361581975,49.3291545187419],[-123.07353673338687,49.32914336444914],[-123.07347923029025,49.32914209673032],[-123.07347882879735,49.329149751817596],[-123.07346909814525,49.329149542120796],[-123.07346943243171,49.32914296648857],[-123.07341172369708,49.32914223857302],[-123.07341095452907,49.32915253845363],[-123.07337335318002,49.32915171679018],[-123.07337265769732,49.32916529983605],[-123.07336328489001,49.32916509889829],[-123.07330367305337,49.3291247307211],[-123.07330400752195,49.32911826303042],[-123.07332235399608,49.32911866516799],[-123.07332478802974,49.32907098958153],[-123.0733400239951,49.32907133072383],[-123.0733419498278,49.32903362203256],[-123.07332791129215,49.329033316111236],[-123.07332839275253,49.32902388893842],[-123.07332203412098,49.32902374905073],[-123.07332401356071,49.32898505985927],[-123.07334317201735,49.328985479468614],[-123.07334512495572,49.32894749191136],[-123.07332825121674,49.32894712482347],[-123.07332866579947,49.32893900198283],[-123.07331314085651,49.3289386610223],[-123.07331292682277,49.32894281689547],[-123.07330702238701,49.32894268571393],[-123.0733079585362,49.328924335110905],[-123.07334659195975,49.32892518312602],[-123.0733490397769,49.32887754350909],[-123.07335164102031,49.32887759582889],[-123.07335442291607,49.32882323665767],[-123.07325103507206,49.32882192597642],[-123.07325053194903,49.32882603705722],[-123.07321173345164,49.32882518911458],[-123.07321256243988,49.328808799512245],[-123.07314535664331,49.32880729490509],[-123.07314510635523,49.32880556800375],[-123.07304109801896,49.32880343897304],[-123.07303963688476,49.328857716346285],[-123.07304377942317,49.328857677748005],[-123.07304155885222,49.32890097258043],[-123.07304407742672,49.32890096199368],[-123.07304174959961,49.32894618184549],[-123.07302377480038,49.32894578842365],[-123.07302178165678,49.32898467551113],[-123.07303660468288,49.32898499896412],[-123.07303549027438,49.329031774201084],[-123.07302146561032,49.329031540194585],[-123.07301948579867,49.32907013942974],[-123.07303499701814,49.32907048043836],[-123.0730343519664,49.32911821785399],[-123.07301904720107,49.32911789470507],[-123.07301730000893,49.3291555852873],[-123.07303369215718,49.329155979710194],[-123.07303324015575,49.329203968865976],[-123.07301599493373,49.32920373689378],[-123.07301405550838,49.32924173343031],[-123.0730214051204,49.3292418906991],[-123.0730214229935,49.32928189190667],[-123.07303028614263,49.329281787360706],[-123.07302997849759,49.32928780527835],[-123.07302806540368,49.32928777050672],[-123.07302660687574,49.32934382890376],[-123.0731975579168,49.32934512400333],[-123.0731977677745,49.32933814367131],[-123.07321861925678,49.32933859820951],[-123.07324823799841,49.32933924508042],[-123.07324764921896,49.32935056129178],[-123.07331156626455,49.32935195998426],[-123.07331219498239,49.329339744237025],[-123.0733815760733,49.32934126535629],[-123.07338106762901,49.32935105235001],[-123.07346140436819,49.329352809333024],[-123.0734644404633,49.32929361063719],[-123.07353113763766,49.32929507040685],[-123.07352816828018,49.32935282085058],[-123.07361134029233,49.32935464788648],[-123.07361196892263,49.32934242314256],[-123.07368319430839,49.32934397888659],[-123.0736826861789,49.329353936788365]]]]}},{"id":"9362","type":"Feature","properties":{"classification":"LOW_RISE_APARTMENT","classification_basis":"occupancy 'STRATA APT - LOW RISE'","BUILDING_NAME":" ","height_m":18.67800049,"year_built":"2012"},"geometry":{"type":"MultiPolygon","coordinates":[[[[-123.0742863931476,49.329360917340566],[-123.07434326190884,49.329361177614395],[-123.07434335865706,49.329352308381644],[-123.07439221733281,49.32935252880779],[-123.0743921693426,49.32935721528679],[-123.07449168967192,49.329357672905346],[-123.07449233006133,49.32929865562837],[-123.07448825613871,49.32929858629312],[-123.07448964340261,49.32925112724047],[-123.0744779039305,49.32925130571262],[-123.07447143532633,49.32925127390025],[-123.07447189367753,49.32920842093825],[-123.07447536194543,49.32920843669372],[-123.0744754461958,49.32920042200337],[-123.07449037901885,49.32920049333631],[-123.07449077769968,49.32916371210635],[-123.07447346390151,49.32916363331253],[-123.0744738980081,49.32912295718027],[-123.0744794720111,49.32912298956899],[-123.07447956912794,49.329114381193484],[-123.0744936899042,49.32911444405415],[-123.0744940882019,49.329077410961],[-123.07447531556114,49.3290773241126],[-123.07447576205789,49.329035739466384],[-123.07448971765788,49.329035802433985],[-123.07448980209568,49.3290279136747],[-123.074504487136,49.3290279851655],[-123.07450488633441,49.32899155474304],[-123.07448483377233,49.328991459726126],[-123.07448541470171,49.328938640109484],[-123.07448058392346,49.3289386162372],[-123.07448071685963,49.328926382811986],[-123.07450685259906,49.32892650988881],[-123.07450735984588,49.32887960010141],[-123.07451246587377,49.328879623795096],[-123.07451304449175,49.32882529300149],[-123.07441023591022,49.32882481952823],[-123.07441021139428,49.32882681645685],[-123.07434275960928,49.32882650905298],[-123.07434261446107,49.32883979491313],[-123.0743050280725,49.32883962119052],[-123.07430507785746,49.32883612206354],[-123.07420171873142,49.32883563976367],[-123.07420111474609,49.32889163466584],[-123.07420228459524,49.32889164290993],[-123.07420194671512,49.32892323392735],[-123.0741964966134,49.32892321044081],[-123.07419590430229,49.32897782008883],[-123.0741758104579,49.3289777250448],[-123.07417539976753,49.3290158285626],[-123.07419121335398,49.32901589936893],[-123.07419070690037,49.329063537756575],[-123.07417408129227,49.32906346747128],[-123.07417365753983,49.329102038742214],[-123.07419094379027,49.32910211759861],[-123.07419041137786,49.329150799434046],[-123.07416402780274,49.3291506814398],[-123.07416362909481,49.329187606590324],[-123.07417722690317,49.32918766982524],[-123.07417713022001,49.329196602023764],[-123.07418807178595,49.32919665796698],[-123.07418790339462,49.3292128222737],[-123.0741715116914,49.329212742842785],[-123.07417110017165,49.3292502976583],[-123.0741832666451,49.329250352815926],[-123.07418319501534,49.32925763889459],[-123.07418871396837,49.32925766233757],[-123.07418837656394,49.32928957717631],[-123.07418522483671,49.32928956120906],[-123.0741845126398,49.32935599049445],[-123.07428644149977,49.32935646473403],[-123.0742863931476,49.329360917340566]]]]}},{"id":"9829","type":"Feature","properties":{"classification":"INSTITUTIONAL","classification_basis":"name/occupancy matched institutional keyword ('Holy Trinity School')","BUILDING_NAME":"Holy Trinity School","height_m":null,"year_built":null},"geometry":{"type":"MultiPolygon","coordinates":[[[[-123.07261142238333,49.33488442294574],[-123.07344786093724,49.33489373509493],[-123.07345354012682,49.33472351733364],[-123.07344598344548,49.334723504145416],[-123.07344919917247,49.33470154507865],[-123.07337380349875,49.33464984419116],[-123.07310888877039,49.33464628808758],[-123.07310425740279,49.334595405771935],[-123.07261870848758,49.334588218934925],[-123.07261637496168,49.33469550488277],[-123.07261509480718,49.33469546071154],[-123.07261217778438,49.33478037622657],[-123.072614559253,49.33478052764707],[-123.07261142238333,49.33488442294574]]]]}},{"id":"9905","type":"Feature","properties":{"classification":"HIGH_RISE_APARTMENT","classification_basis":"occupancy 'STRATA APT - HI-RISE'","BUILDING_NAME":"118 Carrie Cates Court","height_m":45.0,"year_built":"2019"},"geometry":{"type":"MultiPolygon","coordinates":[[[[-123.08087256124439,49.31149148539203],[-123.08088474198357,49.31147939191038],[-123.08088745763874,49.311480553979585],[-123.08088860592369,49.31147940674656],[-123.08088975420934,49.31147825996327],[-123.08089090249416,49.31147711273024],[-123.08089205077971,49.311475965946926],[-123.08089319906442,49.31147481871386],[-123.08089434734985,49.31147367193054],[-123.0808954956345,49.31147252469745],[-123.08089664391979,49.31147137791411],[-123.08089779220433,49.31147023068098],[-123.08089894048953,49.31146908389762],[-123.08090008877467,49.31146793711424],[-123.08090123705904,49.31146678988109],[-123.08090238534407,49.311465643097684],[-123.08090353362833,49.31146449586451],[-123.08090468191328,49.31146334908108],[-123.08090582950955,49.31146220184837],[-123.08090697779438,49.31146105506492],[-123.08090812607841,49.31145990783171],[-123.08090860475946,49.31145942985518],[-123.0809089969063,49.31145903784273],[-123.08090927436315,49.31145876104823],[-123.08090955181925,49.311458483803975],[-123.08090984232473,49.3114581939574],[-123.08091100707207,49.31145869866828],[-123.08093431096569,49.311468792427405],[-123.08095552949192,49.31144760078088],[-123.08095565242472,49.31144747836102],[-123.08095583853928,49.31144729203143],[-123.08097531744889,49.311427834511605],[-123.0809755557593,49.31142759687319],[-123.08097593829105,49.3114272147619],[-123.08099534026667,49.311407834200885],[-123.08099545907784,49.31140771538192],[-123.0809958416093,49.31140733327055],[-123.08101536238038,49.31138783388714],[-123.08101440897663,49.311387426176545],[-123.08099168766242,49.311376438359005],[-123.08103596647194,49.31133220794807],[-123.08103789079966,49.31133028568866],[-123.08103584555397,49.31132936467215],[-123.08106057360321,49.31130481266277],[-123.08102205186597,49.31128824365969],[-123.08097957886193,49.3112699773328],[-123.08095560877541,49.31129322494989],[-123.08091104920679,49.31127315473674],[-123.08089469179156,49.311287445957014],[-123.08087465965826,49.31128032009217],[-123.08100912119076,49.31114456810698],[-123.08115680805983,49.31121149845342],[-123.08115888346619,49.311209424967686],[-123.08116651686885,49.31120179983179],[-123.08116683621552,49.311201481179886],[-123.08117266273528,49.31119566083625],[-123.0811779995901,49.31119032972164],[-123.08117831824872,49.31119001107017],[-123.08118909909066,49.31117924217256],[-123.0811894184363,49.311178923070834],[-123.08120058180143,49.3111677720601],[-123.08120090114767,49.3111674534081],[-123.08120365643845,49.311166369357956],[-123.08120592670458,49.311167341035905],[-123.08122005563517,49.31117338707897],[-123.08122704747852,49.311176379342584],[-123.08124752472963,49.31115592441379],[-123.08124767101012,49.31115577814008],[-123.08124805422482,49.31115539557763],[-123.08125825266727,49.31114520771862],[-123.08125848410712,49.31114497683078],[-123.0812686557619,49.311134815975045],[-123.08126891398578,49.311134558532736],[-123.08127915843284,49.31112432476431],[-123.08127934385931,49.31112413978398],[-123.08128924423411,49.31111424987063],[-123.08128934312833,49.31111415130439],[-123.08128939120152,49.31111410314662],[-123.08128977372841,49.31111372103425],[-123.08128981218739,49.31111368277791],[-123.08129000997508,49.311113485195655],[-123.08129982106713,49.31110368484575],[-123.08130020359313,49.31110330228359],[-123.0813101849982,49.31109333180497],[-123.08131025092761,49.31109326609414],[-123.08131034226679,49.31109317472931],[-123.08131048717408,49.311093030255506],[-123.08131086969992,49.31109264769332],[-123.08132068078369,49.31108284734157],[-123.08132106331013,49.31108246522911],[-123.08132998365922,49.31107355422226],[-123.08127778412913,49.31105121555687],[-123.08127719969845,49.31105096545349],[-123.0812767653343,49.31105078000951],[-123.08124679141214,49.31103795244043],[-123.08124642450875,49.31103779573335],[-123.08124606311146,49.31103764082142],[-123.08124562186273,49.311037451784095],[-123.08121580284207,49.3110246911118],[-123.08121531134215,49.31102448052137],[-123.08121472622419,49.311024230418155],[-123.08118450245526,49.31101129641615],[-123.08118431797082,49.31101121738859],[-123.08118373354104,49.31101096728473],[-123.08115390973343,49.31099820435098],[-123.08115332530399,49.310997954246965],[-123.08115326335037,49.31099792775485],[-123.08112291708294,49.31098494120117],[-123.08112233265379,49.310984691097005],[-123.08109091667038,49.31097124653411],[-123.08109075490279,49.31097117738509],[-123.08106046855733,49.31095821685881],[-123.08106034671471,49.310958164322756],[-123.08106016016625,49.31095808484669],[-123.08102943603066,49.31094493617132],[-123.0810293541144,49.31094490114774],[-123.08102922951882,49.31094484771407],[-123.08099894595864,49.31093188806918],[-123.08099888262866,49.310931861128175],[-123.08093710677528,49.310905424091665],[-123.0809204392458,49.310898293179406],[-123.08092030876074,49.31089842370017],[-123.08091967487601,49.31089905650171],[-123.08091431673633,49.310904409657674],[-123.08091095404309,49.3109029705422],[-123.08088142292881,49.310890332815084],[-123.08085189251752,49.31087769507989],[-123.08084853051584,49.310876255962114],[-123.08085388866107,49.3108709037087],[-123.0808543137693,49.31087047929087],[-123.08085465234356,49.31087014038731],[-123.08085450778194,49.310870076173266],[-123.08083915781332,49.31086350697291],[-123.0808386828384,49.31086330401517],[-123.08080805106303,49.31085019524449],[-123.08080772615224,49.31085005604714],[-123.0808071417263,49.31084980594136],[-123.0807794334724,49.31083794814065],[-123.08077731811319,49.310837042909974],[-123.08077673368754,49.310836792804054],[-123.0807763839961,49.31083664327953],[-123.0807463256648,49.3108237796587],[-123.08074574123948,49.31082352955262],[-123.08074552096134,49.31082343525764],[-123.08070568437005,49.31080638717621],[-123.0806768188632,49.31083522143378],[-123.08067659497634,49.31083544466931],[-123.08067621244686,49.31083582677967],[-123.08065538621389,49.310856630413255],[-123.08065530448822,49.310856711876234],[-123.08063483535707,49.31087715859985],[-123.08063468358132,49.31087731027372],[-123.08063430105118,49.31087769238392],[-123.08061374880398,49.3108982223667],[-123.08061348851794,49.3108984820578],[-123.0805946895829,49.310917264409426],[-123.0805947591102,49.31091729539413],[-123.08060302780426,49.310920833709154],[-123.08061574199172,49.310926274990955],[-123.08061581151539,49.31092630372687],[-123.08061807831513,49.310927272720285],[-123.08061833104699,49.31092702068031],[-123.08061423855722,49.3109327768208],[-123.08061391989662,49.31093309547073],[-123.08060275576482,49.31094424687552],[-123.08060243710408,49.310944565525396],[-123.08059127365497,49.31095571692859],[-123.08059095430619,49.31095603557891],[-123.08057206674017,49.31097490209295],[-123.08054703320352,49.310964864785525],[-123.08053612452842,49.31097576099381],[-123.08053497624697,49.31097690822344],[-123.08052436562656,49.31098750738357],[-123.08051375500162,49.310998106542726],[-123.08050314368424,49.31100870570136],[-123.0805019960884,49.3110098524804],[-123.08049138476596,49.311020451637944],[-123.08048077412687,49.311031050794],[-123.08047016279535,49.31104164994956],[-123.08046901519873,49.31104279717802],[-123.08045840386143,49.31105339588273],[-123.0804477932089,49.311063995485455],[-123.08043718255038,49.3110745941877],[-123.08043603426434,49.3110757414163],[-123.08042512554026,49.31108663761394],[-123.08044906989254,49.31109776456633],[-123.0804063785914,49.311140408257884],[-123.08038149128596,49.31113022374276],[-123.08036273612137,49.31114895790147],[-123.08036235289988,49.31114934046101],[-123.08036197036552,49.311149722570285],[-123.0803425455794,49.31116912597925],[-123.08034241852572,49.311169252898914],[-123.08034199478485,49.3111696764144],[-123.0803417798229,49.31116989064793],[-123.08032235502095,49.31118929405343],[-123.08032223140148,49.3111894178224],[-123.08032180216517,49.31118984628893],[-123.08032158926383,49.31119005872198],[-123.08030216444602,49.31120946212403],[-123.08030204357291,49.31120958274276],[-123.08030160952977,49.311210016609635],[-123.08030139868828,49.31121022679244],[-123.08027163921057,49.31123995343503],[-123.08040789022417,49.31129826230187],[-123.08040847534126,49.31129851240915],[-123.08040905977053,49.31129876251691],[-123.08043742352292,49.31131089879831],[-123.08043747022498,49.31131085289065],[-123.08045259617532,49.31129554839149],[-123.08045335504869,49.31129478102835],[-123.08048566044374,49.31130860608818],[-123.08048623248264,49.311308850807116],[-123.08048543643764,49.31130960245489],[-123.08046951414883,49.31132463046276],[-123.08046958574253,49.31132466279538],[-123.08052871988978,49.31134997123278],[-123.08052893879331,49.31135006507937],[-123.08055987781984,49.31136330503767],[-123.08056022476133,49.31136345366524],[-123.08056080919212,49.31136370377223],[-123.08059099790684,49.31137662311904],[-123.08059150042054,49.31137683775223],[-123.08062219854935,49.31138997486753],[-123.08062250281239,49.31139010553442],[-123.0806229702195,49.31139030535003],[-123.08065327667899,49.31140327497109],[-123.08065386111072,49.311403525077615],[-123.08065406211625,49.311403610840834],[-123.08068429149418,49.31141654767533],[-123.08068478093061,49.311416757369905],[-123.08068536605053,49.31141700747578],[-123.08071555483039,49.31142992678991],[-123.08071603738225,49.31143013289114],[-123.0807464746826,49.31144315861587],[-123.0807470598039,49.31144340917119],[-123.08074764423657,49.31144365927723],[-123.08077783373689,49.311456578574536],[-123.08077841816987,49.31145682868042],[-123.08077900329147,49.31145707923558],[-123.08080886238648,49.31146985708238],[-123.08080933805647,49.31147006093923],[-123.08080992317767,49.311470311044474],[-123.08082278965738,49.311475815162446],[-123.08082739267799,49.31147137599486],[-123.08087256124439,49.31149148539203]]]]}},{"id":"9908","type":"Feature","properties":{"classification":"INSTITUTIONAL","classification_basis":"name/occupancy matched institutional keyword ('John Braithwaite Community Centre')","BUILDING_NAME":"John Braithwaite Community Centre","height_m":34.54699957,"year_built":"2004"},"geometry":{"type":"MultiPolygon","coordinates":[[[[-123.0810833823208,49.31230623118978],[-123.0807719039992,49.31217053515039],[-123.08076634087605,49.312175990086494],[-123.0807462947736,49.31216726082848],[-123.08073283337565,49.312180457091976],[-123.08072199558207,49.31219108790963],[-123.08071815436323,49.31218943548878],[-123.08048962918423,49.312415831356596],[-123.08050789964261,49.31242401319285],[-123.08049777503287,49.312433330203454],[-123.08048882321005,49.31245314371143],[-123.08048897198091,49.312476899742364],[-123.08049783424795,49.31249500076368],[-123.08050697145926,49.31250452024016],[-123.08051563743517,49.31251191719388],[-123.08052267664624,49.31251729137645],[-123.08054001160404,49.312525482854426],[-123.08054677247289,49.31252890528662],[-123.08055344841755,49.31252243313628],[-123.08058541709146,49.31253596650823],[-123.08058323386406,49.31253862159341],[-123.08061604119136,49.31255177657667],[-123.08084017235379,49.31264168823836],[-123.08087250594956,49.31260910325245],[-123.08085771919818,49.31260275404299],[-123.08090915302604,49.312555709505574],[-123.08091769786365,49.312547904746815],[-123.08090389922668,49.31254003467464],[-123.0809089404622,49.312535128800455],[-123.08091285003393,49.31253649332291],[-123.08097056420777,49.31247676122922],[-123.08096496155554,49.31247489416763],[-123.08099351955494,49.312447250117486],[-123.08106586322985,49.31236400210115],[-123.0810352669698,49.31235259974494],[-123.0810833823208,49.31230623118978]]]]}},{"id":"10077","type":"Feature","properties":{"classification":"LOW_RISE_APARTMENT","classification_basis":"unit count 23 (affordable-housing layer)","BUILDING_NAME":null,"height_m":null,"year_built":null},"geometry":{"type":"MultiPolygon","coordinates":[[[[-123.07012830849375,49.324003329998725],[-123.0702270137693,49.32400436477112],[-123.07022716336131,49.323998272292066],[-123.0703339934931,49.323999391987115],[-123.07033381664367,49.3240066277614],[-123.07046822785532,49.324008037278205],[-123.07046946460719,49.32395761173514],[-123.07046399023707,49.32395755480557],[-123.07046789303125,49.323798477496574],[-123.07047434858362,49.32379854462183],[-123.07048167851605,49.323680392972115],[-123.07047666230156,49.32350282714561],[-123.0704167888161,49.32350219980029],[-123.07041674200758,49.32350411578744],[-123.07035158823689,49.32350343225755],[-123.07035151155615,49.323506598583286],[-123.07023469577764,49.32350537433314],[-123.07023508604293,49.32348950312215],[-123.0701581358671,49.32348863775377],[-123.07013721392211,49.323596681734095],[-123.07015149956081,49.32371197419274],[-123.07016404458696,49.323712106001935],[-123.070161195822,49.323828216618516],[-123.07013261302346,49.32382791733813],[-123.07012830849375,49.324003329998725]]]]}},{"id":"10080","type":"Feature","properties":{"classification":"LOW_RISE_APARTMENT","classification_basis":"unit count 28 (affordable-housing layer)","BUILDING_NAME":null,"height_m":null,"year_built":null},"geometry":{"type":"MultiPolygon","coordinates":[[[[-123.06700164388292,49.322925760731955],[-123.06731480852422,49.32292881160597],[-123.06732266559445,49.32258420878359],[-123.06721506394486,49.32258316051393],[-123.06721661962598,49.322514914590954],[-123.06715315852234,49.322514296636555],[-123.06715163906311,49.32258090902522],[-123.0670095408284,49.322579524395486],[-123.06700164388292,49.322925760731955]]]]}},{"id":"10093","type":"Feature","properties":{"classification":"SENIORS_RESIDENCE","classification_basis":"affordable-housing eligibility 'Individuals, Families, 55+, People with disabilities'","BUILDING_NAME":null,"height_m":null,"year_built":null},"geometry":{"type":"MultiPolygon","coordinates":[[[[-123.07106620699635,49.32707832570285],[-123.07106479329467,49.32713452259341],[-123.07128075320907,49.32713684437253],[-123.07128958945971,49.3267857095782],[-123.07107749969447,49.32678342951176],[-123.07107521898914,49.32687404131362],[-123.0706572662381,49.326869546360186],[-123.07065212252925,49.32707387242815],[-123.07106620699635,49.32707832570285]]]]}},{"id":"10190","type":"Feature","properties":{"classification":"LOW_RISE_APARTMENT","classification_basis":"unit count 7 (affordable-housing layer)","BUILDING_NAME":null,"height_m":null,"year_built":null},"geometry":{"type":"MultiPolygon","coordinates":[[[[-123.07144430064542,49.33313752885068],[-123.07146959466834,49.33313751321328],[-123.07146962276896,49.33315692281393],[-123.07176691883954,49.33315673860327],[-123.07176689513622,49.33314043410709],[-123.07181697391822,49.333140403002005],[-123.07181649568203,49.33281167121138],[-123.07144382938476,49.33281190216173],[-123.07144430064542,49.33313752885068]]]]}},{"id":"10192","type":"Feature","properties":{"classification":"TOWNHOUSE_ROW","classification_basis":"unit count 3 (affordable-housing layer)","BUILDING_NAME":null,"height_m":null,"year_built":null},"geometry":{"type":"MultiPolygon","coordinates":[[[[-123.07178291586587,49.33350733051296],[-123.07151763222005,49.333500384338315],[-123.07151713337363,49.333508529705846],[-123.07149156701603,49.333507860095786],[-123.07149037029708,49.333527390087504],[-123.0714717178882,49.33352690149544],[-123.07146977620474,49.333558569929146],[-123.07146501915716,49.333558446039646],[-123.07146068935357,49.333629067410364],[-123.07147300318967,49.333629389916595],[-123.0714709445228,49.33366296987981],[-123.07148616270649,49.33366336884604],[-123.0714847615803,49.33368622265124],[-123.07177610187951,49.33369044789835],[-123.07177766827444,49.33366491524765],[-123.07178616931567,49.33366513754412],[-123.07178698812712,49.333651781118306],[-123.07179915055931,49.33365209918628],[-123.07180579780972,49.33354366637986],[-123.07178964917397,49.33354324374685],[-123.07179029587859,49.33353269029933],[-123.07178275700501,49.33353249259188],[-123.0717842978324,49.3335073674341],[-123.07178291586587,49.33350733051296]]]]}},{"id":"10226","type":"Feature","properties":{"classification":"LOW_RISE_APARTMENT","classification_basis":"occupancy 'APT-WITH ELEVATOR'","BUILDING_NAME":null,"height_m":21.23,"year_built":"2019"},"geometry":{"type":"MultiPolygon","coordinates":[[[[-123.06930713312447,49.32557335851115],[-123.06930490191317,49.325639738346624],[-123.06944767878367,49.32564178898318],[-123.06944990980439,49.325575410044586],[-123.06954853617366,49.32557682593708],[-123.06954880430648,49.32556885071321],[-123.06975251697854,49.325571775494],[-123.06975331998682,49.32554791008898],[-123.07000203063572,49.3255514818976],[-123.0700053503728,49.32545273698994],[-123.06998126393343,49.325452390872556],[-123.0699850101998,49.325340937416804],[-123.06983776425504,49.32533882268122],[-123.06983693489317,49.325363484170694],[-123.06950989420335,49.32535878797838],[-123.06951015704549,49.32535096117676],[-123.06945648632423,49.325350190179094],[-123.06945805552864,49.32530348483572],[-123.06931380847085,49.32530141260595],[-123.06931243459492,49.32534226921094],[-123.06930231396674,49.32534212416196],[-123.06929454627394,49.32557317806042],[-123.06930713312447,49.32557335851115]]]]}},{"id":"10240","type":"Feature","properties":{"classification":"LOW_RISE_APARTMENT","classification_basis":"unit count 6 (affordable-housing layer)","BUILDING_NAME":null,"height_m":null,"year_built":null},"geometry":{"type":"MultiPolygon","coordinates":[[[[-123.07130059103751,49.33515394715046],[-123.0713170756072,49.33515406291184],[-123.07131664157114,49.33518042509803],[-123.07160624215084,49.33518245794387],[-123.07160635343345,49.33517567107745],[-123.07176556808156,49.3351767875697],[-123.07176603848626,49.3351481496007],[-123.07175170808802,49.335148048757304],[-123.0717523176573,49.33511098140031],[-123.07177555378001,49.335111145076446],[-123.07177642750884,49.33505791607155],[-123.071757005595,49.33505777971153],[-123.07175840046187,49.33497292273603],[-123.07176684918662,49.334972982255195],[-123.07176772426237,49.334919728062],[-123.07175159489678,49.33491961484294],[-123.07175200339488,49.334894783634596],[-123.07132207166858,49.33489176561577],[-123.07132166552385,49.33491646999032],[-123.07130802342417,49.334916374064264],[-123.07130709089174,49.33497307520906],[-123.07131491745551,49.33497313064754],[-123.07131471507194,49.33498548463323],[-123.07133585202756,49.33498563260221],[-123.07133397451072,49.33509990202497],[-123.07130148304103,49.335099673808074],[-123.07130059103751,49.33515394715046]]]]}},{"id":"10298","type":"Feature","properties":{"classification":"LOW_RISE_APARTMENT","classification_basis":"unit count 6 (affordable-housing layer)","BUILDING_NAME":null,"height_m":null,"year_built":null},"geometry":{"type":"MultiPolygon","coordinates":[[[[-123.06889938595312,49.31924524190249],[-123.06889812525584,49.31928351597984],[-123.069061227018,49.31928581043647],[-123.0690651511715,49.31916658140522],[-123.0690593429305,49.319166500321835],[-123.06906391388276,49.31902764895139],[-123.06893939411832,49.319025897284185],[-123.06893927930525,49.3190294072477],[-123.068607013334,49.3190247323074],[-123.06860470546067,49.319094838927676],[-123.06861880979274,49.319095037442295],[-123.06861663392755,49.319161108773784],[-123.06860570271189,49.31916095515],[-123.06860306473472,49.31924107353042],[-123.06889938595312,49.31924524190249]]]]}},{"id":"10305","type":"Feature","properties":{"classification":"LOW_RISE_APARTMENT","classification_basis":"unit count 27 (affordable-housing layer)","BUILDING_NAME":null,"height_m":null,"year_built":null},"geometry":{"type":"MultiPolygon","coordinates":[[[[-123.0746626238711,49.31091800174389],[-123.0742600906352,49.310741401528375],[-123.07410204582743,49.31089539707002],[-123.07474597235422,49.31117789904652],[-123.07501363704475,49.31091708721534],[-123.07477224652118,49.310811185653286],[-123.0746626238711,49.31091800174389]]]]}},{"id":"10306","type":"Feature","properties":{"classification":"HIGH_RISE_APARTMENT","classification_basis":"occupancy 'STRATA APT - HI-RISE'","BUILDING_NAME":null,"height_m":46.69,"year_built":"2019"},"geometry":{"type":"MultiPolygon","coordinates":[[[[-123.07196339049642,49.31502544643068],[-123.07184880382508,49.31513921969129],[-123.07187453955598,49.31515029827523],[-123.07184773179516,49.31517691532476],[-123.07181650003966,49.315163470834555],[-123.07177136559316,49.3152082846952],[-123.07177598874699,49.31521027424407],[-123.0716654638991,49.31532001228247],[-123.07182870383177,49.315390281596336],[-123.07197121725876,49.31524878149387],[-123.07197713045143,49.3152513270295],[-123.07201970515992,49.31520905490698],[-123.07201414717554,49.3152066629688],[-123.0721261122171,49.31509549257159],[-123.07196339049642,49.31502544643068]]]]}},{"id":"10308","type":"Feature","properties":{"classification":"HIGH_RISE_APARTMENT","classification_basis":"occupancy 'STRATA APT - HI-RISE'","BUILDING_NAME":null,"height_m":27.27,"year_built":"2018"},"geometry":{"type":"MultiPolygon","coordinates":[[[[-123.07814082580283,49.30971705516161],[-123.07813388908707,49.309723879961254],[-123.0781823995513,49.30974495783135],[-123.07822836312873,49.30969973428134],[-123.07820483961552,49.30968951374073],[-123.07822699034762,49.3096677188342],[-123.07823681578482,49.30967198756976],[-123.07834147175014,49.30956901685021],[-123.07838295435107,49.30952820119142],[-123.07837170681135,49.309523314567414],[-123.07840513185283,49.30949042727747],[-123.0784179185256,49.30949598299131],[-123.078573587349,49.30934281787083],[-123.07855121690251,49.309334392944294],[-123.07859936181048,49.309279743559365],[-123.07860847956894,49.309283693417655],[-123.07865310288145,49.30923965796421],[-123.07868395605132,49.309197973302524],[-123.07869564248857,49.309202048236514],[-123.07872783495344,49.3091625736547],[-123.07868876446268,49.30913333639518],[-123.0786568102368,49.309115070141374],[-123.0786351087295,49.30910420709422],[-123.07860325408436,49.30909057235217],[-123.07857119110406,49.30907914424926],[-123.07853765549481,49.30906992454403],[-123.07851382577189,49.309065113047296],[-123.07849390104012,49.3090633248565],[-123.07839028212545,49.309146188197644],[-123.07833846813749,49.3092000286228],[-123.07833566935047,49.30919881257884],[-123.07827962968061,49.30925395024101],[-123.0782811756914,49.3092546220298],[-123.07824092122632,49.30929422877617],[-123.07823884519229,49.309293326170724],[-123.07818311848746,49.30934815593973],[-123.07818536936038,49.309349133987],[-123.078156551311,49.309377487250046],[-123.07814909245393,49.309374246849956],[-123.07810842021077,49.309414264009874],[-123.07770125624936,49.309239006994964],[-123.07770793652277,49.30923227099522],[-123.07769983632163,49.30922883670239],[-123.07773341004598,49.309194983427744],[-123.07774428556662,49.30919959421378],[-123.07779951460122,49.3091439059548],[-123.07778629465727,49.3091383009906],[-123.07782635277148,49.3090979101581],[-123.07784208508811,49.30910457934894],[-123.07789607497006,49.309050139502524],[-123.0778696901793,49.30903895294474],[-123.07792205643715,49.3089861512939],[-123.07793014284677,49.30898957928399],[-123.0780506610315,49.30886805644825],[-123.07799969010556,49.308831155940446],[-123.07795833475338,49.30880945789697],[-123.0779140359898,49.30879162343416],[-123.0778616218181,49.308775484607885],[-123.0778164957811,49.308764299868216],[-123.07777206463815,49.308803018748584],[-123.07778346026515,49.30880860965087],[-123.07768601128444,49.308893528996514],[-123.07769585637432,49.30889904988805],[-123.07766910868787,49.30892472648701],[-123.07764497263256,49.30891397732892],[-123.07760906677834,49.308948445613844],[-123.07762487939779,49.30895548897803],[-123.0776141085957,49.30896582892238],[-123.07762992259575,49.30897287138543],[-123.07761701576015,49.308985260956824],[-123.07758716637375,49.308993828176284],[-123.07756227365066,49.309019883099374],[-123.07757686569329,49.3090258433756],[-123.07756774998619,49.30903538523563],[-123.07753616304842,49.309042217547216],[-123.07750987606649,49.30906789200051],[-123.07752612217075,49.30907500345037],[-123.07750880904217,49.309091913321396],[-123.07748439219115,49.30909513556015],[-123.07745078784677,49.309126195794526],[-123.0774664164438,49.30913342460327],[-123.07742056105464,49.3091758080185],[-123.07741049580396,49.3091711525831],[-123.07736884947718,49.3092096454614],[-123.0773808242526,49.309215183843506],[-123.07730154275012,49.30928846088498],[-123.0772793677464,49.309279058710004],[-123.07727437071519,49.30928409842654],[-123.07725463788776,49.30927573265225],[-123.07720848876112,49.30932226653313],[-123.07725268184986,49.30934100354728],[-123.07726043014702,49.3093331905919],[-123.07728309525723,49.309342800230255],[-123.07727722737579,49.30934871665521],[-123.07743747481435,49.30941665937446],[-123.07744185511324,49.30941224252747],[-123.07746608004037,49.30942251312643],[-123.07745775761133,49.30943090486734],[-123.07750416730174,49.3094505811903],[-123.07793094610419,49.30963577023745],[-123.077938766066,49.30962807592441],[-123.07795991884294,49.30963726727629],[-123.07795507961517,49.309642028066385],[-123.07811804506095,49.30971283655327],[-123.07812205050129,49.30970889667613],[-123.07814082580283,49.30971705516161]]]]}},{"id":"10309","type":"Feature","properties":{"classification":"LOW_RISE_APARTMENT","classification_basis":"unit count 5 (affordable-housing layer)","BUILDING_NAME":null,"height_m":null,"year_built":null},"geometry":{"type":"MultiPolygon","coordinates":[[[[-123.07735445650175,49.31688279214667],[-123.0772522964598,49.31698287003756],[-123.07737104062588,49.317034674465276],[-123.07737324563858,49.31703251416],[-123.07754453639996,49.31710724146669],[-123.07760758858079,49.31704547282344],[-123.07759812382355,49.31704134322181],[-123.07760906503569,49.31703062538422],[-123.07761808643166,49.3170345609881],[-123.07764381556824,49.31700935646656],[-123.07763732077031,49.31700652286887],[-123.07780803804276,49.3168392814036],[-123.0776590106654,49.31677426595161],[-123.077662630692,49.31677071854163],[-123.07757844386074,49.31673399133087],[-123.07746584620565,49.31684429487718],[-123.07746233514852,49.31684276266274],[-123.07745041715371,49.3168544391218],[-123.07744322017753,49.31685130014955],[-123.07740524878095,49.31688849792694],[-123.07740113189482,49.31688670255933],[-123.0773895119951,49.31689808557144],[-123.07735445650175,49.31688279214667]]]]}},{"id":"10320","type":"Feature","properties":{"classification":"LOW_RISE_APARTMENT","classification_basis":"occupancy 'STRATA APT - LOW RISE'","BUILDING_NAME":null,"height_m":21.97,"year_built":"2017"},"geometry":{"type":"MultiPolygon","coordinates":[[[[-123.0849033381607,49.31364594160025],[-123.08488252243905,49.31363608293958],[-123.08491578856764,49.31360369853321],[-123.08483245225152,49.31356710729022],[-123.08484406153805,49.31355580538619],[-123.0847519270448,49.31351535083983],[-123.08473284971593,49.31353392177528],[-123.08464958800423,49.313497362727794],[-123.08461380403547,49.313532197375125],[-123.08459349497024,49.313523280980625],[-123.08453405216788,49.31360817730674],[-123.08449362751172,49.31364958085357],[-123.08447992444722,49.31364581561619],[-123.08445011742586,49.313692187489956],[-123.08442406930779,49.313720918065876],[-123.08440781933264,49.31371623807708],[-123.08437683792667,49.313762218601525],[-123.08434831663313,49.31378893965528],[-123.08436212724538,49.313795239656336],[-123.08435509135812,49.31380183192322],[-123.08437505135002,49.31381093751172],[-123.08435700007408,49.313827848933705],[-123.08428260455685,49.313835867496735],[-123.08419187989492,49.31379600875411],[-123.08418520154652,49.31380250630134],[-123.08407055086786,49.31375213609326],[-123.08404186142431,49.31367445255696],[-123.08406132953316,49.31365895328765],[-123.08407901992226,49.313668451866256],[-123.0840861633099,49.3136627653471],[-123.08409822131114,49.31366923936139],[-123.08417931010213,49.31360468166939],[-123.08417886323487,49.31358950811527],[-123.0842010178541,49.313568093468916],[-123.08423335782207,49.31354664530932],[-123.08435640775116,49.31343183530716],[-123.08440893010741,49.31338073611917],[-123.08432309271848,49.31334302374238],[-123.08433930214503,49.31332725335096],[-123.0842525231189,49.31328912693324],[-123.08425099169818,49.313290677910096],[-123.084175212122,49.31325869068516],[-123.08413086263396,49.31330359966874],[-123.08411758169461,49.313297993677864],[-123.08408245502596,49.313333564384365],[-123.08409080001796,49.31333708620174],[-123.08400720865191,49.31342173357188],[-123.08398485689564,49.31341622321068],[-123.08395101172167,49.31347490952242],[-123.08391093423732,49.31351599598566],[-123.08388908552384,49.31351019919575],[-123.0838486086299,49.3135754072595],[-123.08380816527284,49.3136093545196],[-123.0837922078649,49.31360514107906],[-123.08375357265939,49.31366769331122],[-123.08367097576992,49.313749604294365],[-123.08366262818593,49.31374620028498],[-123.08362749337056,49.31378302927441],[-123.08371094727609,49.31381949896589],[-123.08369546425689,49.3138346435804],[-123.0839443507337,49.31394340664726],[-123.08395352349399,49.31393443544143],[-123.0839672469007,49.31394043151758],[-123.08398399081388,49.313924053618344],[-123.08405976081667,49.3139571644634],[-123.08404367485916,49.31397289784401],[-123.0840545646557,49.31397765644191],[-123.0840456226679,49.31398640260971],[-123.08429831778967,49.31409682893882],[-123.08431083516328,49.314084585536904],[-123.08439687038263,49.31412218173658],[-123.08447052910905,49.31404270545707],[-123.08454587881363,49.31396660826095],[-123.08460647648353,49.31392435248569],[-123.08459486778663,49.313917602045436],[-123.0846168911912,49.31389591036673],[-123.08462118145498,49.313892890260085],[-123.0846796139107,49.31385175412547],[-123.08466848844476,49.31384678257451],[-123.08469879982616,49.31381779155916],[-123.08475170594868,49.31378023589981],[-123.0847394684921,49.31377348143744],[-123.08482687879805,49.31370579195086],[-123.08482014897098,49.31370148372688],[-123.0849033381607,49.31364594160025]]]]}},{"id":"10321","type":"Feature","properties":{"classification":"LOW_RISE_APARTMENT","classification_basis":"unit count 8 (affordable-housing layer)","BUILDING_NAME":null,"height_m":null,"year_built":null},"geometry":{"type":"MultiPolygon","coordinates":[[[[-123.08277657052346,49.31265055174519],[-123.08275699902664,49.31267086236898],[-123.08270548795919,49.31264778086363],[-123.08270714142171,49.312645969860526],[-123.08267626698716,49.312633922288065],[-123.08269693110057,49.31261372693318],[-123.08261923921425,49.31257974493344],[-123.08259927423417,49.31259925614511],[-123.08259197014405,49.312596061797976],[-123.08245838223898,49.31272661263485],[-123.08247588682232,49.31273398244599],[-123.0824606684349,49.312749433442946],[-123.08244287609637,49.312741941501045],[-123.08236382957836,49.31282218942923],[-123.08245782921388,49.312863475702784],[-123.08245322352998,49.312867957662995],[-123.08247348650887,49.31287685737666],[-123.08247821444249,49.31287225659272],[-123.08255697122762,49.31290684689504],[-123.082528999238,49.31293406903946],[-123.08285553668622,49.3130774866909],[-123.08299094951978,49.312945699061395],[-123.08304950965068,49.31288870704092],[-123.08313325014203,49.31280720854333],[-123.08277657052346,49.31265055174519]]]]}},{"id":"10324","type":"Feature","properties":{"classification":"LOW_RISE_APARTMENT","classification_basis":"unit count 7 (affordable-housing layer)","BUILDING_NAME":null,"height_m":null,"year_built":null},"geometry":{"type":"MultiPolygon","coordinates":[[[[-123.07429499919556,49.31321950838437],[-123.07473915842688,49.313414337103985],[-123.07481377607763,49.313341625290256],[-123.07483437240927,49.313350660153944],[-123.07490932503272,49.31327762063814],[-123.07488761354412,49.3132680971754],[-123.07491846800912,49.31323803075507],[-123.0749347523069,49.31324517312288],[-123.07497695577032,49.31320404611542],[-123.07495756964501,49.31319554300356],[-123.07497394545267,49.313179584920235],[-123.07486705687207,49.313132698747786],[-123.07487123600397,49.31312862664487],[-123.07481780418355,49.313105189362126],[-123.07483045148581,49.31309286504548],[-123.07470748691597,49.313038927057995],[-123.07468646620386,49.31305940995634],[-123.07465118974017,49.31304393684179],[-123.07465613272133,49.31303911945661],[-123.07457935145581,49.31300544000015],[-123.07457395923251,49.313010694835114],[-123.0745266734762,49.31298995288912],[-123.07443806220073,49.31307630115398],[-123.07445177736311,49.31308231635625],[-123.07440346966962,49.31312939018337],[-123.07441810175916,49.313135808680485],[-123.0744082844204,49.31314537592241],[-123.07438262594705,49.31313412064518],[-123.07429499919556,49.31321950838437]]]]}},{"id":"10332","type":"Feature","properties":{"classification":"LOW_RISE_APARTMENT","classification_basis":"unit count 8 (affordable-housing layer)","BUILDING_NAME":null,"height_m":null,"year_built":null},"geometry":{"type":"MultiPolygon","coordinates":[[[[-123.07203067965933,49.30994216127414],[-123.07199281120384,49.30997929428809],[-123.07208375945888,49.31001894390951],[-123.07208987418468,49.31001294753839],[-123.07210109921108,49.31001784018441],[-123.07208321937031,49.310035372955674],[-123.07217276501525,49.31007441171255],[-123.0721846152938,49.310062791596],[-123.0722255563085,49.31008064024397],[-123.07223071349914,49.31007558445519],[-123.07225730590045,49.310087177848885],[-123.07225113348834,49.31009323183368],[-123.07235149972031,49.31013698792976],[-123.0723577861525,49.31013082412764],[-123.0723718884016,49.31013697246526],[-123.07237869961307,49.3101302920128],[-123.07240887408528,49.310143447381535],[-123.07239812836166,49.31015398471462],[-123.07248830359472,49.3101932980829],[-123.07251708429135,49.310165075791254],[-123.07258586846221,49.310097966705484],[-123.0725651166433,49.31008864638821],[-123.07261064820658,49.31004530532994],[-123.0726298953227,49.310053949251284],[-123.07272494521231,49.30995891887249],[-123.07259300345996,49.309902502499256],[-123.072537826101,49.30995766831058],[-123.07240515633589,49.30990093914925],[-123.0723922899156,49.30991380305255],[-123.07236629948153,49.30990268965271],[-123.07238104655295,49.30988794639081],[-123.07230451526851,49.30985522233112],[-123.07235988234868,49.30979986671416],[-123.07222879080287,49.30974381279473],[-123.07203067965933,49.30994216127414]]]]}},{"id":"10351","type":"Feature","properties":{"classification":"TOWNHOUSE_ROW","classification_basis":"unit count 3 (affordable-housing layer)","BUILDING_NAME":null,"height_m":null,"year_built":null},"geometry":{"type":"MultiPolygon","coordinates":[[[[-123.07520140210497,49.31348952705414],[-123.07518399950575,49.31348173240549],[-123.07524293227134,49.313425493399286],[-123.07526412515682,49.313434986549346],[-123.07535667137208,49.31334376602846],[-123.07520269656011,49.31327699474895],[-123.07511243067093,49.31336596668283],[-123.07513881478431,49.313377407524996],[-123.07509549238755,49.313420110364085],[-123.07507084710005,49.3134094221743],[-123.0749648549035,49.31351389471269],[-123.07511196010351,49.31357768798728],[-123.07520140210497,49.31348952705414]]]]}},{"id":"10353","type":"Feature","properties":{"classification":"LOW_RISE_APARTMENT","classification_basis":"occupancy 'STRATA APT - LOW RISE'","BUILDING_NAME":null,"height_m":21.97,"year_built":"2017"},"geometry":{"type":"MultiPolygon","coordinates":[[[[-123.08474753054875,49.314264824404496],[-123.08475564803382,49.314256715642365],[-123.0848418684225,49.31429360615609],[-123.08496634307144,49.31416054426237],[-123.08503968124634,49.31410955452123],[-123.08502785736735,49.31410014802227],[-123.08506469170472,49.31406318602925],[-123.08510082394223,49.31403879702922],[-123.08511914224677,49.31404840292721],[-123.08514544897686,49.31402696165604],[-123.0851309018857,49.31402053006296],[-123.08513944415331,49.314012272541014],[-123.08512410121291,49.31400548982391],[-123.08516683035954,49.31396417791021],[-123.0852322652947,49.31392128138698],[-123.0852154448225,49.31391217992841],[-123.08532165261462,49.313828284979714],[-123.0853282742606,49.313831261076004],[-123.08537393690081,49.3137878420589],[-123.08528995691677,49.313750965577306],[-123.08529489470045,49.313746088373556],[-123.08519679996407,49.313703638965],[-123.08518628295614,49.31371402889274],[-123.08509712158003,49.31367544521648],[-123.08505706437401,49.31371346652174],[-123.08505143172839,49.31371193070136],[-123.08499632184922,49.3137983019731],[-123.08499027479697,49.313795812071575],[-123.08495324912704,49.31383423948939],[-123.08494047958482,49.31383012550913],[-123.08488181872201,49.31390794496895],[-123.08486660428387,49.31390304300411],[-123.08481083283063,49.3139770301803],[-123.08478591235699,49.31396852288435],[-123.08472647477441,49.31404294447448],[-123.08473866850652,49.31404823366394],[-123.08473445310133,49.31405238710587],[-123.08468401214947,49.31403050655223],[-123.08467328217971,49.31404197600385],[-123.08464439812221,49.31403042673109],[-123.08461039397616,49.31406677574929],[-123.08459679111006,49.3140613364597],[-123.08455533372116,49.31410565430209],[-123.08455011699117,49.31410356765132],[-123.08449930559291,49.3141578841021],[-123.08457219531994,49.314187028965726],[-123.0845639744113,49.31419581602328],[-123.08460027956502,49.31421033277285],[-123.08459083362443,49.314220429519814],[-123.08469662661072,49.314262730775106],[-123.08470905820718,49.314249442159614],[-123.08474753054875,49.314264824404496]]]]}},{"id":"10402","type":"Feature","properties":{"classification":"TOWNHOUSE_ROW","classification_basis":"unit count 3 (affordable-housing layer)","BUILDING_NAME":null,"height_m":null,"year_built":null},"geometry":{"type":"MultiPolygon","coordinates":[[[[-123.07611145963169,49.323006678820676],[-123.0761131553295,49.32284707113403],[-123.07568329545771,49.322845118131596],[-123.07568238967329,49.322930222379924],[-123.07566396477557,49.32293013819572],[-123.07566343182641,49.32298017745322],[-123.07567745452339,49.322980241132754],[-123.07567719339822,49.32300470620921],[-123.07611145963169,49.323006678820676]]]]}},{"id":"10409","type":"Feature","properties":{"classification":"LOW_RISE_APARTMENT","classification_basis":"unit count 6 (affordable-housing layer)","BUILDING_NAME":null,"height_m":null,"year_built":null},"geometry":{"type":"MultiPolygon","coordinates":[[[[-123.0736295958382,49.32743026205783],[-123.07316256309697,49.32742591086275],[-123.07315612605137,49.32772103172948],[-123.07333777788375,49.32772272372779],[-123.07333943744385,49.327646617793796],[-123.07342795041492,49.327647442216495],[-123.07342732428161,49.32767616938023],[-123.07358631715151,49.32767765050311],[-123.0735881424669,49.32759389862038],[-123.07362601993495,49.327594251393144],[-123.0736295958382,49.32743026205783]]]]}},{"id":"10461","type":"Feature","properties":{"classification":"TOWNHOUSE_ROW","classification_basis":"unit count 4 (affordable-housing layer)","BUILDING_NAME":null,"height_m":null,"year_built":null},"geometry":{"type":"MultiPolygon","coordinates":[[[[-123.0727515502112,49.33321231630925],[-123.07269553854188,49.33317646651523],[-123.07258596750921,49.33324565549263],[-123.07245240178835,49.33324386561522],[-123.07236848129456,49.33319033620222],[-123.07229543451282,49.33323924597373],[-123.07229298125631,49.33332348478087],[-123.07230258871846,49.333323604702734],[-123.07230111177621,49.33337430918176],[-123.07228842523448,49.33337415160708],[-123.07228641887806,49.33344306878646],[-123.07230805774137,49.333443337697474],[-123.0723076462639,49.333457479144506],[-123.07274903053056,49.333462966236226],[-123.07275360000443,49.33330593597614],[-123.07275835693538,49.333305995047986],[-123.07275978357809,49.33325696997849],[-123.07275025458527,49.33325685184425],[-123.0727515502112,49.33321231630925]]]]}},{"id":"10474","type":"Feature","properties":{"classification":"LOW_RISE_APARTMENT","classification_basis":"unit count 9 (affordable-housing layer)","BUILDING_NAME":null,"height_m":null,"year_built":null},"geometry":{"type":"MultiPolygon","coordinates":[[[[-123.07511286887048,49.32509056456877],[-123.07511286080174,49.32508526015843],[-123.07515181194795,49.32508523483818],[-123.07515171156035,49.3250192737713],[-123.07514582017983,49.32501927760184],[-123.07514547014317,49.324789261200124],[-123.07514542610163,49.3247603203646],[-123.07516444190844,49.32476030799961],[-123.07516424669534,49.32463206035617],[-123.07518346337187,49.324632047857406],[-123.07518340198091,49.324591726419946],[-123.07517435925111,49.32459173230183],[-123.07517430132532,49.324553682126975],[-123.07511608853919,49.32455371997486],[-123.0751160784178,49.32454706629895],[-123.07504260544461,49.324547114026615],[-123.07504261836522,49.3245556161957],[-123.07493580111142,49.324555685500336],[-123.07493578259894,49.32454348634485],[-123.07485499949016,49.324543538692566],[-123.07485501405972,49.32455314995763],[-123.07480185039113,49.324553184377045],[-123.07480190303059,49.32458793424982],[-123.07479116487572,49.324587941199],[-123.07479122814533,49.32462971444607],[-123.07480624065725,49.324629704730484],[-123.07480642506113,49.32475143092728],[-123.07481485405206,49.32475142547145],[-123.07481491015311,49.3247884538019],[-123.07480077971329,49.324788462947765],[-123.0748009085099,49.324873488233166],[-123.07481135910831,49.32487348146924],[-123.07481157131629,49.325013550468675],[-123.07480067205711,49.32501355752299],[-123.07480077271566,49.32508000702441],[-123.07483500634397,49.32507998486392],[-123.07483501978938,49.32508885673088],[-123.07493707526832,49.32508879060705],[-123.07493708777103,49.32509702921894],[-123.0750104005506,49.32509698166246],[-123.07501039090373,49.325090631122016],[-123.07511286887048,49.32509056456877]]]]}},{"id":"10767","type":"Feature","properties":{"classification":"LOW_RISE_APARTMENT","classification_basis":"occupancy 'STRATA APT - LOW RISE'","BUILDING_NAME":null,"height_m":18.0,"year_built":"2019"},"geometry":{"type":"MultiPolygon","coordinates":[[[[-123.05984044709196,49.30830878522734],[-123.05984064963612,49.30829768692553],[-123.0598839751164,49.308298026088174],[-123.05988514149838,49.30823428596034],[-123.05992963215397,49.30823463349723],[-123.0599289664677,49.30827105514232],[-123.06004806642132,49.308271986383595],[-123.06005047107419,49.30814062018773],[-123.06006789586003,49.308140755954014],[-123.06006882845324,49.30808972696912],[-123.0600637878441,49.30808968731184],[-123.06006574990613,49.30798244179605],[-123.06005947117033,49.30798239288743],[-123.06006060114045,49.307920578631645],[-123.05999321624526,49.307920051435836],[-123.05999333749675,49.30791341026465],[-123.05994190256,49.30791300788596],[-123.05994180839929,49.307918172041845],[-123.05992493947673,49.307918039566395],[-123.05992503364028,49.307912876310006],[-123.05989228355753,49.307912619834994],[-123.05989218421708,49.30791805474711],[-123.05985257623132,49.30791774514532],[-123.05985266784937,49.30791274560178],[-123.0598145442563,49.30791244781137],[-123.0598116990205,49.30806789151301],[-123.05981986249206,49.308067955650785],[-123.05981879027432,49.308126590092556],[-123.05975142573614,49.3081260627452],[-123.05975133798219,49.30813085359935],[-123.05972643619927,49.30813065868378],[-123.05972687887524,49.308106511915206],[-123.05951549791594,49.30810485701965],[-123.05951525392085,49.30811815015548],[-123.05945030790076,49.308117642075906],[-123.05945052736496,49.30810567033813],[-123.05933201387593,49.30810474267756],[-123.05933128706354,49.30814447096288],[-123.05932067205835,49.30814438736015],[-123.05931850183299,49.308262938052],[-123.05933498154242,49.30826306631823],[-123.05933424440617,49.30830336220076],[-123.05940858269604,49.308303944674996],[-123.05940884607567,49.30828958650592],[-123.05951875076913,49.308290446560584],[-123.05951846166705,49.30830626555299],[-123.05984044709196,49.30830878522734]]]]}},{"id":"10768","type":"Feature","properties":{"classification":"LOW_RISE_APARTMENT","classification_basis":"occupancy 'STRATA APT - LOW RISE'","BUILDING_NAME":null,"height_m":18.0,"year_built":"2019"},"geometry":{"type":"MultiPolygon","coordinates":[[[[-123.05919427350605,49.30808190450109],[-123.05845258204185,49.30807492219687],[-123.0584484955634,49.308260439921106],[-123.05854101404404,49.308261310596805],[-123.05854085875814,49.308268419530286],[-123.05859119357582,49.30826889415188],[-123.05859135410235,49.308261570231956],[-123.05865025689161,49.308262125037956],[-123.05865010418488,49.30826907565589],[-123.05870574652886,49.308269599705724],[-123.05870592537272,49.3082614967977],[-123.0589218431205,49.308263529556264],[-123.05892165524962,49.30827210831183],[-123.05897391332908,49.30827259977642],[-123.05897409990435,49.308264095681054],[-123.05903472922837,49.308264666500776],[-123.05903455827567,49.30827242039407],[-123.05913308593132,49.30827334689392],[-123.059133224234,49.30826706192266],[-123.05919308178434,49.308267624958596],[-123.05919503748258,49.308178746629956],[-123.05919007114423,49.3081786997004],[-123.05919040902072,49.308163315148505],[-123.05919248084993,49.30816333477619],[-123.05919427350605,49.30808190450109]]]]}},{"id":"10769","type":"Feature","properties":{"classification":"LOW_RISE_APARTMENT","classification_basis":"occupancy 'STRATA APT - LOW RISE'","BUILDING_NAME":null,"height_m":18.0,"year_built":"2019"},"geometry":{"type":"MultiPolygon","coordinates":[[[[-123.05831978067582,49.30809383769471],[-123.05774237671167,49.30808822142453],[-123.0577418546519,49.30811119166148],[-123.05769575581269,49.30811074333975],[-123.0576972357672,49.30804569338412],[-123.0576586690203,49.308045318645156],[-123.05765897261594,49.30803197960819],[-123.05754390936359,49.30803086039421],[-123.05754364237804,49.30804258658495],[-123.05746669873908,49.30804183779668],[-123.0574669997858,49.30802862829145],[-123.05730948755306,49.30802709547924],[-123.05730827937748,49.30808019885677],[-123.05729295529625,49.30808004903983],[-123.05728939477879,49.3082364824932],[-123.05772837972589,49.30824075441793],[-123.05772921319426,49.3082040763404],[-123.0577802537,49.30820457345051],[-123.0577782975305,49.30829052024041],[-123.0583125213728,49.30829571646563],[-123.05831339634484,49.30825727081929],[-123.05832889795178,49.30825742221036],[-123.05833172150277,49.30813325284642],[-123.05831888744869,49.30813312799456],[-123.05831978067582,49.30809383769471]]]]}},{"id":"10882","type":"Feature","properties":{"classification":"LOW_RISE_APARTMENT","classification_basis":"occupancy 'STRATA APT - LOW RISE'","BUILDING_NAME":null,"height_m":18.0,"year_built":"2019"},"geometry":{"type":"MultiPolygon","coordinates":[[[[-123.06146557092381,49.30814789988504],[-123.06146040800644,49.30832270957983],[-123.062231090448,49.308332439168524],[-123.06223342579999,49.30825332660196],[-123.06221230979116,49.308253060021286],[-123.06221287580435,49.308233869496355],[-123.06218352746717,49.308233499400146],[-123.0621857850031,49.3081569918661],[-123.06146557092381,49.30814789988504]]]]}},{"id":"10883","type":"Feature","properties":{"classification":"LOW_RISE_APARTMENT","classification_basis":"occupancy 'STRATA APT - LOW RISE'","BUILDING_NAME":null,"height_m":18.0,"year_built":"2019"},"geometry":{"type":"MultiPolygon","coordinates":[[[[-123.06306170623415,49.3083403328025],[-123.0630661499732,49.30816805016173],[-123.06299374580382,49.30816725130369],[-123.06299394239242,49.308159590939766],[-123.06250730892218,49.30815422331494],[-123.06250718564105,49.30815899350159],[-123.06236056690254,49.308157376227406],[-123.06235855232526,49.308235420902335],[-123.06232787922474,49.308235083040564],[-123.06232741627888,49.30825306006683],[-123.06230752608079,49.308252840516666],[-123.06230548392253,49.30833199250528],[-123.06306170623415,49.3083403328025]]]]}},{"id":"10984","type":"Feature","properties":{"classification":"LOW_RISE_APARTMENT","classification_basis":"occupancy 'APT-WITH ELEVATOR'","BUILDING_NAME":null,"height_m":19.0,"year_built":"2019"},"geometry":{"type":"MultiPolygon","coordinates":[[[[-123.06859752339936,49.30997414897245],[-123.06854687906015,49.30995220661257],[-123.06856014514486,49.30993911622322],[-123.06850655498353,49.30991589738478],[-123.06851127422651,49.30991124050586],[-123.06841535994617,49.30986968494419],[-123.0684177436118,49.309867332205485],[-123.06838175308557,49.309851738856324],[-123.06836453571856,49.30986872735461],[-123.06831962777068,49.30984927135395],[-123.06813872508773,49.31002777141388],[-123.06814468841283,49.31003035489776],[-123.06811825351173,49.31005643837435],[-123.06821245268759,49.310097250396694],[-123.0682226180476,49.310087220221355],[-123.06826445364878,49.31010534499522],[-123.0682532633764,49.310116385932794],[-123.06838171764464,49.310172038438544],[-123.06841256536775,49.31014160044528],[-123.06842316504947,49.31014619248164],[-123.06859752339936,49.30997414897245]]]]}},{"id":"10990","type":"Feature","properties":{"classification":"TOWNHOUSE_ROW","classification_basis":"unit count 4 (affordable-housing layer)","BUILDING_NAME":null,"height_m":null,"year_built":null},"geometry":{"type":"MultiPolygon","coordinates":[[[[-123.06939172797576,49.308539961235226],[-123.06919235620947,49.308734806539384],[-123.0694965190311,49.30886786445533],[-123.06969589013372,49.30867301863125],[-123.06939172797576,49.308539961235226]]]]}},{"id":"11241","type":"Feature","properties":{"classification":"HIGH_RISE_APARTMENT","classification_basis":"occupancy 'APT-CONCRETE HI-RISE'","BUILDING_NAME":null,"height_m":45.44,"year_built":"1969"},"geometry":{"type":"MultiPolygon","coordinates":[[[[-123.06995219263565,49.32157274605036],[-123.0693623146495,49.321566693445874],[-123.06935801664008,49.321745623231905],[-123.06936823830428,49.321745727737316],[-123.06936649747375,49.321818161035324],[-123.06934711233502,49.321817961283024],[-123.06934487105953,49.321911318413505],[-123.069888118368,49.32191689288884],[-123.06988835877524,49.32190688118218],[-123.0698998478664,49.32190699926635],[-123.06993483486382,49.32177294641136],[-123.06994739001816,49.32177280478644],[-123.06995219263565,49.32157274605036]]]]}},{"id":"11358","type":"Feature","properties":{"classification":"LOW_RISE_APARTMENT","classification_basis":"unit count 7 (affordable-housing layer)","BUILDING_NAME":null,"height_m":null,"year_built":null},"geometry":{"type":"MultiPolygon","coordinates":[[[[-123.09221055640266,49.31976758142031],[-123.09210520529749,49.31976761955019],[-123.0921052101335,49.3197731641368],[-123.09207899413178,49.31977317333237],[-123.09207898308468,49.319759129264135],[-123.09204543976615,49.31975914069147],[-123.09204545000877,49.31977201989263],[-123.09197543930648,49.319772045045134],[-123.09197545068167,49.31978554220994],[-123.09194768664766,49.319785552607634],[-123.0919475349656,49.319605036008504],[-123.09160842611351,49.319605156873635],[-123.09160848479269,49.31967536911813],[-123.09159883200574,49.319675372271234],[-123.09159890891615,49.3198607759749],[-123.09193430289416,49.31998707277318],[-123.0922107417243,49.31998697308507],[-123.09221055640266,49.31976758142031]]]]}},{"id":"11360","type":"Feature","properties":{"classification":"LOW_RISE_APARTMENT","classification_basis":"unit count 5 (affordable-housing layer)","BUILDING_NAME":null,"height_m":null,"year_built":null},"geometry":{"type":"MultiPolygon","coordinates":[[[[-123.08570680824688,49.31438444299778],[-123.08537128522481,49.31423821739908],[-123.08536272805554,49.314246609875724],[-123.08535126392476,49.31424161345459],[-123.0852335317993,49.31435707902137],[-123.08524624480161,49.314362619637556],[-123.08521863095474,49.31438970093852],[-123.08520335965035,49.31438304501081],[-123.08516293464525,49.31442269203836],[-123.08517926617662,49.31442980953943],[-123.08515627838597,49.31445235387228],[-123.0851663835342,49.31445675763574],[-123.08514056757623,49.31448207634711],[-123.08515108029373,49.314486657015614],[-123.08513986796153,49.31449765372143],[-123.08512978759165,49.31449326073159],[-123.08510491797692,49.31451765134032],[-123.08517844374266,49.31454969448053],[-123.08518930582206,49.31453904164303],[-123.08522400267653,49.314554162954295],[-123.08521488364484,49.31456310723503],[-123.08525692223704,49.31458142808604],[-123.08526622257607,49.314572307363804],[-123.08530085338559,49.31458739991624],[-123.08528980176987,49.314598239103105],[-123.08540646801583,49.31464908334704],[-123.08545111667702,49.31460529355638],[-123.0854201649325,49.31459180395973],[-123.08554434597103,49.31447001435863],[-123.08561713957411,49.31439862281228],[-123.08566921038512,49.314421315808126],[-123.08570680824688,49.31438444299778]]]]}},{"id":"11369","type":"Feature","properties":{"classification":"LOW_RISE_APARTMENT","classification_basis":"occupancy 'STRATA APT - LOW RISE'","BUILDING_NAME":null,"height_m":18.79,"year_built":"2019"},"geometry":{"type":"MultiPolygon","coordinates":[[[[-123.07929878650049,49.3141874186891],[-123.07924809173804,49.314237473557235],[-123.0792556257319,49.3142407345211],[-123.07961722949322,49.314398831673756],[-123.07962880371318,49.314387106649235],[-123.07964954674769,49.314395858105364],[-123.07963776786048,49.31440779106037],[-123.0797841657848,49.31446955856174],[-123.08012272120854,49.31462075008619],[-123.0801306419307,49.31461297820365],[-123.08015210157389,49.31462232544919],[-123.08021503040818,49.314560576129914],[-123.08019568149395,49.314552147632654],[-123.08020257467317,49.31454538391212],[-123.0802000701795,49.31454429364189],[-123.08022141182279,49.31452335167108],[-123.08022480576183,49.314524829013344],[-123.08035402149501,49.314398033908795],[-123.08034318302272,49.314393369375736],[-123.08037076053115,49.31436598792874],[-123.08013510002901,49.31426454442988],[-123.08013706710895,49.314262592023155],[-123.0801149992428,49.31425309227877],[-123.08011283435961,49.3142552436145],[-123.0799978042984,49.31420572686913],[-123.08000030298714,49.31420324608287],[-123.07997512491784,49.31419240729127],[-123.07997223061491,49.31419528143775],[-123.07985716503842,49.31414575018433],[-123.07985985642952,49.31414331694209],[-123.07983713036846,49.3141325717743],[-123.07983535427424,49.31413436752884],[-123.07971908711141,49.314085233652555],[-123.07972146367115,49.31408294815073],[-123.07969817144615,49.314072596433064],[-123.07969652296478,49.31407418161154],[-123.07954878960132,49.3140085263213],[-123.07952229842458,49.314037402715826],[-123.0794749089532,49.31401652704252],[-123.07929878650049,49.3141874186891]]]]}},{"id":"11632","type":"Feature","properties":{"classification":"TOWNHOUSE_ROW","classification_basis":"unit count 4 (affordable-housing layer)","BUILDING_NAME":null,"height_m":null,"year_built":null},"geometry":{"type":"MultiPolygon","coordinates":[[[[-123.09742411810869,49.32273816164071],[-123.09742502084946,49.32273816897535],[-123.09742528151372,49.322724512374876],[-123.09746528145102,49.322724837555306],[-123.09747114587286,49.322416397368045],[-123.09705486264356,49.32241301471505],[-123.09705427262448,49.32244398988412],[-123.09668652496852,49.32244100050075],[-123.09668559173319,49.322490078620774],[-123.09669423790827,49.32249014874552],[-123.09669019903237,49.32270239362198],[-123.09704674695082,49.322705291653314],[-123.09704646509324,49.3227201212335],[-123.0970707675244,49.322720318506775],[-123.09707065655981,49.32272617351911],[-123.09708460087293,49.322726286838844],[-123.09708442751331,49.322735401732594],[-123.09742411810869,49.32273816164071]]]]}},{"id":"11831","type":"Feature","properties":{"classification":"HIGH_RISE_APARTMENT","classification_basis":"occupancy 'APT-CONCRETE HI-RISE'","BUILDING_NAME":null,"height_m":54.0,"year_built":"2020"},"geometry":{"type":"MultiPolygon","coordinates":[[[[-123.07303064092358,49.320556774865175],[-123.07302229423351,49.32050539778924],[-123.07310397844812,49.32049851391123],[-123.07308001908024,49.32045280014754],[-123.07304823621938,49.32040917222643],[-123.07300904510295,49.320368200111346],[-123.07296295774752,49.320330419068476],[-123.07291057625912,49.32029632267415],[-123.07285258496681,49.32026635636705],[-123.07278974148245,49.32024091162919],[-123.07272286680326,49.320220320871975],[-123.0727432642795,49.320352375679384],[-123.07269982753594,49.32035240301018],[-123.07269550058177,49.32045804482282],[-123.0727451531092,49.320458554187994],[-123.07274343821386,49.32053632838752],[-123.07272598376683,49.320536331276394],[-123.07272761982705,49.320575538157065],[-123.07303064092358,49.320556774865175]]]]}},{"id":"11832","type":"Feature","properties":{"classification":"LOW_RISE_APARTMENT","classification_basis":"unit count 6 (affordable-housing layer)","BUILDING_NAME":null,"height_m":null,"year_built":null},"geometry":{"type":"MultiPolygon","coordinates":[[[[-123.071215007387,49.31879010382292],[-123.0712170501798,49.318686173864876],[-123.07119402569073,49.31868618805021],[-123.07119934129618,49.31857078819766],[-123.07122127078947,49.31857149159698],[-123.07122223446957,49.31847974708794],[-123.07074308692275,49.31847000686114],[-123.0707464604046,49.31852877800312],[-123.07076948448196,49.31852804744596],[-123.07076642829784,49.31869075122458],[-123.07074778909623,49.31869076263583],[-123.07074792359168,49.318784656748264],[-123.071215007387,49.31879010382292]]]]}}]}