{"type":"FeatureCollection","features":[{"id":"0","type":"Feature","properties":{"full_street_name":"BROOKSBANK AVE","ROADCLASS":"local","NOLANES":2.0,"ONEWAY":null},"geometry":{"type":"LineString","coordinates":[[-123.04057150485288,49.303372997920505],[-123.04057637232863,49.30616149039651],[-123.04049812563854,49.30720045522472]]}},{"id":"1","type":"Feature","properties":{"full_street_name":"COTTON RD","ROADCLASS":"Major","NOLANES":4.0,"ONEWAY":null},"geometry":{"type":"LineString","coordinates":[[-123.04049812563854,49.30720045522472],[-123.03836790049148,49.30673900029137]]}},{"id":"2","type":"Feature","properties":{"full_street_name":null,"ROADCLASS":"local","NOLANES":2.0,"ONEWAY":null},"geometry":{"type":"LineString","coordinates":[[-123.05254953204732,49.30800000990299],[-123.05226929036218,49.30735244901962],[-123.05230477017554,49.3071351316959],[-123.05248184822324,49.30700249721449],[-123.05386257107814,49.306469939032795]]}},{"id":"3","type":"Feature","properties":{"full_street_name":"COTTON RD","ROADCLASS":"Major","NOLANES":4.0,"ONEWAY":null},"geometry":{"type":"LineString","coordinates":[[-123.04368700495809,49.308053831604475],[-123.04049812563854,49.30720045522472]]}},{"id":"4","type":"Feature","properties":{"full_street_name":"BROOKSBANK AVE","ROADCLASS":"Minor","NOLANES":4.0,"ONEWAY":null},"geometry":{"type":"LineString","coordinates":[[-123.04049812563854,49.30720045522472],[-123.04044444089895,49.30831587165794]]}},{"id":"5","type":"Feature","properties":{"full_street_name":"COTTON RD","ROADCLASS":"Major","NOLANES":4.0,"ONEWAY":null},"geometry":{"type":"LineString","coordinates":[[-123.0440624119963,49.30816612826473],[-123.04368700495809,49.308053831604475]]}},{"id":"6","type":"Feature","properties":{"full_street_name":"LOW LEVEL RD","ROADCLASS":"Major","NOLANES":4.0,"ONEWAY":null},"geometry":{"type":"LineString","coordinates":[[-123.05254953204732,49.30800000990299],[-123.05168028686766,49.308139743534454],[-123.05027531454736,49.30825273517314],[-123.0495862700654,49.30827258919273],[-123.04836145034122,49.30824709789747]]}},{"id":"7","type":"Feature","properties":{"full_street_name":"COTTON RD","ROADCLASS":"Major","NOLANES":2.0,"ONEWAY":1.0},"geometry":{"type":"LineString","coordinates":[[-123.0458357147957,49.30823890676829],[-123.0447468691588,49.30822365091976],[-123.0440624119963,49.30816612826473]]}},{"id":"8","type":"Feature","properties":{"full_street_name":"LOW LEVEL RD","ROADCLASS":"Major","NOLANES":2.0,"ONEWAY":1.0},"geometry":{"type":"LineString","coordinates":[[-123.04836145034122,49.30824709789747],[-123.04726998597943,49.30819748466032],[-123.0458357147957,49.30823890676829]]}},{"id":"9","type":"Feature","properties":{"full_street_name":"E 3RD ST","ROADCLASS":"Major","NOLANES":4.0,"ONEWAY":null},"geometry":{"type":"LineString","coordinates":[[-123.04693439498797,49.30830087673772],[-123.04583571410782,49.30823890676856]]}},{"id":"10","type":"Feature","properties":{"full_street_name":"COTTON RD","ROADCLASS":"Major","NOLANES":4.0,"ONEWAY":null},"geometry":{"type":"LineString","coordinates":[[-123.04530653976727,49.30838010201787],[-123.04474751344513,49.30833884145941],[-123.0440624119963,49.30816612826473]]}},{"id":"11","type":"Feature","properties":{"full_street_name":"LOW LEVEL RD","ROADCLASS":"Major","NOLANES":4.0,"ONEWAY":null},"geometry":{"type":"LineString","coordinates":[[-123.04836145034122,49.30824709789747],[-123.04756241514397,49.3082543449631],[-123.04693439498797,49.30830087673772]]}},{"id":"12","type":"Feature","properties":{"full_street_name":"E 3RD ST","ROADCLASS":"local","NOLANES":2.0,"ONEWAY":null},"geometry":{"type":"LineString","coordinates":[[-123.04044444089895,49.30831587165794],[-123.03937353421288,49.30830724633709]]}},{"id":"13","type":"Feature","properties":{"full_street_name":"COTTON RD","ROADCLASS":"Major","NOLANES":2.0,"ONEWAY":1.0},"geometry":{"type":"LineString","coordinates":[[-123.04693439498797,49.30830087673772],[-123.04530653976727,49.30838010201787]]}},{"id":"14","type":"Feature","properties":{"full_street_name":"E 3RD ST","ROADCLASS":"Major","NOLANES":4.0,"ONEWAY":null},"geometry":{"type":"LineString","coordinates":[[-123.04822734088212,49.30842427352901],[-123.04693439498797,49.30830087673772]]}},{"id":"15","type":"Feature","properties":{"full_street_name":"E 3RD ST","ROADCLASS":"Major","NOLANES":4.0,"ONEWAY":null},"geometry":{"type":"LineString","coordinates":[[-123.0468848083629,49.30842624540823],[-123.04530653976727,49.30838010201787]]}},{"id":"16","type":"Feature","properties":{"full_street_name":"E 3RD ST","ROADCLASS":"Major","NOLANES":2.0,"ONEWAY":null},"geometry":{"type":"LineString","coordinates":[[-123.05012302435998,49.308421073748605],[-123.04885171464991,49.30842322331462]]}},{"id":"17","type":"Feature","properties":{"full_street_name":"E 3RD ST","ROADCLASS":"Major","NOLANES":2.0,"ONEWAY":null},"geometry":{"type":"LineString","coordinates":[[-123.04885171464991,49.30842322331462],[-123.04822734088212,49.30842427352901]]}},{"id":"18","type":"Feature","properties":{"full_street_name":"E 3RD ST","ROADCLASS":"Major","NOLANES":2.0,"ONEWAY":null},"geometry":{"type":"LineString","coordinates":[[-123.04822734088212,49.30842427352901],[-123.0468848083629,49.30842624540823]]}},{"id":"19","type":"Feature","properties":{"full_street_name":"HEYWOOD ST","ROADCLASS":"local","NOLANES":2.0,"ONEWAY":null},"geometry":{"type":"LineString","coordinates":[[-123.05012302435998,49.308421073748605],[-123.04969894295282,49.30868218504285]]}},{"id":"20","type":"Feature","properties":{"full_street_name":"HEYWOOD ST","ROADCLASS":"local","NOLANES":1.0,"ONEWAY":1.0},"geometry":{"type":"LineString","coordinates":[[-123.04969894295282,49.30868218504285],[-123.04970032765132,49.308612476658574],[-123.04963759847205,49.30856720367454],[-123.04885171464949,49.30842322286484]]}},{"id":"21","type":"Feature","properties":{"full_street_name":"GLADSTONE AVE","ROADCLASS":"local","NOLANES":2.0,"ONEWAY":null},"geometry":{"type":"LineString","coordinates":[[-123.04368700495809,49.308053831604475],[-123.04367322302022,49.308998326762236],[-123.04384883136426,49.309227635256015]]}},{"id":"22","type":"Feature","properties":{"full_street_name":"BROOKSBANK AVE","ROADCLASS":"Minor","NOLANES":4.0,"ONEWAY":null},"geometry":{"type":"LineString","coordinates":[[-123.04044444089895,49.30831587165794],[-123.04043278628214,49.30930983706593]]}},{"id":"23","type":"Feature","properties":{"full_street_name":"KENNARD AVE","ROADCLASS":"local","NOLANES":2.0,"ONEWAY":null},"geometry":{"type":"LineString","coordinates":[[-123.0468848083629,49.30842624540823],[-123.04683341236586,49.309338904376816]]}},{"id":"24","type":"Feature","properties":{"full_street_name":"HEYWOOD ST","ROADCLASS":"local","NOLANES":2.0,"ONEWAY":null},"geometry":{"type":"LineString","coordinates":[[-123.04969894295282,49.30868218504285],[-123.04866720362094,49.3093174183167]]}},{"id":"25","type":"Feature","properties":{"full_street_name":"E 4TH ST","ROADCLASS":"local","NOLANES":2.0,"ONEWAY":null},"geometry":{"type":"LineString","coordinates":[[-123.04683341236586,49.309338904376816],[-123.04418555117101,49.309335448600066],[-123.04395120192812,49.30928606563144],[-123.04384883136426,49.309227635256015]]}},{"id":"26","type":"Feature","properties":{"full_street_name":"E 4TH ST","ROADCLASS":"local","NOLANES":2.0,"ONEWAY":null},"geometry":{"type":"LineString","coordinates":[[-123.04043278628214,49.30930983706593],[-123.0391408681858,49.30928329643484]]}},{"id":"27","type":"Feature","properties":{"full_street_name":"E 4TH ST","ROADCLASS":"local","NOLANES":2.0,"ONEWAY":null},"geometry":{"type":"LineString","coordinates":[[-123.05205570794404,49.30943111808939],[-123.04882556167539,49.30937397093477],[-123.04866720362094,49.3093174183167]]}},{"id":"28","type":"Feature","properties":{"full_street_name":"E 4TH ST","ROADCLASS":"local","NOLANES":2.0,"ONEWAY":null},"geometry":{"type":"LineString","coordinates":[[-123.05445338256992,49.309452501967485],[-123.05205570794404,49.30943111808939]]}},{"id":"29","type":"Feature","properties":{"full_street_name":"HENDRY AVE","ROADCLASS":"local","NOLANES":2.0,"ONEWAY":null},"geometry":{"type":"LineString","coordinates":[[-123.05205570794404,49.30943111808939],[-123.05205498690623,49.309561548734166]]}},{"id":"30","type":"Feature","properties":{"full_street_name":"E 2ND ST","ROADCLASS":"local","NOLANES":2.0,"ONEWAY":null},"geometry":{"type":"LineString","coordinates":[[-123.0614629592578,49.3075375197305],[-123.06033750082726,49.30755610307793]]}},{"id":"31","type":"Feature","properties":{"full_street_name":"E 2ND ST","ROADCLASS":"local","NOLANES":2.0,"ONEWAY":null},"geometry":{"type":"LineString","coordinates":[[-123.06325009796241,49.307568038427746],[-123.0614629592578,49.3075375197305]]}},{"id":"32","type":"Feature","properties":{"full_street_name":"MOODY AVE","ROADCLASS":"local","NOLANES":2.0,"ONEWAY":null},"geometry":{"type":"LineString","coordinates":[[-123.06033750082726,49.30755610307793],[-123.0602573897247,49.308491638909395]]}},{"id":"33","type":"Feature","properties":{"full_street_name":"E 3RD ST","ROADCLASS":"Minor","NOLANES":2.0,"ONEWAY":null},"geometry":{"type":"LineString","coordinates":[[-123.0602573897247,49.308491638909395],[-123.05721316058997,49.30845720553583]]}},{"id":"34","type":"Feature","properties":{"full_street_name":"E 3RD ST","ROADCLASS":"Minor","NOLANES":2.0,"ONEWAY":null},"geometry":{"type":"LineString","coordinates":[[-123.0632465946195,49.30852602222021],[-123.0602573897247,49.308491638909395]]}},{"id":"35","type":"Feature","properties":{"full_street_name":"MOODY AVE","ROADCLASS":"local","NOLANES":2.0,"ONEWAY":null},"geometry":{"type":"LineString","coordinates":[[-123.0602573897247,49.308491638909395],[-123.06022165644943,49.309508107610604]]}},{"id":"36","type":"Feature","properties":{"full_street_name":"E 4TH ST","ROADCLASS":"local","NOLANES":2.0,"ONEWAY":null},"geometry":{"type":"LineString","coordinates":[[-123.06022165644943,49.309508107610604],[-123.05720661611232,49.30948715244733]]}},{"id":"37","type":"Feature","properties":{"full_street_name":"E 4TH ST","ROADCLASS":"local","NOLANES":2.0,"ONEWAY":null},"geometry":{"type":"LineString","coordinates":[[-123.06322424521866,49.30953798786016],[-123.06022165644943,49.309508107610604]]}},{"id":"38","type":"Feature","properties":{"full_street_name":"MOODY AVE","ROADCLASS":"local","NOLANES":2.0,"ONEWAY":null},"geometry":{"type":"LineString","coordinates":[[-123.06022165644943,49.309508107610604],[-123.06021386217436,49.31052006490156]]}},{"id":"39","type":"Feature","properties":{"full_street_name":"E 5TH ST","ROADCLASS":"local","NOLANES":2.0,"ONEWAY":null},"geometry":{"type":"LineString","coordinates":[[-123.06021386217436,49.31052006490156],[-123.05718068617088,49.310485624009424]]}},{"id":"40","type":"Feature","properties":{"full_street_name":"E 3RD ST","ROADCLASS":"Major","NOLANES":3.0,"ONEWAY":null},"geometry":{"type":"LineString","coordinates":[[-123.05721316058997,49.30845720553583],[-123.05462464011293,49.30842247747703],[-123.05012302435998,49.308421073748605]]}},{"id":"41","type":"Feature","properties":{"full_street_name":"QUEENSBURY AVE","ROADCLASS":"Minor","NOLANES":3.0,"ONEWAY":null},"geometry":{"type":"LineString","coordinates":[[-123.05721316058997,49.30845720553583],[-123.05720661611232,49.30948715244733]]}},{"id":"42","type":"Feature","properties":{"full_street_name":"E 4TH ST","ROADCLASS":"local","NOLANES":2.0,"ONEWAY":1.0},"geometry":{"type":"LineString","coordinates":[[-123.05720661611232,49.30948715244733],[-123.05445338256992,49.309452501967485]]}},{"id":"43","type":"Feature","properties":{"full_street_name":"SUTHERLAND AVE","ROADCLASS":"local","NOLANES":2.0,"ONEWAY":null},"geometry":{"type":"LineString","coordinates":[[-123.05445338256992,49.309452501967485],[-123.05441064542777,49.31046447352152]]}},{"id":"44","type":"Feature","properties":{"full_street_name":"QUEENSBURY AVE","ROADCLASS":"Minor","NOLANES":3.0,"ONEWAY":null},"geometry":{"type":"LineString","coordinates":[[-123.05720661611232,49.30948715244733],[-123.05718068617088,49.310485624009424]]}},{"id":"45","type":"Feature","properties":{"full_street_name":"E 5TH ST","ROADCLASS":"local","NOLANES":2.0,"ONEWAY":null},"geometry":{"type":"LineString","coordinates":[[-123.05718068617088,49.310485624009424],[-123.05441064542777,49.31046447352152]]}},{"id":"46","type":"Feature","properties":{"full_street_name":"SUTHERLAND AVE","ROADCLASS":"local","NOLANES":2.0,"ONEWAY":null},"geometry":{"type":"LineString","coordinates":[[-123.05441064542777,49.31046447352152],[-123.05438464362977,49.311449452518616]]}},{"id":"47","type":"Feature","properties":{"full_street_name":"QUEENSBURY AVE","ROADCLASS":"Minor","NOLANES":3.0,"ONEWAY":null},"geometry":{"type":"LineString","coordinates":[[-123.05718068617088,49.310485624009424],[-123.05716378452695,49.31148409182643]]}},{"id":"48","type":"Feature","properties":{"full_street_name":"E 6TH ST","ROADCLASS":"local","NOLANES":2.0,"ONEWAY":null},"geometry":{"type":"LineString","coordinates":[[-123.05716378452695,49.31148409182643],[-123.05438464362977,49.311449452518616]]}},{"id":"49","type":"Feature","properties":{"full_street_name":"SUTHERLAND AVE","ROADCLASS":"local","NOLANES":2.0,"ONEWAY":null},"geometry":{"type":"LineString","coordinates":[[-123.05438464362977,49.311449452518616],[-123.05436510687551,49.312447920991836]]}},{"id":"50","type":"Feature","properties":{"full_street_name":"BROOKSBANK AVE","ROADCLASS":"Minor","NOLANES":4.0,"ONEWAY":null},"geometry":{"type":"LineString","coordinates":[[-123.04043278628214,49.30930983706593],[-123.04039706046005,49.31030830918237]]}},{"id":"51","type":"Feature","properties":{"full_street_name":"HENDRY AVE","ROADCLASS":"local","NOLANES":2.0,"ONEWAY":null},"geometry":{"type":"LineString","coordinates":[[-123.05205498690623,49.309561548734166],[-123.05206322712407,49.31044756459057]]}},{"id":"52","type":"Feature","properties":{"full_street_name":"E 5TH ST","ROADCLASS":"local","NOLANES":2.0,"ONEWAY":null},"geometry":{"type":"LineString","coordinates":[[-123.04039706046005,49.31030830918237],[-123.03886393697758,49.310295343114646]]}},{"id":"53","type":"Feature","properties":{"full_street_name":"E 5TH ST","ROADCLASS":"local","NOLANES":2.0,"ONEWAY":null},"geometry":{"type":"LineString","coordinates":[[-123.05441064542777,49.31046447352152],[-123.05206322712407,49.31044756459057]]}},{"id":"54","type":"Feature","properties":{"full_street_name":"SHAVINGTON ST","ROADCLASS":"local","NOLANES":2.0,"ONEWAY":null},"geometry":{"type":"LineString","coordinates":[[-123.05205498690623,49.309561548734166],[-123.04766826473168,49.311519881388364]]}},{"id":"55","type":"Feature","properties":{"full_street_name":"HENDRY AVE","ROADCLASS":"local","NOLANES":2.0,"ONEWAY":null},"geometry":{"type":"LineString","coordinates":[[-123.05206322712407,49.31044756459057],[-123.05203996560238,49.31081187785962]]}},{"id":"56","type":"Feature","properties":{"full_street_name":"HENDRY AVE","ROADCLASS":"local","NOLANES":2.0,"ONEWAY":null},"geometry":{"type":"LineString","coordinates":[[-123.05203996560238,49.31081187785962],[-123.05202987170517,49.311432546367676]]}},{"id":"57","type":"Feature","properties":{"full_street_name":"HEYWOOD ST","ROADCLASS":"local","NOLANES":2.0,"ONEWAY":null},"geometry":{"type":"LineString","coordinates":[[-123.04866720362094,49.3093174183167],[-123.04709114787605,49.31046768777458],[-123.0411414819569,49.313155004822036],[-123.04111236888671,49.31330343566723]]}},{"id":"58","type":"Feature","properties":{"full_street_name":"E 6TH ST","ROADCLASS":"local","NOLANES":2.0,"ONEWAY":null},"geometry":{"type":"LineString","coordinates":[[-123.05438464362977,49.311449452518616],[-123.05202987170517,49.311432546367676]]}},{"id":"59","type":"Feature","properties":{"full_street_name":"CLOVERLEY ST","ROADCLASS":"local","NOLANES":2.0,"ONEWAY":null},"geometry":{"type":"LineString","coordinates":[[-123.05203996560238,49.31081187785962],[-123.0485173277863,49.31233358720068]]}},{"id":"60","type":"Feature","properties":{"full_street_name":"BROOKSBANK AVE","ROADCLASS":"Minor","NOLANES":4.0,"ONEWAY":null},"geometry":{"type":"LineString","coordinates":[[-123.04039706046005,49.31030830918237],[-123.0403442307515,49.31330174618378]]}},{"id":"61","type":"Feature","properties":{"full_street_name":"KENNARD AVE","ROADCLASS":"local","NOLANES":2.0,"ONEWAY":null},"geometry":{"type":"LineString","coordinates":[[-123.04766826473168,49.311519881388364],[-123.0485173277863,49.31233358720068]]}},{"id":"62","type":"Feature","properties":{"full_street_name":"HENDRY AVE","ROADCLASS":"local","NOLANES":2.0,"ONEWAY":null},"geometry":{"type":"LineString","coordinates":[[-123.05202987170517,49.311432546367676],[-123.05200726760259,49.3124220206926]]}},{"id":"63","type":"Feature","properties":{"full_street_name":"SHAVINGTON ST","ROADCLASS":"local","NOLANES":2.0,"ONEWAY":null},"geometry":{"type":"LineString","coordinates":[[-123.04766826473168,49.311519881388364],[-123.04360119901881,49.3133375200419]]}},{"id":"64","type":"Feature","properties":{"full_street_name":"E 7TH ST","ROADCLASS":"local","NOLANES":2.0,"ONEWAY":null},"geometry":{"type":"LineString","coordinates":[[-123.05436510687551,49.312447920991836],[-123.05200726760259,49.3124220206926]]}},{"id":"65","type":"Feature","properties":{"full_street_name":"CLOVERLEY ST","ROADCLASS":"local","NOLANES":2.0,"ONEWAY":null},"geometry":{"type":"LineString","coordinates":[[-123.0485173277863,49.31233358720068],[-123.04631096340428,49.31335993687078]]}},{"id":"66","type":"Feature","properties":{"full_street_name":"ADDERLEY ST","ROADCLASS":"local","NOLANES":2.0,"ONEWAY":null},"geometry":{"type":"LineString","coordinates":[[-123.05200726760259,49.3124220206926],[-123.05120283209232,49.312413384762756],[-123.04901496399086,49.31339480221883]]}},{"id":"67","type":"Feature","properties":{"full_street_name":"HENDRY AVE","ROADCLASS":"local","NOLANES":2.0,"ONEWAY":null},"geometry":{"type":"LineString","coordinates":[[-123.05200726760259,49.3124220206926],[-123.05197437372301,49.313429067698]]}},{"id":"68","type":"Feature","properties":{"full_street_name":"E 5TH ST","ROADCLASS":"local","NOLANES":2.0,"ONEWAY":null},"geometry":{"type":"LineString","coordinates":[[-123.06319458547225,49.3105499555161],[-123.06021386217436,49.31052006490156]]}},{"id":"69","type":"Feature","properties":{"full_street_name":"MOODY AVE","ROADCLASS":"local","NOLANES":2.0,"ONEWAY":null},"geometry":{"type":"LineString","coordinates":[[-123.06021386217436,49.31052006490156],[-123.06017895357292,49.311509546513065]]}},{"id":"70","type":"Feature","properties":{"full_street_name":"E 6TH ST","ROADCLASS":"local","NOLANES":2.0,"ONEWAY":null},"geometry":{"type":"LineString","coordinates":[[-123.06017895357292,49.311509546513065],[-123.05716378452695,49.31148409182643]]}},{"id":"71","type":"Feature","properties":{"full_street_name":"E 6TH ST","ROADCLASS":"local","NOLANES":2.0,"ONEWAY":null},"geometry":{"type":"LineString","coordinates":[[-123.06318251094892,49.31153043131991],[-123.06017895357292,49.311509546513065]]}},{"id":"72","type":"Feature","properties":{"full_street_name":"MOODY AVE","ROADCLASS":"local","NOLANES":2.0,"ONEWAY":null},"geometry":{"type":"LineString","coordinates":[[-123.06017895357292,49.311509546513065],[-123.06015566372169,49.31250801792393]]}},{"id":"73","type":"Feature","properties":{"full_street_name":"E 7TH ST","ROADCLASS":"local","NOLANES":2.0,"ONEWAY":null},"geometry":{"type":"LineString","coordinates":[[-123.06015566372169,49.31250801792393],[-123.05714301861337,49.31248705984165]]}},{"id":"74","type":"Feature","properties":{"full_street_name":"E 7TH ST","ROADCLASS":"local","NOLANES":2.0,"ONEWAY":null},"geometry":{"type":"LineString","coordinates":[[-123.06316916982553,49.312528898802945],[-123.06015566372169,49.31250801792393]]}},{"id":"75","type":"Feature","properties":{"full_street_name":"MOODY AVE","ROADCLASS":"local","NOLANES":2.0,"ONEWAY":null},"geometry":{"type":"LineString","coordinates":[[-123.06015566372169,49.31250801792393],[-123.06016596814524,49.31355594576679]]}},{"id":"76","type":"Feature","properties":{"full_street_name":"E KEITH RD","ROADCLASS":"Minor","NOLANES":2.0,"ONEWAY":null},"geometry":{"type":"LineString","coordinates":[[-123.06016596814524,49.31355594576679],[-123.05773366558317,49.31350771231892]]}},{"id":"77","type":"Feature","properties":{"full_street_name":"E KEITH RD","ROADCLASS":"Minor","NOLANES":2.0,"ONEWAY":null},"geometry":{"type":"LineString","coordinates":[[-123.0631146260222,49.31358585514168],[-123.06016596814524,49.31355594576679]]}},{"id":"78","type":"Feature","properties":{"full_street_name":"QUEENSBURY AVE","ROADCLASS":"Minor","NOLANES":3.0,"ONEWAY":null},"geometry":{"type":"LineString","coordinates":[[-123.05716378452695,49.31148409182643],[-123.05714301861337,49.31248705984165]]}},{"id":"79","type":"Feature","properties":{"full_street_name":"E 7TH ST","ROADCLASS":"local","NOLANES":2.0,"ONEWAY":null},"geometry":{"type":"LineString","coordinates":[[-123.05714301861337,49.31248705984165],[-123.05436510687551,49.312447920991836]]}},{"id":"80","type":"Feature","properties":{"full_street_name":"SUTHERLAND AVE","ROADCLASS":"local","NOLANES":2.0,"ONEWAY":null},"geometry":{"type":"LineString","coordinates":[[-123.05436510687551,49.312447920991836],[-123.05433269878314,49.313454742347595]]}},{"id":"81","type":"Feature","properties":{"full_street_name":"QUEENSBURY AVE","ROADCLASS":"Minor","NOLANES":3.0,"ONEWAY":null},"geometry":{"type":"LineString","coordinates":[[-123.05714301861337,49.31248705984165],[-123.05709903824962,49.31349453401426]]}},{"id":"82","type":"Feature","properties":{"full_street_name":"E KEITH RD","ROADCLASS":"Major","NOLANES":2.0,"ONEWAY":null},"geometry":{"type":"LineString","coordinates":[[-123.0565491331968,49.31349930285294],[-123.05478614565651,49.31346869038621]]}},{"id":"83","type":"Feature","properties":{"full_street_name":"E KEITH RD","ROADCLASS":"Major","NOLANES":3.0,"ONEWAY":null},"geometry":{"type":"LineString","coordinates":[[-123.05709903824962,49.31349453401426],[-123.0565491331968,49.31349930285294]]}},{"id":"84","type":"Feature","properties":{"full_street_name":"E KEITH RD","ROADCLASS":"Major","NOLANES":2.0,"ONEWAY":null},"geometry":{"type":"LineString","coordinates":[[-123.05773366558317,49.31350771231892],[-123.05709903824962,49.31349453401426]]}},{"id":"85","type":"Feature","properties":{"full_street_name":"SUTHERLAND AVE","ROADCLASS":"local","NOLANES":2.0,"ONEWAY":null},"geometry":{"type":"LineString","coordinates":[[-123.05478443134402,49.313582193582135],[-123.05477936540825,49.31458856541975]]}},{"id":"86","type":"Feature","properties":{"full_street_name":"E GRAND BLVD","ROADCLASS":"Major","NOLANES":2.0,"ONEWAY":null},"geometry":{"type":"LineString","coordinates":[[-123.0565491331968,49.31349930285294],[-123.05651944899115,49.31461021626177]]}},{"id":"87","type":"Feature","properties":{"full_street_name":"E 8TH ST","ROADCLASS":"local","NOLANES":2.0,"ONEWAY":null},"geometry":{"type":"LineString","coordinates":[[-123.05651944899115,49.31461021626177],[-123.05477936540825,49.31458856541975]]}},{"id":"88","type":"Feature","properties":{"full_street_name":"SUTHERLAND AVE","ROADCLASS":"local","NOLANES":2.0,"ONEWAY":null},"geometry":{"type":"LineString","coordinates":[[-123.05477936540825,49.31458856541975],[-123.05475469997036,49.315641120820956]]}},{"id":"89","type":"Feature","properties":{"full_street_name":"E GRAND BLVD","ROADCLASS":"Major","NOLANES":2.0,"ONEWAY":null},"geometry":{"type":"LineString","coordinates":[[-123.05651944899115,49.31461021626177],[-123.0565111835168,49.31565365375668]]}},{"id":"90","type":"Feature","properties":{"full_street_name":"E 9TH ST","ROADCLASS":"local","NOLANES":2.0,"ONEWAY":null},"geometry":{"type":"LineString","coordinates":[[-123.0565111835168,49.31565365375668],[-123.05475469997036,49.315641120820956]]}},{"id":"91","type":"Feature","properties":{"full_street_name":"E 9TH ST","ROADCLASS":"local","NOLANES":2.0,"ONEWAY":null},"geometry":{"type":"LineString","coordinates":[[-123.05768244162826,49.31566656780249],[-123.0565111835168,49.31565365375668]]}},{"id":"92","type":"Feature","properties":{"full_street_name":"SUTHERLAND AVE","ROADCLASS":"local","NOLANES":2.0,"ONEWAY":null},"geometry":{"type":"LineString","coordinates":[[-123.05475469997036,49.315641120820956],[-123.0547493716922,49.31590335202194]]}},{"id":"93","type":"Feature","properties":{"full_street_name":"E GRAND BLVD","ROADCLASS":"Major","NOLANES":2.0,"ONEWAY":null},"geometry":{"type":"LineString","coordinates":[[-123.0565111835168,49.31565365375668],[-123.05645904941149,49.316688118278435]]}},{"id":"94","type":"Feature","properties":{"full_street_name":"E 10TH ST","ROADCLASS":"local","NOLANES":2.0,"ONEWAY":null},"geometry":{"type":"LineString","coordinates":[[-123.05645904941149,49.316688118278435],[-123.05473775528812,49.31667238037062]]}},{"id":"95","type":"Feature","properties":{"full_street_name":"E GRAND BLVD","ROADCLASS":"Major","NOLANES":2.0,"ONEWAY":null},"geometry":{"type":"LineString","coordinates":[[-123.05645904941149,49.316688118278435],[-123.05646024212275,49.31773155167113]]}},{"id":"96","type":"Feature","properties":{"full_street_name":"E ST. DAVIDS AVE","ROADCLASS":"local","NOLANES":2.0,"ONEWAY":null},"geometry":{"type":"LineString","coordinates":[[-123.06629020211508,49.305848263405004],[-123.06611957413158,49.305875346568065]]}},{"id":"97","type":"Feature","properties":{"full_street_name":"E ST. DAVIDS AVE","ROADCLASS":"local","NOLANES":2.0,"ONEWAY":null},"geometry":{"type":"LineString","coordinates":[[-123.06611957413158,49.305875346568065],[-123.06612794074994,49.30657792276828]]}},{"id":"98","type":"Feature","properties":{"full_street_name":"E ST. DAVIDS AVE","ROADCLASS":"local","NOLANES":2.0,"ONEWAY":null},"geometry":{"type":"LineString","coordinates":[[-123.06612794074994,49.30657792276828],[-123.0661190207368,49.30674787524823]]}},{"id":"99","type":"Feature","properties":{"full_street_name":"E 1ST ST","ROADCLASS":"local","NOLANES":2.0,"ONEWAY":null},"geometry":{"type":"LineString","coordinates":[[-123.0661190207368,49.30674787524823],[-123.06318281634698,49.30672702997935],[-123.06154423146596,49.307209154015084],[-123.0614629592578,49.3075375197305]]}},{"id":"100","type":"Feature","properties":{"full_street_name":"ST. DAVIDS AVE","ROADCLASS":"local","NOLANES":2.0,"ONEWAY":null},"geometry":{"type":"LineString","coordinates":[[-123.0661190207368,49.30674787524823],[-123.06607628560909,49.307579949810275]]}},{"id":"101","type":"Feature","properties":{"full_street_name":"LOW LEVEL RD","ROADCLASS":"Major","NOLANES":4.0,"ONEWAY":null},"geometry":{"type":"LineString","coordinates":[[-123.07497665209809,49.30916523411239],[-123.07191776245244,49.307550702033794],[-123.06995679708835,49.306614010115574],[-123.06819423655486,49.30593700933778],[-123.0676206589785,49.30579922683135],[-123.06708478687686,49.3057340819627],[-123.06653990544574,49.305725112602765],[-123.065951022716,49.30577634298788],[-123.05978366566406,49.30664934104104],[-123.05768674859641,49.30701150517201],[-123.05254953204732,49.30800000990299]]}},{"id":"102","type":"Feature","properties":{"full_street_name":"E 2ND ST","ROADCLASS":"local","NOLANES":2.0,"ONEWAY":null},"geometry":{"type":"LineString","coordinates":[[-123.06607628560909,49.307579949810275],[-123.06325009796241,49.307568038427746]]}},{"id":"103","type":"Feature","properties":{"full_street_name":"RIDGEWAY AVE","ROADCLASS":"local","NOLANES":2.0,"ONEWAY":null},"geometry":{"type":"LineString","coordinates":[[-123.06325009796241,49.307568038427746],[-123.0632465946195,49.30852602222021]]}},{"id":"104","type":"Feature","properties":{"full_street_name":"ST. DAVIDS AVE","ROADCLASS":"local","NOLANES":2.0,"ONEWAY":null},"geometry":{"type":"LineString","coordinates":[[-123.06607628560909,49.307579949810275],[-123.06604635702415,49.308668378244754]]}},{"id":"105","type":"Feature","properties":{"full_street_name":"E 3RD ST","ROADCLASS":"Minor","NOLANES":2.0,"ONEWAY":null},"geometry":{"type":"LineString","coordinates":[[-123.06604635702415,49.308668378244754],[-123.06577211678224,49.30858283170526],[-123.06551124898752,49.308553006288825],[-123.0632465946195,49.30852602222021]]}},{"id":"106","type":"Feature","properties":{"full_street_name":"ALDER ST","ROADCLASS":"local","NOLANES":2.0,"ONEWAY":null},"geometry":{"type":"LineString","coordinates":[[-123.07005185052694,49.30746516919384],[-123.06629020211508,49.305848263405004]]}},{"id":"107","type":"Feature","properties":{"full_street_name":"E 1ST ST","ROADCLASS":"local","NOLANES":2.0,"ONEWAY":null},"geometry":{"type":"LineString","coordinates":[[-123.06956071594306,49.307942208043976],[-123.0665458640944,49.30663575413333],[-123.06638711148123,49.30659205396023],[-123.06612794074994,49.30657792276828]]}},{"id":"108","type":"Feature","properties":{"full_street_name":"ST. PATRICKS AVE","ROADCLASS":"local","NOLANES":2.0,"ONEWAY":null},"geometry":{"type":"LineString","coordinates":[[-123.0703386332565,49.30719064334694],[-123.07005185052694,49.30746516919384]]}},{"id":"109","type":"Feature","properties":{"full_street_name":"ST. PATRICKS AVE","ROADCLASS":"local","NOLANES":2.0,"ONEWAY":null},"geometry":{"type":"LineString","coordinates":[[-123.07005185052694,49.30746516919384],[-123.06956071594306,49.307942208043976]]}},{"id":"110","type":"Feature","properties":{"full_street_name":"E 2ND ST","ROADCLASS":"local","NOLANES":2.0,"ONEWAY":null},"geometry":{"type":"LineString","coordinates":[[-123.06878281879989,49.308725251259574],[-123.06607628560909,49.307579949810275]]}},{"id":"111","type":"Feature","properties":{"full_street_name":"ST. PATRICKS AVE","ROADCLASS":"local","NOLANES":2.0,"ONEWAY":null},"geometry":{"type":"LineString","coordinates":[[-123.06956071594306,49.307942208043976],[-123.06878281879989,49.308725251259574]]}},{"id":"112","type":"Feature","properties":{"full_street_name":"E 1ST ST","ROADCLASS":"local","NOLANES":2.0,"ONEWAY":null},"geometry":{"type":"LineString","coordinates":[[-123.07254961252309,49.309249162425466],[-123.06956071594306,49.307942208043976]]}},{"id":"113","type":"Feature","properties":{"full_street_name":"E 3RD ST","ROADCLASS":"Minor","NOLANES":2.0,"ONEWAY":null},"geometry":{"type":"LineString","coordinates":[[-123.06798639265475,49.30949480553202],[-123.06604635702415,49.308668378244754]]}},{"id":"114","type":"Feature","properties":{"full_street_name":"ST. PATRICKS AVE","ROADCLASS":"local","NOLANES":2.0,"ONEWAY":null},"geometry":{"type":"LineString","coordinates":[[-123.06878281879989,49.308725251259574],[-123.06798639265475,49.30949480553202]]}},{"id":"115","type":"Feature","properties":{"full_street_name":"E 2ND ST","ROADCLASS":"local","NOLANES":2.0,"ONEWAY":null},"geometry":{"type":"LineString","coordinates":[[-123.0717691692142,49.310036723833385],[-123.06878281879989,49.308725251259574]]}},{"id":"116","type":"Feature","properties":{"full_street_name":"RIDGEWAY AVE","ROADCLASS":"local","NOLANES":2.0,"ONEWAY":null},"geometry":{"type":"LineString","coordinates":[[-123.0632465946195,49.30852602222021],[-123.06322424521866,49.30953798786016]]}},{"id":"117","type":"Feature","properties":{"full_street_name":"ST. DAVIDS AVE","ROADCLASS":"local","NOLANES":2.0,"ONEWAY":null},"geometry":{"type":"LineString","coordinates":[[-123.06604635702415,49.308668378244754],[-123.06599834045885,49.30973432806567]]}},{"id":"118","type":"Feature","properties":{"full_street_name":"E 4TH ST","ROADCLASS":"local","NOLANES":2.0,"ONEWAY":null},"geometry":{"type":"LineString","coordinates":[[-123.06599834045885,49.30973432806567],[-123.06548693387593,49.30955921479859],[-123.06322424521866,49.30953798786016]]}},{"id":"119","type":"Feature","properties":{"full_street_name":"E 4TH ST","ROADCLASS":"local","NOLANES":2.0,"ONEWAY":null},"geometry":{"type":"LineString","coordinates":[[-123.0671994061637,49.310268847186144],[-123.06599834045885,49.30973432806567]]}},{"id":"120","type":"Feature","properties":{"full_street_name":"RIDGEWAY AVE","ROADCLASS":"local","NOLANES":2.0,"ONEWAY":null},"geometry":{"type":"LineString","coordinates":[[-123.06322424521866,49.30953798786016],[-123.06319458547225,49.3105499555161]]}},{"id":"121","type":"Feature","properties":{"full_street_name":"ST. DAVIDS AVE","ROADCLASS":"local","NOLANES":2.0,"ONEWAY":null},"geometry":{"type":"LineString","coordinates":[[-123.06599834045885,49.30973432806567],[-123.06599058229384,49.31100714449057]]}},{"id":"122","type":"Feature","properties":{"full_street_name":"E 5TH ST","ROADCLASS":"local","NOLANES":2.0,"ONEWAY":null},"geometry":{"type":"LineString","coordinates":[[-123.06599058229384,49.31100714449057],[-123.0649422735916,49.31057597204505],[-123.06319458547225,49.3105499555161]]}},{"id":"123","type":"Feature","properties":{"full_street_name":"RIDGEWAY AVE","ROADCLASS":"local","NOLANES":2.0,"ONEWAY":null},"geometry":{"type":"LineString","coordinates":[[-123.06319458547225,49.3105499555161],[-123.06318251094892,49.31153043131991]]}},{"id":"124","type":"Feature","properties":{"full_street_name":"ST. DAVIDS AVE","ROADCLASS":"local","NOLANES":2.0,"ONEWAY":null},"geometry":{"type":"LineString","coordinates":[[-123.06599058229384,49.31100714449057],[-123.06595481216536,49.312230503415975]]}},{"id":"125","type":"Feature","properties":{"full_street_name":"E 6TH ST","ROADCLASS":"local","NOLANES":2.0,"ONEWAY":null},"geometry":{"type":"LineString","coordinates":[[-123.06595481216536,49.312230503415975],[-123.06442765124083,49.31156572441165],[-123.06318251094892,49.31153043131991]]}},{"id":"126","type":"Feature","properties":{"full_street_name":"ST. PATRICKS AVE","ROADCLASS":"local","NOLANES":2.0,"ONEWAY":null},"geometry":{"type":"LineString","coordinates":[[-123.06798639265475,49.30949480553202],[-123.0671994061637,49.310268847186144]]}},{"id":"127","type":"Feature","properties":{"full_street_name":"E 3RD ST","ROADCLASS":"Minor","NOLANES":2.0,"ONEWAY":null},"geometry":{"type":"LineString","coordinates":[[-123.07100457032145,49.310797284733],[-123.06798639265475,49.30949480553202]]}},{"id":"128","type":"Feature","properties":{"full_street_name":"E 4TH ST","ROADCLASS":"local","NOLANES":2.0,"ONEWAY":null},"geometry":{"type":"LineString","coordinates":[[-123.07021246259092,49.31158034500958],[-123.0671994061637,49.310268847186144]]}},{"id":"129","type":"Feature","properties":{"full_street_name":"ST. ANDREWS AVE","ROADCLASS":"local","NOLANES":2.0,"ONEWAY":null},"geometry":{"type":"LineString","coordinates":[[-123.07100457032145,49.310797284733],[-123.07021246259092,49.31158034500958]]}},{"id":"130","type":"Feature","properties":{"full_street_name":"E 5TH ST","ROADCLASS":"local","NOLANES":2.0,"ONEWAY":null},"geometry":{"type":"LineString","coordinates":[[-123.069294895094,49.31243993362946],[-123.06599058229384,49.31100714449057]]}},{"id":"131","type":"Feature","properties":{"full_street_name":"ST. ANDREWS AVE","ROADCLASS":"local","NOLANES":2.0,"ONEWAY":null},"geometry":{"type":"LineString","coordinates":[[-123.07021246259092,49.31158034500958],[-123.069294895094,49.31243993362946]]}},{"id":"132","type":"Feature","properties":{"full_street_name":"E 6TH ST","ROADCLASS":"local","NOLANES":2.0,"ONEWAY":null},"geometry":{"type":"LineString","coordinates":[[-123.06844181946644,49.313321964473886],[-123.06595481216536,49.312230503415975]]}},{"id":"133","type":"Feature","properties":{"full_street_name":"ST. ANDREWS AVE","ROADCLASS":"local","NOLANES":2.0,"ONEWAY":null},"geometry":{"type":"LineString","coordinates":[[-123.069294895094,49.31243993362946],[-123.06844181946644,49.313321964473886]]}},{"id":"134","type":"Feature","properties":{"full_street_name":"E 5TH ST","ROADCLASS":"local","NOLANES":2.0,"ONEWAY":null},"geometry":{"type":"LineString","coordinates":[[-123.07232275803621,49.31375136709066],[-123.069294895094,49.31243993362946]]}},{"id":"135","type":"Feature","properties":{"full_street_name":"ST. ANDREWS AVE","ROADCLASS":"local","NOLANES":2.0,"ONEWAY":null},"geometry":{"type":"LineString","coordinates":[[-123.06844181946644,49.313321964473886],[-123.06756628033182,49.31415003126334]]}},{"id":"136","type":"Feature","properties":{"full_street_name":"RIDGEWAY AVE","ROADCLASS":"local","NOLANES":2.0,"ONEWAY":null},"geometry":{"type":"LineString","coordinates":[[-123.06318251094892,49.31153043131991],[-123.06316916982553,49.312528898802945]]}},{"id":"137","type":"Feature","properties":{"full_street_name":"ST. DAVIDS AVE","ROADCLASS":"local","NOLANES":2.0,"ONEWAY":null},"geometry":{"type":"LineString","coordinates":[[-123.06595481216536,49.312230503415975],[-123.0659363389458,49.31256333370192]]}},{"id":"138","type":"Feature","properties":{"full_street_name":"E 7TH ST","ROADCLASS":"local","NOLANES":2.0,"ONEWAY":null},"geometry":{"type":"LineString","coordinates":[[-123.0659363389458,49.31256333370192],[-123.06316916982553,49.312528898802945]]}},{"id":"139","type":"Feature","properties":{"full_street_name":"RIDGEWAY AVE","ROADCLASS":"local","NOLANES":2.0,"ONEWAY":null},"geometry":{"type":"LineString","coordinates":[[-123.06316916982553,49.312528898802945],[-123.0631146260222,49.31358585514168]]}},{"id":"140","type":"Feature","properties":{"full_street_name":"ST. DAVIDS AVE","ROADCLASS":"local","NOLANES":2.0,"ONEWAY":null},"geometry":{"type":"LineString","coordinates":[[-123.0659363389458,49.31256333370192],[-123.06591064989868,49.31361127977022]]}},{"id":"141","type":"Feature","properties":{"full_street_name":"E KEITH RD","ROADCLASS":"Minor","NOLANES":2.0,"ONEWAY":null},"geometry":{"type":"LineString","coordinates":[[-123.06320621254888,49.313590301752974],[-123.0631146260222,49.31358585514168]]}},{"id":"142","type":"Feature","properties":{"full_street_name":"E KEITH RD","ROADCLASS":"Minor","NOLANES":2.0,"ONEWAY":null},"geometry":{"type":"LineString","coordinates":[[-123.0655490535978,49.313606988759254],[-123.06320621254888,49.313590301752974]]}},{"id":"143","type":"Feature","properties":{"full_street_name":"E KEITH RD","ROADCLASS":"Minor","NOLANES":2.0,"ONEWAY":1.0},"geometry":{"type":"LineString","coordinates":[[-123.06591064989868,49.31361127977022],[-123.0655490535978,49.313606988759254]]}},{"id":"144","type":"Feature","properties":{"full_street_name":"RIDGEWAY AVE","ROADCLASS":"local","NOLANES":2.0,"ONEWAY":null},"geometry":{"type":"LineString","coordinates":[[-123.06320621254888,49.313590301752974],[-123.063201331604,49.31414350556288]]}},{"id":"145","type":"Feature","properties":{"full_street_name":"E KEITH RD","ROADCLASS":"Minor","NOLANES":1.0,"ONEWAY":1.0},"geometry":{"type":"LineString","coordinates":[[-123.06756628033182,49.31415003126334],[-123.0662864186928,49.31360206973204],[-123.06591064989868,49.31361127977022]]}},{"id":"146","type":"Feature","properties":{"full_street_name":"MOODY AVE","ROADCLASS":"local","NOLANES":2.0,"ONEWAY":null},"geometry":{"type":"LineString","coordinates":[[-123.06016596814524,49.31355594576679],[-123.06017222520876,49.31410464428672]]}},{"id":"147","type":"Feature","properties":{"full_street_name":"W GRAND BLVD","ROADCLASS":"collector","NOLANES":2.0,"ONEWAY":null},"geometry":{"type":"LineString","coordinates":[[-123.05773366558317,49.31350771231892],[-123.05771045926274,49.31462311946205]]}},{"id":"148","type":"Feature","properties":{"full_street_name":"LYON PL","ROADCLASS":"local","NOLANES":2.0,"ONEWAY":null},"geometry":{"type":"LineString","coordinates":[[-123.063201331604,49.31414350556288],[-123.06017222520876,49.31410464428672]]}},{"id":"149","type":"Feature","properties":{"full_street_name":"MOODY AVE","ROADCLASS":"local","NOLANES":2.0,"ONEWAY":null},"geometry":{"type":"LineString","coordinates":[[-123.06017222520876,49.31410464428672],[-123.0601690246129,49.3146533485777]]}},{"id":"150","type":"Feature","properties":{"full_street_name":"E 8TH ST","ROADCLASS":"local","NOLANES":2.0,"ONEWAY":null},"geometry":{"type":"LineString","coordinates":[[-123.0601690246129,49.3146533485777],[-123.05771045926274,49.31462311946205]]}},{"id":"151","type":"Feature","properties":{"full_street_name":"E 8TH ST","ROADCLASS":"local","NOLANES":2.0,"ONEWAY":null},"geometry":{"type":"LineString","coordinates":[[-123.06319041956526,49.31468771749246],[-123.0601690246129,49.3146533485777]]}},{"id":"152","type":"Feature","properties":{"full_street_name":"W GRAND BLVD","ROADCLASS":"collector","NOLANES":2.0,"ONEWAY":null},"geometry":{"type":"LineString","coordinates":[[-123.05771045926274,49.31462311946205],[-123.05768244162826,49.31566656780249]]}},{"id":"153","type":"Feature","properties":{"full_street_name":"MOODY AVE","ROADCLASS":"local","NOLANES":2.0,"ONEWAY":null},"geometry":{"type":"LineString","coordinates":[[-123.0601690246129,49.3146533485777],[-123.06014147585324,49.31568780214859]]}},{"id":"154","type":"Feature","properties":{"full_street_name":"E 9TH ST","ROADCLASS":"local","NOLANES":2.0,"ONEWAY":null},"geometry":{"type":"LineString","coordinates":[[-123.06014147585324,49.31568780214859],[-123.05768244162826,49.31566656780249]]}},{"id":"155","type":"Feature","properties":{"full_street_name":"E 9TH ST","ROADCLASS":"local","NOLANES":2.0,"ONEWAY":null},"geometry":{"type":"LineString","coordinates":[[-123.06315906362417,49.315722172967234],[-123.06014147585324,49.31568780214859]]}},{"id":"156","type":"Feature","properties":{"full_street_name":"E 6TH ST","ROADCLASS":"local","NOLANES":2.0,"ONEWAY":null},"geometry":{"type":"LineString","coordinates":[[-123.07143271758753,49.31461995025423],[-123.06844181946644,49.313321964473886]]}},{"id":"157","type":"Feature","properties":{"full_street_name":"ST. ANDREWS AVE","ROADCLASS":"local","NOLANES":2.0,"ONEWAY":null},"geometry":{"type":"LineString","coordinates":[[-123.06756628033182,49.31415003126334],[-123.06726037046015,49.314312121958054]]}},{"id":"158","type":"Feature","properties":{"full_street_name":"E KEITH RD","ROADCLASS":"Minor","NOLANES":1.0,"ONEWAY":1.0},"geometry":{"type":"LineString","coordinates":[[-123.07054174094755,49.31545704406621],[-123.06756628033182,49.31415003126334]]}},{"id":"159","type":"Feature","properties":{"full_street_name":"E KEITH RD","ROADCLASS":"Minor","NOLANES":1.0,"ONEWAY":1.0},"geometry":{"type":"LineString","coordinates":[[-123.07033477734078,49.315655062919554],[-123.06726037046015,49.314312121958054]]}},{"id":"160","type":"Feature","properties":{"full_street_name":"ST. GEORGES AVE","ROADCLASS":"Minor","NOLANES":2.0,"ONEWAY":null},"geometry":{"type":"LineString","coordinates":[[-123.07143271758753,49.31461995025423],[-123.07054174094755,49.31545704406621]]}},{"id":"161","type":"Feature","properties":{"full_street_name":"E 8TH ST","ROADCLASS":"local","NOLANES":2.0,"ONEWAY":null},"geometry":{"type":"LineString","coordinates":[[-123.06775853049822,49.31576004595748],[-123.06637492960017,49.31515817558398]]}},{"id":"162","type":"Feature","properties":{"full_street_name":"ST. GEORGES AVE","ROADCLASS":"Minor","NOLANES":2.0,"ONEWAY":null},"geometry":{"type":"LineString","coordinates":[[-123.07054174094755,49.31545704406621],[-123.07033477734078,49.315655062919554]]}},{"id":"163","type":"Feature","properties":{"full_street_name":"E KEITH RD","ROADCLASS":"Minor","NOLANES":1.0,"ONEWAY":1.0},"geometry":{"type":"LineString","coordinates":[[-123.07118965121867,49.31571750536692],[-123.07054174094755,49.31545704406621]]}},{"id":"164","type":"Feature","properties":{"full_street_name":"ST. GEORGES AVE","ROADCLASS":"Minor","NOLANES":2.0,"ONEWAY":null},"geometry":{"type":"LineString","coordinates":[[-123.07033477734078,49.315655062919554],[-123.06947472189886,49.31649212952719]]}},{"id":"165","type":"Feature","properties":{"full_street_name":"E 8TH ST","ROADCLASS":"local","NOLANES":2.0,"ONEWAY":null},"geometry":{"type":"LineString","coordinates":[[-123.06947472189886,49.31649212952719],[-123.06775853049822,49.31576004595748]]}},{"id":"166","type":"Feature","properties":{"full_street_name":"E KEITH RD","ROADCLASS":"Minor","NOLANES":1.0,"ONEWAY":1.0},"geometry":{"type":"LineString","coordinates":[[-123.06726037046015,49.314312121958054],[-123.06587079683514,49.31371024888046],[-123.0655490535978,49.313606988759254]]}},{"id":"167","type":"Feature","properties":{"full_street_name":"RIDGEWAY AVE","ROADCLASS":"local","NOLANES":2.0,"ONEWAY":null},"geometry":{"type":"LineString","coordinates":[[-123.063201331604,49.31414350556288],[-123.06319041956526,49.31468771749246]]}},{"id":"168","type":"Feature","properties":{"full_street_name":"ST. ANDREWS AVE","ROADCLASS":"local","NOLANES":2.0,"ONEWAY":null},"geometry":{"type":"LineString","coordinates":[[-123.06726037046015,49.314312121958054],[-123.06637492960017,49.31515817558398]]}},{"id":"169","type":"Feature","properties":{"full_street_name":"E 8TH ST","ROADCLASS":"local","NOLANES":null,"ONEWAY":null},"geometry":{"type":"LineString","coordinates":[[-123.06637492960017,49.31515817558398],[-123.0656916932324,49.3148212487988],[-123.0652899626372,49.31471353495074],[-123.06459895493515,49.314668947630125],[-123.06319041956526,49.31468771749246]]}},{"id":"170","type":"Feature","properties":{"full_street_name":"RIDGEWAY AVE","ROADCLASS":"local","NOLANES":2.0,"ONEWAY":null},"geometry":{"type":"LineString","coordinates":[[-123.06319041956526,49.31468771749246],[-123.06315906362417,49.315722172967234]]}},{"id":"171","type":"Feature","properties":{"full_street_name":"ST. ANDREWS AVE","ROADCLASS":"local","NOLANES":2.0,"ONEWAY":null},"geometry":{"type":"LineString","coordinates":[[-123.06637492960017,49.31515817558398],[-123.06626302725729,49.315396610575974],[-123.06624372654126,49.315751929009885]]}},{"id":"172","type":"Feature","properties":{"full_street_name":"E 9TH ST","ROADCLASS":"local","NOLANES":2.0,"ONEWAY":null},"geometry":{"type":"LineString","coordinates":[[-123.06624372654126,49.315751929009885],[-123.06315906362417,49.315722172967234]]}},{"id":"173","type":"Feature","properties":{"full_street_name":"E 9TH ST","ROADCLASS":"local","NOLANES":2.0,"ONEWAY":null},"geometry":{"type":"LineString","coordinates":[[-123.06775853049822,49.31576004595748],[-123.06624372654126,49.315751929009885]]}},{"id":"174","type":"Feature","properties":{"full_street_name":"RIDGEWAY AVE","ROADCLASS":"local","NOLANES":2.0,"ONEWAY":null},"geometry":{"type":"LineString","coordinates":[[-123.06315906362417,49.315722172967234],[-123.06314363500394,49.31677011402745]]}},{"id":"175","type":"Feature","properties":{"full_street_name":"ST. ANDREWS AVE","ROADCLASS":"local","NOLANES":2.0,"ONEWAY":null},"geometry":{"type":"LineString","coordinates":[[-123.06624372654126,49.315751929009885],[-123.0662156479928,49.31679452383791]]}},{"id":"176","type":"Feature","properties":{"full_street_name":"W GRAND BLVD","ROADCLASS":"collector","NOLANES":2.0,"ONEWAY":null},"geometry":{"type":"LineString","coordinates":[[-123.05768244162826,49.31566656780249],[-123.05765527616481,49.31670551796086]]}},{"id":"177","type":"Feature","properties":{"full_street_name":"MOODY AVE","ROADCLASS":"local","NOLANES":2.0,"ONEWAY":null},"geometry":{"type":"LineString","coordinates":[[-123.06014147585324,49.31568780214859],[-123.0601040480348,49.31673125578599]]}},{"id":"178","type":"Feature","properties":{"full_street_name":"E 10TH ST","ROADCLASS":"local","NOLANES":2.0,"ONEWAY":null},"geometry":{"type":"LineString","coordinates":[[-123.0601040480348,49.31673125578599],[-123.05765527616481,49.31670551796086]]}},{"id":"179","type":"Feature","properties":{"full_street_name":"E 10TH ST","ROADCLASS":"local","NOLANES":2.0,"ONEWAY":null},"geometry":{"type":"LineString","coordinates":[[-123.06314363500394,49.31677011402745],[-123.0601040480348,49.31673125578599]]}},{"id":"180","type":"Feature","properties":{"full_street_name":"W GRAND BLVD","ROADCLASS":"collector","NOLANES":2.0,"ONEWAY":null},"geometry":{"type":"LineString","coordinates":[[-123.05765527616481,49.31670551796086],[-123.05764057859166,49.317744462607024]]}},{"id":"181","type":"Feature","properties":{"full_street_name":"MOODY AVE","ROADCLASS":"local","NOLANES":2.0,"ONEWAY":null},"geometry":{"type":"LineString","coordinates":[[-123.0601040480348,49.31673125578599],[-123.06008597436148,49.31777919672112]]}},{"id":"182","type":"Feature","properties":{"full_street_name":"E 11TH ST","ROADCLASS":"local","NOLANES":2.0,"ONEWAY":null},"geometry":{"type":"LineString","coordinates":[[-123.06008597436148,49.31777919672112],[-123.05764057859166,49.317744462607024]]}},{"id":"183","type":"Feature","properties":{"full_street_name":"E 11TH ST","ROADCLASS":"local","NOLANES":2.0,"ONEWAY":null},"geometry":{"type":"LineString","coordinates":[[-123.06316173211184,49.31780903965877],[-123.06008597436148,49.31777919672112]]}},{"id":"184","type":"Feature","properties":{"full_street_name":"W GRAND BLVD","ROADCLASS":"collector","NOLANES":2.0,"ONEWAY":null},"geometry":{"type":"LineString","coordinates":[[-123.05764057859166,49.317744462607024],[-123.0575932071332,49.31878791911012]]}},{"id":"185","type":"Feature","properties":{"full_street_name":"MOODY AVE","ROADCLASS":"local","NOLANES":2.0,"ONEWAY":null},"geometry":{"type":"LineString","coordinates":[[-123.06008597436148,49.31777919672112],[-123.06004810357837,49.318813655072724]]}},{"id":"186","type":"Feature","properties":{"full_street_name":"ST. GEORGES AVE","ROADCLASS":"Minor","NOLANES":2.0,"ONEWAY":null},"geometry":{"type":"LineString","coordinates":[[-123.06947472189886,49.31649212952719],[-123.06928685177718,49.316820565149264]]}},{"id":"187","type":"Feature","properties":{"full_street_name":"E 10TH ST","ROADCLASS":"local","NOLANES":2.0,"ONEWAY":null},"geometry":{"type":"LineString","coordinates":[[-123.06928685177718,49.316820565149264],[-123.0662156479928,49.31679452383791]]}},{"id":"188","type":"Feature","properties":{"full_street_name":"E 10TH ST","ROADCLASS":"local","NOLANES":2.0,"ONEWAY":null},"geometry":{"type":"LineString","coordinates":[[-123.07021045715965,49.316824504416154],[-123.06928685177718,49.316820565149264]]}},{"id":"189","type":"Feature","properties":{"full_street_name":"E 8TH ST","ROADCLASS":"local","NOLANES":2.0,"ONEWAY":null},"geometry":{"type":"LineString","coordinates":[[-123.0720084906391,49.317601472493216],[-123.07021045715965,49.316824504416154]]}},{"id":"190","type":"Feature","properties":{"full_street_name":"ST. GEORGES AVE","ROADCLASS":"Minor","NOLANES":2.0,"ONEWAY":null},"geometry":{"type":"LineString","coordinates":[[-123.06928685177718,49.316820565149264],[-123.06932100602141,49.31787297287852]]}},{"id":"191","type":"Feature","properties":{"full_street_name":"E 11TH ST","ROADCLASS":"local","NOLANES":2.0,"ONEWAY":null},"geometry":{"type":"LineString","coordinates":[[-123.06932100602141,49.31787297287852],[-123.06619536183614,49.317843322438726]]}},{"id":"192","type":"Feature","properties":{"full_street_name":"E 11TH ST","ROADCLASS":"local","NOLANES":2.0,"ONEWAY":null},"geometry":{"type":"LineString","coordinates":[[-123.07253856762037,49.31783052017456],[-123.07226217527797,49.31789365915656],[-123.06932100602141,49.31787297287852]]}},{"id":"193","type":"Feature","properties":{"full_street_name":"ST. GEORGES AVE","ROADCLASS":"Minor","NOLANES":2.0,"ONEWAY":null},"geometry":{"type":"LineString","coordinates":[[-123.06932100602141,49.31787297287852],[-123.06926696968154,49.31889395127965]]}},{"id":"194","type":"Feature","properties":{"full_street_name":"E 12TH ST","ROADCLASS":"local","NOLANES":2.0,"ONEWAY":null},"geometry":{"type":"LineString","coordinates":[[-123.06926696968154,49.31889395127965],[-123.0661967482303,49.31887776032052]]}},{"id":"195","type":"Feature","properties":{"full_street_name":"E 12TH ST","ROADCLASS":"local","NOLANES":2.0,"ONEWAY":null},"geometry":{"type":"LineString","coordinates":[[-123.07243441256787,49.3189369851434],[-123.06926696968154,49.31889395127965]]}},{"id":"196","type":"Feature","properties":{"full_street_name":"E KEITH RD","ROADCLASS":"Major","NOLANES":4.0,"ONEWAY":null},"geometry":{"type":"LineString","coordinates":[[-123.04111236888671,49.31330343566723],[-123.04081933091848,49.31330697030586]]}},{"id":"197","type":"Feature","properties":{"full_street_name":"E KEITH RD","ROADCLASS":"Major","NOLANES":4.0,"ONEWAY":null},"geometry":{"type":"LineString","coordinates":[[-123.04246430398406,49.31332504305838],[-123.04111236888671,49.31330343566723]]}},{"id":"198","type":"Feature","properties":{"full_street_name":"E KEITH RD","ROADCLASS":"Major","NOLANES":3.0,"ONEWAY":null},"geometry":{"type":"LineString","coordinates":[[-123.04631096340428,49.31335993687078],[-123.04477510158611,49.31335039142629]]}},{"id":"199","type":"Feature","properties":{"full_street_name":"E KEITH RD","ROADCLASS":"Major","NOLANES":4.0,"ONEWAY":null},"geometry":{"type":"LineString","coordinates":[[-123.04901496399086,49.31339480221883],[-123.04631096340428,49.31335993687078]]}},{"id":"200","type":"Feature","properties":{"full_street_name":"E KEITH RD","ROADCLASS":"Major","NOLANES":2.0,"ONEWAY":null},"geometry":{"type":"LineString","coordinates":[[-123.05145387685849,49.31342339456699],[-123.04901496399086,49.31339480221883]]}},{"id":"201","type":"Feature","properties":{"full_street_name":"E 14TH ST","ROADCLASS":"local","NOLANES":2.0,"ONEWAY":null},"geometry":{"type":"LineString","coordinates":[[-123.05072292906665,49.320702601626564],[-123.04626922812672,49.32067298660727]]}},{"id":"202","type":"Feature","properties":{"full_street_name":"E 14TH ST","ROADCLASS":"local","NOLANES":2.0,"ONEWAY":null},"geometry":{"type":"LineString","coordinates":[[-123.0546877016509,49.3207277789494],[-123.05072292906665,49.320702601626564]]}},{"id":"203","type":"Feature","properties":{"full_street_name":"RUFUS AVE","ROADCLASS":"local","NOLANES":2.0,"ONEWAY":null},"geometry":{"type":"LineString","coordinates":[[-123.04626922812672,49.32067298660727],[-123.04627933247498,49.321819860489654]]}},{"id":"204","type":"Feature","properties":{"full_street_name":"WILLIAM AVE","ROADCLASS":"local","NOLANES":2.0,"ONEWAY":null},"geometry":{"type":"LineString","coordinates":[[-123.05072292906665,49.320702601626564],[-123.05070217039453,49.32184498931265]]}},{"id":"205","type":"Feature","properties":{"full_street_name":"E 11TH ST","ROADCLASS":"local","NOLANES":2.0,"ONEWAY":null},"geometry":{"type":"LineString","coordinates":[[-123.05646024212275,49.31773155167113],[-123.0547218774179,49.31772348814578]]}},{"id":"206","type":"Feature","properties":{"full_street_name":"E 11TH ST","ROADCLASS":"local","NOLANES":2.0,"ONEWAY":null},"geometry":{"type":"LineString","coordinates":[[-123.05764057859166,49.317744462607024],[-123.05646024212275,49.31773155167113]]}},{"id":"207","type":"Feature","properties":{"full_street_name":"E GRAND BLVD","ROADCLASS":"Major","NOLANES":2.0,"ONEWAY":null},"geometry":{"type":"LineString","coordinates":[[-123.05646024212275,49.31773155167113],[-123.0564373395595,49.31876150396603]]}},{"id":"208","type":"Feature","properties":{"full_street_name":"E 12TH ST","ROADCLASS":"local","NOLANES":2.0,"ONEWAY":null},"geometry":{"type":"LineString","coordinates":[[-123.0564373395595,49.31876150396603],[-123.05470627550142,49.31875628533065]]}},{"id":"209","type":"Feature","properties":{"full_street_name":"E GRAND BLVD","ROADCLASS":"Major","NOLANES":2.0,"ONEWAY":null},"geometry":{"type":"LineString","coordinates":[[-123.0564373395595,49.31876150396603],[-123.0564191962817,49.31981843999737]]}},{"id":"210","type":"Feature","properties":{"full_street_name":"E 13TH ST","ROADCLASS":"Minor","NOLANES":2.0,"ONEWAY":null},"geometry":{"type":"LineString","coordinates":[[-123.0564191962817,49.31981843999737],[-123.05469075330801,49.319783763217835]]}},{"id":"211","type":"Feature","properties":{"full_street_name":"E 13TH ST","ROADCLASS":"Minor","NOLANES":2.0,"ONEWAY":null},"geometry":{"type":"LineString","coordinates":[[-123.0575806636422,49.31983135895739],[-123.0564191962817,49.31981843999737]]}},{"id":"212","type":"Feature","properties":{"full_street_name":"SUTHERLAND AVE","ROADCLASS":"local","NOLANES":2.0,"ONEWAY":null},"geometry":{"type":"LineString","coordinates":[[-123.05468116375042,49.32041851463893],[-123.0546877016509,49.3207277789494]]}},{"id":"213","type":"Feature","properties":{"full_street_name":"E GRAND BLVD","ROADCLASS":"Major","NOLANES":2.0,"ONEWAY":null},"geometry":{"type":"LineString","coordinates":[[-123.0564191962817,49.31981843999737],[-123.056371781665,49.3208484029688]]}},{"id":"214","type":"Feature","properties":{"full_street_name":"SUTHERLAND AVE","ROADCLASS":"local","NOLANES":2.0,"ONEWAY":null},"geometry":{"type":"LineString","coordinates":[[-123.0546877016509,49.3207277789494],[-123.05467751073729,49.320844720263956]]}},{"id":"215","type":"Feature","properties":{"full_street_name":"E 14TH ST","ROADCLASS":"local","NOLANES":2.0,"ONEWAY":null},"geometry":{"type":"LineString","coordinates":[[-123.056371781665,49.3208484029688],[-123.05467751073729,49.320844720263956]]}},{"id":"216","type":"Feature","properties":{"full_street_name":"SUTHERLAND AVE","ROADCLASS":"local","NOLANES":2.0,"ONEWAY":null},"geometry":{"type":"LineString","coordinates":[[-123.05467751073729,49.320844720263956],[-123.05467005550776,49.32187916099435]]}},{"id":"217","type":"Feature","properties":{"full_street_name":"E GRAND BLVD","ROADCLASS":"Major","NOLANES":2.0,"ONEWAY":null},"geometry":{"type":"LineString","coordinates":[[-123.056371781665,49.3208484029688],[-123.05635896463912,49.32189465071392]]}},{"id":"218","type":"Feature","properties":{"full_street_name":"E 15TH ST","ROADCLASS":"local","NOLANES":2.0,"ONEWAY":null},"geometry":{"type":"LineString","coordinates":[[-123.05635896463912,49.32189465071392],[-123.05467005550776,49.32187916099435]]}},{"id":"219","type":"Feature","properties":{"full_street_name":"E 15TH ST","ROADCLASS":"collector","NOLANES":2.0,"ONEWAY":null},"geometry":{"type":"LineString","coordinates":[[-123.05752503735283,49.32191375662656],[-123.05635896463912,49.32189465071392]]}},{"id":"220","type":"Feature","properties":{"full_street_name":"SUTHERLAND AVE","ROADCLASS":"local","NOLANES":2.0,"ONEWAY":null},"geometry":{"type":"LineString","coordinates":[[-123.05467005550776,49.32187916099435],[-123.05464670294256,49.32292710262244]]}},{"id":"221","type":"Feature","properties":{"full_street_name":"E GRAND BLVD","ROADCLASS":"Major","NOLANES":2.0,"ONEWAY":null},"geometry":{"type":"LineString","coordinates":[[-123.05635896463912,49.32189465071392],[-123.05633205152184,49.3229372391807]]}},{"id":"222","type":"Feature","properties":{"full_street_name":"E 16TH ST","ROADCLASS":"local","NOLANES":2.0,"ONEWAY":null},"geometry":{"type":"LineString","coordinates":[[-123.05633205152184,49.3229372391807],[-123.05464670294256,49.32292710262244]]}},{"id":"223","type":"Feature","properties":{"full_street_name":"E 15TH ST","ROADCLASS":"local","NOLANES":2.0,"ONEWAY":null},"geometry":{"type":"LineString","coordinates":[[-123.05070217039453,49.32184498931265],[-123.04627933247498,49.321819860489654]]}},{"id":"224","type":"Feature","properties":{"full_street_name":"E 15TH ST","ROADCLASS":"local","NOLANES":2.0,"ONEWAY":null},"geometry":{"type":"LineString","coordinates":[[-123.05467005550776,49.32187916099435],[-123.05070217039453,49.32184498931265]]}},{"id":"225","type":"Feature","properties":{"full_street_name":"RUFUS AVE","ROADCLASS":"local","NOLANES":2.0,"ONEWAY":null},"geometry":{"type":"LineString","coordinates":[[-123.04627933247498,49.321819860489654],[-123.04623902701651,49.3228633087414]]}},{"id":"226","type":"Feature","properties":{"full_street_name":"WILLIAM AVE","ROADCLASS":"local","NOLANES":2.0,"ONEWAY":null},"geometry":{"type":"LineString","coordinates":[[-123.05070217039453,49.32184498931265],[-123.0507006660954,49.32289292055317]]}},{"id":"227","type":"Feature","properties":{"full_street_name":"RUFUS DR","ROADCLASS":"local","NOLANES":2.0,"ONEWAY":null},"geometry":{"type":"LineString","coordinates":[[-123.04090151119615,49.32282494972555],[-123.04157880348693,49.32293254253282]]}},{"id":"228","type":"Feature","properties":{"full_street_name":"E 16TH ST","ROADCLASS":"local","NOLANES":2.0,"ONEWAY":null},"geometry":{"type":"LineString","coordinates":[[-123.0507006660954,49.32289292055317],[-123.04623902701651,49.3228633087414]]}},{"id":"229","type":"Feature","properties":{"full_street_name":"E 16TH ST","ROADCLASS":"local","NOLANES":2.0,"ONEWAY":null},"geometry":{"type":"LineString","coordinates":[[-123.05464670294256,49.32292710262244],[-123.0507006660954,49.32289292055317]]}},{"id":"230","type":"Feature","properties":{"full_street_name":"RUFUS AVE","ROADCLASS":"local","NOLANES":2.0,"ONEWAY":null},"geometry":{"type":"LineString","coordinates":[[-123.04623902701651,49.3228633087414],[-123.04624342891658,49.32388874959047]]}},{"id":"231","type":"Feature","properties":{"full_street_name":"WILLIAM AVE","ROADCLASS":"local","NOLANES":2.0,"ONEWAY":null},"geometry":{"type":"LineString","coordinates":[[-123.0507006660954,49.32289292055317],[-123.05066087009202,49.32392287817353]]}},{"id":"232","type":"Feature","properties":{"full_street_name":"UPPER LEVELS HWY","ROADCLASS":"freeway","NOLANES":null,"ONEWAY":null},"geometry":{"type":"LineString","coordinates":[[-123.05075378557805,49.32687773023545],[-123.04655168566988,49.32562468177761],[-123.04516062063978,49.32487414309228],[-123.04479004341596,49.324541468280565],[-123.04436115707263,49.32392097115264],[-123.04165116166729,49.32052650989134]]}},{"id":"233","type":"Feature","properties":{"full_street_name":"SUTHERLAND AVE","ROADCLASS":"local","NOLANES":2.0,"ONEWAY":null},"geometry":{"type":"LineString","coordinates":[[-123.05464670294256,49.32292710262244],[-123.05465860442956,49.32396603227809]]}},{"id":"234","type":"Feature","properties":{"full_street_name":"E GRAND BLVD","ROADCLASS":"Major","NOLANES":2.0,"ONEWAY":null},"geometry":{"type":"LineString","coordinates":[[-123.05633205152184,49.3229372391807],[-123.05630783227654,49.323974235678875]]}},{"id":"235","type":"Feature","properties":{"full_street_name":"W GRAND BLVD","ROADCLASS":"collector","NOLANES":2.0,"ONEWAY":null},"geometry":{"type":"LineString","coordinates":[[-123.05750688620323,49.32294370512236],[-123.05748617361921,49.323991645824094]]}},{"id":"236","type":"Feature","properties":{"full_street_name":"E 17TH ST","ROADCLASS":"local","NOLANES":2.0,"ONEWAY":null},"geometry":{"type":"LineString","coordinates":[[-123.05630783227654,49.323974235678875],[-123.05465860442956,49.32396603227809]]}},{"id":"237","type":"Feature","properties":{"full_street_name":"E 17TH ST","ROADCLASS":"collector","NOLANES":2.0,"ONEWAY":null},"geometry":{"type":"LineString","coordinates":[[-123.05748617361921,49.323991645824094],[-123.05630783227654,49.323974235678875]]}},{"id":"238","type":"Feature","properties":{"full_street_name":"SUTHERLAND AVE","ROADCLASS":"local","NOLANES":2.0,"ONEWAY":null},"geometry":{"type":"LineString","coordinates":[[-123.05465860442956,49.32396603227809],[-123.05464341601298,49.32500947210969]]}},{"id":"239","type":"Feature","properties":{"full_street_name":"E GRAND BLVD","ROADCLASS":"Major","NOLANES":2.0,"ONEWAY":null},"geometry":{"type":"LineString","coordinates":[[-123.05630783227654,49.323974235678875],[-123.05626041654534,49.325008696313574]]}},{"id":"240","type":"Feature","properties":{"full_street_name":"W GRAND BLVD","ROADCLASS":"collector","NOLANES":2.0,"ONEWAY":null},"geometry":{"type":"LineString","coordinates":[[-123.05748617361921,49.323991645824094],[-123.05745126910818,49.32503959428581]]}},{"id":"241","type":"Feature","properties":{"full_street_name":"E 18TH ST","ROADCLASS":"local","NOLANES":2.0,"ONEWAY":null},"geometry":{"type":"LineString","coordinates":[[-123.05626041654534,49.325008696313574],[-123.05464341601298,49.32500947210969]]}},{"id":"242","type":"Feature","properties":{"full_street_name":"SUTHERLAND AVE","ROADCLASS":"local","NOLANES":2.0,"ONEWAY":null},"geometry":{"type":"LineString","coordinates":[[-123.05464341601298,49.32500947210969],[-123.05464068590597,49.326039413200924]]}},{"id":"243","type":"Feature","properties":{"full_street_name":"EASTVIEW RD","ROADCLASS":"local","NOLANES":2.0,"ONEWAY":null},"geometry":{"type":"LineString","coordinates":[[-123.04115595913493,49.323823210717705],[-123.04086536443522,49.3236674131916]]}},{"id":"244","type":"Feature","properties":{"full_street_name":"E 17TH ST","ROADCLASS":"local","NOLANES":2.0,"ONEWAY":null},"geometry":{"type":"LineString","coordinates":[[-123.05066087009202,49.32392287817353],[-123.04624342891658,49.32388874959047]]}},{"id":"245","type":"Feature","properties":{"full_street_name":"E 17TH ST","ROADCLASS":"local","NOLANES":2.0,"ONEWAY":null},"geometry":{"type":"LineString","coordinates":[[-123.05465860442956,49.32396603227809],[-123.05066087009202,49.32392287817353]]}},{"id":"246","type":"Feature","properties":{"full_street_name":"RUFUS DR","ROADCLASS":"local","NOLANES":2.0,"ONEWAY":null},"geometry":{"type":"LineString","coordinates":[[-123.04157880348693,49.32293254253282],[-123.04199271757118,49.32319325110699],[-123.04279428097733,49.32415543477567],[-123.04342309106778,49.32473988231869],[-123.04426531919789,49.325427687679614],[-123.04500329064302,49.325895148255476]]}},{"id":"247","type":"Feature","properties":{"full_street_name":"WILLIAM AVE","ROADCLASS":"local","NOLANES":2.0,"ONEWAY":null},"geometry":{"type":"LineString","coordinates":[[-123.05066087009202,49.32392287817353],[-123.05066323005812,49.324966309786774]]}},{"id":"248","type":"Feature","properties":{"full_street_name":"E 18TH ST","ROADCLASS":"local","NOLANES":2.0,"ONEWAY":null},"geometry":{"type":"LineString","coordinates":[[-123.05464341601298,49.32500947210969],[-123.05066323005812,49.324966309786774]]}},{"id":"249","type":"Feature","properties":{"full_street_name":"CEDAR VILLAGE CRES","ROADCLASS":"local","NOLANES":2.0,"ONEWAY":null},"geometry":{"type":"LineString","coordinates":[[-123.04500329064302,49.325895148255476],[-123.04463192954466,49.32612916502393],[-123.04429529596477,49.32624623090746],[-123.04276349821933,49.32635025152816],[-123.04211933797937,49.32644043912464]]}},{"id":"250","type":"Feature","properties":{"full_street_name":"CEDAR VILLAGE CL","ROADCLASS":"local","NOLANES":2.0,"ONEWAY":null},"geometry":{"type":"LineString","coordinates":[[-123.04211933797937,49.32644043912464],[-123.04192214267974,49.32617515519222],[-123.04168591716287,49.32603131893231],[-123.0413233064927,49.32595049318767],[-123.04077191121594,49.32594619146005]]}},{"id":"251","type":"Feature","properties":{"full_street_name":"RUFUS DR","ROADCLASS":"local","NOLANES":2.0,"ONEWAY":null},"geometry":{"type":"LineString","coordinates":[[-123.04500329064302,49.325895148255476],[-123.0456353165989,49.32618274384121],[-123.04608506080316,49.326533374521986]]}},{"id":"252","type":"Feature","properties":{"full_street_name":"CEDAR VILLAGE CRES","ROADCLASS":"local","NOLANES":2.0,"ONEWAY":null},"geometry":{"type":"LineString","coordinates":[[-123.04211933797937,49.32644043912464],[-123.04175140102437,49.32667444536609],[-123.04131346563817,49.32722013005769]]}},{"id":"253","type":"Feature","properties":{"full_street_name":"E 18TH ST","ROADCLASS":"local","NOLANES":2.0,"ONEWAY":null},"geometry":{"type":"LineString","coordinates":[[-123.05989141280364,49.32505634581351],[-123.05745126910818,49.32503959428581]]}},{"id":"254","type":"Feature","properties":{"full_street_name":"E 18TH ST","ROADCLASS":"local","NOLANES":2.0,"ONEWAY":null},"geometry":{"type":"LineString","coordinates":[[-123.06159057665528,49.325073443057875],[-123.05989141280364,49.32505634581351]]}},{"id":"255","type":"Feature","properties":{"full_street_name":"E 18TH ST","ROADCLASS":"local","NOLANES":2.0,"ONEWAY":null},"geometry":{"type":"LineString","coordinates":[[-123.06295257824512,49.3250906976577],[-123.0621956725385,49.32508211413458]]}},{"id":"256","type":"Feature","properties":{"full_street_name":"MOODY AVE","ROADCLASS":"local","NOLANES":2.0,"ONEWAY":null},"geometry":{"type":"LineString","coordinates":[[-123.05989141280364,49.32505634581351],[-123.05987589574332,49.326090791212664]]}},{"id":"257","type":"Feature","properties":{"full_street_name":"E 19TH ST","ROADCLASS":"Minor","NOLANES":2.0,"ONEWAY":null},"geometry":{"type":"LineString","coordinates":[[-123.05987589574332,49.326090791212664],[-123.05753117337098,49.326073991895946]]}},{"id":"258","type":"Feature","properties":{"full_street_name":"E 19TH ST","ROADCLASS":"collector","NOLANES":2.0,"ONEWAY":null},"geometry":{"type":"LineString","coordinates":[[-123.06295219538816,49.32613862878793],[-123.05987589574332,49.326090791212664]]}},{"id":"259","type":"Feature","properties":{"full_street_name":"QUEENSBURY AVE","ROADCLASS":"local","NOLANES":2.0,"ONEWAY":null},"geometry":{"type":"LineString","coordinates":[[-123.05753117337098,49.326073991895946],[-123.05753107340446,49.32709493555859]]}},{"id":"260","type":"Feature","properties":{"full_street_name":"MOODY AVE","ROADCLASS":"local","NOLANES":2.0,"ONEWAY":null},"geometry":{"type":"LineString","coordinates":[[-123.05987589574332,49.326090791212664],[-123.05984788348782,49.32710725178465]]}},{"id":"261","type":"Feature","properties":{"full_street_name":"E 20TH ST","ROADCLASS":"local","NOLANES":2.0,"ONEWAY":null},"geometry":{"type":"LineString","coordinates":[[-123.05984788348782,49.32710725178465],[-123.05753107340446,49.32709493555859]]}},{"id":"262","type":"Feature","properties":{"full_street_name":"E 20TH ST","ROADCLASS":"local","NOLANES":2.0,"ONEWAY":null},"geometry":{"type":"LineString","coordinates":[[-123.06092007387741,49.327124681838036],[-123.05984788348782,49.32710725178465]]}},{"id":"263","type":"Feature","properties":{"full_street_name":"E GRAND BLVD","ROADCLASS":"Major","NOLANES":2.0,"ONEWAY":null},"geometry":{"type":"LineString","coordinates":[[-123.05626041654534,49.325008696313574],[-123.05625216453886,49.32607012300817]]}},{"id":"264","type":"Feature","properties":{"full_street_name":"W GRAND BLVD","ROADCLASS":"collector","NOLANES":2.0,"ONEWAY":null},"geometry":{"type":"LineString","coordinates":[[-123.05745126910818,49.32503959428581],[-123.05742408856455,49.32607404514907]]}},{"id":"265","type":"Feature","properties":{"full_street_name":"E 19TH ST","ROADCLASS":"local","NOLANES":2.0,"ONEWAY":null},"geometry":{"type":"LineString","coordinates":[[-123.05625216453886,49.32607012300817],[-123.05464068590597,49.326039413200924]]}},{"id":"266","type":"Feature","properties":{"full_street_name":"E 19TH ST","ROADCLASS":"Minor","NOLANES":2.0,"ONEWAY":null},"geometry":{"type":"LineString","coordinates":[[-123.05742408856455,49.32607404514907],[-123.05625216453886,49.32607012300817]]}},{"id":"267","type":"Feature","properties":{"full_street_name":"E 19TH ST","ROADCLASS":"Minor","NOLANES":null,"ONEWAY":null},"geometry":{"type":"LineString","coordinates":[[-123.05753117337098,49.326073991895946],[-123.05742408856455,49.32607404514907]]}},{"id":"268","type":"Feature","properties":{"full_street_name":"SUTHERLAND AVE","ROADCLASS":"local","NOLANES":2.0,"ONEWAY":null},"geometry":{"type":"LineString","coordinates":[[-123.05464068590597,49.326039413200924],[-123.0546007825449,49.32728975174292]]}},{"id":"269","type":"Feature","properties":{"full_street_name":"BOULEVARD CRES","ROADCLASS":"Major","NOLANES":2.0,"ONEWAY":null},"geometry":{"type":"LineString","coordinates":[[-123.05625216453886,49.32607012300817],[-123.056131883889,49.32656940988075],[-123.05589516057937,49.32716320155749],[-123.05544028320246,49.327671644945845],[-123.05503293694714,49.328000160008635]]}},{"id":"270","type":"Feature","properties":{"full_street_name":"UPPER LEVELS RAMP","ROADCLASS":"ramp","NOLANES":1.0,"ONEWAY":null},"geometry":{"type":"LineString","coordinates":[[-123.05456197462343,49.32758660851572],[-123.05432048390952,49.327388829967894],[-123.05389931479087,49.32727209078175]]}},{"id":"271","type":"Feature","properties":{"full_street_name":"UPPER LEVELS RAMP","ROADCLASS":"local","NOLANES":2.0,"ONEWAY":null},"geometry":{"type":"LineString","coordinates":[[-123.05456197462343,49.32758660851572],[-123.05503293694714,49.328000160008635]]}},{"id":"272","type":"Feature","properties":{"full_street_name":"UPPER LEVELS RAMP","ROADCLASS":"collector","NOLANES":1.0,"ONEWAY":null},"geometry":{"type":"LineString","coordinates":[[-123.05456197462343,49.32758660851572],[-123.05461222495134,49.328301696422265]]}},{"id":"273","type":"Feature","properties":{"full_street_name":"E 20TH ST","ROADCLASS":"local","NOLANES":2.0,"ONEWAY":null},"geometry":{"type":"LineString","coordinates":[[-123.06289886006589,49.327146109683795],[-123.0621354710979,49.32713752749408]]}},{"id":"274","type":"Feature","properties":{"full_street_name":"QUEENSBURY AVE","ROADCLASS":"local","NOLANES":2.0,"ONEWAY":null},"geometry":{"type":"LineString","coordinates":[[-123.05753107340446,49.32709493555859],[-123.0575293041609,49.32816085628737]]}},{"id":"275","type":"Feature","properties":{"full_street_name":"MOODY AVE","ROADCLASS":"local","NOLANES":2.0,"ONEWAY":null},"geometry":{"type":"LineString","coordinates":[[-123.05984788348782,49.32710725178465],[-123.05981260163688,49.32815969724553]]}},{"id":"276","type":"Feature","properties":{"full_street_name":"GRAND BLVD","ROADCLASS":"collector","NOLANES":2.0,"ONEWAY":null},"geometry":{"type":"LineString","coordinates":[[-123.05987589574332,49.326090791212664],[-123.0605306325825,49.3262388685316],[-123.06116124892249,49.32670178451366],[-123.06138672296875,49.32714242514485],[-123.06180563907925,49.32819462908877],[-123.06200180485527,49.32926044458166],[-123.0619528851228,49.33003404861308],[-123.06207215264884,49.3301374282787]]}},{"id":"277","type":"Feature","properties":{"full_street_name":"E 21ST ST","ROADCLASS":"local","NOLANES":2.0,"ONEWAY":null},"geometry":{"type":"LineString","coordinates":[[-123.05981260163688,49.32815969724553],[-123.0575293041609,49.32816085628737]]}},{"id":"278","type":"Feature","properties":{"full_street_name":"E 21ST ST","ROADCLASS":"local","NOLANES":2.0,"ONEWAY":null},"geometry":{"type":"LineString","coordinates":[[-123.06084198892704,49.328181977837666],[-123.05981260163688,49.32815969724553]]}},{"id":"279","type":"Feature","properties":{"full_street_name":"MOODY AVE","ROADCLASS":"local","NOLANES":2.0,"ONEWAY":null},"geometry":{"type":"LineString","coordinates":[[-123.05981260163688,49.32815969724553],[-123.0597938424014,49.32864994096716]]}},{"id":"280","type":"Feature","properties":{"full_street_name":"MOODY AVE","ROADCLASS":"local","NOLANES":2.0,"ONEWAY":null},"geometry":{"type":"LineString","coordinates":[[-123.0597938424014,49.32864994096716],[-123.05977718354481,49.32909970469945]]}},{"id":"281","type":"Feature","properties":{"full_street_name":"E 22ND ST","ROADCLASS":"local","NOLANES":2.0,"ONEWAY":null},"geometry":{"type":"LineString","coordinates":[[-123.05977718354481,49.32909970469945],[-123.05749210652877,49.3290873703685]]}},{"id":"282","type":"Feature","properties":{"full_street_name":"RIDGEWAY AVE","ROADCLASS":"local","NOLANES":2.0,"ONEWAY":null},"geometry":{"type":"LineString","coordinates":[[-123.06286057490296,49.32916553125003],[-123.06281107746,49.33015052263555]]}},{"id":"283","type":"Feature","properties":{"full_street_name":"E 21ST ST","ROADCLASS":"local","NOLANES":2.0,"ONEWAY":null},"geometry":{"type":"LineString","coordinates":[[-123.05638312001233,49.3281434308992],[-123.05542144539326,49.3281304033708],[-123.05521840229103,49.32809002258696],[-123.05503293694714,49.328000160008635]]}},{"id":"284","type":"Feature","properties":{"full_street_name":"BOULEVARD CRES","ROADCLASS":"Major","NOLANES":2.0,"ONEWAY":null},"geometry":{"type":"LineString","coordinates":[[-123.05503293694714,49.328000160008635],[-123.05461222495134,49.328301696422265]]}},{"id":"285","type":"Feature","properties":{"full_street_name":"E 21ST ST","ROADCLASS":"local","NOLANES":null,"ONEWAY":null},"geometry":{"type":"LineString","coordinates":[[-123.05752930553716,49.32816085628668],[-123.05668590684132,49.328152277899484]]}},{"id":"286","type":"Feature","properties":{"full_street_name":"BOULEVARD CRES","ROADCLASS":"Major","NOLANES":2.0,"ONEWAY":null},"geometry":{"type":"LineString","coordinates":[[-123.05461222495134,49.328301696422265],[-123.05355652495034,49.32883739812813]]}},{"id":"287","type":"Feature","properties":{"full_street_name":"QUEENSBURY AVE","ROADCLASS":"local","NOLANES":2.0,"ONEWAY":null},"geometry":{"type":"LineString","coordinates":[[-123.0575293041609,49.32816085628737],[-123.05749210652877,49.3290873703685]]}},{"id":"288","type":"Feature","properties":{"full_street_name":"SUTHERLAND AVE","ROADCLASS":"local","NOLANES":2.0,"ONEWAY":null},"geometry":{"type":"LineString","coordinates":[[-123.05461222495134,49.328301696422265],[-123.05459585581661,49.329057292764816]]}},{"id":"289","type":"Feature","properties":{"full_street_name":"E 22ND ST","ROADCLASS":"local","NOLANES":2.0,"ONEWAY":null},"geometry":{"type":"LineString","coordinates":[[-123.05749210652877,49.3290873703685],[-123.05459585581661,49.329057292764816]]}},{"id":"290","type":"Feature","properties":{"full_street_name":"SUTHERLAND AVE","ROADCLASS":"local","NOLANES":null,"ONEWAY":null},"geometry":{"type":"LineString","coordinates":[[-123.05459585581661,49.329057292764816],[-123.05457813516135,49.32936763124162]]}},{"id":"291","type":"Feature","properties":{"full_street_name":"QUEENSBURY AVE","ROADCLASS":"local","NOLANES":2.0,"ONEWAY":null},"geometry":{"type":"LineString","coordinates":[[-123.05749210652877,49.3290873703685],[-123.05749241028862,49.32934822816716]]}},{"id":"292","type":"Feature","properties":{"full_street_name":"WILDING WAY","ROADCLASS":"local","NOLANES":2.0,"ONEWAY":null},"geometry":{"type":"LineString","coordinates":[[-123.05377386736544,49.33055536148322],[-123.05375781048721,49.331212012080734]]}},{"id":"293","type":"Feature","properties":{"full_street_name":"E 10TH ST","ROADCLASS":"local","NOLANES":2.0,"ONEWAY":null},"geometry":{"type":"LineString","coordinates":[[-123.0662156479928,49.31679452383791],[-123.06314363500394,49.31677011402745]]}},{"id":"294","type":"Feature","properties":{"full_street_name":"RIDGEWAY AVE","ROADCLASS":"local","NOLANES":2.0,"ONEWAY":null},"geometry":{"type":"LineString","coordinates":[[-123.06314363500394,49.31677011402745],[-123.06316173211184,49.31780903965877]]}},{"id":"295","type":"Feature","properties":{"full_street_name":"ST. ANDREWS AVE","ROADCLASS":"local","NOLANES":2.0,"ONEWAY":null},"geometry":{"type":"LineString","coordinates":[[-123.0662156479928,49.31679452383791],[-123.06619536183614,49.317843322438726]]}},{"id":"296","type":"Feature","properties":{"full_street_name":"E 11TH ST","ROADCLASS":"local","NOLANES":2.0,"ONEWAY":null},"geometry":{"type":"LineString","coordinates":[[-123.06619536183614,49.317843322438726],[-123.06316173211184,49.31780903965877]]}},{"id":"297","type":"Feature","properties":{"full_street_name":"RIDGEWAY AVE","ROADCLASS":"local","NOLANES":2.0,"ONEWAY":null},"geometry":{"type":"LineString","coordinates":[[-123.06316173211184,49.31780903965877],[-123.06309338360381,49.3188345205457]]}},{"id":"298","type":"Feature","properties":{"full_street_name":"ST. ANDREWS AVE","ROADCLASS":"local","NOLANES":2.0,"ONEWAY":null},"geometry":{"type":"LineString","coordinates":[[-123.06619536183614,49.317843322438726],[-123.0661967482303,49.31887776032052]]}},{"id":"299","type":"Feature","properties":{"full_street_name":"E 12TH ST","ROADCLASS":"local","NOLANES":2.0,"ONEWAY":null},"geometry":{"type":"LineString","coordinates":[[-123.0661967482303,49.31887776032052],[-123.06309338360381,49.3188345205457]]}},{"id":"300","type":"Feature","properties":{"full_street_name":"RIDGEWAY AVE","ROADCLASS":"local","NOLANES":2.0,"ONEWAY":null},"geometry":{"type":"LineString","coordinates":[[-123.06309338360381,49.3188345205457],[-123.06307020678804,49.31987796769982]]}},{"id":"301","type":"Feature","properties":{"full_street_name":"ST. ANDREWS AVE","ROADCLASS":"local","NOLANES":2.0,"ONEWAY":null},"geometry":{"type":"LineString","coordinates":[[-123.0661967482303,49.31887776032052],[-123.06614524899418,49.319916725853545]]}},{"id":"302","type":"Feature","properties":{"full_street_name":"E 13TH ST","ROADCLASS":"Minor","NOLANES":2.0,"ONEWAY":null},"geometry":{"type":"LineString","coordinates":[[-123.06614524899418,49.319916725853545],[-123.06307020678804,49.31987796769982]]}},{"id":"303","type":"Feature","properties":{"full_street_name":"E 12TH ST","ROADCLASS":"local","NOLANES":2.0,"ONEWAY":null},"geometry":{"type":"LineString","coordinates":[[-123.06004810357837,49.318813655072724],[-123.0575932071332,49.31878791911012]]}},{"id":"304","type":"Feature","properties":{"full_street_name":"E 12TH ST","ROADCLASS":"local","NOLANES":2.0,"ONEWAY":null},"geometry":{"type":"LineString","coordinates":[[-123.06309338360381,49.3188345205457],[-123.06004810357837,49.318813655072724]]}},{"id":"305","type":"Feature","properties":{"full_street_name":"W GRAND BLVD","ROADCLASS":"collector","NOLANES":2.0,"ONEWAY":null},"geometry":{"type":"LineString","coordinates":[[-123.0575932071332,49.31878791911012],[-123.0575806636422,49.31983135895739]]}},{"id":"306","type":"Feature","properties":{"full_street_name":"MOODY AVE","ROADCLASS":"local","NOLANES":2.0,"ONEWAY":null},"geometry":{"type":"LineString","coordinates":[[-123.06004810357837,49.318813655072724],[-123.06002699538675,49.31984360786205]]}},{"id":"307","type":"Feature","properties":{"full_street_name":"E 13TH ST","ROADCLASS":"Minor","NOLANES":2.0,"ONEWAY":null},"geometry":{"type":"LineString","coordinates":[[-123.06002699538675,49.31984360786205],[-123.0575806636422,49.31983135895739]]}},{"id":"308","type":"Feature","properties":{"full_street_name":"E 13TH ST","ROADCLASS":"Minor","NOLANES":2.0,"ONEWAY":null},"geometry":{"type":"LineString","coordinates":[[-123.06307020678804,49.31987796769982],[-123.06002699538675,49.31984360786205]]}},{"id":"309","type":"Feature","properties":{"full_street_name":"MOODY AVE","ROADCLASS":"local","NOLANES":2.0,"ONEWAY":null},"geometry":{"type":"LineString","coordinates":[[-123.06002699538675,49.31984360786205],[-123.06001537812094,49.32090053908034]]}},{"id":"310","type":"Feature","properties":{"full_street_name":"W GRAND BLVD","ROADCLASS":"collector","NOLANES":2.0,"ONEWAY":null},"geometry":{"type":"LineString","coordinates":[[-123.0575806636422,49.31983135895739],[-123.05752503735283,49.32191375662656]]}},{"id":"311","type":"Feature","properties":{"full_street_name":"E 14TH ST","ROADCLASS":"local","NOLANES":2.0,"ONEWAY":null},"geometry":{"type":"LineString","coordinates":[[-123.0630457426369,49.32092591112041],[-123.06001537812094,49.32090053908034]]}},{"id":"312","type":"Feature","properties":{"full_street_name":"MOODY AVE","ROADCLASS":"local","NOLANES":2.0,"ONEWAY":null},"geometry":{"type":"LineString","coordinates":[[-123.06001537812094,49.32090053908034],[-123.05997750761058,49.32193949440317]]}},{"id":"313","type":"Feature","properties":{"full_street_name":"ST. GEORGES AVE","ROADCLASS":"Minor","NOLANES":2.0,"ONEWAY":null},"geometry":{"type":"LineString","coordinates":[[-123.06926696968154,49.31889395127965],[-123.06926243050134,49.31995088028793]]}},{"id":"314","type":"Feature","properties":{"full_street_name":"E 13TH ST","ROADCLASS":"Minor","NOLANES":2.0,"ONEWAY":null},"geometry":{"type":"LineString","coordinates":[[-123.06926243050134,49.31995088028793],[-123.06614524899418,49.319916725853545]]}},{"id":"315","type":"Feature","properties":{"full_street_name":"E 13TH ST","ROADCLASS":"Major","NOLANES":2.0,"ONEWAY":null},"geometry":{"type":"LineString","coordinates":[[-123.07238950190917,49.31998044779685],[-123.06926243050134,49.31995088028793]]}},{"id":"316","type":"Feature","properties":{"full_street_name":"ST. GEORGES AVE","ROADCLASS":"Minor","NOLANES":2.0,"ONEWAY":null},"geometry":{"type":"LineString","coordinates":[[-123.06926243050134,49.31995088028793],[-123.06923680479215,49.32099432906337]]}},{"id":"317","type":"Feature","properties":{"full_street_name":"E 14TH ST","ROADCLASS":"local","NOLANES":1.0,"ONEWAY":1.0},"geometry":{"type":"LineString","coordinates":[[-123.07142230906094,49.3210243885134],[-123.06923680479215,49.32099432906337]]}},{"id":"318","type":"Feature","properties":{"full_street_name":"ST. GEORGES AVE","ROADCLASS":"Minor","NOLANES":2.0,"ONEWAY":null},"geometry":{"type":"LineString","coordinates":[[-123.06923680479215,49.32099432906337],[-123.0692042885366,49.322033284213006]]}},{"id":"319","type":"Feature","properties":{"full_street_name":"E 15TH ST","ROADCLASS":"collector","NOLANES":2.0,"ONEWAY":null},"geometry":{"type":"LineString","coordinates":[[-123.0692042885366,49.322033284213006],[-123.06610072908441,49.321994622856415]]}},{"id":"320","type":"Feature","properties":{"full_street_name":"E 15TH ST","ROADCLASS":"collector","NOLANES":2.0,"ONEWAY":null},"geometry":{"type":"LineString","coordinates":[[-123.07077648632576,49.322045824802714],[-123.0692042885366,49.322033284213006]]}},{"id":"321","type":"Feature","properties":{"full_street_name":"ST. GEORGES AVE","ROADCLASS":"Minor","NOLANES":2.0,"ONEWAY":null},"geometry":{"type":"LineString","coordinates":[[-123.0692042885366,49.322033284213006],[-123.06917174081259,49.323049751405286]]}},{"id":"322","type":"Feature","properties":{"full_street_name":"E 16TH ST","ROADCLASS":"local","NOLANES":2.0,"ONEWAY":null},"geometry":{"type":"LineString","coordinates":[[-123.06917174081259,49.323049751405286],[-123.0660819073545,49.323033569103856]]}},{"id":"323","type":"Feature","properties":{"full_street_name":"RIDGEWAY AVE","ROADCLASS":"local","NOLANES":2.0,"ONEWAY":null},"geometry":{"type":"LineString","coordinates":[[-123.06307020678804,49.31987796769982],[-123.0630457426369,49.32092591112041]]}},{"id":"324","type":"Feature","properties":{"full_street_name":"ST. ANDREWS AVE","ROADCLASS":"local","NOLANES":2.0,"ONEWAY":null},"geometry":{"type":"LineString","coordinates":[[-123.06614524899418,49.319916725853545],[-123.06611053102914,49.320964677592166]]}},{"id":"325","type":"Feature","properties":{"full_street_name":"E 14TH ST","ROADCLASS":"local","NOLANES":2.0,"ONEWAY":null},"geometry":{"type":"LineString","coordinates":[[-123.06504079583662,49.32095182019968],[-123.0630457426369,49.32092591112041]]}},{"id":"326","type":"Feature","properties":{"full_street_name":"E 14TH ST","ROADCLASS":"lane","NOLANES":1.0,"ONEWAY":null},"geometry":{"type":"LineString","coordinates":[[-123.06611053102914,49.320964677592166],[-123.06504079583662,49.32095182019968]]}},{"id":"327","type":"Feature","properties":{"full_street_name":"RIDGEWAY AVE","ROADCLASS":"local","NOLANES":2.0,"ONEWAY":null},"geometry":{"type":"LineString","coordinates":[[-123.0630457426369,49.32092591112041],[-123.0630272833726,49.32196035929995]]}},{"id":"328","type":"Feature","properties":{"full_street_name":"ST. ANDREWS AVE","ROADCLASS":"local","NOLANES":2.0,"ONEWAY":null},"geometry":{"type":"LineString","coordinates":[[-123.06611053102914,49.320964677592166],[-123.06610072908441,49.321994622856415]]}},{"id":"329","type":"Feature","properties":{"full_street_name":"E 15TH ST","ROADCLASS":"collector","NOLANES":2.0,"ONEWAY":null},"geometry":{"type":"LineString","coordinates":[[-123.06610072908441,49.321994622856415],[-123.0630272833726,49.32196035929995]]}},{"id":"330","type":"Feature","properties":{"full_street_name":"RIDGEWAY AVE","ROADCLASS":"local","NOLANES":2.0,"ONEWAY":null},"geometry":{"type":"LineString","coordinates":[[-123.0630272833726,49.32196035929995],[-123.06298346641323,49.323008313778985]]}},{"id":"331","type":"Feature","properties":{"full_street_name":"ST. ANDREWS AVE","ROADCLASS":"local","NOLANES":2.0,"ONEWAY":null},"geometry":{"type":"LineString","coordinates":[[-123.06610072908441,49.321994622856415],[-123.0660819073545,49.323033569103856]]}},{"id":"332","type":"Feature","properties":{"full_street_name":"E 16TH ST","ROADCLASS":"local","NOLANES":2.0,"ONEWAY":null},"geometry":{"type":"LineString","coordinates":[[-123.0660819073545,49.323033569103856],[-123.06298346641323,49.323008313778985]]}},{"id":"333","type":"Feature","properties":{"full_street_name":"E 15TH ST","ROADCLASS":"collector","NOLANES":2.0,"ONEWAY":null},"geometry":{"type":"LineString","coordinates":[[-123.05997750761058,49.32193949440317],[-123.05752503735283,49.32191375662656]]}},{"id":"334","type":"Feature","properties":{"full_street_name":"E 15TH ST","ROADCLASS":"collector","NOLANES":2.0,"ONEWAY":null},"geometry":{"type":"LineString","coordinates":[[-123.0630272833726,49.32196035929995],[-123.05997750761058,49.32193949440317]]}},{"id":"335","type":"Feature","properties":{"full_street_name":"W GRAND BLVD","ROADCLASS":"collector","NOLANES":2.0,"ONEWAY":null},"geometry":{"type":"LineString","coordinates":[[-123.05752503735283,49.32191375662656],[-123.05750688620323,49.32294370512236]]}},{"id":"336","type":"Feature","properties":{"full_street_name":"MOODY AVE","ROADCLASS":"local","NOLANES":2.0,"ONEWAY":null},"geometry":{"type":"LineString","coordinates":[[-123.05997750761058,49.32193949440317],[-123.05995640896529,49.32297844082638]]}},{"id":"337","type":"Feature","properties":{"full_street_name":"E 16TH ST","ROADCLASS":"local","NOLANES":2.0,"ONEWAY":null},"geometry":{"type":"LineString","coordinates":[[-123.05995640896529,49.32297844082638],[-123.05750688620323,49.32294370512236]]}},{"id":"338","type":"Feature","properties":{"full_street_name":"E 16TH ST","ROADCLASS":"local","NOLANES":2.0,"ONEWAY":null},"geometry":{"type":"LineString","coordinates":[[-123.06298346641323,49.323008313778985],[-123.05995640896529,49.32297844082638]]}},{"id":"339","type":"Feature","properties":{"full_street_name":"MOODY AVE","ROADCLASS":"local","NOLANES":2.0,"ONEWAY":null},"geometry":{"type":"LineString","coordinates":[[-123.05995640896529,49.32297844082638],[-123.05992885126612,49.324012893751714]]}},{"id":"340","type":"Feature","properties":{"full_street_name":"E 17TH ST","ROADCLASS":"collector","NOLANES":2.0,"ONEWAY":null},"geometry":{"type":"LineString","coordinates":[[-123.05992885126612,49.324012893751714],[-123.05748617361921,49.323991645824094]]}},{"id":"341","type":"Feature","properties":{"full_street_name":"E 17TH ST","ROADCLASS":"collector","NOLANES":2.0,"ONEWAY":null},"geometry":{"type":"LineString","coordinates":[[-123.06296759546795,49.32405175527348],[-123.05992885126612,49.324012893751714]]}},{"id":"342","type":"Feature","properties":{"full_street_name":"MOODY AVE","ROADCLASS":"local","NOLANES":2.0,"ONEWAY":null},"geometry":{"type":"LineString","coordinates":[[-123.05992885126612,49.324012893751714],[-123.05989141280364,49.32505634581351]]}},{"id":"343","type":"Feature","properties":{"full_street_name":"EASTERN AVE","ROADCLASS":"local","NOLANES":2.0,"ONEWAY":null},"geometry":{"type":"LineString","coordinates":[[-123.07077648632576,49.322045824802714],[-123.0707106026138,49.3241327031472]]}},{"id":"344","type":"Feature","properties":{"full_street_name":"ST. GEORGES AVE","ROADCLASS":"Minor","NOLANES":2.0,"ONEWAY":null},"geometry":{"type":"LineString","coordinates":[[-123.06917174081259,49.323049751405286],[-123.06916291912852,49.324120174873336]]}},{"id":"345","type":"Feature","properties":{"full_street_name":"E 17TH ST","ROADCLASS":"collector","NOLANES":2.0,"ONEWAY":null},"geometry":{"type":"LineString","coordinates":[[-123.06916291912852,49.324120174873336],[-123.06606051799656,49.32408151263748]]}},{"id":"346","type":"Feature","properties":{"full_street_name":"E 17TH ST","ROADCLASS":"collector","NOLANES":2.0,"ONEWAY":null},"geometry":{"type":"LineString","coordinates":[[-123.0707106026138,49.3241327031472],[-123.06916291912852,49.324120174873336]]}},{"id":"347","type":"Feature","properties":{"full_street_name":"ST. GEORGES AVE","ROADCLASS":"Minor","NOLANES":2.0,"ONEWAY":null},"geometry":{"type":"LineString","coordinates":[[-123.06916291912852,49.324120174873336],[-123.06911878088243,49.325154638833446]]}},{"id":"348","type":"Feature","properties":{"full_street_name":"E 18TH ST","ROADCLASS":"local","NOLANES":2.0,"ONEWAY":null},"geometry":{"type":"LineString","coordinates":[[-123.06911878088243,49.325154638833446],[-123.0660296378709,49.32510697272803]]}},{"id":"349","type":"Feature","properties":{"full_street_name":"E 18TH ST","ROADCLASS":"local","NOLANES":2.0,"ONEWAY":null},"geometry":{"type":"LineString","coordinates":[[-123.07227930044307,49.32518868599667],[-123.06911878088243,49.325154638833446]]}},{"id":"350","type":"Feature","properties":{"full_street_name":"ST. GEORGES AVE","ROADCLASS":"Minor","NOLANES":2.0,"ONEWAY":null},"geometry":{"type":"LineString","coordinates":[[-123.06911878088243,49.325154638833446],[-123.06908972654857,49.32621158134149]]}},{"id":"351","type":"Feature","properties":{"full_street_name":"E 19TH ST","ROADCLASS":"collector","NOLANES":2.0,"ONEWAY":null},"geometry":{"type":"LineString","coordinates":[[-123.06908972654857,49.32621158134149],[-123.0659867720806,49.32617741500436]]}},{"id":"352","type":"Feature","properties":{"full_street_name":"E 19TH ST","ROADCLASS":"collector","NOLANES":2.0,"ONEWAY":null},"geometry":{"type":"LineString","coordinates":[[-123.07224988299068,49.32624562953066],[-123.06908972654857,49.32621158134149]]}},{"id":"353","type":"Feature","properties":{"full_street_name":"RIDGEWAY AVE","ROADCLASS":"local","NOLANES":2.0,"ONEWAY":null},"geometry":{"type":"LineString","coordinates":[[-123.06298346641323,49.323008313778985],[-123.06296759546795,49.32405175527348]]}},{"id":"354","type":"Feature","properties":{"full_street_name":"ST. ANDREWS AVE","ROADCLASS":"local","NOLANES":2.0,"ONEWAY":null},"geometry":{"type":"LineString","coordinates":[[-123.0660819073545,49.323033569103856],[-123.06606051799656,49.32408151263748]]}},{"id":"355","type":"Feature","properties":{"full_street_name":"E 17TH ST","ROADCLASS":"collector","NOLANES":2.0,"ONEWAY":null},"geometry":{"type":"LineString","coordinates":[[-123.06606051799656,49.32408151263748],[-123.06296759546795,49.32405175527348]]}},{"id":"356","type":"Feature","properties":{"full_street_name":"RIDGEWAY AVE","ROADCLASS":"local","NOLANES":2.0,"ONEWAY":null},"geometry":{"type":"LineString","coordinates":[[-123.06296759546795,49.32405175527348],[-123.06295257824512,49.3250906976577]]}},{"id":"357","type":"Feature","properties":{"full_street_name":"ST. ANDREWS AVE","ROADCLASS":"local","NOLANES":2.0,"ONEWAY":null},"geometry":{"type":"LineString","coordinates":[[-123.06606051799656,49.32408151263748],[-123.0660296378709,49.32510697272803]]}},{"id":"358","type":"Feature","properties":{"full_street_name":"E 18TH ST","ROADCLASS":"local","NOLANES":2.0,"ONEWAY":null},"geometry":{"type":"LineString","coordinates":[[-123.0660296378709,49.32510697272803],[-123.06295257824512,49.3250906976577]]}},{"id":"359","type":"Feature","properties":{"full_street_name":"RIDGEWAY AVE","ROADCLASS":"local","NOLANES":2.0,"ONEWAY":null},"geometry":{"type":"LineString","coordinates":[[-123.06295257824512,49.3250906976577],[-123.06295219538816,49.32613862878793]]}},{"id":"360","type":"Feature","properties":{"full_street_name":"ST. ANDREWS AVE","ROADCLASS":"local","NOLANES":2.0,"ONEWAY":null},"geometry":{"type":"LineString","coordinates":[[-123.0660296378709,49.32510697272803],[-123.0659867720806,49.32617741500436]]}},{"id":"361","type":"Feature","properties":{"full_street_name":"E 19TH ST","ROADCLASS":"collector","NOLANES":2.0,"ONEWAY":null},"geometry":{"type":"LineString","coordinates":[[-123.0659867720806,49.32617741500436],[-123.06295219538816,49.32613862878793]]}},{"id":"362","type":"Feature","properties":{"full_street_name":"RIDGEWAY AVE","ROADCLASS":"local","NOLANES":2.0,"ONEWAY":null},"geometry":{"type":"LineString","coordinates":[[-123.06295219538816,49.32613862878793],[-123.06289886006589,49.327146109683795]]}},{"id":"363","type":"Feature","properties":{"full_street_name":"ST. GEORGES AVE","ROADCLASS":"Minor","NOLANES":2.0,"ONEWAY":null},"geometry":{"type":"LineString","coordinates":[[-123.06908972654857,49.32621158134149],[-123.06905330875344,49.32723254762689]]}},{"id":"364","type":"Feature","properties":{"full_street_name":"E 20TH ST","ROADCLASS":"local","NOLANES":2.0,"ONEWAY":null},"geometry":{"type":"LineString","coordinates":[[-123.06905330875344,49.32723254762689],[-123.06600313419992,49.32715787130751]]}},{"id":"365","type":"Feature","properties":{"full_street_name":"E 20TH ST","ROADCLASS":"local","NOLANES":2.0,"ONEWAY":null},"geometry":{"type":"LineString","coordinates":[[-123.07221353051597,49.32726659677529],[-123.06905330875344,49.32723254762689]]}},{"id":"366","type":"Feature","properties":{"full_street_name":"ST. GEORGES AVE","ROADCLASS":"Minor","NOLANES":2.0,"ONEWAY":null},"geometry":{"type":"LineString","coordinates":[[-123.06905330875344,49.32723254762689],[-123.06905474919276,49.328262486210356]]}},{"id":"367","type":"Feature","properties":{"full_street_name":"E 21ST ST","ROADCLASS":"local","NOLANES":2.0,"ONEWAY":null},"geometry":{"type":"LineString","coordinates":[[-123.06905474919276,49.328262486210356],[-123.06595125173497,49.328241811891886]]}},{"id":"368","type":"Feature","properties":{"full_street_name":"E 21ST ST","ROADCLASS":"local","NOLANES":2.0,"ONEWAY":null},"geometry":{"type":"LineString","coordinates":[[-123.0705015808231,49.328288598045226],[-123.06905474919276,49.328262486210356]]}},{"id":"369","type":"Feature","properties":{"full_street_name":"ST. GEORGES AVE","ROADCLASS":"Minor","NOLANES":2.0,"ONEWAY":null},"geometry":{"type":"LineString","coordinates":[[-123.06905474919276,49.328262486210356],[-123.06903677208119,49.32924746159888]]}},{"id":"370","type":"Feature","properties":{"full_street_name":"EASTERN AVE","ROADCLASS":"local","NOLANES":2.0,"ONEWAY":null},"geometry":{"type":"LineString","coordinates":[[-123.0705015808231,49.328288598045226],[-123.07046472282039,49.329282579373626]]}},{"id":"371","type":"Feature","properties":{"full_street_name":"E 22ND ST","ROADCLASS":"local","NOLANES":2.0,"ONEWAY":null},"geometry":{"type":"LineString","coordinates":[[-123.06903677208119,49.32924746159888],[-123.06589534819604,49.32921331486829]]}},{"id":"372","type":"Feature","properties":{"full_street_name":"E 22ND ST","ROADCLASS":"local","NOLANES":2.0,"ONEWAY":null},"geometry":{"type":"LineString","coordinates":[[-123.07046472282039,49.329282579373626],[-123.06903677208119,49.32924746159888]]}},{"id":"373","type":"Feature","properties":{"full_street_name":"ST. ANDREWS AVE","ROADCLASS":"local","NOLANES":2.0,"ONEWAY":null},"geometry":{"type":"LineString","coordinates":[[-123.0659867720806,49.32617741500436],[-123.06600313419992,49.32715787130751]]}},{"id":"374","type":"Feature","properties":{"full_street_name":"E 20TH ST","ROADCLASS":"local","NOLANES":2.0,"ONEWAY":null},"geometry":{"type":"LineString","coordinates":[[-123.06600313419992,49.32715787130751],[-123.06289886006589,49.327146109683795]]}},{"id":"375","type":"Feature","properties":{"full_street_name":"RIDGEWAY AVE","ROADCLASS":"local","NOLANES":2.0,"ONEWAY":null},"geometry":{"type":"LineString","coordinates":[[-123.06289886006589,49.327146109683795],[-123.06288169378008,49.32818955201958]]}},{"id":"376","type":"Feature","properties":{"full_street_name":"ST. ANDREWS AVE","ROADCLASS":"local","NOLANES":2.0,"ONEWAY":null},"geometry":{"type":"LineString","coordinates":[[-123.06600313419992,49.32715787130751],[-123.06595125173497,49.328241811891886]]}},{"id":"377","type":"Feature","properties":{"full_street_name":"E 21ST ST","ROADCLASS":"local","NOLANES":2.0,"ONEWAY":null},"geometry":{"type":"LineString","coordinates":[[-123.06595125173497,49.328241811891886],[-123.06288169378008,49.32818955201958]]}},{"id":"378","type":"Feature","properties":{"full_street_name":"RIDGEWAY AVE","ROADCLASS":"local","NOLANES":2.0,"ONEWAY":null},"geometry":{"type":"LineString","coordinates":[[-123.06288169378008,49.32818955201958],[-123.06286057490296,49.32916553125003]]}},{"id":"379","type":"Feature","properties":{"full_street_name":"ST. ANDREWS AVE","ROADCLASS":"local","NOLANES":2.0,"ONEWAY":null},"geometry":{"type":"LineString","coordinates":[[-123.06595125173497,49.328241811891886],[-123.06589534819604,49.32921331486829]]}},{"id":"380","type":"Feature","properties":{"full_street_name":"E 22ND ST","ROADCLASS":"local","NOLANES":2.0,"ONEWAY":null},"geometry":{"type":"LineString","coordinates":[[-123.06589534819604,49.32921331486829],[-123.06286057490296,49.32916553125003]]}},{"id":"381","type":"Feature","properties":{"full_street_name":"ST. ANDREWS AVE","ROADCLASS":"local","NOLANES":2.0,"ONEWAY":null},"geometry":{"type":"LineString","coordinates":[[-123.06589534819604,49.32921331486829],[-123.06588028308873,49.3301713008329]]}},{"id":"382","type":"Feature","properties":{"full_street_name":"E 23RD ST","ROADCLASS":"collector","NOLANES":2.0,"ONEWAY":null},"geometry":{"type":"LineString","coordinates":[[-123.06588028308873,49.3301713008329],[-123.06281107746,49.33015052263555]]}},{"id":"383","type":"Feature","properties":{"full_street_name":"EASTERN AVE","ROADCLASS":"local","NOLANES":2.0,"ONEWAY":null},"geometry":{"type":"LineString","coordinates":[[-123.07046472282039,49.329282579373626],[-123.070439090068,49.32965635181625]]}},{"id":"384","type":"Feature","properties":{"full_street_name":"ST. GEORGES AVE","ROADCLASS":"Minor","NOLANES":2.0,"ONEWAY":null},"geometry":{"type":"LineString","coordinates":[[-123.06903677208119,49.32924746159888],[-123.06898133869716,49.33020547207599]]}},{"id":"385","type":"Feature","properties":{"full_street_name":"E 23RD ST","ROADCLASS":"collector","NOLANES":2.0,"ONEWAY":null},"geometry":{"type":"LineString","coordinates":[[-123.06898133869716,49.33020547207599],[-123.06588028308873,49.3301713008329]]}},{"id":"386","type":"Feature","properties":{"full_street_name":"E 23RD ST","ROADCLASS":"Minor","NOLANES":2.0,"ONEWAY":null},"geometry":{"type":"LineString","coordinates":[[-123.07215465641237,49.33023951503008],[-123.06898133869716,49.33020547207599]]}},{"id":"387","type":"Feature","properties":{"full_street_name":"ST. GEORGES AVE","ROADCLASS":"Minor","NOLANES":2.0,"ONEWAY":null},"geometry":{"type":"LineString","coordinates":[[-123.06898133869716,49.33020547207599],[-123.06894444869566,49.3311994526023]]}},{"id":"388","type":"Feature","properties":{"full_street_name":"E 24TH ST","ROADCLASS":"local","NOLANES":2.0,"ONEWAY":null},"geometry":{"type":"LineString","coordinates":[[-123.06894444869566,49.3311994526023],[-123.06587902882762,49.33116526006006]]}},{"id":"389","type":"Feature","properties":{"full_street_name":"ST. GEORGES AVE","ROADCLASS":"Minor","NOLANES":2.0,"ONEWAY":null},"geometry":{"type":"LineString","coordinates":[[-123.06894444869566,49.3311994526023],[-123.0689614698852,49.33168517776879]]}},{"id":"390","type":"Feature","properties":{"full_street_name":"E UPPER LEVELS HWY","ROADCLASS":"ramp","NOLANES":1.0,"ONEWAY":null},"geometry":{"type":"LineString","coordinates":[[-123.07209960700938,49.331714746575734],[-123.0689614698852,49.33168517776879]]}},{"id":"391","type":"Feature","properties":{"full_street_name":"UPPER LEVELS RAMP","ROADCLASS":"ramp","NOLANES":1.0,"ONEWAY":null},"geometry":{"type":"LineString","coordinates":[[-123.0689614698852,49.33168517776879],[-123.06613959043584,49.331745296002026],[-123.06527228068742,49.33191669590262]]}},{"id":"392","type":"Feature","properties":{"full_street_name":"UPPER LEVELS HWY","ROADCLASS":"freeway","NOLANES":2.0,"ONEWAY":null},"geometry":{"type":"LineString","coordinates":[[-123.07208623091691,49.33198010941],[-123.06527228068742,49.33191669590262]]}},{"id":"393","type":"Feature","properties":{"full_street_name":"CASANO DR","ROADCLASS":"local","NOLANES":2.0,"ONEWAY":null},"geometry":{"type":"LineString","coordinates":[[-123.04608506080316,49.326533374521986],[-123.0464492543492,49.326456770335],[-123.0467692231811,49.32645664130309],[-123.04707720591794,49.326514984455585],[-123.0475814254583,49.32670367519797],[-123.04766276973682,49.326766607419664],[-123.04768611504673,49.32689252926358],[-123.047484185702,49.32710399736611],[-123.04746893758629,49.32726262534289]]}},{"id":"394","type":"Feature","properties":{"full_street_name":"RUFUS DR","ROADCLASS":"local","NOLANES":2.0,"ONEWAY":null},"geometry":{"type":"LineString","coordinates":[[-123.04608506080316,49.326533374521986],[-123.0461592621454,49.327252821126784]]}},{"id":"395","type":"Feature","properties":{"full_street_name":"UPPER LEVELS RAMP","ROADCLASS":"ramp","NOLANES":1.0,"ONEWAY":null},"geometry":{"type":"LineString","coordinates":[[-123.05389931479087,49.32727209078175],[-123.05280690953079,49.32725460483772],[-123.05223528670805,49.327200893961475],[-123.05167437524307,49.32710669749756],[-123.05075378557805,49.32687773023545]]}},{"id":"396","type":"Feature","properties":{"full_street_name":"UPPER LEVELS HWY","ROADCLASS":"freeway","NOLANES":2.0,"ONEWAY":null},"geometry":{"type":"LineString","coordinates":[[-123.05145492898852,49.32730943063997],[-123.05075378557805,49.32687773023545]]}},{"id":"397","type":"Feature","properties":{"full_street_name":"UPPER LEVELS RAMP","ROADCLASS":"ramp","NOLANES":1.0,"ONEWAY":null},"geometry":{"type":"LineString","coordinates":[[-123.05330090970212,49.32736676929046],[-123.05389931479087,49.32727209078175]]}},{"id":"398","type":"Feature","properties":{"full_street_name":"UPPER LEVELS HWY","ROADCLASS":"freeway","NOLANES":2.0,"ONEWAY":null},"geometry":{"type":"LineString","coordinates":[[-123.05355652495034,49.32883739812813],[-123.05325695438492,49.32851565953943]]}},{"id":"399","type":"Feature","properties":{"full_street_name":"LYNN VALLEY RD","ROADCLASS":"arterial","NOLANES":2.0,"ONEWAY":null},"geometry":{"type":"LineString","coordinates":[[-123.05355652495034,49.32883739812813],[-123.05323764191456,49.32902042600487]]}},{"id":"400","type":"Feature","properties":{"full_street_name":"VINEDALE RD","ROADCLASS":"local","NOLANES":2.0,"ONEWAY":null},"geometry":{"type":"LineString","coordinates":[[-123.05370870073331,49.332327427018356],[-123.05313834173994,49.332305202000605]]}},{"id":"401","type":"Feature","properties":{"full_street_name":"E 26TH ST","ROADCLASS":"local","NOLANES":2.0,"ONEWAY":null},"geometry":{"type":"LineString","coordinates":[[-123.05367601092094,49.333119010664596],[-123.05309461197574,49.33311927919766]]}},{"id":"402","type":"Feature","properties":{"full_street_name":"E 23RD ST","ROADCLASS":"collector","NOLANES":2.0,"ONEWAY":null},"geometry":{"type":"LineString","coordinates":[[-123.06281107746,49.33015052263555],[-123.06207215264884,49.3301374282787]]}},{"id":"403","type":"Feature","properties":{"full_street_name":"UPPER LEVELS HWY","ROADCLASS":"freeway","NOLANES":2.0,"ONEWAY":null},"geometry":{"type":"LineString","coordinates":[[-123.06527228068742,49.33191669590262],[-123.05966539296247,49.33197369681748],[-123.05897152906891,49.33189759368649],[-123.05835889267087,49.331767476618374],[-123.05765198853909,49.331569939224536],[-123.05622379677081,49.33099495557123],[-123.05567337212655,49.33071187638562],[-123.0549557959431,49.33017701136292],[-123.05419721282823,49.329493741905104],[-123.05355652495034,49.32883739812813]]}},{"id":"404","type":"Feature","properties":{"full_street_name":"RIDGEWAY AVE","ROADCLASS":"local","NOLANES":2.0,"ONEWAY":null},"geometry":{"type":"LineString","coordinates":[[-123.06281107746,49.33015052263555],[-123.06277190495098,49.331140003974355]]}},{"id":"405","type":"Feature","properties":{"full_street_name":"RIDGEWAY AVE","ROADCLASS":"local","NOLANES":2.0,"ONEWAY":null},"geometry":{"type":"LineString","coordinates":[[-123.06277190495098,49.331140003974355],[-123.0627552449718,49.33154761376704]]}},{"id":"406","type":"Feature","properties":{"full_street_name":"E 25TH ST","ROADCLASS":"local","NOLANES":2.0,"ONEWAY":null},"geometry":{"type":"LineString","coordinates":[[-123.06274704679683,49.33222392767921],[-123.06217411423165,49.332210743742884]]}},{"id":"407","type":"Feature","properties":{"full_street_name":"TEMPE GLEN DR","ROADCLASS":"local","NOLANES":2.0,"ONEWAY":null},"geometry":{"type":"LineString","coordinates":[[-123.0577331140883,49.332163575171386],[-123.05746516578327,49.33254599941379]]}},{"id":"408","type":"Feature","properties":{"full_street_name":"RIDGEWAY AVE","ROADCLASS":"local","NOLANES":2.0,"ONEWAY":null},"geometry":{"type":"LineString","coordinates":[[-123.06274704679683,49.33222392767921],[-123.06273392677791,49.333069473870125]]}},{"id":"409","type":"Feature","properties":{"full_street_name":"MAITLAND AVE","ROADCLASS":"local","NOLANES":2.0,"ONEWAY":null},"geometry":{"type":"LineString","coordinates":[[-123.0615579669346,49.333411919776665],[-123.06153492738409,49.333906661362924]]}},{"id":"410","type":"Feature","properties":{"full_street_name":"TEMPE CRES","ROADCLASS":"local","NOLANES":2.0,"ONEWAY":null},"geometry":{"type":"LineString","coordinates":[[-123.06390644390414,49.33406728618584],[-123.06296433532741,49.333636039594005],[-123.0615579669346,49.333411919776665]]}},{"id":"411","type":"Feature","properties":{"full_street_name":"MAITLAND AVE","ROADCLASS":"local","NOLANES":2.0,"ONEWAY":null},"geometry":{"type":"LineString","coordinates":[[-123.06153492738409,49.333906661362924],[-123.06154288467543,49.334770186131514]]}},{"id":"412","type":"Feature","properties":{"full_street_name":"WILDING WAY","ROADCLASS":"local","NOLANES":2.0,"ONEWAY":null},"geometry":{"type":"LineString","coordinates":[[-123.05375781048721,49.331212012080734],[-123.05370779552726,49.33149538002852]]}},{"id":"413","type":"Feature","properties":{"full_street_name":"WEYMOUTH DR","ROADCLASS":"local","NOLANES":2.0,"ONEWAY":null},"geometry":{"type":"LineString","coordinates":[[-123.05370779552726,49.33149538002852],[-123.05318775855709,49.33146413855948]]}},{"id":"414","type":"Feature","properties":{"full_street_name":"TEMPE KNOLL DR","ROADCLASS":"local","NOLANES":2.0,"ONEWAY":null},"geometry":{"type":"LineString","coordinates":[[-123.05375781048721,49.331212012080734],[-123.05420339009527,49.33120280888356],[-123.05639164411625,49.332218208023264]]}},{"id":"415","type":"Feature","properties":{"full_street_name":"WILDING WAY","ROADCLASS":"local","NOLANES":2.0,"ONEWAY":null},"geometry":{"type":"LineString","coordinates":[[-123.05370779552726,49.33149538002852],[-123.05370870073331,49.332327427018356]]}},{"id":"416","type":"Feature","properties":{"full_street_name":"WILDING PL","ROADCLASS":"local","NOLANES":2.0,"ONEWAY":null},"geometry":{"type":"LineString","coordinates":[[-123.05471479290851,49.33237193061862],[-123.05370870073331,49.332327427018356]]}},{"id":"417","type":"Feature","properties":{"full_street_name":"TEMPE KNOLL DR","ROADCLASS":"local","NOLANES":2.0,"ONEWAY":null},"geometry":{"type":"LineString","coordinates":[[-123.05639164411625,49.332218208023264],[-123.05746516578327,49.33254599941379]]}},{"id":"418","type":"Feature","properties":{"full_street_name":"26TH CRES","ROADCLASS":"local","NOLANES":2.0,"ONEWAY":null},"geometry":{"type":"LineString","coordinates":[[-123.05639164411625,49.332218208023264],[-123.05592173059729,49.332776132318436],[-123.05571242866407,49.33292465157759],[-123.05543814219978,49.33304171970554],[-123.05512810963143,49.33311832720439],[-123.0548163092772,49.333154454980274],[-123.05367601092094,49.333119010664596]]}},{"id":"419","type":"Feature","properties":{"full_street_name":"WILDING WAY","ROADCLASS":"local","NOLANES":2.0,"ONEWAY":null},"geometry":{"type":"LineString","coordinates":[[-123.05370870073331,49.332327427018356],[-123.05367601092094,49.333119010664596]]}},{"id":"420","type":"Feature","properties":{"full_street_name":"TEMPE GLEN DR","ROADCLASS":"collector","NOLANES":2.0,"ONEWAY":null},"geometry":{"type":"LineString","coordinates":[[-123.05746516578327,49.33254599941379],[-123.05715897757968,49.332964424108425],[-123.05553965554023,49.334193043104506]]}},{"id":"421","type":"Feature","properties":{"full_street_name":"TEMPE KNOLL DR","ROADCLASS":"local","NOLANES":2.0,"ONEWAY":null},"geometry":{"type":"LineString","coordinates":[[-123.05746516578327,49.33254599941379],[-123.05874640150451,49.33283319839851],[-123.05883850638669,49.33288262547662],[-123.0588558828368,49.333026538164184],[-123.058615234404,49.33321105901394],[-123.05768893583776,49.333742235656594],[-123.05680882865823,49.33443529381675],[-123.05634716648635,49.33470087504994],[-123.05602632345291,49.334737011386295],[-123.0556301166245,49.334692227290844],[-123.05518683382905,49.33447655755056]]}},{"id":"422","type":"Feature","properties":{"full_street_name":"MUNDAY PL","ROADCLASS":"local","NOLANES":2.0,"ONEWAY":null},"geometry":{"type":"LineString","coordinates":[[-123.05553965554023,49.334193043104506],[-123.05520522297469,49.333995311250106],[-123.05497931183788,49.33391446308013],[-123.05376116389105,49.33389704590012],[-123.05365795566215,49.333919582493884],[-123.0536283506289,49.33398705854081],[-123.05365226207243,49.334616704001284],[-123.05376327652259,49.334652632789926],[-123.05446914192812,49.33466129740138],[-123.05478453291012,49.33475109927469]]}},{"id":"423","type":"Feature","properties":{"full_street_name":"TEMPE GLEN DR","ROADCLASS":"collector","NOLANES":2.0,"ONEWAY":null},"geometry":{"type":"LineString","coordinates":[[-123.05553965554023,49.334193043104506],[-123.05518683382905,49.33447655755056]]}},{"id":"424","type":"Feature","properties":{"full_street_name":"TEMPE GLEN DR","ROADCLASS":"collector","NOLANES":2.0,"ONEWAY":null},"geometry":{"type":"LineString","coordinates":[[-123.05518683382905,49.33447655755056],[-123.05478453291012,49.33475109927469]]}},{"id":"425","type":"Feature","properties":{"full_street_name":"TEMPE GLEN DR","ROADCLASS":"collector","NOLANES":2.0,"ONEWAY":null},"geometry":{"type":"LineString","coordinates":[[-123.05478453291012,49.33475109927469],[-123.05468985544564,49.335097455180595]]}},{"id":"426","type":"Feature","properties":{"full_street_name":"TEMPE GLEN DR","ROADCLASS":"collector","NOLANES":2.0,"ONEWAY":null},"geometry":{"type":"LineString","coordinates":[[-123.05468985544564,49.335097455180595],[-123.0546758419991,49.33554823478657]]}},{"id":"427","type":"Feature","properties":{"full_street_name":"ST. ANDREWS AVE","ROADCLASS":"local","NOLANES":2.0,"ONEWAY":null},"geometry":{"type":"LineString","coordinates":[[-123.06588028308873,49.3301713008329],[-123.06587902882762,49.33116526006006]]}},{"id":"428","type":"Feature","properties":{"full_street_name":"E 24TH ST","ROADCLASS":"local","NOLANES":2.0,"ONEWAY":null},"geometry":{"type":"LineString","coordinates":[[-123.06587902882762,49.33116526006006],[-123.06277190495098,49.331140003974355]]}},{"id":"429","type":"Feature","properties":{"full_street_name":"ST. ANDREWS AVE","ROADCLASS":"local","NOLANES":2.0,"ONEWAY":null},"geometry":{"type":"LineString","coordinates":[[-123.06587902882762,49.33116526006006],[-123.06587848676448,49.33159500659904]]}},{"id":"430","type":"Feature","properties":{"full_street_name":"E 25TH ST","ROADCLASS":"local","NOLANES":2.0,"ONEWAY":null},"geometry":{"type":"LineString","coordinates":[[-123.06583269572302,49.33222221138006],[-123.06274704679683,49.33222392767921]]}},{"id":"431","type":"Feature","properties":{"full_street_name":"ST. ANDREWS AVE","ROADCLASS":"local","NOLANES":2.0,"ONEWAY":null},"geometry":{"type":"LineString","coordinates":[[-123.06583269572302,49.33222221138006],[-123.06579602780049,49.33310824836804]]}},{"id":"432","type":"Feature","properties":{"full_street_name":"E 26TH ST","ROADCLASS":"local","NOLANES":2.0,"ONEWAY":null},"geometry":{"type":"LineString","coordinates":[[-123.06579602780049,49.33310824836804],[-123.06273392677791,49.333069473870125]]}},{"id":"433","type":"Feature","properties":{"full_street_name":"ST. ANDREWS AVE","ROADCLASS":"local","NOLANES":2.0,"ONEWAY":null},"geometry":{"type":"LineString","coordinates":[[-123.06579602780049,49.33310824836804],[-123.06580161796899,49.33407521790714]]}},{"id":"434","type":"Feature","properties":{"full_street_name":"E 27TH ST","ROADCLASS":"local","NOLANES":2.0,"ONEWAY":null},"geometry":{"type":"LineString","coordinates":[[-123.06580161796899,49.33407521790714],[-123.06390644390414,49.33406728618584]]}},{"id":"435","type":"Feature","properties":{"full_street_name":"ST. ANDREWS AVE","ROADCLASS":"local","NOLANES":2.0,"ONEWAY":null},"geometry":{"type":"LineString","coordinates":[[-123.06580161796899,49.33407521790714],[-123.0657855801055,49.33495224866621]]}},{"id":"436","type":"Feature","properties":{"full_street_name":"BRAND ST","ROADCLASS":"local","NOLANES":2.0,"ONEWAY":null},"geometry":{"type":"LineString","coordinates":[[-123.06435139681845,49.33557525539852],[-123.06339167872821,49.334481343973444],[-123.06308944200032,49.33426112953975],[-123.06269869797406,49.33411742065323],[-123.06153492738409,49.333906661362924]]}},{"id":"437","type":"Feature","properties":{"full_street_name":null,"ROADCLASS":"ramp","NOLANES":1.0,"ONEWAY":null},"geometry":{"type":"LineString","coordinates":[[-123.06527228068742,49.33191669590262],[-123.06699732088353,49.33212709275796],[-123.06859874546659,49.332202612634624],[-123.06952780241127,49.33229822004344]]}},{"id":"438","type":"Feature","properties":{"full_street_name":"E 25TH ST","ROADCLASS":"local","NOLANES":2.0,"ONEWAY":null},"geometry":{"type":"LineString","coordinates":[[-123.0689296368636,49.332296863399016],[-123.06583269572302,49.33222221138006]]}},{"id":"439","type":"Feature","properties":{"full_street_name":"E 25TH ST","ROADCLASS":"local","NOLANES":2.0,"ONEWAY":1.0},"geometry":{"type":"LineString","coordinates":[[-123.06952780241127,49.33229822004344],[-123.0689296368636,49.332296863399016]]}},{"id":"440","type":"Feature","properties":{"full_street_name":"E 25TH ST","ROADCLASS":"local","NOLANES":2.0,"ONEWAY":1.0},"geometry":{"type":"LineString","coordinates":[[-123.07206734784256,49.33230394469631],[-123.06952780241127,49.33229822004344]]}},{"id":"441","type":"Feature","properties":{"full_street_name":"ST. GEORGES AVE","ROADCLASS":"local","NOLANES":2.0,"ONEWAY":null},"geometry":{"type":"LineString","coordinates":[[-123.0689296368636,49.332296863399016],[-123.06892263189718,49.333133411554556]]}},{"id":"442","type":"Feature","properties":{"full_street_name":"E 26TH ST","ROADCLASS":"local","NOLANES":2.0,"ONEWAY":null},"geometry":{"type":"LineString","coordinates":[[-123.06892263189718,49.333133411554556],[-123.06579602780049,49.33310824836804]]}},{"id":"443","type":"Feature","properties":{"full_street_name":"ST. GEORGES AVE","ROADCLASS":"local","NOLANES":null,"ONEWAY":null},"geometry":{"type":"LineString","coordinates":[[-123.06892263189718,49.333133411554556],[-123.06891935554006,49.33325034975352]]}},{"id":"444","type":"Feature","properties":{"full_street_name":"E 26TH ST","ROADCLASS":"local","NOLANES":2.0,"ONEWAY":null},"geometry":{"type":"LineString","coordinates":[[-123.07205711918098,49.33325293375762],[-123.07155263581373,49.33328922844251],[-123.06891935554006,49.33325034975352]]}},{"id":"445","type":"Feature","properties":{"full_street_name":"ST. GEORGES AVE","ROADCLASS":"local","NOLANES":2.0,"ONEWAY":null},"geometry":{"type":"LineString","coordinates":[[-123.06891935554006,49.33325034975352],[-123.06889430357036,49.33410040116957]]}},{"id":"446","type":"Feature","properties":{"full_street_name":"E 27TH ST","ROADCLASS":"local","NOLANES":2.0,"ONEWAY":null},"geometry":{"type":"LineString","coordinates":[[-123.06889430357036,49.33410040116957],[-123.06580161796899,49.33407521790714]]}},{"id":"447","type":"Feature","properties":{"full_street_name":"TEMPE CRES","ROADCLASS":"local","NOLANES":2.0,"ONEWAY":null},"geometry":{"type":"LineString","coordinates":[[-123.0615579669346,49.333411919776665],[-123.06124263358156,49.33337160845871],[-123.06085722980038,49.33336281692805],[-123.06053811100158,49.333389969795206],[-123.06020143140103,49.33348009659506],[-123.05855433274684,49.33444791627936],[-123.05710051860825,49.33555508225337]]}},{"id":"448","type":"Feature","properties":{"full_street_name":"BRAND ST","ROADCLASS":"local","NOLANES":2.0,"ONEWAY":null},"geometry":{"type":"LineString","coordinates":[[-123.06153492738409,49.333906661362924],[-123.06115634436422,49.33385289172583],[-123.06082859779049,49.333862059767924],[-123.06050443270844,49.333988161233336],[-123.05916803972772,49.33472645074605],[-123.0581349850498,49.335557988152125]]}},{"id":"449","type":"Feature","properties":{"full_street_name":"SOMERSET ST","ROADCLASS":"local","NOLANES":2.0,"ONEWAY":null},"geometry":{"type":"LineString","coordinates":[[-123.06154288467543,49.334770186131514],[-123.06021204879183,49.33477988216156],[-123.05906276715939,49.335560586466656]]}},{"id":"450","type":"Feature","properties":{"full_street_name":"SOMERSET ST","ROADCLASS":"local","NOLANES":2.0,"ONEWAY":null},"geometry":{"type":"LineString","coordinates":[[-123.0635392134039,49.33557301839479],[-123.06281739554419,49.33477849558943],[-123.06154288467543,49.334770186131514]]}},{"id":"451","type":"Feature","properties":{"full_street_name":"TEMPE CRES","ROADCLASS":"local","NOLANES":2.0,"ONEWAY":null},"geometry":{"type":"LineString","coordinates":[[-123.0653643869845,49.33557803748779],[-123.06477534833431,49.335078751425854],[-123.06390644390414,49.33406728618584]]}},{"id":"452","type":"Feature","properties":{"full_street_name":"E 28TH ST","ROADCLASS":"local","NOLANES":2.0,"ONEWAY":null},"geometry":{"type":"LineString","coordinates":[[-123.0657855801055,49.33495224866621],[-123.06498896310855,49.33495269931713]]}},{"id":"453","type":"Feature","properties":{"full_street_name":"E 28TH ST","ROADCLASS":"local","NOLANES":2.0,"ONEWAY":null},"geometry":{"type":"LineString","coordinates":[[-123.0660712543116,49.33499706118579],[-123.0657855801055,49.33495224866621]]}},{"id":"454","type":"Feature","properties":{"full_street_name":"ST. ANDREWS AVE","ROADCLASS":"local","NOLANES":2.0,"ONEWAY":null},"geometry":{"type":"LineString","coordinates":[[-123.0660712543116,49.33499706118579],[-123.06606511626964,49.3355799567849]]}},{"id":"455","type":"Feature","properties":{"full_street_name":"E 27TH ST","ROADCLASS":"local","NOLANES":2.0,"ONEWAY":null},"geometry":{"type":"LineString","coordinates":[[-123.07046692410402,49.33413993103519],[-123.06889430357036,49.33410040116957]]}},{"id":"456","type":"Feature","properties":{"full_street_name":"ST. GEORGES AVE","ROADCLASS":"local","NOLANES":2.0,"ONEWAY":null},"geometry":{"type":"LineString","coordinates":[[-123.06889430357036,49.33410040116957],[-123.0688805236183,49.3350134113886]]}},{"id":"457","type":"Feature","properties":{"full_street_name":"EASTERN AVE","ROADCLASS":"local","NOLANES":2.0,"ONEWAY":null},"geometry":{"type":"LineString","coordinates":[[-123.07046692410402,49.33413993103519],[-123.07044101353236,49.335598916931474]]}},{"id":"458","type":"Feature","properties":{"full_street_name":"E 28TH ST","ROADCLASS":"local","NOLANES":2.0,"ONEWAY":null},"geometry":{"type":"LineString","coordinates":[[-123.0688805236183,49.3350134113886],[-123.0660712543116,49.33499706118579]]}},{"id":"459","type":"Feature","properties":{"full_street_name":"ST. GEORGES AVE","ROADCLASS":"local","NOLANES":2.0,"ONEWAY":null},"geometry":{"type":"LineString","coordinates":[[-123.0688805236183,49.3350134113886],[-123.0688530594005,49.335587594439474]]}},{"id":"460","type":"Feature","properties":{"full_street_name":"E ESPLANADE","ROADCLASS":"local","NOLANES":2.0,"ONEWAY":null},"geometry":{"type":"LineString","coordinates":[[-123.07268044529245,49.30817416258264],[-123.0703386332565,49.30719064334694]]}},{"id":"461","type":"Feature","properties":{"full_street_name":"E ESPLANADE","ROADCLASS":"local","NOLANES":3.0,"ONEWAY":null},"geometry":{"type":"LineString","coordinates":[[-123.0733726059745,49.30847056466284],[-123.07268044529245,49.30817416258264]]}},{"id":"462","type":"Feature","properties":{"full_street_name":"E ESPLANADE","ROADCLASS":"local","NOLANES":3.0,"ONEWAY":null},"geometry":{"type":"LineString","coordinates":[[-123.07497665209809,49.30916523411239],[-123.0733726059745,49.30847056466284]]}},{"id":"463","type":"Feature","properties":{"full_street_name":"ST. ANDREWS AVE","ROADCLASS":"local","NOLANES":2.0,"ONEWAY":null},"geometry":{"type":"LineString","coordinates":[[-123.0733726059745,49.30847056466284],[-123.07254961252309,49.309249162425466]]}},{"id":"464","type":"Feature","properties":{"full_street_name":"ST. ANDREWS AVE","ROADCLASS":"local","NOLANES":2.0,"ONEWAY":null},"geometry":{"type":"LineString","coordinates":[[-123.07254961252309,49.309249162425466],[-123.0717691692142,49.310036723833385]]}},{"id":"465","type":"Feature","properties":{"full_street_name":"E 1ST ST","ROADCLASS":"local","NOLANES":2.0,"ONEWAY":null},"geometry":{"type":"LineString","coordinates":[[-123.07557227489775,49.31056713244447],[-123.07254961252309,49.309249162425466]]}},{"id":"466","type":"Feature","properties":{"full_street_name":"ST. ANDREWS AVE","ROADCLASS":"local","NOLANES":2.0,"ONEWAY":null},"geometry":{"type":"LineString","coordinates":[[-123.0717691692142,49.310036723833385],[-123.07100457032145,49.310797284733]]}},{"id":"467","type":"Feature","properties":{"full_street_name":"E 2ND ST","ROADCLASS":"local","NOLANES":2.0,"ONEWAY":null},"geometry":{"type":"LineString","coordinates":[[-123.07478146054656,49.31133910885175],[-123.0717691692142,49.310036723833385]]}},{"id":"468","type":"Feature","properties":{"full_street_name":"ST. GEORGES AVE","ROADCLASS":"Minor","NOLANES":2.0,"ONEWAY":null},"geometry":{"type":"LineString","coordinates":[[-123.07557227489775,49.31056713244447],[-123.07478146054656,49.31133910885175]]}},{"id":"469","type":"Feature","properties":{"full_street_name":"E 3RD ST","ROADCLASS":"Minor","NOLANES":2.0,"ONEWAY":null},"geometry":{"type":"LineString","coordinates":[[-123.07401127778701,49.31208619949542],[-123.07100457032145,49.310797284733]]}},{"id":"470","type":"Feature","properties":{"full_street_name":null,"ROADCLASS":"local","NOLANES":2.0,"ONEWAY":null},"geometry":{"type":"LineString","coordinates":[[-123.07687585408108,49.30928453286305],[-123.07610783936966,49.30893547590248],[-123.0753132083261,49.30876133255901],[-123.07484488138702,49.30855906638113]]}},{"id":"471","type":"Feature","properties":{"full_street_name":"E ESPLANADE","ROADCLASS":"Major","NOLANES":3.0,"ONEWAY":null},"geometry":{"type":"LineString","coordinates":[[-123.07639196024152,49.30975835933551],[-123.07497665209809,49.30916523411239]]}},{"id":"472","type":"Feature","properties":{"full_street_name":"ST. GEORGES AVE","ROADCLASS":"local","NOLANES":2.0,"ONEWAY":null},"geometry":{"type":"LineString","coordinates":[[-123.07687585408108,49.30928453286305],[-123.07639196024152,49.30975835933551]]}},{"id":"473","type":"Feature","properties":{"full_street_name":"VICTORY SHIP WAY","ROADCLASS":"local","NOLANES":2.0,"ONEWAY":null},"geometry":{"type":"LineString","coordinates":[[-123.07815993203114,49.309831342943106],[-123.07687585408108,49.30928453286305]]}},{"id":"474","type":"Feature","properties":{"full_street_name":"WALLACE MEWS","ROADCLASS":"local","NOLANES":1.0,"ONEWAY":1.0},"geometry":{"type":"LineString","coordinates":[[-123.07815993203114,49.309831342943106],[-123.07884113272632,49.30923690911126],[-123.07902046669543,49.309238978744766],[-123.0796829094605,49.30952776961006],[-123.07973825582907,49.30962518470813],[-123.07971426049203,49.309695321920735],[-123.07905062257204,49.31033431522164]]}},{"id":"475","type":"Feature","properties":{"full_street_name":"VICTORY SHIP WAY","ROADCLASS":"local","NOLANES":2.0,"ONEWAY":null},"geometry":{"type":"LineString","coordinates":[[-123.07905062257204,49.31033431522164],[-123.07896137507448,49.31035984414988],[-123.07884650089977,49.310349873217596],[-123.07815164151882,49.310048610682216],[-123.07809825121885,49.30996850644147],[-123.07815993203114,49.309831342943106]]}},{"id":"476","type":"Feature","properties":{"full_street_name":"ST. GEORGES AVE","ROADCLASS":"Minor","NOLANES":2.0,"ONEWAY":null},"geometry":{"type":"LineString","coordinates":[[-123.07639196024152,49.30975835933551],[-123.07557227489775,49.31056713244447]]}},{"id":"477","type":"Feature","properties":{"full_street_name":"E ESPLANADE","ROADCLASS":"Major","NOLANES":4.0,"ONEWAY":null},"geometry":{"type":"LineString","coordinates":[[-123.07946767975398,49.311049713329],[-123.07684563465851,49.30990451731271],[-123.07639196024152,49.30975835933551]]}},{"id":"478","type":"Feature","properties":{"full_street_name":"VICTORY SHIP WAY","ROADCLASS":"local","NOLANES":2.0,"ONEWAY":null},"geometry":{"type":"LineString","coordinates":[[-123.07989536802604,49.3106433539494],[-123.07905062257204,49.31033431522164]]}},{"id":"479","type":"Feature","properties":{"full_street_name":"CARRIE CATES CRT","ROADCLASS":"collector","NOLANES":2.0,"ONEWAY":null},"geometry":{"type":"LineString","coordinates":[[-123.08017042264989,49.3103820123139],[-123.08074546187335,49.31063113288448]]}},{"id":"480","type":"Feature","properties":{"full_street_name":"LONSDALE AVE","ROADCLASS":"collector","NOLANES":4.0,"ONEWAY":null},"geometry":{"type":"LineString","coordinates":[[-123.08017042264989,49.3103820123139],[-123.07989536802604,49.3106433539494]]}},{"id":"481","type":"Feature","properties":{"full_street_name":"LONSDALE AVE","ROADCLASS":"collector","NOLANES":4.0,"ONEWAY":null},"geometry":{"type":"LineString","coordinates":[[-123.07989536802604,49.3106433539494],[-123.07946767975398,49.311049713329]]}},{"id":"482","type":"Feature","properties":{"full_street_name":"E 1ST ST","ROADCLASS":"local","NOLANES":2.0,"ONEWAY":null},"geometry":{"type":"LineString","coordinates":[[-123.07863280635767,49.31187625950454],[-123.07557227489775,49.31056713244447]]}},{"id":"483","type":"Feature","properties":{"full_street_name":"W ESPLANADE","ROADCLASS":"Major","NOLANES":4.0,"ONEWAY":null},"geometry":{"type":"LineString","coordinates":[[-123.07946767975398,49.311049713329],[-123.08084189255544,49.311649857117125]]}},{"id":"484","type":"Feature","properties":{"full_street_name":"LONSDALE AVE","ROADCLASS":"Major","NOLANES":2.0,"ONEWAY":null},"geometry":{"type":"LineString","coordinates":[[-123.07946767975398,49.311049713329],[-123.07863280635767,49.31187625950454]]}},{"id":"485","type":"Feature","properties":{"full_street_name":"E 2ND ST","ROADCLASS":"local","NOLANES":2.0,"ONEWAY":null},"geometry":{"type":"LineString","coordinates":[[-123.07784381262645,49.31265936983709],[-123.07478146054656,49.31133910885175]]}},{"id":"486","type":"Feature","properties":{"full_street_name":"W 1ST ST","ROADCLASS":"local","NOLANES":2.0,"ONEWAY":null},"geometry":{"type":"LineString","coordinates":[[-123.07863280635767,49.31187625950454],[-123.08021477870943,49.31254531033166]]}},{"id":"487","type":"Feature","properties":{"full_street_name":"LONSDALE AVE","ROADCLASS":"Major","NOLANES":2.0,"ONEWAY":null},"geometry":{"type":"LineString","coordinates":[[-123.07863280635767,49.31187625950454],[-123.07784381262645,49.31265936983709]]}},{"id":"488","type":"Feature","properties":{"full_street_name":"E 3RD ST","ROADCLASS":"Minor","NOLANES":2.0,"ONEWAY":null},"geometry":{"type":"LineString","coordinates":[[-123.07705566782387,49.31345146923315],[-123.07401127778701,49.31208619949542]]}},{"id":"489","type":"Feature","properties":{"full_street_name":"LONSDALE AVE","ROADCLASS":"Major","NOLANES":2.0,"ONEWAY":null},"geometry":{"type":"LineString","coordinates":[[-123.07784381262645,49.31265936983709],[-123.07705566782387,49.31345146923315]]}},{"id":"490","type":"Feature","properties":{"full_street_name":"CARRIE CATES CRT","ROADCLASS":"collector","NOLANES":2.0,"ONEWAY":null},"geometry":{"type":"LineString","coordinates":[[-123.08074546187335,49.31063113288448],[-123.08152823947512,49.31097024263193]]}},{"id":"491","type":"Feature","properties":{"full_street_name":"MUSEUM MUSE","ROADCLASS":"local","NOLANES":1.0,"ONEWAY":null},"geometry":{"type":"LineString","coordinates":[[-123.08074546187335,49.31063113288448],[-123.08033820819149,49.31102600657028]]}},{"id":"492","type":"Feature","properties":{"full_street_name":"CHADWICK CRT","ROADCLASS":"local","NOLANES":2.0,"ONEWAY":null},"geometry":{"type":"LineString","coordinates":[[-123.08341330715447,49.310609092198156],[-123.08397382937298,49.31105394527526]]}},{"id":"493","type":"Feature","properties":{"full_street_name":"ROGERS AVE","ROADCLASS":"local","NOLANES":2.0,"ONEWAY":null},"geometry":{"type":"LineString","coordinates":[[-123.08152823947512,49.31097024263193],[-123.08084189255544,49.311649857117125]]}},{"id":"494","type":"Feature","properties":{"full_street_name":"CARRIE CATES CRT","ROADCLASS":"collector","NOLANES":2.0,"ONEWAY":null},"geometry":{"type":"LineString","coordinates":[[-123.08152823947512,49.31097024263193],[-123.0832574496717,49.311751586179575]]}},{"id":"495","type":"Feature","properties":{"full_street_name":"CHESTERFIELD PL","ROADCLASS":"local","NOLANES":2.0,"ONEWAY":null},"geometry":{"type":"LineString","coordinates":[[-123.08397382937298,49.31105394527526],[-123.0832574496717,49.311751586179575]]}},{"id":"496","type":"Feature","properties":{"full_street_name":"W ESPLANADE","ROADCLASS":"Major","NOLANES":4.0,"ONEWAY":null},"geometry":{"type":"LineString","coordinates":[[-123.08084189255544,49.311649857117125],[-123.08259943932559,49.312399708544305]]}},{"id":"497","type":"Feature","properties":{"full_street_name":"CHESTERFIELD AVE","ROADCLASS":"collector","NOLANES":2.0,"ONEWAY":null},"geometry":{"type":"LineString","coordinates":[[-123.0832574496717,49.311751586179575],[-123.08259943932559,49.312399708544305]]}},{"id":"498","type":"Feature","properties":{"full_street_name":"W ESPLANADE","ROADCLASS":"Major","NOLANES":4.0,"ONEWAY":null},"geometry":{"type":"LineString","coordinates":[[-123.08259943932559,49.312399708544305],[-123.08412387524952,49.31307324358598]]}},{"id":"499","type":"Feature","properties":{"full_street_name":"CHESTERFIELD AVE","ROADCLASS":"Minor","NOLANES":2.0,"ONEWAY":null},"geometry":{"type":"LineString","coordinates":[[-123.08259943932559,49.312399708544305],[-123.08176887485428,49.313232347616164]]}},{"id":"500","type":"Feature","properties":{"full_street_name":"ST. GEORGES AVE","ROADCLASS":"Minor","NOLANES":2.0,"ONEWAY":null},"geometry":{"type":"LineString","coordinates":[[-123.07478146054656,49.31133910885175],[-123.07401127778701,49.31208619949542]]}},{"id":"501","type":"Feature","properties":{"full_street_name":"E 4TH ST","ROADCLASS":"local","NOLANES":2.0,"ONEWAY":null},"geometry":{"type":"LineString","coordinates":[[-123.07321274995073,49.31286928427565],[-123.07021246259092,49.31158034500958]]}},{"id":"502","type":"Feature","properties":{"full_street_name":"ST. GEORGES AVE","ROADCLASS":"Minor","NOLANES":2.0,"ONEWAY":null},"geometry":{"type":"LineString","coordinates":[[-123.07401127778701,49.31208619949542],[-123.07321274995073,49.31286928427565]]}},{"id":"503","type":"Feature","properties":{"full_street_name":"ST. GEORGES AVE","ROADCLASS":"Minor","NOLANES":2.0,"ONEWAY":null},"geometry":{"type":"LineString","coordinates":[[-123.07321274995073,49.31286928427565],[-123.07232275803621,49.31375136709066]]}},{"id":"504","type":"Feature","properties":{"full_street_name":"E 4TH ST","ROADCLASS":"local","NOLANES":2.0,"ONEWAY":null},"geometry":{"type":"LineString","coordinates":[[-123.07628208858154,49.314225563276715],[-123.07321274995073,49.31286928427565]]}},{"id":"505","type":"Feature","properties":{"full_street_name":"ST. GEORGES AVE","ROADCLASS":"Minor","NOLANES":2.0,"ONEWAY":null},"geometry":{"type":"LineString","coordinates":[[-123.07232275803621,49.31375136709066],[-123.07143271758753,49.31461995025423]]}},{"id":"506","type":"Feature","properties":{"full_street_name":"E 5TH ST","ROADCLASS":"local","NOLANES":2.0,"ONEWAY":null},"geometry":{"type":"LineString","coordinates":[[-123.07537145027385,49.31508069761855],[-123.07232275803621,49.31375136709066]]}},{"id":"507","type":"Feature","properties":{"full_street_name":"E 6TH ST","ROADCLASS":"local","NOLANES":2.0,"ONEWAY":null},"geometry":{"type":"LineString","coordinates":[[-123.07450250078504,49.315944793808605],[-123.07143271758753,49.31461995025423]]}},{"id":"508","type":"Feature","properties":{"full_street_name":"LONSDALE AVE","ROADCLASS":"Major","NOLANES":4.0,"ONEWAY":null},"geometry":{"type":"LineString","coordinates":[[-123.07537145027385,49.31508069761855],[-123.07450250078504,49.315944793808605]]}},{"id":"509","type":"Feature","properties":{"full_street_name":"E VICTORIA PARK AVE","ROADCLASS":"Minor","NOLANES":1.0,"ONEWAY":1.0},"geometry":{"type":"LineString","coordinates":[[-123.07199527302367,49.31561805996375],[-123.07180219709086,49.315604687392366],[-123.07118965121867,49.31571750536692]]}},{"id":"510","type":"Feature","properties":{"full_street_name":"W 1ST ST","ROADCLASS":"local","NOLANES":2.0,"ONEWAY":null},"geometry":{"type":"LineString","coordinates":[[-123.08021477870943,49.31254531033166],[-123.08176887485428,49.313232347616164]]}},{"id":"511","type":"Feature","properties":{"full_street_name":"W ESPLANADE","ROADCLASS":"Major","NOLANES":4.0,"ONEWAY":null},"geometry":{"type":"LineString","coordinates":[[-123.08412387524952,49.31307324358598],[-123.08561737260818,49.31373328778289]]}},{"id":"512","type":"Feature","properties":{"full_street_name":"SEMISCH AVE","ROADCLASS":"local","NOLANES":2.0,"ONEWAY":null},"geometry":{"type":"LineString","coordinates":[[-123.08412387524952,49.31307324358598],[-123.08330059098813,49.313878902892064]]}},{"id":"513","type":"Feature","properties":{"full_street_name":"W 1ST ST","ROADCLASS":"local","NOLANES":2.0,"ONEWAY":null},"geometry":{"type":"LineString","coordinates":[[-123.08176887485428,49.313232347616164],[-123.08330059098813,49.313878902892064]]}},{"id":"514","type":"Feature","properties":{"full_street_name":"CHESTERFIELD AVE","ROADCLASS":"Minor","NOLANES":2.0,"ONEWAY":null},"geometry":{"type":"LineString","coordinates":[[-123.08176887485428,49.313232347616164],[-123.08095285947974,49.314037986824076]]}},{"id":"515","type":"Feature","properties":{"full_street_name":"W ESPLANADE","ROADCLASS":"Major","NOLANES":4.0,"ONEWAY":null},"geometry":{"type":"LineString","coordinates":[[-123.08561737260818,49.31373328778289],[-123.08598396784814,49.31389043033876]]}},{"id":"516","type":"Feature","properties":{"full_street_name":"MAHON AVE","ROADCLASS":"local","NOLANES":2.0,"ONEWAY":null},"geometry":{"type":"LineString","coordinates":[[-123.08561737260818,49.31373328778289],[-123.08483798870876,49.31455691747048]]}},{"id":"517","type":"Feature","properties":{"full_street_name":"W 1ST ST","ROADCLASS":"local","NOLANES":2.0,"ONEWAY":null},"geometry":{"type":"LineString","coordinates":[[-123.08330059098813,49.313878902892064],[-123.08483798870876,49.31455691747048]]}},{"id":"518","type":"Feature","properties":{"full_street_name":"CHESTERFIELD AVE","ROADCLASS":"Minor","NOLANES":2.0,"ONEWAY":null},"geometry":{"type":"LineString","coordinates":[[-123.08095285947974,49.314037986824076],[-123.08019780532346,49.31480309800578]]}},{"id":"519","type":"Feature","properties":{"full_street_name":"W 2ND ST","ROADCLASS":"local","NOLANES":2.0,"ONEWAY":null},"geometry":{"type":"LineString","coordinates":[[-123.08095285947974,49.314037986824076],[-123.0840344393591,49.31534457705711]]}},{"id":"520","type":"Feature","properties":{"full_street_name":"W 2ND ST","ROADCLASS":"local","NOLANES":2.0,"ONEWAY":null},"geometry":{"type":"LineString","coordinates":[[-123.07784381262645,49.31265936983709],[-123.08095285947974,49.314037986824076]]}},{"id":"521","type":"Feature","properties":{"full_street_name":"LONSDALE AVE","ROADCLASS":"Major","NOLANES":4.0,"ONEWAY":null},"geometry":{"type":"LineString","coordinates":[[-123.07705566782387,49.31345146923315],[-123.07628208858154,49.314225563276715]]}},{"id":"522","type":"Feature","properties":{"full_street_name":"W 3RD ST","ROADCLASS":"Minor","NOLANES":2.0,"ONEWAY":null},"geometry":{"type":"LineString","coordinates":[[-123.07705566782387,49.31345146923315],[-123.08019780532346,49.31480309800578]]}},{"id":"523","type":"Feature","properties":{"full_street_name":"LONSDALE AVE","ROADCLASS":"Major","NOLANES":4.0,"ONEWAY":null},"geometry":{"type":"LineString","coordinates":[[-123.07628208858154,49.314225563276715],[-123.07537145027385,49.31508069761855]]}},{"id":"524","type":"Feature","properties":{"full_street_name":"W 4TH ST","ROADCLASS":"local","NOLANES":2.0,"ONEWAY":null},"geometry":{"type":"LineString","coordinates":[[-123.07628208858154,49.314225563276715],[-123.07937265772811,49.315577248331415]]}},{"id":"525","type":"Feature","properties":{"full_street_name":"CHESTERFIELD AVE","ROADCLASS":"Minor","NOLANES":2.0,"ONEWAY":null},"geometry":{"type":"LineString","coordinates":[[-123.08019780532346,49.31480309800578],[-123.07937265772811,49.315577248331415]]}},{"id":"526","type":"Feature","properties":{"full_street_name":"W 5TH ST","ROADCLASS":"local","NOLANES":2.0,"ONEWAY":null},"geometry":{"type":"LineString","coordinates":[[-123.07537145027385,49.31508069761855],[-123.07848268700936,49.31643239279594]]}},{"id":"527","type":"Feature","properties":{"full_street_name":"CHESTERFIELD AVE","ROADCLASS":"Minor","NOLANES":2.0,"ONEWAY":null},"geometry":{"type":"LineString","coordinates":[[-123.07937265772811,49.315577248331415],[-123.07848268700936,49.31643239279594]]}},{"id":"528","type":"Feature","properties":{"full_street_name":"W 6TH ST","ROADCLASS":"local","NOLANES":2.0,"ONEWAY":null},"geometry":{"type":"LineString","coordinates":[[-123.07450250078504,49.315944793808605],[-123.07761810341798,49.3173189970505]]}},{"id":"529","type":"Feature","properties":{"full_street_name":"CHESTERFIELD AVE","ROADCLASS":"Minor","NOLANES":2.0,"ONEWAY":null},"geometry":{"type":"LineString","coordinates":[[-123.07848268700936,49.31643239279594],[-123.0777301393005,49.3171974867216]]}},{"id":"530","type":"Feature","properties":{"full_street_name":"W 1ST ST","ROADCLASS":"local","NOLANES":2.0,"ONEWAY":null},"geometry":{"type":"LineString","coordinates":[[-123.08483798870876,49.31455691747048],[-123.08574284670881,49.31495883552314],[-123.0859201018477,49.31499238073029]]}},{"id":"531","type":"Feature","properties":{"full_street_name":"MAHON AVE","ROADCLASS":"local","NOLANES":2.0,"ONEWAY":null},"geometry":{"type":"LineString","coordinates":[[-123.08483798870876,49.31455691747048],[-123.0840344393591,49.31534457705711]]}},{"id":"532","type":"Feature","properties":{"full_street_name":"W 3RD ST","ROADCLASS":"Minor","NOLANES":2.0,"ONEWAY":null},"geometry":{"type":"LineString","coordinates":[[-123.08019780532346,49.31480309800578],[-123.08169132024331,49.31547218875027]]}},{"id":"533","type":"Feature","properties":{"full_street_name":"SEMISCH AVE","ROADCLASS":"local","NOLANES":2.0,"ONEWAY":null},"geometry":{"type":"LineString","coordinates":[[-123.08206349805407,49.31510762255161],[-123.08169132024331,49.31547218875027]]}},{"id":"534","type":"Feature","properties":{"full_street_name":"FORBES AVE","ROADCLASS":"Major","NOLANES":2.0,"ONEWAY":null},"geometry":{"type":"LineString","coordinates":[[-123.0859201018477,49.31499238073029],[-123.08588172598628,49.31616627292025]]}},{"id":"535","type":"Feature","properties":{"full_street_name":"MAHON AVE","ROADCLASS":"local","NOLANES":2.0,"ONEWAY":null},"geometry":{"type":"LineString","coordinates":[[-123.0840344393591,49.31534457705711],[-123.08326609342744,49.31611421624046]]}},{"id":"536","type":"Feature","properties":{"full_street_name":"W 2ND ST","ROADCLASS":"local","NOLANES":2.0,"ONEWAY":null},"geometry":{"type":"LineString","coordinates":[[-123.0840344393591,49.31534457705711],[-123.08588172598628,49.31616627292025]]}},{"id":"537","type":"Feature","properties":{"full_street_name":"W 3RD ST","ROADCLASS":"Minor","NOLANES":2.0,"ONEWAY":null},"geometry":{"type":"LineString","coordinates":[[-123.08169132024331,49.31547218875027],[-123.08326609342744,49.31611421624046]]}},{"id":"538","type":"Feature","properties":{"full_street_name":"W 4TH ST","ROADCLASS":"local","NOLANES":2.0,"ONEWAY":null},"geometry":{"type":"LineString","coordinates":[[-123.07937265772811,49.315577248331415],[-123.08244273566359,49.31691537238909]]}},{"id":"539","type":"Feature","properties":{"full_street_name":"MAHON AVE","ROADCLASS":"local","NOLANES":2.0,"ONEWAY":null},"geometry":{"type":"LineString","coordinates":[[-123.08326609342744,49.31611421624046],[-123.08244273566359,49.31691537238909]]}},{"id":"540","type":"Feature","properties":{"full_street_name":"E KEITH RD","ROADCLASS":"Minor","NOLANES":1.0,"ONEWAY":1.0},"geometry":{"type":"LineString","coordinates":[[-123.07398084974413,49.31645785088901],[-123.07199527302367,49.31561805996375]]}},{"id":"541","type":"Feature","properties":{"full_street_name":"LONSDALE AVE","ROADCLASS":"Major","NOLANES":4.0,"ONEWAY":null},"geometry":{"type":"LineString","coordinates":[[-123.07450250078504,49.315944793808605],[-123.07398084974413,49.31645785088901]]}},{"id":"542","type":"Feature","properties":{"full_street_name":"E KEITH RD","ROADCLASS":"Minor","NOLANES":1.0,"ONEWAY":1.0},"geometry":{"type":"LineString","coordinates":[[-123.07307402626493,49.31733095458266],[-123.07116795713505,49.31647760748701],[-123.07102708967639,49.316293293241024],[-123.07100639654838,49.31595598976015],[-123.07033477734078,49.315655062919554]]}},{"id":"543","type":"Feature","properties":{"full_street_name":"W KEITH RD","ROADCLASS":"Minor","NOLANES":1.0,"ONEWAY":1.0},"geometry":{"type":"LineString","coordinates":[[-123.07398084974413,49.31645785088901],[-123.07584136054062,49.317293191267886]]}},{"id":"544","type":"Feature","properties":{"full_street_name":"LONSDALE AVE","ROADCLASS":"Major","NOLANES":4.0,"ONEWAY":null},"geometry":{"type":"LineString","coordinates":[[-123.07398084974413,49.31645785088901],[-123.07307402626493,49.31733095458266]]}},{"id":"545","type":"Feature","properties":{"full_street_name":"LONSDALE AVE","ROADCLASS":"Major","NOLANES":4.0,"ONEWAY":null},"geometry":{"type":"LineString","coordinates":[[-123.07307402626493,49.31733095458266],[-123.07253856762037,49.31783052017456]]}},{"id":"546","type":"Feature","properties":{"full_street_name":"W KEITH RD","ROADCLASS":"Minor","NOLANES":1.0,"ONEWAY":1.0},"geometry":{"type":"LineString","coordinates":[[-123.07307402626493,49.31733095458266],[-123.07489836019235,49.318116858828965]]}},{"id":"547","type":"Feature","properties":{"full_street_name":"W VICTORIA PARK AVE","ROADCLASS":"Minor","NOLANES":1.0,"ONEWAY":1.0},"geometry":{"type":"LineString","coordinates":[[-123.07593164935446,49.31784633099142],[-123.07548094473908,49.31808049933743],[-123.07511298199803,49.31815270002182],[-123.07489836019235,49.318116858828965]]}},{"id":"548","type":"Feature","properties":{"full_street_name":"LONSDALE AVE","ROADCLASS":"Major","NOLANES":4.0,"ONEWAY":null},"geometry":{"type":"LineString","coordinates":[[-123.07253856762037,49.31783052017456],[-123.07244937372738,49.31799698583755],[-123.07243441256787,49.3189369851434]]}},{"id":"549","type":"Feature","properties":{"full_street_name":"W 8TH ST","ROADCLASS":"local","NOLANES":2.0,"ONEWAY":null},"geometry":{"type":"LineString","coordinates":[[-123.07253856762037,49.31783052017456],[-123.07424460888716,49.318580529281725],[-123.07441859189359,49.31875582219942],[-123.07442898448939,49.31895650334461]]}},{"id":"550","type":"Feature","properties":{"full_street_name":"W 5TH ST","ROADCLASS":"local","NOLANES":2.0,"ONEWAY":null},"geometry":{"type":"LineString","coordinates":[[-123.07848268700936,49.31643239279594],[-123.0815609705869,49.31777503207058]]}},{"id":"551","type":"Feature","properties":{"full_street_name":"CHESTERFIELD AVE","ROADCLASS":"Minor","NOLANES":2.0,"ONEWAY":null},"geometry":{"type":"LineString","coordinates":[[-123.0777301393005,49.3171974867216],[-123.07761810341798,49.3173189970505]]}},{"id":"552","type":"Feature","properties":{"full_street_name":"CHESTERFIELD AVE","ROADCLASS":"Minor","NOLANES":2.0,"ONEWAY":null},"geometry":{"type":"LineString","coordinates":[[-123.07761810341798,49.3173189970505],[-123.07751379400496,49.317431505166674]]}},{"id":"553","type":"Feature","properties":{"full_street_name":"W VICTORIA PARK AVE","ROADCLASS":"Minor","NOLANES":1.0,"ONEWAY":1.0},"geometry":{"type":"LineString","coordinates":[[-123.07584136054062,49.317293191267886],[-123.07596563217562,49.31757645505337],[-123.07593164935446,49.31784633099142]]}},{"id":"554","type":"Feature","properties":{"full_street_name":"CHESTERFIELD AVE","ROADCLASS":"Minor","NOLANES":2.0,"ONEWAY":null},"geometry":{"type":"LineString","coordinates":[[-123.07751379400496,49.317431505166674],[-123.07676504338804,49.31816960476478]]}},{"id":"555","type":"Feature","properties":{"full_street_name":"W 6TH ST","ROADCLASS":"local","NOLANES":1.0,"ONEWAY":1.0},"geometry":{"type":"LineString","coordinates":[[-123.0777301393005,49.3171974867216],[-123.08078566701262,49.31854465933421]]}},{"id":"556","type":"Feature","properties":{"full_street_name":"W KEITH RD","ROADCLASS":"Minor","NOLANES":1.0,"ONEWAY":null},"geometry":{"type":"LineString","coordinates":[[-123.07593164935446,49.31784633099142],[-123.07676504338804,49.31816960476478]]}},{"id":"557","type":"Feature","properties":{"full_street_name":"W 6TH ST","ROADCLASS":"local","NOLANES":1.0,"ONEWAY":1.0},"geometry":{"type":"LineString","coordinates":[[-123.07751379400496,49.317431505166674],[-123.08054693371442,49.31875621215327]]}},{"id":"558","type":"Feature","properties":{"full_street_name":"CHESTERFIELD AVE","ROADCLASS":"Minor","NOLANES":2.0,"ONEWAY":null},"geometry":{"type":"LineString","coordinates":[[-123.07676504338804,49.31816960476478],[-123.07566798924013,49.31920026931399]]}},{"id":"559","type":"Feature","properties":{"full_street_name":"W KEITH RD","ROADCLASS":"Minor","NOLANES":2.0,"ONEWAY":null},"geometry":{"type":"LineString","coordinates":[[-123.07676504338804,49.31816960476478],[-123.07982397959633,49.319476322287464]]}},{"id":"560","type":"Feature","properties":{"full_street_name":"FELL AVE","ROADCLASS":"local","NOLANES":2.0,"ONEWAY":null},"geometry":{"type":"LineString","coordinates":[[-123.09486099442616,49.31329430419539],[-123.0948551387095,49.3134877028965]]}},{"id":"561","type":"Feature","properties":{"full_street_name":"FELL AVE","ROADCLASS":"local","NOLANES":2.0,"ONEWAY":null},"geometry":{"type":"LineString","coordinates":[[-123.0948551387095,49.3134877028965],[-123.09483983877588,49.31399304055416]]}},{"id":"562","type":"Feature","properties":{"full_street_name":"HARBOURSIDE PL","ROADCLASS":"local","NOLANES":null,"ONEWAY":null},"geometry":{"type":"LineString","coordinates":[[-123.0948551387095,49.3134877028965],[-123.09689551468679,49.3135084994218],[-123.09688211925543,49.314559316856396]]}},{"id":"563","type":"Feature","properties":{"full_street_name":"HARBOUR WAY","ROADCLASS":"lane","NOLANES":2.0,"ONEWAY":null},"geometry":{"type":"LineString","coordinates":[[-123.09406288610417,49.314530367028],[-123.09407643723966,49.31398497204869],[-123.09483983808796,49.31399304055472]]}},{"id":"564","type":"Feature","properties":{"full_street_name":"FELL AVE","ROADCLASS":"local","NOLANES":2.0,"ONEWAY":null},"geometry":{"type":"LineString","coordinates":[[-123.09483983877588,49.31399304055416],[-123.09482327312885,49.31454015841517]]}},{"id":"565","type":"Feature","properties":{"full_street_name":"GOSTICK PL","ROADCLASS":"local","NOLANES":2.0,"ONEWAY":null},"geometry":{"type":"LineString","coordinates":[[-123.09285969691054,49.3142763983656],[-123.09285304686665,49.31451477724576]]}},{"id":"566","type":"Feature","properties":{"full_street_name":"HARBOURSIDE DR","ROADCLASS":"local","NOLANES":2.0,"ONEWAY":null},"geometry":{"type":"LineString","coordinates":[[-123.09285304686665,49.31451477724576],[-123.09406288610417,49.314530367028]]}},{"id":"567","type":"Feature","properties":{"full_street_name":"HARBOURSIDE DR","ROADCLASS":"local","NOLANES":2.0,"ONEWAY":null},"geometry":{"type":"LineString","coordinates":[[-123.09406288610417,49.314530367028],[-123.09482327312885,49.31454015841517]]}},{"id":"568","type":"Feature","properties":{"full_street_name":"HARBOURSIDE DR","ROADCLASS":"local","NOLANES":2.0,"ONEWAY":null},"geometry":{"type":"LineString","coordinates":[[-123.09482327312885,49.31454015841517],[-123.09688211925543,49.314559316856396]]}},{"id":"569","type":"Feature","properties":{"full_street_name":"HARBOURSIDE DR","ROADCLASS":"local","NOLANES":2.0,"ONEWAY":null},"geometry":{"type":"LineString","coordinates":[[-123.09688211925543,49.314559316856396],[-123.10103460454667,49.31459784455712]]}},{"id":"570","type":"Feature","properties":{"full_street_name":"FORBES AVE","ROADCLASS":"local","NOLANES":null,"ONEWAY":null},"geometry":{"type":"LineString","coordinates":[[-123.08622366903327,49.31327408555513],[-123.08605667614869,49.31342263052285]]}},{"id":"571","type":"Feature","properties":{"full_street_name":"FORBES AVE","ROADCLASS":"local","NOLANES":2.0,"ONEWAY":null},"geometry":{"type":"LineString","coordinates":[[-123.08605667614869,49.31342263052285],[-123.08598396784814,49.31389043033876]]}},{"id":"572","type":"Feature","properties":{"full_street_name":"FORBES AVE","ROADCLASS":"Major","NOLANES":4.0,"ONEWAY":null},"geometry":{"type":"LineString","coordinates":[[-123.08598396784814,49.31389043033876],[-123.08593345388749,49.31475849755362]]}},{"id":"573","type":"Feature","properties":{"full_street_name":"FORBES AVE","ROADCLASS":"Major","NOLANES":3.0,"ONEWAY":null},"geometry":{"type":"LineString","coordinates":[[-123.08593345388749,49.31475849755362],[-123.0859201018477,49.31499238073029]]}},{"id":"574","type":"Feature","properties":{"full_street_name":"W ESPLANADE","ROADCLASS":"local","NOLANES":2.0,"ONEWAY":null},"geometry":{"type":"LineString","coordinates":[[-123.08605667614869,49.31342263052285],[-123.08666239087789,49.31386293913014],[-123.08731891663396,49.31458205504993],[-123.08863192298112,49.31620467550166],[-123.08896658073402,49.31675761751135]]}},{"id":"575","type":"Feature","properties":{"full_street_name":"BEWICKE AVE","ROADCLASS":"collector","NOLANES":2.0,"ONEWAY":null},"geometry":{"type":"LineString","coordinates":[[-123.09173893592911,49.31375507686856],[-123.0916411294328,49.31499571141609],[-123.09168610483604,49.316467648156824]]}},{"id":"576","type":"Feature","properties":{"full_street_name":"W 1ST ST","ROADCLASS":"local","NOLANES":2.0,"ONEWAY":null},"geometry":{"type":"LineString","coordinates":[[-123.08593345388749,49.31475849755362],[-123.08623026860103,49.314839232603305],[-123.0878284756354,49.31654710352592]]}},{"id":"577","type":"Feature","properties":{"full_street_name":"W 2ND ST","ROADCLASS":"local","NOLANES":null,"ONEWAY":null},"geometry":{"type":"LineString","coordinates":[[-123.0861506389845,49.31577478581711],[-123.0872449057589,49.31674093975684],[-123.0878284756354,49.31654710352592]]}},{"id":"578","type":"Feature","properties":{"full_street_name":"COPPING ST","ROADCLASS":"local","NOLANES":2.0,"ONEWAY":null},"geometry":{"type":"LineString","coordinates":[[-123.09168610483604,49.316467648156824],[-123.09279846629651,49.31647125881345]]}},{"id":"579","type":"Feature","properties":{"full_street_name":"W 1ST ST","ROADCLASS":"local","NOLANES":2.0,"ONEWAY":null},"geometry":{"type":"LineString","coordinates":[[-123.0878284756354,49.31654710352592],[-123.08824850799348,49.31699653967047]]}},{"id":"580","type":"Feature","properties":{"full_street_name":"FELL AVE","ROADCLASS":"collector","NOLANES":2.0,"ONEWAY":null},"geometry":{"type":"LineString","coordinates":[[-123.09482327312885,49.31454015841517],[-123.09478216897946,49.31589767789499]]}},{"id":"581","type":"Feature","properties":{"full_street_name":"GOSTICK PL","ROADCLASS":"local","NOLANES":2.0,"ONEWAY":null},"geometry":{"type":"LineString","coordinates":[[-123.09285304686665,49.31451477724576],[-123.09279846629651,49.31647125881345]]}},{"id":"582","type":"Feature","properties":{"full_street_name":"AUTOMALL DR","ROADCLASS":"local","NOLANES":null,"ONEWAY":null},"geometry":{"type":"LineString","coordinates":[[-123.09638378192729,49.315916352165935],[-123.09478216897946,49.31589767789499]]}},{"id":"583","type":"Feature","properties":{"full_street_name":"AUTOMALL DR","ROADCLASS":"local","NOLANES":1.0,"ONEWAY":1.0},"geometry":{"type":"LineString","coordinates":[[-123.09731904643183,49.31592333479598],[-123.09638378192729,49.315916352165935]]}},{"id":"584","type":"Feature","properties":{"full_street_name":"AUTOMALL DR","ROADCLASS":"local","NOLANES":1.0,"ONEWAY":1.0},"geometry":{"type":"LineString","coordinates":[[-123.09638378192729,49.315916352165935],[-123.09663297528508,49.31601181891336],[-123.09671175293505,49.3160845802379],[-123.09676176007238,49.31625979846516]]}},{"id":"585","type":"Feature","properties":{"full_street_name":"AUTOMALL DR","ROADCLASS":"local","NOLANES":1.0,"ONEWAY":1.0},"geometry":{"type":"LineString","coordinates":[[-123.09731904643183,49.31592333479598],[-123.09715924573865,49.3159399788966],[-123.09699771942711,49.315995805184166],[-123.09687557826557,49.31608729898453],[-123.09676176007238,49.31625979846516]]}},{"id":"586","type":"Feature","properties":{"full_street_name":"AUTOMALL DR","ROADCLASS":"local","NOLANES":2.0,"ONEWAY":1.0},"geometry":{"type":"LineString","coordinates":[[-123.09999381380672,49.31629884673393],[-123.0999061016843,49.31608753808724],[-123.09964355392088,49.31595733455217],[-123.09731904643183,49.31592333479598]]}},{"id":"587","type":"Feature","properties":{"full_street_name":"AUTOMALL DR","ROADCLASS":"local","NOLANES":2.0,"ONEWAY":1.0},"geometry":{"type":"LineString","coordinates":[[-123.09676176007238,49.31625979846516],[-123.09678632858534,49.316373538315794],[-123.09687553884493,49.31647690838646],[-123.0970717945442,49.316571191605505],[-123.09725157007705,49.3165935291763],[-123.09958768292577,49.31660953004752],[-123.0998708126821,49.31649684579753],[-123.09999381380672,49.31629884673393]]}},{"id":"588","type":"Feature","properties":{"full_street_name":"FELL AVE","ROADCLASS":"collector","NOLANES":2.0,"ONEWAY":null},"geometry":{"type":"LineString","coordinates":[[-123.09478216897946,49.31589767789499],[-123.09471745205632,49.31803485321212]]}},{"id":"589","type":"Feature","properties":{"full_street_name":"W 1ST ST","ROADCLASS":"Major","NOLANES":2.0,"ONEWAY":null},"geometry":{"type":"LineString","coordinates":[[-123.09471745205632,49.31803485321212],[-123.09693414752223,49.318077989997]]}},{"id":"590","type":"Feature","properties":{"full_street_name":"W 3RD ST","ROADCLASS":"Minor","NOLANES":2.0,"ONEWAY":null},"geometry":{"type":"LineString","coordinates":[[-123.08326609342744,49.31611421624046],[-123.0858089324626,49.31733119619464]]}},{"id":"591","type":"Feature","properties":{"full_street_name":"FORBES AVE","ROADCLASS":"Major","NOLANES":2.0,"ONEWAY":null},"geometry":{"type":"LineString","coordinates":[[-123.08588172598628,49.31616627292025],[-123.0858089324626,49.31733119619464]]}},{"id":"592","type":"Feature","properties":{"full_street_name":"MAHON AVE","ROADCLASS":"local","NOLANES":2.0,"ONEWAY":null},"geometry":{"type":"LineString","coordinates":[[-123.08244273566359,49.31691537238909],[-123.0815609705869,49.31777503207058]]}},{"id":"593","type":"Feature","properties":{"full_street_name":"W 4TH ST","ROADCLASS":"local","NOLANES":2.0,"ONEWAY":null},"geometry":{"type":"LineString","coordinates":[[-123.08244273566359,49.31691537238909],[-123.08440538538498,49.3177909809036]]}},{"id":"594","type":"Feature","properties":{"full_street_name":"FORBES AVE","ROADCLASS":"local","NOLANES":2.0,"ONEWAY":null},"geometry":{"type":"LineString","coordinates":[[-123.0858089324626,49.31733119619464],[-123.08578073289131,49.31842412334309]]}},{"id":"595","type":"Feature","properties":{"full_street_name":"W 4TH ST","ROADCLASS":"local","NOLANES":2.0,"ONEWAY":null},"geometry":{"type":"LineString","coordinates":[[-123.08440538538498,49.3177909809036],[-123.08578073289131,49.31842412334309]]}},{"id":"596","type":"Feature","properties":{"full_street_name":"MAHON AVE","ROADCLASS":"local","NOLANES":2.0,"ONEWAY":null},"geometry":{"type":"LineString","coordinates":[[-123.0815609705869,49.31777503207058],[-123.08078566701262,49.31854465933421]]}},{"id":"597","type":"Feature","properties":{"full_street_name":"W CHIEF JOSEPH CRES","ROADCLASS":"local","NOLANES":2.0,"ONEWAY":null},"geometry":{"type":"LineString","coordinates":[[-123.08440538538498,49.3177909809036],[-123.08398082061969,49.318200567250486],[-123.08479152136051,49.318546288321656],[-123.08519062785291,49.31858647196505]]}},{"id":"598","type":"Feature","properties":{"full_street_name":"W 5TH ST","ROADCLASS":"local","NOLANES":2.0,"ONEWAY":null},"geometry":{"type":"LineString","coordinates":[[-123.0815609705869,49.31777503207058],[-123.08425086866018,49.31896495583407]]}},{"id":"599","type":"Feature","properties":{"full_street_name":"MAHON AVE","ROADCLASS":"local","NOLANES":2.0,"ONEWAY":null},"geometry":{"type":"LineString","coordinates":[[-123.08078566701262,49.31854465933421],[-123.08066629694706,49.3186481874788]]}},{"id":"600","type":"Feature","properties":{"full_street_name":"MISSION RD","ROADCLASS":"local","NOLANES":2.0,"ONEWAY":null},"geometry":{"type":"LineString","coordinates":[[-123.08896658073402,49.31675761751135],[-123.08824850799348,49.31699653967047]]}},{"id":"601","type":"Feature","properties":{"full_street_name":"W ESPLANADE","ROADCLASS":"local","NOLANES":2.0,"ONEWAY":null},"geometry":{"type":"LineString","coordinates":[[-123.08896658073402,49.31675761751135],[-123.0895520276434,49.31760270678428]]}},{"id":"602","type":"Feature","properties":{"full_street_name":"MISSION RD","ROADCLASS":"local","NOLANES":2.0,"ONEWAY":null},"geometry":{"type":"LineString","coordinates":[[-123.08824850799348,49.31699653967047],[-123.08769172126262,49.317262318658805],[-123.08758467782386,49.31751041960427]]}},{"id":"603","type":"Feature","properties":{"full_street_name":"W 2ND ST","ROADCLASS":"local","NOLANES":2.0,"ONEWAY":null},"geometry":{"type":"LineString","coordinates":[[-123.0870777751121,49.317300140497046],[-123.08758467851182,49.31751041960375]]}},{"id":"604","type":"Feature","properties":{"full_street_name":"W 1ST ST","ROADCLASS":"local","NOLANES":2.0,"ONEWAY":null},"geometry":{"type":"LineString","coordinates":[[-123.08824850799348,49.31699653967047],[-123.0890585882573,49.317944902650574]]}},{"id":"605","type":"Feature","properties":{"full_street_name":"W 3RD ST","ROADCLASS":"Major","NOLANES":2.0,"ONEWAY":null},"geometry":{"type":"LineString","coordinates":[[-123.0858089324626,49.31733119619464],[-123.08739667038661,49.31794617132999]]}},{"id":"606","type":"Feature","properties":{"full_street_name":"MISSION RD","ROADCLASS":"local","NOLANES":2.0,"ONEWAY":null},"geometry":{"type":"LineString","coordinates":[[-123.08758467782386,49.31751041960427],[-123.08739667038661,49.31794617132999]]}},{"id":"607","type":"Feature","properties":{"full_street_name":"BEWICKE AVE","ROADCLASS":"collector","NOLANES":2.0,"ONEWAY":null},"geometry":{"type":"LineString","coordinates":[[-123.09168610483604,49.316467648156824],[-123.09161728045417,49.318307205033584],[-123.09154555689445,49.31904935920456]]}},{"id":"608","type":"Feature","properties":{"full_street_name":"DELBRUCK AVE","ROADCLASS":"local","NOLANES":2.0,"ONEWAY":null},"geometry":{"type":"LineString","coordinates":[[-123.0895520276434,49.31760270678428],[-123.0890585882573,49.317944902650574]]}},{"id":"609","type":"Feature","properties":{"full_street_name":"W ESPLANADE","ROADCLASS":"local","NOLANES":2.0,"ONEWAY":null},"geometry":{"type":"LineString","coordinates":[[-123.0895520276434,49.31760270678428],[-123.09003325831492,49.31811505477052]]}},{"id":"610","type":"Feature","properties":{"full_street_name":"MISSION RD","ROADCLASS":"local","NOLANES":2.0,"ONEWAY":null},"geometry":{"type":"LineString","coordinates":[[-123.08739667038661,49.31794617132999],[-123.08717875907843,49.31837195799549]]}},{"id":"611","type":"Feature","properties":{"full_street_name":"DELBRUCK AVE","ROADCLASS":"local","NOLANES":2.0,"ONEWAY":null},"geometry":{"type":"LineString","coordinates":[[-123.0890585882573,49.317944902650574],[-123.08849056204242,49.318422080314875]]}},{"id":"612","type":"Feature","properties":{"full_street_name":"W 3RD ST","ROADCLASS":"Major","NOLANES":2.0,"ONEWAY":null},"geometry":{"type":"LineString","coordinates":[[-123.08739667038661,49.31794617132999],[-123.08849056204242,49.318422080314875]]}},{"id":"613","type":"Feature","properties":{"full_street_name":"W 4TH ST","ROADCLASS":"local","NOLANES":2.0,"ONEWAY":null},"geometry":{"type":"LineString","coordinates":[[-123.08578073289131,49.31842412334309],[-123.08675429354675,49.318697747794054]]}},{"id":"614","type":"Feature","properties":{"full_street_name":"MISSION RD","ROADCLASS":"local","NOLANES":2.0,"ONEWAY":null},"geometry":{"type":"LineString","coordinates":[[-123.08717875907843,49.31837195799549],[-123.08694922434272,49.31877855737925]]}},{"id":"615","type":"Feature","properties":{"full_street_name":"W 4TH ST","ROADCLASS":"local","NOLANES":2.0,"ONEWAY":null},"geometry":{"type":"LineString","coordinates":[[-123.08717875907843,49.31837195799549],[-123.08845419423909,49.31892890935739]]}},{"id":"616","type":"Feature","properties":{"full_street_name":"W 3RD ST","ROADCLASS":"Major","NOLANES":2.0,"ONEWAY":null},"geometry":{"type":"LineString","coordinates":[[-123.08849056204242,49.318422080314875],[-123.08982380939291,49.31903721747439]]}},{"id":"617","type":"Feature","properties":{"full_street_name":"W 2ND ST","ROADCLASS":"Major","NOLANES":2.0,"ONEWAY":null},"geometry":{"type":"LineString","coordinates":[[-123.08982380939291,49.31903721747439],[-123.09154555689445,49.31904935920456]]}},{"id":"618","type":"Feature","properties":{"full_street_name":"W 6TH ST","ROADCLASS":"local","NOLANES":2.0,"ONEWAY":null},"geometry":{"type":"LineString","coordinates":[[-123.08878981661232,49.31904941417163],[-123.08886831417543,49.31907577340247],[-123.08982380939291,49.31903721747439]]}},{"id":"619","type":"Feature","properties":{"full_street_name":"W 3RD ST","ROADCLASS":"Major","NOLANES":2.0,"ONEWAY":null},"geometry":{"type":"LineString","coordinates":[[-123.08982380939291,49.31903721747439],[-123.09141286529828,49.32007490856621]]}},{"id":"620","type":"Feature","properties":{"full_street_name":"W 1ST ST","ROADCLASS":"Major","NOLANES":2.0,"ONEWAY":null},"geometry":{"type":"LineString","coordinates":[[-123.09693414752223,49.318077989997],[-123.09892630060614,49.31807630197947]]}},{"id":"621","type":"Feature","properties":{"full_street_name":"W 1ST ST","ROADCLASS":"Major","NOLANES":2.0,"ONEWAY":null},"geometry":{"type":"LineString","coordinates":[[-123.09892630060614,49.31807630197947],[-123.10237232274612,49.31810478389876]]}},{"id":"622","type":"Feature","properties":{"full_street_name":"W 2ND ST","ROADCLASS":"Major","NOLANES":2.0,"ONEWAY":null},"geometry":{"type":"LineString","coordinates":[[-123.09154555689445,49.31904935920456],[-123.09218840727944,49.31904884822385],[-123.09255679077224,49.318981090405636],[-123.09291551295065,49.31880539775166],[-123.09342069333127,49.31831475739956],[-123.0936882378458,49.31813463842937],[-123.09385366471103,49.31807153746999],[-123.09410513370263,49.3180308549468],[-123.09471745205632,49.31803485321212]]}},{"id":"623","type":"Feature","properties":{"full_street_name":"FELL AVE","ROADCLASS":"Major","NOLANES":2.0,"ONEWAY":null},"geometry":{"type":"LineString","coordinates":[[-123.09471745205632,49.31803485321212],[-123.09467675766679,49.32013524677709]]}},{"id":"624","type":"Feature","properties":{"full_street_name":"DONAGHY AVE","ROADCLASS":"local","NOLANES":2.0,"ONEWAY":null},"geometry":{"type":"LineString","coordinates":[[-123.09693414752223,49.318077989997],[-123.09688788734016,49.32014240944392]]}},{"id":"625","type":"Feature","properties":{"full_street_name":"HANES AVE","ROADCLASS":"collector","NOLANES":4.0,"ONEWAY":null},"geometry":{"type":"LineString","coordinates":[[-123.09892630060614,49.31807630197947],[-123.0988629683052,49.32016322374085]]}},{"id":"626","type":"Feature","properties":{"full_street_name":"MACKAY RD","ROADCLASS":"Minor","NOLANES":2.0,"ONEWAY":null},"geometry":{"type":"LineString","coordinates":[[-123.10237232274612,49.31810478389876],[-123.10229884509597,49.32020520922722]]}},{"id":"627","type":"Feature","properties":{"full_street_name":"W 3RD ST","ROADCLASS":"local","NOLANES":2.0,"ONEWAY":null},"geometry":{"type":"LineString","coordinates":[[-123.09368505873329,49.32013066996932],[-123.09467675766679,49.32013524677709]]}},{"id":"628","type":"Feature","properties":{"full_street_name":"W 3RD ST","ROADCLASS":"collector","NOLANES":2.0,"ONEWAY":null},"geometry":{"type":"LineString","coordinates":[[-123.09467675766679,49.32013524677709],[-123.09688788734016,49.32014240944392]]}},{"id":"629","type":"Feature","properties":{"full_street_name":"W 3RD ST","ROADCLASS":"collector","NOLANES":2.0,"ONEWAY":null},"geometry":{"type":"LineString","coordinates":[[-123.09688788734016,49.32014240944392],[-123.0988629683052,49.32016322374085]]}},{"id":"630","type":"Feature","properties":{"full_street_name":"BEWICKE AVE","ROADCLASS":"collector","NOLANES":2.0,"ONEWAY":null},"geometry":{"type":"LineString","coordinates":[[-123.09154555689445,49.31904935920456],[-123.09154274071916,49.31938667837502],[-123.09144730027505,49.31962962211452],[-123.09141286529828,49.32007490856621]]}},{"id":"631","type":"Feature","properties":{"full_street_name":"W KEITH RD","ROADCLASS":"Major","NOLANES":2.0,"ONEWAY":null},"geometry":{"type":"LineString","coordinates":[[-123.08484994747893,49.32001694724454],[-123.08792928407031,49.320037132422556]]}},{"id":"632","type":"Feature","properties":{"full_street_name":"W KEITH RD","ROADCLASS":"Major","NOLANES":2.0,"ONEWAY":null},"geometry":{"type":"LineString","coordinates":[[-123.08792928407031,49.320037132422556],[-123.09141286529828,49.32007490856621]]}},{"id":"633","type":"Feature","properties":{"full_street_name":"DELBRUCK AVE","ROADCLASS":"local","NOLANES":2.0,"ONEWAY":null},"geometry":{"type":"LineString","coordinates":[[-123.08792928407031,49.320037132422556],[-123.08785820535148,49.320932201446126]]}},{"id":"634","type":"Feature","properties":{"full_street_name":"BEWICKE AVE","ROADCLASS":"collector","NOLANES":2.0,"ONEWAY":null},"geometry":{"type":"LineString","coordinates":[[-123.09141286529828,49.32007490856621],[-123.09131736465751,49.32121736201382]]}},{"id":"635","type":"Feature","properties":{"full_street_name":"W 14TH ST","ROADCLASS":"local","NOLANES":2.0,"ONEWAY":null},"geometry":{"type":"LineString","coordinates":[[-123.08481619608915,49.32114585817923],[-123.08701538475964,49.3211847022932]]}},{"id":"636","type":"Feature","properties":{"full_street_name":"W 14TH ST","ROADCLASS":"local","NOLANES":2.0,"ONEWAY":null},"geometry":{"type":"LineString","coordinates":[[-123.0897030220001,49.32119164268893],[-123.09131736465751,49.32121736201382]]}},{"id":"637","type":"Feature","properties":{"full_street_name":"BEWICKE AVE","ROADCLASS":"collector","NOLANES":2.0,"ONEWAY":null},"geometry":{"type":"LineString","coordinates":[[-123.09131736465751,49.32121736201382],[-123.09127756397183,49.322251832514716]]}},{"id":"638","type":"Feature","properties":{"full_street_name":"W 15TH ST","ROADCLASS":"local","NOLANES":2.0,"ONEWAY":null},"geometry":{"type":"LineString","coordinates":[[-123.08889518105615,49.32224019678607],[-123.09127756397183,49.322251832514716]]}},{"id":"639","type":"Feature","properties":{"full_street_name":"BEWICKE AVE","ROADCLASS":"collector","NOLANES":2.0,"ONEWAY":null},"geometry":{"type":"LineString","coordinates":[[-123.09127756397183,49.322251832514716],[-123.0912075108674,49.32320536978467]]}},{"id":"640","type":"Feature","properties":{"full_street_name":"W 3RD ST","ROADCLASS":"collector","NOLANES":2.0,"ONEWAY":null},"geometry":{"type":"LineString","coordinates":[[-123.0988629683052,49.32016322374085],[-123.10229884509597,49.32020520922722]]}},{"id":"641","type":"Feature","properties":{"full_street_name":"MARINE DR","ROADCLASS":"Major","NOLANES":2.0,"ONEWAY":null},"geometry":{"type":"LineString","coordinates":[[-123.09141286529828,49.32007490856621],[-123.09382205070807,49.320896030210804]]}},{"id":"642","type":"Feature","properties":{"full_street_name":"FELL AVE","ROADCLASS":"Major","NOLANES":2.0,"ONEWAY":null},"geometry":{"type":"LineString","coordinates":[[-123.09467675766679,49.32013524677709],[-123.09465303440322,49.321219176814445]]}},{"id":"643","type":"Feature","properties":{"full_street_name":"MACKAY RD","ROADCLASS":"Minor","NOLANES":2.0,"ONEWAY":null},"geometry":{"type":"LineString","coordinates":[[-123.10229884509597,49.32020520922722],[-123.102207987012,49.32180642026369]]}},{"id":"644","type":"Feature","properties":{"full_street_name":"MARINE DR","ROADCLASS":"Major","NOLANES":2.0,"ONEWAY":null},"geometry":{"type":"LineString","coordinates":[[-123.09382205070807,49.320896030210804],[-123.09465303440322,49.321219176814445]]}},{"id":"645","type":"Feature","properties":{"full_street_name":"W 14TH ST","ROADCLASS":"local","NOLANES":2.0,"ONEWAY":1.0},"geometry":{"type":"LineString","coordinates":[[-123.09382205070807,49.320896030210804],[-123.09375217307928,49.32119569352712],[-123.09367578786159,49.32123383493479],[-123.0934386052906,49.32123609985415]]}},{"id":"646","type":"Feature","properties":{"full_street_name":"W 14TH ST","ROADCLASS":"local","NOLANES":2.0,"ONEWAY":null},"geometry":{"type":"LineString","coordinates":[[-123.09131736465751,49.32121736201382],[-123.0934386052906,49.32123609985415]]}},{"id":"647","type":"Feature","properties":{"full_street_name":"HANES AVE","ROADCLASS":"collector","NOLANES":4.0,"ONEWAY":null},"geometry":{"type":"LineString","coordinates":[[-123.0988629683052,49.32016322374085],[-123.09880525806152,49.32119321481799],[-123.09793374203697,49.322345330358274]]}},{"id":"648","type":"Feature","properties":{"full_street_name":"MARINE DR","ROADCLASS":"Major","NOLANES":2.0,"ONEWAY":null},"geometry":{"type":"LineString","coordinates":[[-123.09465303440322,49.321219176814445],[-123.09706880842224,49.322053718815056]]}},{"id":"649","type":"Feature","properties":{"full_street_name":"MOSQUITO CREEK LANE","ROADCLASS":"local","NOLANES":2.0,"ONEWAY":null},"geometry":{"type":"LineString","coordinates":[[-123.0934386052906,49.32123609985415],[-123.0934659323226,49.32192779578747],[-123.09343283718098,49.322242572378784]]}},{"id":"650","type":"Feature","properties":{"full_street_name":"JONES AVE","ROADCLASS":"collector","NOLANES":2.0,"ONEWAY":null},"geometry":{"type":"LineString","coordinates":[[-123.0817297408008,49.319983215356615],[-123.08170110809577,49.321130111985276]]}},{"id":"651","type":"Feature","properties":{"full_street_name":"FORBES AVE","ROADCLASS":"local","NOLANES":2.0,"ONEWAY":null},"geometry":{"type":"LineString","coordinates":[[-123.08484994747893,49.32001694724454],[-123.08481619608915,49.32114585817923]]}},{"id":"652","type":"Feature","properties":{"full_street_name":"W 14TH ST","ROADCLASS":"local","NOLANES":2.0,"ONEWAY":null},"geometry":{"type":"LineString","coordinates":[[-123.08170110809577,49.321130111985276],[-123.08481619608915,49.32114585817923]]}},{"id":"653","type":"Feature","properties":{"full_street_name":"JONES AVE","ROADCLASS":"collector","NOLANES":2.0,"ONEWAY":null},"geometry":{"type":"LineString","coordinates":[[-123.08170110809577,49.321130111985276],[-123.08168734449677,49.32216905740902]]}},{"id":"654","type":"Feature","properties":{"full_street_name":"FORBES AVE","ROADCLASS":"local","NOLANES":2.0,"ONEWAY":null},"geometry":{"type":"LineString","coordinates":[[-123.08481619608915,49.32114585817923],[-123.08477198353212,49.322193822333624]]}},{"id":"655","type":"Feature","properties":{"full_street_name":"W 15TH ST","ROADCLASS":"local","NOLANES":2.0,"ONEWAY":null},"geometry":{"type":"LineString","coordinates":[[-123.08168734449677,49.32216905740902],[-123.08477198353212,49.322193822333624]]}},{"id":"656","type":"Feature","properties":{"full_street_name":"W 15TH ST","ROADCLASS":"local","NOLANES":2.0,"ONEWAY":null},"geometry":{"type":"LineString","coordinates":[[-123.08477198353212,49.322193822333624],[-123.0864366756018,49.32222407134774]]}},{"id":"657","type":"Feature","properties":{"full_street_name":"JONES AVE","ROADCLASS":"collector","NOLANES":2.0,"ONEWAY":null},"geometry":{"type":"LineString","coordinates":[[-123.08168734449677,49.32216905740902],[-123.08167399013118,49.3231945096864]]}},{"id":"658","type":"Feature","properties":{"full_street_name":"FORBES AVE","ROADCLASS":"local","NOLANES":2.0,"ONEWAY":null},"geometry":{"type":"LineString","coordinates":[[-123.08477198353212,49.322193822333624],[-123.08475868274101,49.3232147764802]]}},{"id":"659","type":"Feature","properties":{"full_street_name":"W 16TH ST","ROADCLASS":"local","NOLANES":2.0,"ONEWAY":null},"geometry":{"type":"LineString","coordinates":[[-123.08167399013118,49.3231945096864],[-123.08475868274101,49.3232147764802]]}},{"id":"660","type":"Feature","properties":{"full_street_name":"FORBES AVE","ROADCLASS":"local","NOLANES":2.0,"ONEWAY":null},"geometry":{"type":"LineString","coordinates":[[-123.08578073289131,49.31842412334309],[-123.08575152201729,49.31893686680449]]}},{"id":"661","type":"Feature","properties":{"full_street_name":"MAHON AVE","ROADCLASS":"local","NOLANES":2.0,"ONEWAY":null},"geometry":{"type":"LineString","coordinates":[[-123.08066629694706,49.3186481874788],[-123.08054693371442,49.31875621215327]]}},{"id":"662","type":"Feature","properties":{"full_street_name":"W 6TH ST","ROADCLASS":"local","NOLANES":2.0,"ONEWAY":null},"geometry":{"type":"LineString","coordinates":[[-123.08066629694706,49.3186481874788],[-123.08140035422656,49.31894001326615],[-123.08176457088575,49.31894425373139]]}},{"id":"663","type":"Feature","properties":{"full_street_name":"W 6TH ST","ROADCLASS":"local","NOLANES":2.0,"ONEWAY":null},"geometry":{"type":"LineString","coordinates":[[-123.08176457088575,49.31894425373139],[-123.08425086866018,49.31896495583407]]}},{"id":"664","type":"Feature","properties":{"full_street_name":"W 6TH ST","ROADCLASS":"local","NOLANES":2.0,"ONEWAY":null},"geometry":{"type":"LineString","coordinates":[[-123.084870538088,49.31898699024873],[-123.08575152201729,49.31893686680449]]}},{"id":"665","type":"Feature","properties":{"full_street_name":"W 6TH ST","ROADCLASS":"local","NOLANES":2.0,"ONEWAY":null},"geometry":{"type":"LineString","coordinates":[[-123.08425086866018,49.31896495583407],[-123.084870538088,49.31898699024873]]}},{"id":"666","type":"Feature","properties":{"full_street_name":"JONES AVE","ROADCLASS":"local","NOLANES":2.0,"ONEWAY":null},"geometry":{"type":"LineString","coordinates":[[-123.08176457088575,49.31894425373139],[-123.0817297408008,49.319983215356615]]}},{"id":"667","type":"Feature","properties":{"full_street_name":"FORBES AVE","ROADCLASS":"local","NOLANES":2.0,"ONEWAY":null},"geometry":{"type":"LineString","coordinates":[[-123.084870538088,49.31898699024873],[-123.08484994747893,49.32001694724454]]}},{"id":"668","type":"Feature","properties":{"full_street_name":"W KEITH RD","ROADCLASS":"Major","NOLANES":2.0,"ONEWAY":null},"geometry":{"type":"LineString","coordinates":[[-123.08093549142774,49.319970280708105],[-123.0817297408008,49.319983215356615]]}},{"id":"669","type":"Feature","properties":{"full_street_name":"W KEITH RD","ROADCLASS":"Major","NOLANES":2.0,"ONEWAY":null},"geometry":{"type":"LineString","coordinates":[[-123.0817297408008,49.319983215356615],[-123.08484994747893,49.32001694724454]]}},{"id":"670","type":"Feature","properties":{"full_street_name":"MAHON AVE","ROADCLASS":"local","NOLANES":2.0,"ONEWAY":null},"geometry":{"type":"LineString","coordinates":[[-123.08054693371442,49.31875621215327],[-123.07982397959633,49.319476322287464]]}},{"id":"671","type":"Feature","properties":{"full_street_name":"CHESTERFIELD AVE","ROADCLASS":"Minor","NOLANES":2.0,"ONEWAY":null},"geometry":{"type":"LineString","coordinates":[[-123.07566798924013,49.31920026931399],[-123.07553051358515,49.31956466150095],[-123.0755341983998,49.320005420723454]]}},{"id":"672","type":"Feature","properties":{"full_street_name":"W 8TH ST","ROADCLASS":"local","NOLANES":2.0,"ONEWAY":null},"geometry":{"type":"LineString","coordinates":[[-123.07566798924013,49.31920026931399],[-123.0774301365156,49.320022156322544]]}},{"id":"673","type":"Feature","properties":{"full_street_name":"MAHON AVE","ROADCLASS":"Minor","NOLANES":2.0,"ONEWAY":null},"geometry":{"type":"LineString","coordinates":[[-123.07982397959633,49.319476322287464],[-123.07992755201212,49.31997098215309]]}},{"id":"674","type":"Feature","properties":{"full_street_name":"W 13TH ST","ROADCLASS":"Major","NOLANES":2.0,"ONEWAY":null},"geometry":{"type":"LineString","coordinates":[[-123.07992755201212,49.31997098215309],[-123.08093549142774,49.319970280708105]]}},{"id":"675","type":"Feature","properties":{"full_street_name":"W 13TH ST","ROADCLASS":"Major","NOLANES":2.0,"ONEWAY":null},"geometry":{"type":"LineString","coordinates":[[-123.07863377768757,49.320048329024864],[-123.07992755201212,49.31997098215309]]}},{"id":"676","type":"Feature","properties":{"full_street_name":"W 13TH ST","ROADCLASS":"Major","NOLANES":4.0,"ONEWAY":null},"geometry":{"type":"LineString","coordinates":[[-123.0755341983998,49.320005420723454],[-123.0774301365156,49.320022156322544]]}},{"id":"677","type":"Feature","properties":{"full_street_name":"W 13TH ST","ROADCLASS":"Major","NOLANES":4.0,"ONEWAY":null},"geometry":{"type":"LineString","coordinates":[[-123.0774301365156,49.320022156322544],[-123.07863377768757,49.320048329024864]]}},{"id":"678","type":"Feature","properties":{"full_street_name":"CHESTERFIELD AVE","ROADCLASS":"Minor","NOLANES":2.0,"ONEWAY":null},"geometry":{"type":"LineString","coordinates":[[-123.0755341983998,49.320005420723454],[-123.07553581490005,49.32106234487291]]}},{"id":"679","type":"Feature","properties":{"full_street_name":"MAHON AVE","ROADCLASS":"local","NOLANES":2.0,"ONEWAY":null},"geometry":{"type":"LineString","coordinates":[[-123.07863377768757,49.320048329024864],[-123.07861607181962,49.32108277939137]]}},{"id":"680","type":"Feature","properties":{"full_street_name":"W 12TH ST","ROADCLASS":"local","NOLANES":2.0,"ONEWAY":null},"geometry":{"type":"LineString","coordinates":[[-123.07243441256787,49.3189369851434],[-123.07442898448939,49.31895650334461]]}},{"id":"681","type":"Feature","properties":{"full_street_name":"W 12TH ST","ROADCLASS":"local","NOLANES":2.0,"ONEWAY":null},"geometry":{"type":"LineString","coordinates":[[-123.07442898448939,49.31895650334461],[-123.07502391176938,49.318962318573]]}},{"id":"682","type":"Feature","properties":{"full_street_name":"W 8TH ST","ROADCLASS":"local","NOLANES":2.0,"ONEWAY":null},"geometry":{"type":"LineString","coordinates":[[-123.07502391176938,49.318962318573],[-123.07566798924013,49.31920026931399]]}},{"id":"683","type":"Feature","properties":{"full_street_name":"LONSDALE AVE","ROADCLASS":"Major","NOLANES":4.0,"ONEWAY":null},"geometry":{"type":"LineString","coordinates":[[-123.07243441256787,49.3189369851434],[-123.07238950190917,49.31998044779685]]}},{"id":"684","type":"Feature","properties":{"full_street_name":"W 13TH ST","ROADCLASS":"Major","NOLANES":2.0,"ONEWAY":null},"geometry":{"type":"LineString","coordinates":[[-123.07238950190917,49.31998044779685],[-123.0755341983998,49.320005420723454]]}},{"id":"685","type":"Feature","properties":{"full_street_name":"LONSDALE AVE","ROADCLASS":"Major","NOLANES":4.0,"ONEWAY":null},"geometry":{"type":"LineString","coordinates":[[-123.07238950190917,49.31998044779685],[-123.07236825945405,49.32103738629911]]}},{"id":"686","type":"Feature","properties":{"full_street_name":"CIVIC PLACE MEWS","ROADCLASS":"strata","NOLANES":null,"ONEWAY":null},"geometry":{"type":"LineString","coordinates":[[-123.07470872051789,49.32051548112281],[-123.0747015697683,49.32105578049793]]}},{"id":"687","type":"Feature","properties":{"full_street_name":"E 14TH ST","ROADCLASS":"local","NOLANES":1.0,"ONEWAY":null},"geometry":{"type":"LineString","coordinates":[[-123.07236825945405,49.32103738629911],[-123.07142230906094,49.3210243885134]]}},{"id":"688","type":"Feature","properties":{"full_street_name":"W 14TH ST","ROADCLASS":"local","NOLANES":2.0,"ONEWAY":null},"geometry":{"type":"LineString","coordinates":[[-123.07445149126048,49.321053811369765],[-123.0747015697683,49.32105578049793]]}},{"id":"689","type":"Feature","properties":{"full_street_name":"W 14TH ST","ROADCLASS":"local","NOLANES":2.0,"ONEWAY":null},"geometry":{"type":"LineString","coordinates":[[-123.0747015697683,49.32105578049793],[-123.07553581490005,49.32106234487291]]}},{"id":"690","type":"Feature","properties":{"full_street_name":"LONSDALE AVE","ROADCLASS":"Major","NOLANES":4.0,"ONEWAY":null},"geometry":{"type":"LineString","coordinates":[[-123.07236825945405,49.32103738629911],[-123.07234654065505,49.32206284290425]]}},{"id":"691","type":"Feature","properties":{"full_street_name":"CHESTERFIELD AVE","ROADCLASS":"Minor","NOLANES":2.0,"ONEWAY":null},"geometry":{"type":"LineString","coordinates":[[-123.07553581490005,49.32106234487291],[-123.07548838222476,49.322101312446954]]}},{"id":"692","type":"Feature","properties":{"full_street_name":"E 15TH ST","ROADCLASS":"collector","NOLANES":2.0,"ONEWAY":null},"geometry":{"type":"LineString","coordinates":[[-123.07234654065505,49.32206284290425],[-123.07077648632576,49.322045824802714]]}},{"id":"693","type":"Feature","properties":{"full_street_name":"W 15TH ST","ROADCLASS":"collector","NOLANES":2.0,"ONEWAY":null},"geometry":{"type":"LineString","coordinates":[[-123.07234654065505,49.32206284290425],[-123.07548838222476,49.322101312446954]]}},{"id":"694","type":"Feature","properties":{"full_street_name":"LONSDALE AVE","ROADCLASS":"Major","NOLANES":4.0,"ONEWAY":null},"geometry":{"type":"LineString","coordinates":[[-123.07234654065505,49.32206284290425],[-123.07234806928288,49.32310627499584]]}},{"id":"695","type":"Feature","properties":{"full_street_name":"CHESTERFIELD AVE","ROADCLASS":"Minor","NOLANES":2.0,"ONEWAY":null},"geometry":{"type":"LineString","coordinates":[[-123.07548838222476,49.322101312446954],[-123.0754675809709,49.323122270404845]]}},{"id":"696","type":"Feature","properties":{"full_street_name":"W 16TH ST","ROADCLASS":"local","NOLANES":2.0,"ONEWAY":null},"geometry":{"type":"LineString","coordinates":[[-123.07234806928288,49.32310627499584],[-123.0754675809709,49.323122270404845]]}},{"id":"697","type":"Feature","properties":{"full_street_name":"LONSDALE AVE","ROADCLASS":"Major","NOLANES":4.0,"ONEWAY":null},"geometry":{"type":"LineString","coordinates":[[-123.07234806928288,49.32310627499584],[-123.07228508461436,49.324145249708934]]}},{"id":"698","type":"Feature","properties":{"full_street_name":"CHESTERFIELD AVE","ROADCLASS":"Minor","NOLANES":2.0,"ONEWAY":null},"geometry":{"type":"LineString","coordinates":[[-123.0754675809709,49.323122270404845],[-123.07544511229636,49.324179210605976]]}},{"id":"699","type":"Feature","properties":{"full_street_name":"E 17TH ST","ROADCLASS":"collector","NOLANES":2.0,"ONEWAY":null},"geometry":{"type":"LineString","coordinates":[[-123.07228508461436,49.324145249708934],[-123.0707106026138,49.3241327031472]]}},{"id":"700","type":"Feature","properties":{"full_street_name":"W 14TH ST","ROADCLASS":"local","NOLANES":2.0,"ONEWAY":null},"geometry":{"type":"LineString","coordinates":[[-123.07553581490005,49.32106234487291],[-123.07861607181962,49.32108277939137]]}},{"id":"701","type":"Feature","properties":{"full_street_name":"W 14TH ST","ROADCLASS":"local","NOLANES":2.0,"ONEWAY":null},"geometry":{"type":"LineString","coordinates":[[-123.07861607181962,49.32108277939137],[-123.08170110809577,49.321130111985276]]}},{"id":"702","type":"Feature","properties":{"full_street_name":"MAHON AVE","ROADCLASS":"local","NOLANES":2.0,"ONEWAY":null},"geometry":{"type":"LineString","coordinates":[[-123.07861607181962,49.32108277939137],[-123.07858934387627,49.32212173236123]]}},{"id":"703","type":"Feature","properties":{"full_street_name":"W 15TH ST","ROADCLASS":"collector","NOLANES":2.0,"ONEWAY":null},"geometry":{"type":"LineString","coordinates":[[-123.07548838222476,49.322101312446954],[-123.07858934387627,49.32212173236123]]}},{"id":"704","type":"Feature","properties":{"full_street_name":"W 15TH ST","ROADCLASS":"collector","NOLANES":2.0,"ONEWAY":null},"geometry":{"type":"LineString","coordinates":[[-123.07858934387627,49.32212173236123],[-123.08168734449677,49.32216905740902]]}},{"id":"705","type":"Feature","properties":{"full_street_name":"MAHON AVE","ROADCLASS":"local","NOLANES":2.0,"ONEWAY":null},"geometry":{"type":"LineString","coordinates":[[-123.07858934387627,49.32212173236123],[-123.0785583430877,49.32317867916437]]}},{"id":"706","type":"Feature","properties":{"full_street_name":"W 16TH ST","ROADCLASS":"local","NOLANES":2.0,"ONEWAY":null},"geometry":{"type":"LineString","coordinates":[[-123.0754675809709,49.323122270404845],[-123.0785583430877,49.32317867916437]]}},{"id":"707","type":"Feature","properties":{"full_street_name":"W 16TH ST","ROADCLASS":"local","NOLANES":2.0,"ONEWAY":null},"geometry":{"type":"LineString","coordinates":[[-123.0785583430877,49.32317867916437],[-123.08167399013118,49.3231945096864]]}},{"id":"708","type":"Feature","properties":{"full_street_name":"MAHON AVE","ROADCLASS":"local","NOLANES":2.0,"ONEWAY":null},"geometry":{"type":"LineString","coordinates":[[-123.0785583430877,49.32317867916437],[-123.07855997441092,49.32420412070348]]}},{"id":"709","type":"Feature","properties":{"full_street_name":"W 17TH ST","ROADCLASS":"collector","NOLANES":2.0,"ONEWAY":null},"geometry":{"type":"LineString","coordinates":[[-123.07544511229636,49.324179210605976],[-123.07855997441092,49.32420412070348]]}},{"id":"710","type":"Feature","properties":{"full_street_name":"W 17TH ST","ROADCLASS":"collector","NOLANES":2.0,"ONEWAY":null},"geometry":{"type":"LineString","coordinates":[[-123.07228508461436,49.324145249708934],[-123.07544511229636,49.324179210605976]]}},{"id":"711","type":"Feature","properties":{"full_street_name":"LONSDALE AVE","ROADCLASS":"Major","NOLANES":4.0,"ONEWAY":null},"geometry":{"type":"LineString","coordinates":[[-123.07228508461436,49.324145249708934],[-123.07227930044307,49.32518868599667]]}},{"id":"712","type":"Feature","properties":{"full_street_name":"CHESTERFIELD AVE","ROADCLASS":"Minor","NOLANES":2.0,"ONEWAY":null},"geometry":{"type":"LineString","coordinates":[[-123.07544511229636,49.324179210605976],[-123.07540884796711,49.32521367183888]]}},{"id":"713","type":"Feature","properties":{"full_street_name":"W 18TH ST","ROADCLASS":"local","NOLANES":2.0,"ONEWAY":null},"geometry":{"type":"LineString","coordinates":[[-123.07227930044307,49.32518868599667],[-123.07540884796711,49.32521367183888]]}},{"id":"714","type":"Feature","properties":{"full_street_name":"LONSDALE AVE","ROADCLASS":"Major","NOLANES":4.0,"ONEWAY":null},"geometry":{"type":"LineString","coordinates":[[-123.07227930044307,49.32518868599667],[-123.07224988299068,49.32624562953066]]}},{"id":"715","type":"Feature","properties":{"full_street_name":"CHESTERFIELD AVE","ROADCLASS":"Minor","NOLANES":2.0,"ONEWAY":null},"geometry":{"type":"LineString","coordinates":[[-123.07540884796711,49.32521367183888],[-123.07537216649797,49.32625712825294]]}},{"id":"716","type":"Feature","properties":{"full_street_name":"W 19TH ST","ROADCLASS":"collector","NOLANES":2.0,"ONEWAY":null},"geometry":{"type":"LineString","coordinates":[[-123.07224988299068,49.32624562953066],[-123.07537216649797,49.32625712825294]]}},{"id":"717","type":"Feature","properties":{"full_street_name":"LONSDALE AVE","ROADCLASS":"Major","NOLANES":4.0,"ONEWAY":null},"geometry":{"type":"LineString","coordinates":[[-123.07224988299068,49.32624562953066],[-123.07221353051597,49.32726659677529]]}},{"id":"718","type":"Feature","properties":{"full_street_name":"CHESTERFIELD AVE","ROADCLASS":"Minor","NOLANES":2.0,"ONEWAY":null},"geometry":{"type":"LineString","coordinates":[[-123.07537216649797,49.32625712825294],[-123.07535482236132,49.32729157675481]]}},{"id":"719","type":"Feature","properties":{"full_street_name":"W 20TH ST","ROADCLASS":"local","NOLANES":2.0,"ONEWAY":null},"geometry":{"type":"LineString","coordinates":[[-123.07221353051597,49.32726659677529],[-123.07535482236132,49.32729157675481]]}},{"id":"720","type":"Feature","properties":{"full_street_name":"W 17TH ST","ROADCLASS":"collector","NOLANES":2.0,"ONEWAY":null},"geometry":{"type":"LineString","coordinates":[[-123.07855997441092,49.32420412070348],[-123.08162969424085,49.32423347720132]]}},{"id":"721","type":"Feature","properties":{"full_street_name":"MAHON AVE","ROADCLASS":"local","NOLANES":2.0,"ONEWAY":null},"geometry":{"type":"LineString","coordinates":[[-123.07855997441092,49.32420412070348],[-123.07850058233781,49.32525658884805]]}},{"id":"722","type":"Feature","properties":{"full_street_name":"W 18TH ST","ROADCLASS":"local","NOLANES":2.0,"ONEWAY":null},"geometry":{"type":"LineString","coordinates":[[-123.07540884796711,49.32521367183888],[-123.07850058233781,49.32525658884805]]}},{"id":"723","type":"Feature","properties":{"full_street_name":"W 18TH ST","ROADCLASS":"local","NOLANES":2.0,"ONEWAY":null},"geometry":{"type":"LineString","coordinates":[[-123.07850058233781,49.32525658884805],[-123.08160090684453,49.32529042198108]]}},{"id":"724","type":"Feature","properties":{"full_street_name":"MAHON AVE","ROADCLASS":"local","NOLANES":2.0,"ONEWAY":null},"geometry":{"type":"LineString","coordinates":[[-123.07850058233781,49.32525658884805],[-123.07847167735942,49.32628205075355]]}},{"id":"725","type":"Feature","properties":{"full_street_name":"W 19TH ST","ROADCLASS":"collector","NOLANES":2.0,"ONEWAY":null},"geometry":{"type":"LineString","coordinates":[[-123.07537216649797,49.32625712825294],[-123.07847167735942,49.32628205075355]]}},{"id":"726","type":"Feature","properties":{"full_street_name":"W 19TH ST","ROADCLASS":"collector","NOLANES":2.0,"ONEWAY":null},"geometry":{"type":"LineString","coordinates":[[-123.07847167735942,49.32628205075355],[-123.08158712659825,49.326320371545464]]}},{"id":"727","type":"Feature","properties":{"full_street_name":"MAHON AVE","ROADCLASS":"local","NOLANES":2.0,"ONEWAY":null},"geometry":{"type":"LineString","coordinates":[[-123.07847167735942,49.32628205075355],[-123.07845829093515,49.327329989698654]]}},{"id":"728","type":"Feature","properties":{"full_street_name":"W 20TH ST","ROADCLASS":"local","NOLANES":2.0,"ONEWAY":null},"geometry":{"type":"LineString","coordinates":[[-123.07845829093515,49.327329989698654],[-123.08154327039686,49.32736833325656]]}},{"id":"729","type":"Feature","properties":{"full_street_name":"MAHON AVE","ROADCLASS":"local","NOLANES":2.0,"ONEWAY":null},"geometry":{"type":"LineString","coordinates":[[-123.07845829093515,49.327329989698654],[-123.0784272270512,49.32835095603609]]}},{"id":"730","type":"Feature","properties":{"full_street_name":"LONSDALE AVE","ROADCLASS":"Major","NOLANES":4.0,"ONEWAY":null},"geometry":{"type":"LineString","coordinates":[[-123.07221353051597,49.32726659677529],[-123.07219612124851,49.32830104555076]]}},{"id":"731","type":"Feature","properties":{"full_street_name":"CHESTERFIELD AVE","ROADCLASS":"Minor","NOLANES":2.0,"ONEWAY":null},"geometry":{"type":"LineString","coordinates":[[-123.07535482236132,49.32729157675481],[-123.07532112755716,49.328321538172524]]}},{"id":"732","type":"Feature","properties":{"full_street_name":"E 21ST ST","ROADCLASS":"local","NOLANES":2.0,"ONEWAY":null},"geometry":{"type":"LineString","coordinates":[[-123.07219612124851,49.32830104555076],[-123.0705015808231,49.328288598045226]]}},{"id":"733","type":"Feature","properties":{"full_street_name":"W 21ST ST","ROADCLASS":"local","NOLANES":2.0,"ONEWAY":null},"geometry":{"type":"LineString","coordinates":[[-123.07219612124851,49.32830104555076],[-123.07532112755716,49.328321538172524]]}},{"id":"734","type":"Feature","properties":{"full_street_name":"LONSDALE AVE","ROADCLASS":"Major","NOLANES":4.0,"ONEWAY":null},"geometry":{"type":"LineString","coordinates":[[-123.07219612124851,49.32830104555076],[-123.0721784566453,49.329456926372465]]}},{"id":"735","type":"Feature","properties":{"full_street_name":"CHESTERFIELD AVE","ROADCLASS":"Minor","NOLANES":2.0,"ONEWAY":null},"geometry":{"type":"LineString","coordinates":[[-123.07532112755716,49.328321538172524],[-123.07529022453109,49.329490921656316]]}},{"id":"736","type":"Feature","properties":{"full_street_name":"W 22ND ST","ROADCLASS":"local","NOLANES":2.0,"ONEWAY":null},"geometry":{"type":"LineString","coordinates":[[-123.0721784566453,49.329456926372465],[-123.07529022453109,49.329490921656316]]}},{"id":"737","type":"Feature","properties":{"full_street_name":"LONSDALE AVE","ROADCLASS":"Major","NOLANES":2.0,"ONEWAY":null},"geometry":{"type":"LineString","coordinates":[[-123.0721784566453,49.329456926372465],[-123.07215465641237,49.33023951503008]]}},{"id":"738","type":"Feature","properties":{"full_street_name":"CHESTERFIELD AVE","ROADCLASS":"Minor","NOLANES":2.0,"ONEWAY":null},"geometry":{"type":"LineString","coordinates":[[-123.07529022453109,49.329490921656316],[-123.0752914179541,49.330273494679815]]}},{"id":"739","type":"Feature","properties":{"full_street_name":"W 23RD ST","ROADCLASS":"Minor","NOLANES":2.0,"ONEWAY":null},"geometry":{"type":"LineString","coordinates":[[-123.07215465641237,49.33023951503008],[-123.07372629494353,49.33027900116917]]}},{"id":"740","type":"Feature","properties":{"full_street_name":"W 21ST ST","ROADCLASS":"local","NOLANES":2.0,"ONEWAY":null},"geometry":{"type":"LineString","coordinates":[[-123.07532112755716,49.328321538172524],[-123.07602389481113,49.32833007316489]]}},{"id":"741","type":"Feature","properties":{"full_street_name":"W 21ST ST","ROADCLASS":"local","NOLANES":2.0,"ONEWAY":null},"geometry":{"type":"LineString","coordinates":[[-123.07763499363628,49.32833799733369],[-123.0784272270512,49.32835095603609]]}},{"id":"742","type":"Feature","properties":{"full_street_name":"W 21ST ST","ROADCLASS":"local","NOLANES":2.0,"ONEWAY":null},"geometry":{"type":"LineString","coordinates":[[-123.0784272270512,49.32835095603609],[-123.08152946614135,49.32838478980298]]}},{"id":"743","type":"Feature","properties":{"full_street_name":"MAHON AVE","ROADCLASS":"local","NOLANES":2.0,"ONEWAY":null},"geometry":{"type":"LineString","coordinates":[[-123.0784272270512,49.32835095603609],[-123.07841246111931,49.3293449240228]]}},{"id":"744","type":"Feature","properties":{"full_street_name":"W 22ND ST","ROADCLASS":"local","NOLANES":2.0,"ONEWAY":null},"geometry":{"type":"LineString","coordinates":[[-123.07627181777146,49.32929238583336],[-123.07841246111931,49.3293449240228]]}},{"id":"745","type":"Feature","properties":{"full_street_name":"W 22ND ST","ROADCLASS":"local","NOLANES":2.0,"ONEWAY":null},"geometry":{"type":"LineString","coordinates":[[-123.07841246111931,49.3293449240228],[-123.08150698664906,49.329356275875746]]}},{"id":"746","type":"Feature","properties":{"full_street_name":"MAHON AVE","ROADCLASS":"local","NOLANES":2.0,"ONEWAY":null},"geometry":{"type":"LineString","coordinates":[[-123.07841246111931,49.3293449240228],[-123.07839765451918,49.33031190746111]]}},{"id":"747","type":"Feature","properties":{"full_street_name":"W 23RD ST","ROADCLASS":"Minor","NOLANES":2.0,"ONEWAY":null},"geometry":{"type":"LineString","coordinates":[[-123.0752914179541,49.330273494679815],[-123.07839765451918,49.33031190746111]]}},{"id":"748","type":"Feature","properties":{"full_street_name":"W 23RD ST","ROADCLASS":"Minor","NOLANES":2.0,"ONEWAY":null},"geometry":{"type":"LineString","coordinates":[[-123.07839765451918,49.33031190746111],[-123.08148408760323,49.33033675807578]]}},{"id":"749","type":"Feature","properties":{"full_street_name":"MAHON AVE","ROADCLASS":"local","NOLANES":2.0,"ONEWAY":null},"geometry":{"type":"LineString","coordinates":[[-123.07839765451918,49.33031190746111],[-123.07835018637668,49.33129690397732]]}},{"id":"750","type":"Feature","properties":{"full_street_name":null,"ROADCLASS":"local","NOLANES":2.0,"ONEWAY":null},"geometry":{"type":"LineString","coordinates":[[-123.0815012484721,49.32960197348711],[-123.08217148586132,49.32959248453592],[-123.08227429767403,49.32954079440924],[-123.08237307795955,49.32940364056123],[-123.0824983463388,49.32933453974219],[-123.08296188641238,49.329184540735014],[-123.08334533674224,49.329142783917874],[-123.08388226040138,49.329156276833984],[-123.08403799409419,49.32906603557404],[-123.08416907106992,49.328869537958504],[-123.0841388178728,49.328754132824535],[-123.08398887044896,49.32853674604347],[-123.08350766508543,49.32840311939762],[-123.08152946614135,49.32838478980298]]}},{"id":"751","type":"Feature","properties":{"full_street_name":"JONES AVE","ROADCLASS":"collector","NOLANES":2.0,"ONEWAY":null},"geometry":{"type":"LineString","coordinates":[[-123.08150698664906,49.329356275875746],[-123.0815012484721,49.32960197348711]]}},{"id":"752","type":"Feature","properties":{"full_street_name":"LARSON CRES","ROADCLASS":"Minor","NOLANES":2.0,"ONEWAY":null},"geometry":{"type":"LineString","coordinates":[[-123.0844635662694,49.329183247066666],[-123.08397125025495,49.329516424572056],[-123.08314786815686,49.32991730095876],[-123.08245406211923,49.330138178867166],[-123.08148408760323,49.33033675807578]]}},{"id":"753","type":"Feature","properties":{"full_street_name":"LARSON RD","ROADCLASS":"local","NOLANES":2.0,"ONEWAY":null},"geometry":{"type":"LineString","coordinates":[[-123.0844635662694,49.329183247066666],[-123.0845907654939,49.32937205029441],[-123.08458086423525,49.33037051380479]]}},{"id":"754","type":"Feature","properties":{"full_street_name":"JONES AVE","ROADCLASS":"collector","NOLANES":2.0,"ONEWAY":null},"geometry":{"type":"LineString","coordinates":[[-123.0815012484721,49.32960197348711],[-123.08148408760323,49.33033675807578]]}},{"id":"755","type":"Feature","properties":{"full_street_name":"W 23RD ST","ROADCLASS":"Minor","NOLANES":2.0,"ONEWAY":null},"geometry":{"type":"LineString","coordinates":[[-123.08148408760323,49.33033675807578],[-123.08458086423525,49.33037051380479]]}},{"id":"756","type":"Feature","properties":{"full_street_name":"JONES AVE","ROADCLASS":"local","NOLANES":2.0,"ONEWAY":null},"geometry":{"type":"LineString","coordinates":[[-123.08148408760323,49.33033675807578],[-123.08145819382426,49.331326237313675]]}},{"id":"757","type":"Feature","properties":{"full_street_name":"LARSON RD","ROADCLASS":"local","NOLANES":2.0,"ONEWAY":null},"geometry":{"type":"LineString","coordinates":[[-123.08458086423525,49.33037051380479],[-123.08458253630577,49.33134648182382]]}},{"id":"758","type":"Feature","properties":{"full_street_name":"W 24TH ST","ROADCLASS":"local","NOLANES":2.0,"ONEWAY":null},"geometry":{"type":"LineString","coordinates":[[-123.08145819382426,49.331326237313675],[-123.08458253630577,49.33134648182382]]}},{"id":"759","type":"Feature","properties":{"full_street_name":"LARSON RD","ROADCLASS":"local","NOLANES":2.0,"ONEWAY":null},"geometry":{"type":"LineString","coordinates":[[-123.08458253630577,49.33134648182382],[-123.08457115450211,49.33173327940379]]}},{"id":"760","type":"Feature","properties":{"full_street_name":"FELL AVE","ROADCLASS":"Minor","NOLANES":2.0,"ONEWAY":null},"geometry":{"type":"LineString","coordinates":[[-123.09465303440322,49.321219176814445],[-123.09463011848263,49.32227612153977]]}},{"id":"761","type":"Feature","properties":{"full_street_name":"W 15TH ST","ROADCLASS":"local","NOLANES":2.0,"ONEWAY":null},"geometry":{"type":"LineString","coordinates":[[-123.09463011848263,49.32227612153977],[-123.09681345453897,49.322314791299725],[-123.09696380576715,49.322233709235626],[-123.09706880842224,49.322053718815056]]}},{"id":"762","type":"Feature","properties":{"full_street_name":"MARINE DR","ROADCLASS":"Major","NOLANES":2.0,"ONEWAY":null},"geometry":{"type":"LineString","coordinates":[[-123.09706880842224,49.322053718815056],[-123.09793374203697,49.322345330358274]]}},{"id":"763","type":"Feature","properties":{"full_street_name":"W 15TH ST","ROADCLASS":"local","NOLANES":2.0,"ONEWAY":null},"geometry":{"type":"LineString","coordinates":[[-123.09127756397183,49.322251832514716],[-123.09343283718098,49.322242572378784]]}},{"id":"764","type":"Feature","properties":{"full_street_name":"HAMILTON AVE","ROADCLASS":"Minor","NOLANES":4.0,"ONEWAY":null},"geometry":{"type":"LineString","coordinates":[[-123.102207987012,49.32180642026369],[-123.10017154575114,49.32315747024967]]}},{"id":"765","type":"Feature","properties":{"full_street_name":"MACKAY RD","ROADCLASS":"local","NOLANES":2.0,"ONEWAY":null},"geometry":{"type":"LineString","coordinates":[[-123.1022283429167,49.32229213843761],[-123.10216613155369,49.32298481718379]]}},{"id":"766","type":"Feature","properties":{"full_street_name":"FELL AVE","ROADCLASS":"Minor","NOLANES":2.0,"ONEWAY":null},"geometry":{"type":"LineString","coordinates":[[-123.09463011848263,49.32227612153977],[-123.0946061433619,49.32322962314331]]}},{"id":"767","type":"Feature","properties":{"full_street_name":"MARINE DR","ROADCLASS":"Major","NOLANES":2.0,"ONEWAY":null},"geometry":{"type":"LineString","coordinates":[[-123.09793374203697,49.322345330358274],[-123.10017154575114,49.32315747024967]]}},{"id":"768","type":"Feature","properties":{"full_street_name":"CHURCHILL CRES","ROADCLASS":"local","NOLANES":2.0,"ONEWAY":null},"geometry":{"type":"LineString","coordinates":[[-123.10123679786118,49.32297214227256],[-123.10216613155369,49.32298481718379]]}},{"id":"769","type":"Feature","properties":{"full_street_name":"W 16TH ST","ROADCLASS":"Major","NOLANES":4.0,"ONEWAY":null},"geometry":{"type":"LineString","coordinates":[[-123.09977530801378,49.323283744564954],[-123.10017154575114,49.32315747024967]]}},{"id":"770","type":"Feature","properties":{"full_street_name":"W 16TH ST","ROADCLASS":"Major","NOLANES":2.0,"ONEWAY":null},"geometry":{"type":"LineString","coordinates":[[-123.0946061433619,49.32322962314331],[-123.09977530801378,49.323283744564954]]}},{"id":"771","type":"Feature","properties":{"full_street_name":"W 16TH ST","ROADCLASS":"Major","NOLANES":2.0,"ONEWAY":null},"geometry":{"type":"LineString","coordinates":[[-123.09293533235954,49.32339738827996],[-123.09366953963288,49.32323938111657],[-123.0946061433619,49.32322962314331]]}},{"id":"772","type":"Feature","properties":{"full_street_name":"MARINE DR","ROADCLASS":"Major","NOLANES":2.0,"ONEWAY":null},"geometry":{"type":"LineString","coordinates":[[-123.10017154575114,49.32315747024967],[-123.1012401104986,49.32353883145599]]}},{"id":"773","type":"Feature","properties":{"full_street_name":"MACKAY RD","ROADCLASS":"local","NOLANES":2.0,"ONEWAY":null},"geometry":{"type":"LineString","coordinates":[[-123.10216613155369,49.32298481718379],[-123.10213818868212,49.323821388221255]]}},{"id":"774","type":"Feature","properties":{"full_street_name":"FELL AVE","ROADCLASS":"Minor","NOLANES":2.0,"ONEWAY":null},"geometry":{"type":"LineString","coordinates":[[-123.0946061433619,49.32322962314331],[-123.09460205274712,49.32401220120295]]}},{"id":"775","type":"Feature","properties":{"full_street_name":"HAMILTON AVE","ROADCLASS":"collector","NOLANES":4.0,"ONEWAY":null},"geometry":{"type":"LineString","coordinates":[[-123.09977530801378,49.323283744564954],[-123.09924964446203,49.32406227432527]]}},{"id":"776","type":"Feature","properties":{"full_street_name":"MARINE DR","ROADCLASS":"Major","NOLANES":2.0,"ONEWAY":null},"geometry":{"type":"LineString","coordinates":[[-123.1012401104986,49.32353883145599],[-123.10213818868212,49.323821388221255]]}},{"id":"777","type":"Feature","properties":{"full_street_name":"MACKAY RD","ROADCLASS":"local","NOLANES":2.0,"ONEWAY":null},"geometry":{"type":"LineString","coordinates":[[-123.10213818868212,49.323821388221255],[-123.10210610065184,49.32410926013787]]}},{"id":"778","type":"Feature","properties":{"full_street_name":"TOBRUCK AVE","ROADCLASS":"local","NOLANES":2.0,"ONEWAY":null},"geometry":{"type":"LineString","coordinates":[[-123.09460205274712,49.32401220120295],[-123.09924964446203,49.32406227432527]]}},{"id":"779","type":"Feature","properties":{"full_street_name":"MACKAY AVE","ROADCLASS":"collector","NOLANES":2.0,"ONEWAY":null},"geometry":{"type":"LineString","coordinates":[[-123.1012401104986,49.32353883145599],[-123.10091094935258,49.32471298221093]]}},{"id":"780","type":"Feature","properties":{"full_street_name":"W 16TH ST","ROADCLASS":"local","NOLANES":2.0,"ONEWAY":null},"geometry":{"type":"LineString","coordinates":[[-123.0912075108674,49.32320536978467],[-123.0919020197868,49.32320481963082]]}},{"id":"781","type":"Feature","properties":{"full_street_name":"BEWICKE AVE","ROADCLASS":"collector","NOLANES":2.0,"ONEWAY":null},"geometry":{"type":"LineString","coordinates":[[-123.0912075108674,49.32320536978467],[-123.09120077010515,49.32328183355663]]}},{"id":"782","type":"Feature","properties":{"full_street_name":"W 16TH ST","ROADCLASS":"local","NOLANES":2.0,"ONEWAY":null},"geometry":{"type":"LineString","coordinates":[[-123.08929439109542,49.32326982946118],[-123.09120077010515,49.32328183355663]]}},{"id":"783","type":"Feature","properties":{"full_street_name":"BEWICKE AVE","ROADCLASS":"collector","NOLANES":2.0,"ONEWAY":null},"geometry":{"type":"LineString","coordinates":[[-123.09120077010515,49.32328183355663],[-123.09114371507711,49.324289331921705]]}},{"id":"784","type":"Feature","properties":{"full_street_name":"LARSON RD","ROADCLASS":"Major","NOLANES":2.0,"ONEWAY":null},"geometry":{"type":"LineString","coordinates":[[-123.09293533235954,49.32339738827996],[-123.09240207596308,49.32362269452936],[-123.09114371507711,49.324289331921705]]}},{"id":"785","type":"Feature","properties":{"full_street_name":"LARSON RD","ROADCLASS":"Major","NOLANES":2.0,"ONEWAY":null},"geometry":{"type":"LineString","coordinates":[[-123.09114371507711,49.324289331921705],[-123.0910337475769,49.32435688101674]]}},{"id":"786","type":"Feature","properties":{"full_street_name":"W 17TH ST","ROADCLASS":"local","NOLANES":2.0,"ONEWAY":null},"geometry":{"type":"LineString","coordinates":[[-123.08838241209803,49.32430496822955],[-123.0910337475769,49.32435688101674]]}},{"id":"787","type":"Feature","properties":{"full_street_name":"WOLFE ST","ROADCLASS":"local","NOLANES":2.0,"ONEWAY":null},"geometry":{"type":"LineString","coordinates":[[-123.08838241209803,49.32430496822955],[-123.08836451741662,49.325119040238114]]}},{"id":"788","type":"Feature","properties":{"full_street_name":"LARSON RD","ROADCLASS":"Major","NOLANES":2.0,"ONEWAY":null},"geometry":{"type":"LineString","coordinates":[[-123.0910337475769,49.32435688101674],[-123.0895132714342,49.32516313180916]]}},{"id":"789","type":"Feature","properties":{"full_street_name":"FIR ST","ROADCLASS":"local","NOLANES":2.0,"ONEWAY":null},"geometry":{"type":"LineString","coordinates":[[-123.08836451741662,49.325119040238114],[-123.0895132714342,49.32516313180916]]}},{"id":"790","type":"Feature","properties":{"full_street_name":"FELL AVE","ROADCLASS":"Minor","NOLANES":2.0,"ONEWAY":null},"geometry":{"type":"LineString","coordinates":[[-123.09460205274712,49.32401220120295],[-123.09458564216662,49.32442598972566]]}},{"id":"791","type":"Feature","properties":{"full_street_name":"HAMILTON AVE","ROADCLASS":"collector","NOLANES":4.0,"ONEWAY":null},"geometry":{"type":"LineString","coordinates":[[-123.09924964446203,49.32406227432527],[-123.09900533979383,49.32447176229712]]}},{"id":"792","type":"Feature","properties":{"full_street_name":"W 17TH ST","ROADCLASS":"local","NOLANES":2.0,"ONEWAY":null},"geometry":{"type":"LineString","coordinates":[[-123.09383526873796,49.32438258514683],[-123.09443170125161,49.32439495114378],[-123.09458564216662,49.32442598972566]]}},{"id":"793","type":"Feature","properties":{"full_street_name":"W 17TH ST","ROADCLASS":"local","NOLANES":2.0,"ONEWAY":null},"geometry":{"type":"LineString","coordinates":[[-123.09458564216662,49.32442598972566],[-123.09900533979383,49.32447176229712]]}},{"id":"794","type":"Feature","properties":{"full_street_name":"W 17TH ST","ROADCLASS":"collector","NOLANES":2.0,"ONEWAY":null},"geometry":{"type":"LineString","coordinates":[[-123.10091094935258,49.32471298221093],[-123.10224670583158,49.324719552199475]]}},{"id":"795","type":"Feature","properties":{"full_street_name":"HAMILTON AVE","ROADCLASS":"collector","NOLANES":2.0,"ONEWAY":null},"geometry":{"type":"LineString","coordinates":[[-123.09900533979383,49.32447176229712],[-123.09817397242715,49.32572728833031]]}},{"id":"796","type":"Feature","properties":{"full_street_name":"MACKAY AVE","ROADCLASS":"collector","NOLANES":2.0,"ONEWAY":null},"geometry":{"type":"LineString","coordinates":[[-123.10091094935258,49.32471298221093],[-123.10059594185395,49.32503258231442],[-123.10049691158112,49.325185585326565],[-123.10050069070536,49.32535199246175],[-123.10059193701893,49.325599277680396]]}},{"id":"797","type":"Feature","properties":{"full_street_name":"FELL AVE","ROADCLASS":"Minor","NOLANES":null,"ONEWAY":null},"geometry":{"type":"LineString","coordinates":[[-123.09458564216662,49.32442598972566],[-123.09359520128704,49.32644619793883]]}},{"id":"798","type":"Feature","properties":{"full_street_name":"W KEITH RD","ROADCLASS":"local","NOLANES":2.0,"ONEWAY":null},"geometry":{"type":"LineString","coordinates":[[-123.10059193701893,49.325599277680396],[-123.10222258277416,49.325690793137866]]}},{"id":"799","type":"Feature","properties":{"full_street_name":"CUMBERLAND CRES","ROADCLASS":"local","NOLANES":2.0,"ONEWAY":null},"geometry":{"type":"LineString","coordinates":[[-123.09437708543378,49.32645905479453],[-123.09474849277971,49.32569866431617],[-123.0948412745103,49.32564012001449],[-123.0949668327918,49.3256310218081],[-123.09596831371731,49.3257876089906],[-123.09666984684824,49.32584099591145],[-123.09750280981076,49.325808812447264],[-123.09817397242715,49.32572728833031]]}},{"id":"800","type":"Feature","properties":{"full_street_name":"BEWICKE AVE","ROADCLASS":"local","NOLANES":2.0,"ONEWAY":null},"geometry":{"type":"LineString","coordinates":[[-123.09114371507711,49.324289331921705],[-123.09113353108864,49.32622778502741]]}},{"id":"801","type":"Feature","properties":{"full_street_name":"WOLFE ST","ROADCLASS":"local","NOLANES":2.0,"ONEWAY":null},"geometry":{"type":"LineString","coordinates":[[-123.08836451741503,49.32511903933862],[-123.08834654230117,49.32516852617941],[-123.08686690776025,49.326006192782124]]}},{"id":"802","type":"Feature","properties":{"full_street_name":"LARSON RD","ROADCLASS":"Minor","NOLANES":2.0,"ONEWAY":null},"geometry":{"type":"LineString","coordinates":[[-123.0895132714342,49.32516313180916],[-123.08740598148148,49.326365590663734]]}},{"id":"803","type":"Feature","properties":{"full_street_name":"WESTVIEW DR","ROADCLASS":"Major","NOLANES":2.0,"ONEWAY":null},"geometry":{"type":"LineString","coordinates":[[-123.0895132714342,49.32516313180916],[-123.08949828654409,49.326386478110265]]}},{"id":"804","type":"Feature","properties":{"full_street_name":"W 19TH ST","ROADCLASS":"local","NOLANES":2.0,"ONEWAY":null},"geometry":{"type":"LineString","coordinates":[[-123.08740598148148,49.326365590663734],[-123.08949828654409,49.326386478110265]]}},{"id":"805","type":"Feature","properties":{"full_street_name":"W 19TH ST","ROADCLASS":"local","NOLANES":2.0,"ONEWAY":null},"geometry":{"type":"LineString","coordinates":[[-123.08949828654409,49.326386478110265],[-123.09081300996428,49.326394446795376]]}},{"id":"806","type":"Feature","properties":{"full_street_name":"LARSON RD","ROADCLASS":"Minor","NOLANES":2.0,"ONEWAY":null},"geometry":{"type":"LineString","coordinates":[[-123.08740598148148,49.326365590663734],[-123.08659500222893,49.327171263135845]]}},{"id":"807","type":"Feature","properties":{"full_street_name":"WESTVIEW DR","ROADCLASS":"Major","NOLANES":2.0,"ONEWAY":null},"geometry":{"type":"LineString","coordinates":[[-123.08949828654409,49.326386478110265],[-123.08945197563555,49.32741195518049]]}},{"id":"808","type":"Feature","properties":{"full_street_name":"W 20TH ST","ROADCLASS":"local","NOLANES":2.0,"ONEWAY":null},"geometry":{"type":"LineString","coordinates":[[-123.08575683234469,49.32694701042155],[-123.08614233679114,49.32702702800563]]}},{"id":"809","type":"Feature","properties":{"full_street_name":"W 20TH ST","ROADCLASS":"local","NOLANES":2.0,"ONEWAY":null},"geometry":{"type":"LineString","coordinates":[[-123.08614233679114,49.32702702800563],[-123.08659500222893,49.327171263135845]]}},{"id":"810","type":"Feature","properties":{"full_street_name":"JONES AVE","ROADCLASS":"collector","NOLANES":2.0,"ONEWAY":null},"geometry":{"type":"LineString","coordinates":[[-123.08167399013118,49.3231945096864],[-123.08162969424085,49.32423347720132]]}},{"id":"811","type":"Feature","properties":{"full_street_name":"JONES AVE","ROADCLASS":"collector","NOLANES":2.0,"ONEWAY":null},"geometry":{"type":"LineString","coordinates":[[-123.08162969424085,49.32423347720132],[-123.08160090684453,49.32529042198108]]}},{"id":"812","type":"Feature","properties":{"full_street_name":"JONES AVE","ROADCLASS":"collector","NOLANES":2.0,"ONEWAY":null},"geometry":{"type":"LineString","coordinates":[[-123.08160090684453,49.32529042198108],[-123.08158712659825,49.326320371545464]]}},{"id":"813","type":"Feature","properties":{"full_street_name":"JONES AVE","ROADCLASS":"collector","NOLANES":2.0,"ONEWAY":null},"geometry":{"type":"LineString","coordinates":[[-123.08158712659825,49.326320371545464],[-123.08154327039686,49.32736833325656]]}},{"id":"814","type":"Feature","properties":{"full_street_name":"WOLFE ST","ROADCLASS":"local","NOLANES":2.0,"ONEWAY":null},"geometry":{"type":"LineString","coordinates":[[-123.08575683234469,49.32694701042155],[-123.08560213985453,49.32702358349618],[-123.08543130651599,49.32721710466912]]}},{"id":"815","type":"Feature","properties":{"full_street_name":"CARSON CRT","ROADCLASS":"local","NOLANES":null,"ONEWAY":null},"geometry":{"type":"LineString","coordinates":[[-123.08614233679114,49.32702702800563],[-123.08584758864042,49.32731706524384],[-123.08554288728793,49.32769611628999]]}},{"id":"816","type":"Feature","properties":{"full_street_name":"JONES AVE","ROADCLASS":"collector","NOLANES":2.0,"ONEWAY":null},"geometry":{"type":"LineString","coordinates":[[-123.08154327039686,49.32736833325656],[-123.08152946614135,49.32838478980298]]}},{"id":"817","type":"Feature","properties":{"full_street_name":"LARSON RD","ROADCLASS":"Minor","NOLANES":2.0,"ONEWAY":null},"geometry":{"type":"LineString","coordinates":[[-123.08641128582131,49.32737379140939],[-123.08540884559828,49.32840447509363]]}},{"id":"818","type":"Feature","properties":{"full_street_name":"LARSON RD","ROADCLASS":"Minor","NOLANES":2.0,"ONEWAY":null},"geometry":{"type":"LineString","coordinates":[[-123.08540884559828,49.32840447509363],[-123.0844635662694,49.329183247066666]]}},{"id":"819","type":"Feature","properties":{"full_street_name":"JONES AVE","ROADCLASS":"collector","NOLANES":2.0,"ONEWAY":null},"geometry":{"type":"LineString","coordinates":[[-123.08152946614135,49.32838478980298],[-123.08150698664906,49.329356275875746]]}},{"id":"820","type":"Feature","properties":{"full_street_name":"MACKAY AVE","ROADCLASS":"collector","NOLANES":2.0,"ONEWAY":null},"geometry":{"type":"LineString","coordinates":[[-123.10059193701893,49.325599277680396],[-123.10060459376653,49.32653475790015]]}},{"id":"821","type":"Feature","properties":{"full_street_name":"HAMILTON AVE","ROADCLASS":"collector","NOLANES":2.0,"ONEWAY":null},"geometry":{"type":"LineString","coordinates":[[-123.09817397242715,49.32572728833031],[-123.09774500529772,49.32649673362325]]}},{"id":"822","type":"Feature","properties":{"full_street_name":"W 19TH ST","ROADCLASS":"local","NOLANES":2.0,"ONEWAY":null},"geometry":{"type":"LineString","coordinates":[[-123.09359520128704,49.32644619793883],[-123.09437708543378,49.32645905479453]]}},{"id":"823","type":"Feature","properties":{"full_street_name":"W 19TH ST","ROADCLASS":"local","NOLANES":2.0,"ONEWAY":null},"geometry":{"type":"LineString","coordinates":[[-123.09437708543378,49.32645905479453],[-123.09539980655536,49.32647170782468]]}},{"id":"824","type":"Feature","properties":{"full_street_name":"W 19TH ST","ROADCLASS":"local","NOLANES":2.0,"ONEWAY":null},"geometry":{"type":"LineString","coordinates":[[-123.09539980655536,49.32647170782468],[-123.09774500529772,49.32649673362325]]}},{"id":"825","type":"Feature","properties":{"full_street_name":"W 19TH ST","ROADCLASS":"collector","NOLANES":2.0,"ONEWAY":null},"geometry":{"type":"LineString","coordinates":[[-123.10060459376653,49.32653475790015],[-123.10176196497802,49.32656522756682],[-123.1019498766673,49.32655156930687],[-123.10220164747032,49.32648414090712]]}},{"id":"826","type":"Feature","properties":{"full_street_name":"FELL AVE","ROADCLASS":"Minor","NOLANES":2.0,"ONEWAY":null},"geometry":{"type":"LineString","coordinates":[[-123.09359520128704,49.32644619793883],[-123.09310515596118,49.327481030961685]]}},{"id":"827","type":"Feature","properties":{"full_street_name":"NEILSON AVE","ROADCLASS":"local","NOLANES":2.0,"ONEWAY":null},"geometry":{"type":"LineString","coordinates":[[-123.09539980655536,49.32647170782468],[-123.09538330264351,49.32750166202707]]}},{"id":"828","type":"Feature","properties":{"full_street_name":"HAMILTON AVE","ROADCLASS":"collector","NOLANES":2.0,"ONEWAY":null},"geometry":{"type":"LineString","coordinates":[[-123.09774500529772,49.32649673362325],[-123.09783262969637,49.327526600074606]]}},{"id":"829","type":"Feature","properties":{"full_street_name":"W 20TH ST","ROADCLASS":"local","NOLANES":2.0,"ONEWAY":null},"geometry":{"type":"LineString","coordinates":[[-123.09310515596118,49.327481030961685],[-123.09538330264351,49.32750166202707]]}},{"id":"830","type":"Feature","properties":{"full_street_name":"W 20TH ST","ROADCLASS":"local","NOLANES":2.0,"ONEWAY":null},"geometry":{"type":"LineString","coordinates":[[-123.09538330264351,49.32750166202707],[-123.09783262969637,49.327526600074606]]}},{"id":"831","type":"Feature","properties":{"full_street_name":"MACKAY AVE","ROADCLASS":"collector","NOLANES":2.0,"ONEWAY":null},"geometry":{"type":"LineString","coordinates":[[-123.10060459376653,49.32653475790015],[-123.1005954646425,49.327330832787574],[-123.10065059660631,49.327582647754554],[-123.1014602607092,49.32833752867141],[-123.10173787126682,49.32864761664131]]}},{"id":"832","type":"Feature","properties":{"full_street_name":"FELL AVE","ROADCLASS":"Minor","NOLANES":2.0,"ONEWAY":null},"geometry":{"type":"LineString","coordinates":[[-123.09310515596118,49.327481030961685],[-123.09252115131723,49.328241417634295],[-123.09250989762934,49.32835673578278],[-123.092582295972,49.32845801620582]]}},{"id":"833","type":"Feature","properties":{"full_street_name":"NEILSON AVE","ROADCLASS":"local","NOLANES":2.0,"ONEWAY":null},"geometry":{"type":"LineString","coordinates":[[-123.09538330264351,49.32750166202707],[-123.09535078795228,49.32856155281454]]}},{"id":"834","type":"Feature","properties":{"full_street_name":"HAMILTON AVE","ROADCLASS":"collector","NOLANES":2.0,"ONEWAY":null},"geometry":{"type":"LineString","coordinates":[[-123.09783262969637,49.327526600074606],[-123.09784803803731,49.32857451584371]]}},{"id":"835","type":"Feature","properties":{"full_street_name":"W 21ST ST","ROADCLASS":"local","NOLANES":1.0,"ONEWAY":1.0},"geometry":{"type":"LineString","coordinates":[[-123.092582295972,49.32845801620582],[-123.0939147053166,49.328473363156924],[-123.09535078795228,49.32856155281454]]}},{"id":"836","type":"Feature","properties":{"full_street_name":"W 21ST ST","ROADCLASS":"Minor","NOLANES":2.0,"ONEWAY":null},"geometry":{"type":"LineString","coordinates":[[-123.092582295972,49.32845801620582],[-123.09276858155921,49.32853181243918],[-123.09316735317348,49.32862253787849]]}},{"id":"837","type":"Feature","properties":{"full_street_name":"W 21ST ST","ROADCLASS":"local","NOLANES":2.0,"ONEWAY":null},"geometry":{"type":"LineString","coordinates":[[-123.09535078795228,49.32856155281454],[-123.09784803803731,49.32857451584371]]}},{"id":"838","type":"Feature","properties":{"full_street_name":"EDGEMONT BLVD","ROADCLASS":"Minor","NOLANES":2.0,"ONEWAY":null},"geometry":{"type":"LineString","coordinates":[[-123.09316735317348,49.32862253787849],[-123.09405560239159,49.328825030452336],[-123.09425679424879,49.328921349833195],[-123.09429888427626,49.328995189585655],[-123.09429012737746,49.32911717932306],[-123.09412683545709,49.32964352682088]]}},{"id":"839","type":"Feature","properties":{"full_street_name":"MACKAY AVE","ROADCLASS":"collector","NOLANES":2.0,"ONEWAY":null},"geometry":{"type":"LineString","coordinates":[[-123.10173787126682,49.32864761664131],[-123.10179211464998,49.3288814415826],[-123.10177655220969,49.329677521008826]]}},{"id":"840","type":"Feature","properties":{"full_street_name":"LARSON RD","ROADCLASS":"Minor","NOLANES":2.0,"ONEWAY":null},"geometry":{"type":"LineString","coordinates":[[-123.08659500222893,49.327171263135845],[-123.08641128582131,49.32737379140939]]}},{"id":"841","type":"Feature","properties":{"full_street_name":"W 20TH ST","ROADCLASS":"local","NOLANES":2.0,"ONEWAY":null},"geometry":{"type":"LineString","coordinates":[[-123.08641128582131,49.32737379140939],[-123.08945197563555,49.32741195518049]]}},{"id":"842","type":"Feature","properties":{"full_street_name":"WESTVIEW DR","ROADCLASS":"Major","NOLANES":2.0,"ONEWAY":null},"geometry":{"type":"LineString","coordinates":[[-123.08945197563555,49.32741195518049],[-123.08940266246583,49.32844193372216]]}},{"id":"843","type":"Feature","properties":{"full_street_name":"W 21ST ST","ROADCLASS":"local","NOLANES":2.0,"ONEWAY":null},"geometry":{"type":"LineString","coordinates":[[-123.08540884559828,49.32840447509363],[-123.08940266246583,49.32844193372216]]}},{"id":"844","type":"Feature","properties":{"full_street_name":"WESTVIEW DR","ROADCLASS":"Major","NOLANES":2.0,"ONEWAY":null},"geometry":{"type":"LineString","coordinates":[[-123.08940266246583,49.32844193372216],[-123.08823976060536,49.32942779027018]]}},{"id":"845","type":"Feature","properties":{"full_street_name":"W 22ND ST","ROADCLASS":"local","NOLANES":2.0,"ONEWAY":null},"geometry":{"type":"LineString","coordinates":[[-123.08568584664592,49.32941172161028],[-123.08823976060536,49.32942779027018]]}},{"id":"846","type":"Feature","properties":{"full_street_name":"W 22ND ST","ROADCLASS":"local","NOLANES":2.0,"ONEWAY":null},"geometry":{"type":"LineString","coordinates":[[-123.08823976060536,49.32942779027018],[-123.08930558338787,49.32945845452221]]}},{"id":"847","type":"Feature","properties":{"full_street_name":"WESTMORELAND CRES","ROADCLASS":"local","NOLANES":2.0,"ONEWAY":null},"geometry":{"type":"LineString","coordinates":[[-123.09191358674956,49.329649804693155],[-123.09214556700098,49.32950569834849],[-123.0927951827601,49.32937025209133]]}},{"id":"848","type":"Feature","properties":{"full_street_name":"WESTVIEW DR","ROADCLASS":"Major","NOLANES":2.0,"ONEWAY":null},"geometry":{"type":"LineString","coordinates":[[-123.08823976060536,49.32942779027018],[-123.08819378730243,49.33041728652702]]}},{"id":"849","type":"Feature","properties":{"full_street_name":"W 23RD ST","ROADCLASS":"Minor","NOLANES":2.0,"ONEWAY":null},"geometry":{"type":"LineString","coordinates":[[-123.08458086423525,49.33037051380479],[-123.08819378730243,49.33041728652702]]}},{"id":"850","type":"Feature","properties":{"full_street_name":"WESTMORELAND CRES","ROADCLASS":"local","NOLANES":2.0,"ONEWAY":null},"geometry":{"type":"LineString","coordinates":[[-123.0927951827601,49.32937025209133],[-123.09324240190242,49.32932941511244],[-123.09356543306585,49.329347143370164],[-123.09378707416246,49.32942342210717],[-123.09412683545709,49.32964352682088]]}},{"id":"851","type":"Feature","properties":{"full_street_name":"W 22ND ST","ROADCLASS":"local","NOLANES":2.0,"ONEWAY":null},"geometry":{"type":"LineString","coordinates":[[-123.10177655220969,49.329677521008826],[-123.10191049616469,49.329767354009554],[-123.10212045898571,49.32980208230724]]}},{"id":"852","type":"Feature","properties":{"full_street_name":"ALDEN LANE","ROADCLASS":"local","NOLANES":2.0,"ONEWAY":null},"geometry":{"type":"LineString","coordinates":[[-123.0927951827601,49.32937025209133],[-123.0932486214239,49.33102948334372]]}},{"id":"853","type":"Feature","properties":{"full_street_name":"EDGEMONT BLVD","ROADCLASS":"Minor","NOLANES":2.0,"ONEWAY":null},"geometry":{"type":"LineString","coordinates":[[-123.09412683545709,49.32964352682088],[-123.09398428003927,49.33105720238583]]}},{"id":"854","type":"Feature","properties":{"full_street_name":"W 23RD ST","ROADCLASS":"local","NOLANES":null,"ONEWAY":null},"geometry":{"type":"LineString","coordinates":[[-123.09293680442276,49.331034232037474],[-123.0932486214239,49.33102948334372]]}},{"id":"855","type":"Feature","properties":{"full_street_name":"W 23RD ST","ROADCLASS":"local","NOLANES":2.0,"ONEWAY":null},"geometry":{"type":"LineString","coordinates":[[-123.0932486214239,49.33102948334372],[-123.09374760146633,49.331056945260165]]}},{"id":"856","type":"Feature","properties":{"full_street_name":"W 23RD ST","ROADCLASS":"Minor","NOLANES":2.0,"ONEWAY":null},"geometry":{"type":"LineString","coordinates":[[-123.07372629494353,49.33027900116917],[-123.0752914179541,49.330273494679815]]}},{"id":"857","type":"Feature","properties":{"full_street_name":"CHESTERFIELD AVE","ROADCLASS":"local","NOLANES":2.0,"ONEWAY":null},"geometry":{"type":"LineString","coordinates":[[-123.0752914179541,49.330273494679815],[-123.07526580208177,49.33124498303991]]}},{"id":"858","type":"Feature","properties":{"full_street_name":"WESTERN AVE","ROADCLASS":"local","NOLANES":2.0,"ONEWAY":null},"geometry":{"type":"LineString","coordinates":[[-123.07372629494353,49.33027900116917],[-123.07367018523814,49.33162791237354]]}},{"id":"859","type":"Feature","properties":{"full_street_name":"LONSDALE AVE","ROADCLASS":"Major","NOLANES":2.0,"ONEWAY":null},"geometry":{"type":"LineString","coordinates":[[-123.07215465641237,49.33023951503008],[-123.07209960700938,49.331714746575734]]}},{"id":"860","type":"Feature","properties":{"full_street_name":"CHESTERFIELD AVE","ROADCLASS":"local","NOLANES":2.0,"ONEWAY":null},"geometry":{"type":"LineString","coordinates":[[-123.07526580208177,49.33124498303991],[-123.07526136071942,49.331717227712005]]}},{"id":"861","type":"Feature","properties":{"full_street_name":"LONSDALE AVE","ROADCLASS":"Major","NOLANES":2.0,"ONEWAY":null},"geometry":{"type":"LineString","coordinates":[[-123.07209960700938,49.331714746575734],[-123.07208623091691,49.33198010941]]}},{"id":"862","type":"Feature","properties":{"full_street_name":"UPPER LEVELS RAMP","ROADCLASS":"ramp","NOLANES":1.0,"ONEWAY":null},"geometry":{"type":"LineString","coordinates":[[-123.07830314143484,49.332007548638465],[-123.07775239751763,49.33188198906119],[-123.07731146231231,49.33183730934468],[-123.07209960700938,49.331714746575734]]}},{"id":"863","type":"Feature","properties":{"full_street_name":"UPPER LEVELS HWY","ROADCLASS":"freeway","NOLANES":2.0,"ONEWAY":null},"geometry":{"type":"LineString","coordinates":[[-123.07830314143484,49.332007548638465],[-123.07208623091691,49.33198010941]]}},{"id":"864","type":"Feature","properties":{"full_street_name":"LONSDALE AVE","ROADCLASS":"Major","NOLANES":2.0,"ONEWAY":null},"geometry":{"type":"LineString","coordinates":[[-123.07208623091691,49.33198010941],[-123.07206734784256,49.33230394469631]]}},{"id":"865","type":"Feature","properties":{"full_street_name":"W 25TH ST","ROADCLASS":"local","NOLANES":2.0,"ONEWAY":1.0},"geometry":{"type":"LineString","coordinates":[[-123.07206734784256,49.33230394469631],[-123.0738858730791,49.332298299875546]]}},{"id":"866","type":"Feature","properties":{"full_street_name":"W 24TH ST","ROADCLASS":"local","NOLANES":2.0,"ONEWAY":null},"geometry":{"type":"LineString","coordinates":[[-123.07526580208177,49.33124498303991],[-123.07835018637668,49.33129690397732]]}},{"id":"867","type":"Feature","properties":{"full_street_name":"W 24TH ST","ROADCLASS":"local","NOLANES":2.0,"ONEWAY":null},"geometry":{"type":"LineString","coordinates":[[-123.07835018637668,49.33129690397732],[-123.08145819382426,49.331326237313675]]}},{"id":"868","type":"Feature","properties":{"full_street_name":"MAHON AVE","ROADCLASS":"local","NOLANES":2.0,"ONEWAY":null},"geometry":{"type":"LineString","coordinates":[[-123.07835018637668,49.33129690397732],[-123.07832975979086,49.331706193914435]]}},{"id":"869","type":"Feature","properties":{"full_street_name":"UPPER LEVELS RAMP","ROADCLASS":"ramp","NOLANES":1.0,"ONEWAY":null},"geometry":{"type":"LineString","coordinates":[[-123.0738858730791,49.332298299875546],[-123.07731674227628,49.332188114630625],[-123.07769561654828,49.33215188018044],[-123.07830314143484,49.332007548638465]]}},{"id":"870","type":"Feature","properties":{"full_street_name":"W 25TH ST","ROADCLASS":"local","NOLANES":1.0,"ONEWAY":1.0},"geometry":{"type":"LineString","coordinates":[[-123.0752253306104,49.33234690801283],[-123.07832693130979,49.33236283797709]]}},{"id":"871","type":"Feature","properties":{"full_street_name":"W 25TH ST","ROADCLASS":"local","NOLANES":1.0,"ONEWAY":1.0},"geometry":{"type":"LineString","coordinates":[[-123.07832693130979,49.33236283797709],[-123.08144228143375,49.33236967992773]]}},{"id":"872","type":"Feature","properties":{"full_street_name":"MAHON AVE","ROADCLASS":"local","NOLANES":2.0,"ONEWAY":null},"geometry":{"type":"LineString","coordinates":[[-123.07832693130979,49.33236283797709],[-123.07830035694302,49.33323538036166]]}},{"id":"873","type":"Feature","properties":{"full_street_name":"W 26TH ST","ROADCLASS":"local","NOLANES":2.0,"ONEWAY":null},"geometry":{"type":"LineString","coordinates":[[-123.07521286881072,49.33320145030287],[-123.07830035694302,49.33323538036166]]}},{"id":"874","type":"Feature","properties":{"full_street_name":"W 26TH ST","ROADCLASS":"local","NOLANES":2.0,"ONEWAY":null},"geometry":{"type":"LineString","coordinates":[[-123.07830035694302,49.33323538036166],[-123.08140891118157,49.33326021801627]]}},{"id":"875","type":"Feature","properties":{"full_street_name":"MAHON AVE","ROADCLASS":"local","NOLANES":2.0,"ONEWAY":null},"geometry":{"type":"LineString","coordinates":[[-123.07830035694302,49.33323538036166],[-123.07827437787864,49.334211365791866]]}},{"id":"876","type":"Feature","properties":{"full_street_name":"W 25TH ST","ROADCLASS":"local","NOLANES":2.0,"ONEWAY":1.0},"geometry":{"type":"LineString","coordinates":[[-123.0738858730791,49.332298299875546],[-123.0752253306104,49.33234690801283]]}},{"id":"877","type":"Feature","properties":{"full_street_name":"CHESTERFIELD AVE","ROADCLASS":"local","NOLANES":2.0,"ONEWAY":null},"geometry":{"type":"LineString","coordinates":[[-123.0752253306104,49.33234690801283],[-123.07521286881072,49.33320145030287]]}},{"id":"878","type":"Feature","properties":{"full_street_name":"LONSDALE AVE","ROADCLASS":"Major","NOLANES":2.0,"ONEWAY":null},"geometry":{"type":"LineString","coordinates":[[-123.07206734784256,49.33230394469631],[-123.07205711918098,49.33325293375762]]}},{"id":"879","type":"Feature","properties":{"full_street_name":"WESTERN AVE","ROADCLASS":"local","NOLANES":2.0,"ONEWAY":null},"geometry":{"type":"LineString","coordinates":[[-123.07366194285717,49.332406383971154],[-123.07363266105503,49.33324744325238]]}},{"id":"880","type":"Feature","properties":{"full_street_name":"W 26TH ST","ROADCLASS":"local","NOLANES":2.0,"ONEWAY":null},"geometry":{"type":"LineString","coordinates":[[-123.07285094928069,49.33324799706488],[-123.07363266105503,49.33324744325238]]}},{"id":"881","type":"Feature","properties":{"full_street_name":"LONSDALE AVE","ROADCLASS":"Major","NOLANES":4.0,"ONEWAY":null},"geometry":{"type":"LineString","coordinates":[[-123.07205711918098,49.33325293375762],[-123.07203346620803,49.3341389653678]]}},{"id":"882","type":"Feature","properties":{"full_street_name":"CHESTERFIELD AVE","ROADCLASS":"local","NOLANES":2.0,"ONEWAY":null},"geometry":{"type":"LineString","coordinates":[[-123.07521286881072,49.33320145030287],[-123.07518641159889,49.33418643043982]]}},{"id":"883","type":"Feature","properties":{"full_street_name":"WESTERN AVE","ROADCLASS":"local","NOLANES":2.0,"ONEWAY":null},"geometry":{"type":"LineString","coordinates":[[-123.07363266105503,49.33324744325238],[-123.07362713270899,49.334155951382655]]}},{"id":"884","type":"Feature","properties":{"full_street_name":"E 27TH ST","ROADCLASS":"local","NOLANES":2.0,"ONEWAY":null},"geometry":{"type":"LineString","coordinates":[[-123.07203346620803,49.3341389653678],[-123.07046692410402,49.33413993103519]]}},{"id":"885","type":"Feature","properties":{"full_street_name":"W 27TH ST","ROADCLASS":"local","NOLANES":2.0,"ONEWAY":null},"geometry":{"type":"LineString","coordinates":[[-123.07203346620803,49.3341389653678],[-123.07362713270899,49.334155951382655]]}},{"id":"886","type":"Feature","properties":{"full_street_name":"W 27TH ST","ROADCLASS":"local","NOLANES":2.0,"ONEWAY":null},"geometry":{"type":"LineString","coordinates":[[-123.07362713270899,49.334155951382655],[-123.07518641159889,49.33418643043982]]}},{"id":"887","type":"Feature","properties":{"full_street_name":"WESTERN AVE","ROADCLASS":"local","NOLANES":2.0,"ONEWAY":null},"geometry":{"type":"LineString","coordinates":[[-123.07362713270899,49.334155951382655],[-123.07360203395157,49.33492055034289]]}},{"id":"888","type":"Feature","properties":{"full_street_name":"CHESTERFIELD AVE","ROADCLASS":"local","NOLANES":2.0,"ONEWAY":null},"geometry":{"type":"LineString","coordinates":[[-123.07518641159889,49.33418643043982],[-123.07516025269194,49.335085956824834]]}},{"id":"889","type":"Feature","properties":{"full_street_name":"LONSDALE AVE","ROADCLASS":"Major","NOLANES":4.0,"ONEWAY":null},"geometry":{"type":"LineString","coordinates":[[-123.07203346620803,49.3341389653678],[-123.07200968343953,49.33561008049703]]}},{"id":"890","type":"Feature","properties":{"full_street_name":"CHESTERFIELD AVE","ROADCLASS":"local","NOLANES":2.0,"ONEWAY":null},"geometry":{"type":"LineString","coordinates":[[-123.07516025269194,49.335085956824834],[-123.07514728979568,49.33563234563273]]}},{"id":"891","type":"Feature","properties":{"full_street_name":"W 27TH ST","ROADCLASS":"local","NOLANES":2.0,"ONEWAY":null},"geometry":{"type":"LineString","coordinates":[[-123.07518641159889,49.33418643043982],[-123.07827437787864,49.334211365791866]]}},{"id":"892","type":"Feature","properties":{"full_street_name":"W 27TH ST","ROADCLASS":"local","NOLANES":2.0,"ONEWAY":null},"geometry":{"type":"LineString","coordinates":[[-123.07827437787864,49.334211365791866],[-123.08138988777362,49.33424519434886]]}},{"id":"893","type":"Feature","properties":{"full_street_name":"MAHON AVE","ROADCLASS":"local","NOLANES":2.0,"ONEWAY":null},"geometry":{"type":"LineString","coordinates":[[-123.07827437787864,49.334211365791866],[-123.07826162179228,49.33511987890049]]}},{"id":"894","type":"Feature","properties":{"full_street_name":"W 28TH ST","ROADCLASS":"local","NOLANES":2.0,"ONEWAY":null},"geometry":{"type":"LineString","coordinates":[[-123.07516025269194,49.335085956824834],[-123.07826162179228,49.33511987890049]]}},{"id":"895","type":"Feature","properties":{"full_street_name":"W 28TH ST","ROADCLASS":"local","NOLANES":2.0,"ONEWAY":null},"geometry":{"type":"LineString","coordinates":[[-123.07826162179228,49.33511987890049],[-123.08136342725815,49.335153717453956]]}},{"id":"896","type":"Feature","properties":{"full_street_name":"MAHON AVE","ROADCLASS":"local","NOLANES":2.0,"ONEWAY":null},"geometry":{"type":"LineString","coordinates":[[-123.07826162179228,49.33511987890049],[-123.0782624607924,49.33564905310741]]}},{"id":"897","type":"Feature","properties":{"full_street_name":"W 23RD ST","ROADCLASS":"local","NOLANES":2.0,"ONEWAY":null},"geometry":{"type":"LineString","coordinates":[[-123.08819378730243,49.33041728652702],[-123.08846948056289,49.330417075833715]]}},{"id":"898","type":"Feature","properties":{"full_street_name":"W 23RD ST","ROADCLASS":"local","NOLANES":2.0,"ONEWAY":null},"geometry":{"type":"LineString","coordinates":[[-123.08846948056289,49.330417075833715],[-123.08950690562611,49.33042976975955]]}},{"id":"899","type":"Feature","properties":{"full_street_name":"W 24TH CL","ROADCLASS":"local","NOLANES":2.0,"ONEWAY":null},"geometry":{"type":"LineString","coordinates":[[-123.08846948056289,49.330417075833715],[-123.08848229549763,49.33133476322169],[-123.08898263726641,49.33143546333886],[-123.08931122490648,49.331436615839635],[-123.08947860966103,49.3313895364594],[-123.08952945126092,49.331295038651334],[-123.08950618145009,49.33120018086156]]}},{"id":"900","type":"Feature","properties":{"full_street_name":"WESTVIEW DR","ROADCLASS":"Major","NOLANES":2.0,"ONEWAY":null},"geometry":{"type":"LineString","coordinates":[[-123.08819378730243,49.33041728652702],[-123.08818402465116,49.33169459904064]]}},{"id":"901","type":"Feature","properties":{"full_street_name":"W 24TH ST","ROADCLASS":"local","NOLANES":2.0,"ONEWAY":null},"geometry":{"type":"LineString","coordinates":[[-123.08458253630577,49.33134648182382],[-123.08764882257019,49.33137118256954]]}},{"id":"902","type":"Feature","properties":{"full_street_name":null,"ROADCLASS":"ramp","NOLANES":2.0,"ONEWAY":null},"geometry":{"type":"LineString","coordinates":[[-123.08818402465116,49.33169459904064],[-123.08998918415041,49.33175406795152],[-123.09070184466746,49.33184115761698],[-123.0911194615483,49.33192546233815]]}},{"id":"903","type":"Feature","properties":{"full_street_name":"WESTVIEW DR","ROADCLASS":"Major","NOLANES":2.0,"ONEWAY":null},"geometry":{"type":"LineString","coordinates":[[-123.08818402465116,49.33169459904064],[-123.08817565309735,49.33206340446458]]}},{"id":"904","type":"Feature","properties":{"full_street_name":null,"ROADCLASS":"ramp","NOLANES":1.0,"ONEWAY":null},"geometry":{"type":"LineString","coordinates":[[-123.08369935244838,49.33206825416236],[-123.0864380881681,49.33175171612906],[-123.08749455756542,49.33169512301216],[-123.08818402465116,49.33169459904064]]}},{"id":"905","type":"Feature","properties":{"full_street_name":"UPPER LEVELS HWY","ROADCLASS":"freeway","NOLANES":2.0,"ONEWAY":null},"geometry":{"type":"LineString","coordinates":[[-123.09111830086022,49.332037176347036],[-123.09006979211816,49.33201696846238],[-123.08817565309735,49.33206340446458]]}},{"id":"906","type":"Feature","properties":{"full_street_name":"UPPER LEVELS HWY","ROADCLASS":"freeway","NOLANES":2.0,"ONEWAY":null},"geometry":{"type":"LineString","coordinates":[[-123.08817565309735,49.33206340446458],[-123.08369935244838,49.33206825416236]]}},{"id":"907","type":"Feature","properties":{"full_street_name":"JONES AVE","ROADCLASS":"local","NOLANES":2.0,"ONEWAY":null},"geometry":{"type":"LineString","coordinates":[[-123.08145819382426,49.331326237313675],[-123.08146108113245,49.33177149356645]]}},{"id":"908","type":"Feature","properties":{"full_street_name":"UPPER LEVELS HWY","ROADCLASS":"freeway","NOLANES":2.0,"ONEWAY":null},"geometry":{"type":"LineString","coordinates":[[-123.08369935244838,49.33206825416236],[-123.07830314143484,49.332007548638465]]}},{"id":"909","type":"Feature","properties":{"full_street_name":null,"ROADCLASS":"ramp","NOLANES":1.0,"ONEWAY":null},"geometry":{"type":"LineString","coordinates":[[-123.08816719027926,49.3323060374974],[-123.08527561199568,49.33223530068508],[-123.08369935244838,49.33206825416236]]}},{"id":"910","type":"Feature","properties":{"full_street_name":"W 25TH ST","ROADCLASS":"local","NOLANES":2.0,"ONEWAY":null},"geometry":{"type":"LineString","coordinates":[[-123.08144228143375,49.33236967992773],[-123.08453689565913,49.332322482492025]]}},{"id":"911","type":"Feature","properties":{"full_street_name":"JONES AVE","ROADCLASS":"local","NOLANES":2.0,"ONEWAY":null},"geometry":{"type":"LineString","coordinates":[[-123.08144228143375,49.33236967992773],[-123.08140891118157,49.33326021801627]]}},{"id":"912","type":"Feature","properties":{"full_street_name":"LARSON RD","ROADCLASS":"local","NOLANES":2.0,"ONEWAY":null},"geometry":{"type":"LineString","coordinates":[[-123.08453689565913,49.332322482492025],[-123.08451147749243,49.3333029666395]]}},{"id":"913","type":"Feature","properties":{"full_street_name":"W 26TH ST","ROADCLASS":"local","NOLANES":2.0,"ONEWAY":null},"geometry":{"type":"LineString","coordinates":[[-123.08140891118157,49.33326021801627],[-123.08451147749243,49.3333029666395]]}},{"id":"914","type":"Feature","properties":{"full_street_name":"JONES AVE","ROADCLASS":"local","NOLANES":2.0,"ONEWAY":null},"geometry":{"type":"LineString","coordinates":[[-123.08140891118157,49.33326021801627],[-123.08138988777362,49.33424519434886]]}},{"id":"915","type":"Feature","properties":{"full_street_name":"LARSON RD","ROADCLASS":"local","NOLANES":2.0,"ONEWAY":null},"geometry":{"type":"LineString","coordinates":[[-123.08451147749243,49.3333029666395],[-123.08448604926662,49.33427895307411]]}},{"id":"916","type":"Feature","properties":{"full_street_name":"W 27TH ST","ROADCLASS":"local","NOLANES":2.0,"ONEWAY":null},"geometry":{"type":"LineString","coordinates":[[-123.08138988777362,49.33424519434886],[-123.08448604926662,49.33427895307411]]}},{"id":"917","type":"Feature","properties":{"full_street_name":null,"ROADCLASS":"ramp","NOLANES":1.0,"ONEWAY":null},"geometry":{"type":"LineString","coordinates":[[-123.09111742993466,49.332121000953514],[-123.08975811412378,49.33227616141661],[-123.08919595064879,49.33230533363377],[-123.08816719027926,49.3323060374974]]}},{"id":"918","type":"Feature","properties":{"full_street_name":"WESTVIEW DR","ROADCLASS":"Major","NOLANES":2.0,"ONEWAY":null},"geometry":{"type":"LineString","coordinates":[[-123.08817565309735,49.33206340446458],[-123.08816719027926,49.3323060374974]]}},{"id":"919","type":"Feature","properties":{"full_street_name":"W 25TH ST","ROADCLASS":"local","NOLANES":1.0,"ONEWAY":null},"geometry":{"type":"LineString","coordinates":[[-123.08453689565913,49.332322482492025],[-123.0870673331155,49.33235658444242],[-123.08763047627939,49.332423622995464],[-123.08778641865784,49.33255843112401]]}},{"id":"920","type":"Feature","properties":{"full_street_name":"WESTVIEW DR","ROADCLASS":"Major","NOLANES":2.0,"ONEWAY":null},"geometry":{"type":"LineString","coordinates":[[-123.08816719027926,49.3323060374974],[-123.08812467818724,49.333866959343]]}},{"id":"921","type":"Feature","properties":{"full_street_name":"WESTVIEW CRES","ROADCLASS":"strata","NOLANES":2.0,"ONEWAY":null},"geometry":{"type":"LineString","coordinates":[[-123.08812467818724,49.333866959343],[-123.08889892805445,49.33387536153692],[-123.08892322602242,49.333753909057386],[-123.09020077435432,49.333788900415804]]}},{"id":"922","type":"Feature","properties":{"full_street_name":null,"ROADCLASS":"strata","NOLANES":null,"ONEWAY":null},"geometry":{"type":"LineString","coordinates":[[-123.08679264065994,49.33482395870139],[-123.08668768555034,49.33478405427217],[-123.08653596785649,49.334660410308345],[-123.08640093251682,49.334079801968414],[-123.08597756611505,49.333552719032426],[-123.08595103063487,49.33337186223094],[-123.08609938406492,49.33324037798762],[-123.08626829710337,49.33320407646101],[-123.0866149460593,49.333179065856626],[-123.08756765458298,49.33319738747257]]}},{"id":"923","type":"Feature","properties":{"full_street_name":"WESTVIEW DR","ROADCLASS":"Major","NOLANES":2.0,"ONEWAY":null},"geometry":{"type":"LineString","coordinates":[[-123.08812467818724,49.333866959343],[-123.08811758083704,49.33446963611127]]}},{"id":"924","type":"Feature","properties":{"full_street_name":null,"ROADCLASS":"strata","NOLANES":null,"ONEWAY":null},"geometry":{"type":"LineString","coordinates":[[-123.08679264065994,49.33482395870139],[-123.08692071284177,49.33475531984602],[-123.08779184459787,49.33475656527851],[-123.08784716632394,49.33473748378041],[-123.08786644533616,49.33411106468947],[-123.08743158233979,49.33368109787618]]}},{"id":"925","type":"Feature","properties":{"full_street_name":"WESTVIEW CRES","ROADCLASS":"strata","NOLANES":2.0,"ONEWAY":null},"geometry":{"type":"LineString","coordinates":[[-123.09020077435432,49.333788900415804],[-123.0902066810118,49.33513815908155]]}},{"id":"926","type":"Feature","properties":{"full_street_name":"WESTVIEW PL","ROADCLASS":"strata","NOLANES":2.0,"ONEWAY":null},"geometry":{"type":"LineString","coordinates":[[-123.08811758083704,49.33446963611127],[-123.08920194251866,49.33446430680122]]}},{"id":"927","type":"Feature","properties":{"full_street_name":"JONES AVE","ROADCLASS":"local","NOLANES":2.0,"ONEWAY":null},"geometry":{"type":"LineString","coordinates":[[-123.08138988777362,49.33424519434886],[-123.08136342725815,49.335153717453956]]}},{"id":"928","type":"Feature","properties":{"full_street_name":"LARSON RD","ROADCLASS":"local","NOLANES":2.0,"ONEWAY":null},"geometry":{"type":"LineString","coordinates":[[-123.08448604926662,49.33427895307411],[-123.08447423066826,49.3351649793599]]}},{"id":"929","type":"Feature","properties":{"full_street_name":"W 28TH ST","ROADCLASS":"local","NOLANES":2.0,"ONEWAY":null},"geometry":{"type":"LineString","coordinates":[[-123.08136342725815,49.335153717453956],[-123.08447423066826,49.3351649793599]]}},{"id":"930","type":"Feature","properties":{"full_street_name":"W 28TH ST","ROADCLASS":"local","NOLANES":2.0,"ONEWAY":null},"geometry":{"type":"LineString","coordinates":[[-123.08447423066826,49.3351649793599],[-123.08667101280344,49.33518235332698]]}},{"id":"931","type":"Feature","properties":{"full_street_name":"JONES AVE","ROADCLASS":"local","NOLANES":2.0,"ONEWAY":null},"geometry":{"type":"LineString","coordinates":[[-123.08136342725815,49.335153717453956],[-123.08135044102177,49.33562596986286]]}},{"id":"932","type":"Feature","properties":{"full_street_name":"LARSON RD","ROADCLASS":"local","NOLANES":2.0,"ONEWAY":null},"geometry":{"type":"LineString","coordinates":[[-123.08447423066826,49.3351649793599],[-123.08446644362955,49.33564172497036]]}},{"id":"933","type":"Feature","properties":{"full_street_name":"W 29TH ST","ROADCLASS":"local","NOLANES":2.0,"ONEWAY":null},"geometry":{"type":"LineString","coordinates":[[-123.08224903755163,49.33563882566707],[-123.08446644362955,49.33564172497036]]}},{"id":"934","type":"Feature","properties":{"full_street_name":"WESTVIEW DR","ROADCLASS":"Major","NOLANES":2.0,"ONEWAY":null},"geometry":{"type":"LineString","coordinates":[[-123.08811758083704,49.33446963611127],[-123.08811414121243,49.33519374378813]]}},{"id":"935","type":"Feature","properties":{"full_street_name":null,"ROADCLASS":"strata","NOLANES":null,"ONEWAY":null},"geometry":{"type":"LineString","coordinates":[[-123.08667101280344,49.33518235332698],[-123.08679264065994,49.33482395870139]]}},{"id":"936","type":"Feature","properties":{"full_street_name":"W 28TH ST","ROADCLASS":"local","NOLANES":2.0,"ONEWAY":null},"geometry":{"type":"LineString","coordinates":[[-123.08667101280344,49.33518235332698],[-123.08811414121243,49.33519374378813]]}},{"id":"937","type":"Feature","properties":{"full_street_name":"WESTVIEW CRES","ROADCLASS":"strata","NOLANES":2.0,"ONEWAY":null},"geometry":{"type":"LineString","coordinates":[[-123.0902066810118,49.33513815908155],[-123.08921565267165,49.335147923358136],[-123.08919264448113,49.33526937577395],[-123.08811471655461,49.33527469918848]]}},{"id":"938","type":"Feature","properties":{"full_street_name":"WESTVIEW DR","ROADCLASS":"Major","NOLANES":2.0,"ONEWAY":null},"geometry":{"type":"LineString","coordinates":[[-123.08811414121243,49.33519374378813],[-123.08811471655461,49.33527469918848]]}},{"id":"939","type":"Feature","properties":{"full_street_name":"WESTVIEW DR","ROADCLASS":"Major","NOLANES":2.0,"ONEWAY":null},"geometry":{"type":"LineString","coordinates":[[-123.08811471655461,49.33527469918848],[-123.08812602375434,49.335645713919504]]}},{"id":"940","type":"Feature","properties":{"full_street_name":"W 29TH ST","ROADCLASS":"local","NOLANES":2.0,"ONEWAY":null},"geometry":{"type":"LineString","coordinates":[[-123.08446644362955,49.33564172497036],[-123.08448924984376,49.335646419263234]]}}]}